student_id,age,gender,course,study_hours,class_attendance,internet_access,sleep_hours,sleep_quality,study_method,facility_rating,exam_difficulty,exam_score,outlier_flag
1,17,1,6,2.78,92.9,1,7.4,2,0,1,1,58.9,1
2,23,2,5,3.37,64.8,1,4.6,0,3,2,2,54.8,1
3,22,1,1,7.88,76.8,1,8.5,2,0,0,2,90.3,1
4,20,2,6,0.67,48.4,1,5.8,0,3,1,2,29.7,1
5,20,0,6,0.89,71.6,1,9.8,2,0,1,2,43.7,1
6,23,1,2,3.48,65.4,1,4.2,1,2,1,2,58.2,1
7,17,0,2,1.35,69.0,1,7.4,0,3,0,1,53.7,1
8,22,1,1,5.48,51.1,1,8.2,2,4,1,2,47.3,1
9,18,2,5,2.89,92.0,1,6.6,2,4,1,0,44.9,1
10,17,1,4,6.77,44.8,1,9.8,0,1,0,2,77.7,1
11,21,0,3,5.99,86.9,1,5.8,0,4,2,0,63.2,1
12,24,1,0,3.77,96.6,0,4.1,2,3,2,0,53.5,-1
13,22,0,3,6.76,46.4,1,8.1,1,4,2,1,63.9,1
14,23,0,4,0.81,66.0,1,7.1,2,3,2,2,34.1,1
15,22,1,2,4.65,75.1,1,7.7,1,1,0,2,83.5,1
16,23,2,4,4.84,99.4,1,7.3,0,0,0,2,98.5,1
17,21,1,1,1.97,91.9,1,8.3,0,4,2,2,70.3,1
18,18,1,5,0.4,64.9,1,6.8,2,4,2,2,32.3,1
19,23,0,1,4.28,98.1,1,4.4,0,2,1,2,56.2,1
20,20,1,2,4.11,59.9,1,4.3,2,0,0,2,49.3,1
21,21,0,3,5.23,60.4,1,4.2,2,0,2,0,68.1,1
22,19,2,3,1.7,70.4,1,9.8,1,2,1,0,52.1,1
23,18,1,3,1.44,86.8,1,9.7,0,1,2,0,47.1,1
24,24,0,6,7.82,51.5,1,6.3,1,4,1,0,84.8,1
25,23,1,4,0.91,84.5,1,8.0,0,0,1,2,68.9,1
26,22,1,0,7.91,40.6,1,4.3,1,1,1,2,76.3,1
27,20,1,5,5.76,55.7,0,8.2,0,4,1,0,71.6,1
28,23,1,3,5.03,98.5,1,6.7,2,2,0,1,74.1,1
29,21,0,1,2.72,79.4,1,7.0,1,3,2,2,56.6,1
30,20,2,2,6.94,67.8,1,4.6,1,1,2,2,49.2,1
31,20,2,2,7.28,83.9,1,6.3,2,2,0,0,97.5,1
32,18,1,1,5.78,66.1,1,5.1,1,4,0,0,81.8,1
33,17,2,5,5.68,46.4,1,4.1,1,4,0,2,65.6,1
34,21,0,3,3.95,69.9,0,6.5,2,3,0,1,71.1,1
35,24,0,3,0.62,97.3,1,4.6,1,1,0,0,60.3,1
36,17,2,0,7.91,56.4,1,5.1,0,3,0,2,81.3,1
37,23,0,1,0.12,43.2,0,5.8,0,3,2,1,37.3,-1
38,23,1,5,3.96,84.5,1,6.7,2,1,1,1,52.0,1
39,19,0,2,2.94,67.3,1,5.4,0,0,0,0,58.9,1
40,22,2,4,6.21,60.1,1,9.7,0,3,1,0,65.8,1
41,18,2,6,5.89,69.3,1,9.5,0,2,2,2,67.6,1
42,23,1,6,5.02,95.8,1,5.5,2,0,0,1,99.3,1
43,22,2,0,0.6,55.0,1,6.7,1,3,0,0,33.6,1
44,19,1,5,1.89,52.0,1,7.6,2,1,2,2,35.5,1
45,17,2,1,0.75,72.0,1,5.1,0,1,2,2,42.8,1
46,24,1,1,7.83,67.8,1,7.8,1,0,0,0,100.0,1
47,20,1,0,1.02,49.0,1,6.5,1,1,0,0,50.4,1
48,24,2,2,7.74,74.8,1,4.2,1,3,0,2,74.0,1
49,22,0,1,0.9,74.5,1,5.5,2,2,0,2,30.9,1
50,23,1,5,6.9,76.3,1,5.1,2,2,1,2,75.9,1
51,23,1,5,4.6,64.8,1,8.9,2,2,1,0,75.3,1
52,18,1,0,6.65,57.4,1,7.0,1,1,1,1,88.7,1
53,19,1,0,5.07,59.7,1,5.1,1,1,1,2,73.6,1
54,20,2,0,6.15,90.1,1,7.4,2,4,0,2,76.8,1
55,20,1,2,5.85,77.5,0,6.6,0,3,1,2,64.9,1
56,17,1,1,2.08,63.9,1,6.6,1,2,0,0,47.2,1
57,21,2,6,7.48,76.8,1,5.2,2,1,1,1,78.1,1
58,18,2,4,5.15,61.0,1,7.8,0,2,2,2,77.8,1
59,22,1,4,1.62,91.8,0,8.9,0,2,0,2,66.9,1
60,22,0,1,2.45,83.7,0,6.9,1,4,2,2,70.5,1
61,24,0,5,4.26,46.1,1,4.9,0,3,2,2,57.2,1
62,22,0,1,7.05,43.4,1,5.6,0,2,2,2,75.5,1
63,19,1,6,6.37,42.0,1,5.9,1,4,1,0,62.8,1
64,24,2,3,2.42,41.7,1,9.3,0,3,0,2,31.7,1
65,20,2,0,5.51,69.8,1,7.7,1,4,1,1,70.3,1
66,19,2,5,0.08,50.9,1,9.6,2,2,1,2,19.599,1
67,24,2,0,2.66,80.5,1,5.9,0,2,1,2,54.0,1
68,19,1,1,6.72,69.0,1,9.2,1,4,0,2,61.0,1
69,17,0,4,1.21,45.6,1,8.8,0,3,2,2,35.1,1
70,20,2,5,2.83,40.6,1,9.7,1,2,1,0,57.5,1
71,23,0,4,0.08,42.2,0,5.5,1,0,0,0,26.4,-1
72,18,2,3,0.19,72.0,1,9.7,2,4,0,2,45.3,1
73,20,0,0,1.17,75.2,0,8.0,1,3,0,0,46.9,1
74,18,2,0,0.81,61.2,1,8.4,2,4,2,1,37.1,1
75,22,2,6,3.92,44.7,1,5.1,0,2,0,2,54.0,1
76,20,0,0,7.2,96.1,1,5.3,2,2,1,2,78.8,1
77,19,2,6,0.68,64.3,1,9.9,2,2,1,2,49.9,1
78,18,0,1,6.96,65.8,1,8.7,2,3,1,1,76.9,1
79,21,1,1,5.35,62.9,1,9.3,0,3,0,2,54.4,1
80,22,0,0,1.35,43.6,1,5.6,2,0,2,2,28.3,1
81,24,2,2,2.32,82.6,1,7.0,1,4,2,2,53.1,1
82,20,1,6,1.55,79.9,1,7.2,1,2,0,2,75.6,1
83,18,1,0,6.31,49.9,0,5.6,0,1,1,1,57.5,1
84,23,0,2,5.8,56.1,1,4.9,0,2,0,2,59.8,1
85,22,0,4,2.44,72.8,1,5.1,1,1,2,0,51.3,1
86,22,0,6,0.43,62.6,1,5.9,0,4,1,2,23.9,1
87,17,0,6,1.35,99.4,1,6.5,2,1,0,2,48.1,1
88,19,0,2,5.04,69.8,1,4.1,0,4,0,0,65.3,1
89,23,1,5,0.72,92.9,1,6.9,1,3,1,2,56.6,1
90,23,1,0,4.29,52.3,1,7.2,1,0,0,0,79.5,1
91,20,2,5,4.9,73.4,1,6.9,2,4,0,0,79.9,1
92,23,0,4,5.5,59.3,0,7.6,0,4,1,1,65.8,1
93,23,2,5,1.0,96.1,1,4.5,1,4,0,2,61.1,1
94,20,0,5,3.68,73.1,1,9.3,1,3,1,0,65.8,1
95,24,1,6,3.71,79.2,0,5.4,0,3,1,0,49.0,1
96,19,0,1,6.68,44.6,1,6.6,0,1,0,2,66.3,1
97,18,2,5,3.75,69.3,1,9.1,1,2,0,2,63.9,1
98,22,2,2,3.25,74.8,1,8.3,2,0,0,0,49.5,1
99,22,1,6,0.99,57.4,1,8.3,2,3,2,2,40.0,1
100,18,2,4,5.56,84.1,1,8.8,2,2,2,0,78.7,1
101,23,0,1,4.96,68.0,1,9.8,1,4,2,0,61.4,1
102,18,1,0,5.74,73.7,0,4.2,2,3,0,2,69.6,1
103,23,0,6,5.25,61.7,1,9.9,2,0,1,2,71.9,1
104,17,1,4,7.0,80.6,1,9.6,2,1,2,2,88.5,1
105,23,1,1,7.02,46.2,1,4.9,1,3,1,2,63.8,1
106,23,2,5,2.46,70.4,1,5.8,2,2,1,1,37.1,1
107,23,2,5,1.46,93.7,1,8.0,2,2,0,1,51.1,1
108,22,0,2,7.41,54.1,1,9.3,0,0,1,1,91.3,1
109,20,2,1,5.7,92.1,1,7.3,2,0,0,2,95.2,1
110,22,2,5,7.77,93.1,1,7.1,2,1,1,0,74.3,1
111,19,0,0,3.98,53.8,0,4.7,1,2,0,0,64.0,1
112,23,1,2,7.7,44.8,1,8.3,0,2,0,2,79.6,1
113,21,0,4,0.98,85.9,1,7.0,1,0,1,0,51.8,1
114,20,1,6,4.72,97.5,1,4.6,1,4,1,2,74.4,1
115,21,2,3,3.97,55.3,1,9.5,1,1,0,0,69.9,1
116,21,0,6,0.08,94.8,1,5.4,2,0,0,2,26.5,1
117,17,2,2,1.54,52.5,1,7.2,0,2,2,2,45.5,1
118,18,2,4,1.23,61.6,1,9.0,2,2,2,0,57.0,1
119,18,0,4,0.49,93.2,1,8.0,1,4,2,0,52.8,1
120,17,2,6,7.59,58.2,1,5.4,0,2,2,2,93.1,1
121,20,2,3,7.72,85.3,1,9.9,1,1,2,2,100.0,1
122,22,2,5,7.13,48.8,1,4.6,2,4,2,2,81.6,1
123,22,1,1,7.91,62.7,1,8.8,2,2,0,2,100.0,1
124,20,0,2,6.65,96.4,1,6.8,0,2,1,2,100.0,1
125,23,2,5,7.46,53.6,1,4.4,2,2,2,2,76.9,1
126,21,2,2,1.58,82.1,1,5.5,1,1,1,1,51.9,1
127,17,0,6,2.06,95.2,1,4.5,1,0,1,2,51.0,1
128,23,1,2,6.9,87.1,1,5.2,0,3,0,1,71.1,1
129,21,1,4,3.84,96.9,1,9.3,1,3,1,2,86.9,1
130,22,0,3,5.74,96.6,1,5.8,2,4,0,2,67.4,1
131,21,0,4,4.5,46.8,1,7.7,1,2,1,2,76.3,1
132,21,2,4,2.45,76.1,1,5.2,2,4,0,0,40.7,1
133,17,1,3,2.28,65.6,1,5.5,2,4,2,2,19.599,1
134,21,0,3,5.99,81.0,1,6.1,1,1,2,1,71.9,1
135,23,1,3,4.26,84.6,1,9.7,0,3,2,2,56.6,1
136,19,2,4,2.88,54.7,1,5.3,0,0,1,2,64.9,1
137,21,1,4,4.94,88.0,1,7.9,2,2,1,0,65.6,1
138,17,1,3,3.36,64.6,0,6.2,2,2,2,2,49.0,1
139,19,1,0,3.8,79.4,1,4.9,1,4,1,0,53.7,1
140,20,1,2,5.42,65.7,1,7.3,1,2,1,2,72.2,1
141,24,0,5,3.66,60.8,0,6.2,1,3,0,0,65.4,1
142,18,0,1,7.6,81.6,1,9.2,1,4,1,2,83.3,1
143,19,0,3,3.88,72.5,0,9.6,2,4,2,0,41.8,1
144,20,2,6,7.69,91.2,1,7.4,0,4,1,1,69.4,1
145,24,0,5,6.78,87.2,1,5.8,0,3,0,2,75.4,1
146,23,1,0,7.13,92.1,1,7.2,2,2,1,1,66.9,1
147,17,0,3,6.11,85.9,0,9.3,1,1,0,0,100.0,-1
148,18,2,0,4.84,95.0,1,8.0,0,3,2,0,70.7,1
149,23,0,4,4.26,49.4,1,4.5,0,1,2,0,34.3,1
150,17,1,1,4.41,78.4,1,4.4,1,0,0,1,83.7,1
151,23,2,6,1.61,44.9,1,4.9,2,2,0,0,29.2,1
152,19,2,6,1.72,70.0,1,7.4,1,4,2,0,60.9,1
153,24,1,0,0.27,91.7,1,5.0,0,1,2,2,36.3,1
154,19,0,1,5.96,83.5,1,5.5,0,4,2,2,69.1,1
155,20,0,3,1.0,75.0,1,7.2,0,1,1,2,63.5,1
156,22,1,4,4.66,81.6,1,7.4,0,0,0,0,82.6,1
157,18,1,4,1.1,50.4,1,8.9,0,3,2,1,38.8,1
158,21,2,2,0.53,95.8,0,6.6,0,2,0,0,56.9,1
159,21,0,4,4.27,52.7,1,8.7,2,4,2,2,45.7,1
160,23,2,2,6.98,50.0,1,4.5,0,3,0,2,92.0,1
161,24,0,0,2.85,48.4,1,7.3,2,2,1,2,32.1,1
162,22,0,5,7.35,96.2,1,6.6,0,0,2,1,100.0,1
163,20,2,6,0.08,67.7,1,9.5,1,3,2,0,40.8,1
164,20,1,4,3.73,72.0,1,8.3,1,2,0,1,69.5,1
165,20,0,1,1.17,62.7,1,8.1,2,2,0,2,39.0,1
166,23,1,4,2.53,41.6,0,9.4,0,4,2,0,23.5,-1
167,19,1,2,0.19,44.0,1,5.5,2,3,1,0,19.599,1
168,18,2,1,0.28,40.9,0,8.5,1,4,0,0,46.0,-1
169,19,1,2,5.7,72.3,1,9.2,2,4,2,2,67.9,1
170,17,0,6,5.24,51.6,1,9.9,2,1,0,2,54.0,1
171,17,0,0,1.67,64.1,1,6.6,1,4,2,2,53.5,1
172,17,2,3,7.21,67.6,1,8.0,0,4,2,0,77.8,1
173,23,0,5,5.5,72.0,1,5.1,2,0,2,2,68.1,1
174,22,2,6,2.69,93.6,0,7.4,2,0,2,2,49.0,1
175,22,2,6,3.26,42.6,1,6.7,0,0,0,2,52.2,1
176,20,2,1,2.34,69.7,1,4.8,1,1,0,2,55.4,1
177,22,2,0,6.64,47.9,1,9.5,2,3,0,0,69.4,1
178,18,1,0,3.95,95.6,1,9.4,1,4,1,2,80.7,1
179,24,1,5,1.08,95.0,1,9.8,2,1,2,2,32.0,1
180,21,0,0,1.61,48.4,1,5.1,1,4,0,2,34.3,1
181,24,0,1,2.37,47.0,1,4.1,0,1,2,2,35.4,1
182,18,2,5,3.23,46.6,1,8.5,1,4,2,0,57.8,1
183,20,2,3,4.74,45.9,1,5.6,0,3,1,0,50.4,1
184,22,1,5,7.71,49.5,1,7.8,0,0,0,2,87.2,1
185,20,1,0,2.1,49.3,1,7.2,0,0,1,1,56.6,1
186,20,1,3,2.63,49.8,1,7.5,1,3,0,2,91.6,1
187,18,0,2,0.19,48.9,1,7.0,2,1,2,0,23.7,1
188,20,0,2,2.98,62.7,1,4.1,0,4,1,1,56.5,1
189,18,1,2,5.4,55.2,1,5.6,0,1,1,0,76.1,1
190,19,2,1,7.7,65.0,1,9.5,2,3,2,0,73.1,1
191,22,1,0,5.92,93.6,1,6.5,2,4,2,2,74.8,1
192,22,0,2,0.94,61.1,1,5.9,1,4,2,0,21.4,1
193,21,2,1,7.12,57.2,1,4.1,2,2,0,2,69.5,1
194,19,1,5,6.71,94.9,1,6.2,2,0,1,0,90.0,1
195,24,2,5,1.51,59.3,1,5.3,1,2,2,0,44.3,1
196,17,2,0,7.47,47.3,1,7.1,2,1,1,2,66.6,1
197,19,2,6,5.71,77.1,1,8.2,0,3,0,0,83.5,1
198,17,1,2,6.26,56.9,0,4.4,0,4,0,0,70.9,1
199,19,0,2,3.67,71.2,1,8.3,1,2,1,0,67.9,1
200,24,1,0,1.61,86.1,1,4.1,2,3,2,1,44.7,1
201,19,0,1,6.39,73.9,1,8.1,2,2,0,2,84.0,1
202,24,2,2,3.82,88.5,1,4.9,0,0,2,0,73.0,1
203,20,2,5,7.74,60.7,0,6.1,2,4,2,2,65.0,1
204,22,2,6,1.23,50.1,1,4.7,1,0,1,2,31.4,1
205,20,0,1,2.84,63.7,1,7.3,0,1,1,2,48.5,1
206,19,2,0,5.88,64.7,1,8.8,0,0,0,2,78.6,1
207,23,2,5,4.58,83.0,1,7.4,0,2,0,2,90.9,1
208,24,2,6,3.47,81.2,0,9.4,2,1,1,2,39.6,-1
209,19,2,0,5.61,58.6,1,4.2,1,0,1,0,66.5,1
210,23,0,4,5.87,95.8,1,6.1,0,1,1,1,83.1,1
211,19,1,2,4.62,56.5,1,6.3,0,3,1,2,40.2,1
212,22,1,3,2.55,99.4,1,5.9,0,0,1,0,57.6,1
213,23,2,6,4.95,42.0,1,6.5,0,3,2,2,51.5,1
214,20,1,3,4.36,80.4,0,7.4,1,4,0,0,92.2,1
215,22,1,4,6.38,77.2,1,5.2,2,2,0,2,72.7,1
216,19,2,4,5.23,75.1,1,5.2,2,2,2,2,69.9,1
217,17,0,4,3.97,86.7,1,4.9,1,1,1,2,62.6,1
218,17,2,4,0.15,75.5,1,5.8,0,4,1,0,27.7,1
219,20,1,6,1.34,76.6,1,7.9,0,4,1,1,55.9,1
220,24,0,2,2.69,92.6,1,7.1,0,2,0,2,57.2,1
221,18,0,6,4.81,51.2,1,5.7,1,2,0,0,69.9,1
222,20,0,6,6.34,71.9,1,9.8,0,2,2,1,84.6,1
223,22,0,6,7.68,82.7,1,7.8,0,0,1,2,100.0,1
224,18,1,0,4.8,58.5,1,5.6,1,2,1,2,61.6,1
225,22,2,4,5.83,53.2,1,4.3,0,0,0,2,59.6,1
226,19,1,0,4.97,47.7,1,5.4,2,2,1,1,37.9,1
227,23,0,5,3.44,55.8,1,6.9,2,2,2,2,40.8,1
228,21,2,0,4.88,80.0,1,5.2,2,3,0,1,73.6,1
229,21,0,0,3.21,76.9,1,5.9,2,1,0,1,52.1,1
230,18,1,4,3.63,50.3,1,9.9,0,1,0,0,65.9,1
231,20,1,2,7.29,69.5,1,9.6,1,0,0,1,100.0,1
232,23,0,0,4.51,52.8,1,7.1,1,1,2,0,70.6,1
233,17,0,1,0.8,96.2,1,9.0,2,1,0,2,61.6,1
234,23,2,0,4.19,83.4,0,5.7,0,2,0,1,74.8,1
235,20,1,3,7.63,50.4,0,8.5,1,3,1,2,68.6,1
236,22,0,2,0.8,57.4,1,9.4,0,1,1,2,57.4,1
237,22,1,6,7.77,91.2,1,9.0,0,0,2,0,95.5,1
238,20,0,0,7.9,73.4,1,7.8,2,4,2,2,89.0,1
239,19,0,0,4.49,61.4,1,9.0,2,0,1,0,72.6,1
240,22,1,1,2.66,75.9,1,4.1,1,4,0,1,44.3,1
241,18,1,6,0.08,63.4,0,6.3,2,0,1,0,19.599,-1
242,21,1,5,0.12,94.7,1,8.6,0,2,0,2,61.2,1
243,17,0,3,3.1,92.4,1,6.4,2,2,0,0,54.6,1
244,22,1,0,6.26,49.6,1,5.1,1,0,0,2,95.6,1
245,22,1,3,7.54,80.6,1,8.6,1,2,2,2,90.6,1
246,17,1,6,1.24,90.3,1,7.7,0,2,2,0,67.1,1
247,23,1,1,3.9,52.7,1,7.1,0,2,2,2,68.4,1
248,20,1,4,4.01,92.3,0,6.0,1,0,2,1,83.4,1
249,23,0,6,3.04,65.2,0,4.6,0,0,1,2,53.2,1
250,17,1,5,4.32,58.5,1,9.2,0,0,1,0,71.4,1
251,18,1,6,7.4,99.0,1,5.2,1,4,1,2,86.2,1
252,20,1,6,3.51,81.3,0,7.8,2,1,2,1,55.4,1
253,18,1,2,1.1,57.4,0,5.8,2,1,2,0,19.8,-1
254,19,1,1,5.32,71.8,1,5.4,0,1,2,2,75.7,1
255,22,1,1,0.25,78.6,1,6.7,0,3,1,0,31.9,1
256,18,2,3,7.52,82.7,0,8.4,0,1,1,0,90.7,-1
257,22,2,0,7.52,52.6,1,5.4,0,3,0,1,81.7,1
258,17,1,2,0.74,77.0,1,4.6,1,1,1,2,27.6,1
259,18,1,3,4.41,90.8,1,6.9,0,1,1,1,70.6,1
260,21,0,2,6.38,88.2,1,7.3,1,4,2,0,92.1,1
261,23,2,0,3.72,57.7,1,7.9,0,0,2,0,64.6,1
262,18,2,0,3.83,98.2,1,6.7,1,4,0,0,80.7,1
263,19,2,6,7.76,40.8,1,6.3,2,3,2,1,69.8,1
264,24,1,4,1.84,86.7,0,4.9,2,0,0,2,74.9,-1
265,24,0,4,4.21,59.0,1,5.8,2,4,2,2,50.5,1
266,21,0,5,0.92,96.5,1,5.5,1,3,0,0,67.6,1
267,20,0,1,2.42,91.7,1,4.8,1,2,0,2,53.2,1
268,19,2,1,6.81,92.9,1,9.7,0,4,2,0,85.2,1
269,21,1,5,5.73,55.1,1,5.1,1,1,1,0,70.2,1
270,21,0,5,4.9,87.8,1,7.4,2,1,2,0,65.9,1
271,19,1,2,0.91,60.0,1,6.4,0,1,0,2,47.4,1
272,17,1,1,6.81,66.8,1,7.3,0,1,2,1,82.8,1
273,18,1,1,2.38,94.3,1,7.5,2,2,0,0,67.7,1
274,24,2,2,4.28,83.2,0,7.1,2,0,0,2,65.8,1
275,20,0,4,1.87,78.4,1,6.0,0,1,2,2,54.3,1
276,20,2,2,4.17,47.7,1,6.0,1,3,2,2,49.9,1
277,20,2,5,4.5,72.3,1,5.0,1,2,1,2,62.2,1
278,23,0,4,2.72,47.4,1,6.5,1,3,2,1,66.1,1
279,17,2,5,4.05,44.5,1,6.2,1,3,1,0,60.2,1
280,17,1,3,3.25,96.8,1,9.9,1,0,1,0,80.1,1
281,19,2,6,5.58,75.5,1,4.6,0,0,2,2,76.3,1
282,20,1,1,4.35,40.6,1,7.5,0,1,2,2,62.0,1
283,22,0,3,7.02,68.1,0,9.9,1,4,1,2,93.8,-1
284,20,2,2,0.4,57.2,1,9.6,0,2,1,0,42.3,1
285,20,2,5,0.21,49.2,0,8.2,0,0,0,2,56.4,1
286,24,1,3,1.51,89.1,0,6.4,1,1,1,2,52.6,1
287,18,2,1,0.95,49.2,1,8.4,0,1,2,1,43.2,1
288,21,1,5,4.21,50.0,1,9.6,2,0,0,1,60.5,1
289,21,2,6,1.6,54.0,1,7.3,2,0,1,1,41.0,1
290,20,0,2,0.13,82.7,1,6.1,2,3,0,1,22.1,1
291,23,1,5,2.26,51.4,1,4.1,0,3,1,2,28.3,1
292,19,2,5,4.07,59.3,1,7.0,1,3,1,2,52.4,1
293,24,2,0,5.71,94.1,1,4.6,1,1,0,2,84.3,1
294,19,1,4,3.51,73.9,1,5.9,2,0,0,2,60.8,1
295,21,1,5,7.7,50.4,1,7.7,2,4,0,0,55.2,1
296,21,1,3,1.6,91.6,1,5.7,0,1,1,1,59.7,1
297,23,0,4,4.11,70.7,1,5.3,1,1,0,0,69.1,1
298,20,0,2,2.03,90.1,0,7.5,2,2,1,2,57.0,1
299,19,2,6,6.45,44.7,1,4.4,2,1,0,0,67.9,1
300,17,2,6,1.5,49.7,1,9.6,0,1,0,0,38.3,1
301,19,1,1,7.69,45.5,1,9.9,2,1,1,2,67.2,1
302,23,0,3,5.73,68.9,0,9.9,0,3,1,0,72.9,1
303,17,2,1,4.45,63.2,1,4.1,1,0,2,1,74.2,1
304,24,2,0,4.26,65.0,1,4.1,1,0,0,2,84.4,1
305,21,1,1,2.9,62.0,1,4.6,1,2,1,2,64.7,1
306,18,1,6,0.17,65.4,1,9.5,0,4,1,2,49.1,1
307,19,1,4,7.32,62.9,0,9.2,1,1,2,2,85.5,1
308,21,0,5,6.36,49.6,1,4.1,0,1,0,0,50.7,1
309,19,0,5,1.08,74.1,1,4.4,1,1,0,1,59.1,1
310,17,0,5,0.98,92.2,1,5.8,2,1,0,1,51.3,1
311,22,1,1,2.46,99.4,1,5.7,1,3,2,0,53.6,1
312,22,0,5,6.11,47.0,1,4.1,0,4,2,2,50.3,1
313,17,1,5,4.03,64.7,1,4.5,0,4,1,2,45.7,1
314,19,0,2,5.23,54.5,1,8.1,0,3,0,0,66.1,1
315,18,1,2,0.08,74.0,1,7.5,1,1,2,0,36.6,1
316,22,2,5,7.39,61.6,1,6.1,0,2,1,0,83.3,1
317,22,0,0,1.33,92.7,1,5.5,0,3,2,0,55.9,1
318,22,1,0,2.55,96.1,1,6.8,1,3,0,0,70.6,1
319,24,2,0,7.58,59.5,0,7.8,1,0,1,2,78.3,1
320,23,2,6,5.86,61.4,1,5.8,1,3,1,2,70.8,1
321,19,1,0,4.09,72.1,1,4.8,0,3,0,2,59.0,1
322,17,1,0,6.9,78.1,1,9.5,0,0,1,1,70.1,1
323,21,1,0,0.49,85.1,1,4.7,0,2,1,2,46.2,1
324,24,0,2,0.61,46.0,1,9.0,1,1,2,2,31.4,1
325,24,0,2,1.24,43.1,1,7.4,1,3,2,0,34.8,1
326,18,0,0,2.12,80.7,1,6.8,1,4,0,0,57.7,1
327,18,0,2,5.67,68.7,1,5.5,0,4,0,0,53.6,1
328,17,0,5,4.26,80.4,1,8.2,1,3,1,2,72.2,1
329,18,1,0,3.41,58.1,1,6.9,0,4,1,0,47.4,1
330,21,1,3,6.26,50.3,1,4.6,1,4,0,1,72.4,1
331,21,2,0,2.54,46.7,1,8.9,0,0,2,2,48.3,1
332,19,2,5,0.68,87.2,1,8.1,1,4,1,2,50.6,1
333,19,2,0,3.17,64.2,1,8.6,0,2,0,2,66.7,1
334,23,2,2,6.13,45.0,1,5.4,2,3,0,2,60.4,1
335,20,0,3,3.79,54.8,1,5.9,0,1,2,0,58.2,1
336,23,2,1,7.82,91.7,0,6.0,2,3,0,0,87.2,1
337,24,2,4,6.85,68.9,1,5.0,0,2,0,2,65.4,1
338,19,2,3,6.33,91.2,0,9.3,1,3,2,0,84.8,1
339,18,1,3,6.19,96.7,1,6.2,1,1,1,2,79.1,1
340,24,1,0,4.65,44.0,1,5.8,0,1,2,2,57.3,1
341,22,0,4,7.21,96.6,1,6.9,1,2,1,0,88.2,1
342,19,0,4,4.72,62.3,1,9.7,2,0,2,0,66.7,1
343,21,2,6,2.98,81.9,0,6.2,1,1,2,0,67.6,1
344,21,1,6,1.57,64.2,1,9.6,0,4,2,1,53.3,1
345,24,2,2,6.5,76.9,1,9.6,1,3,1,0,86.3,1
346,19,2,4,2.97,80.2,1,5.9,2,3,0,0,57.2,1
347,24,2,2,6.33,48.0,1,7.6,2,0,2,2,74.5,1
348,24,1,0,7.86,65.9,1,7.9,1,0,0,2,100.0,1
349,18,1,5,3.19,52.4,1,5.7,0,0,1,2,55.9,1
350,18,1,3,2.73,47.2,1,9.9,2,2,0,2,49.7,1
351,21,2,5,1.36,75.5,1,7.6,1,4,0,0,53.3,1
352,17,2,6,3.8,80.8,1,8.3,2,3,1,2,69.6,1
353,19,0,6,5.23,55.5,1,8.1,1,0,1,2,66.8,1
354,20,1,4,2.5,40.6,0,5.3,2,1,0,2,37.8,1
355,24,0,4,3.89,98.2,1,7.6,2,0,2,1,80.2,1
356,24,2,5,4.3,68.5,1,9.2,1,4,2,2,77.2,1
357,18,0,1,2.2,79.1,0,8.6,0,0,1,2,42.5,1
358,24,1,0,0.19,44.5,0,6.7,2,0,0,1,38.9,-1
359,17,0,0,1.72,77.2,1,7.3,1,1,2,0,43.0,1
360,22,0,5,6.43,85.8,1,7.8,2,3,0,2,100.0,1
361,23,0,0,2.22,42.8,1,6.2,0,3,0,2,39.8,1
362,24,2,2,0.11,71.4,1,6.0,2,1,2,0,28.0,1
363,18,1,5,3.4,48.5,1,6.7,2,3,0,0,68.4,1
364,24,0,5,5.46,48.8,1,9.9,1,2,1,1,67.0,1
365,17,2,4,6.02,76.9,1,8.2,0,0,0,2,81.0,1
366,21,1,6,3.31,77.2,1,4.8,0,0,2,2,78.0,1
367,20,1,5,4.57,73.2,1,4.7,0,1,2,2,86.2,1
368,19,1,6,5.96,70.6,1,4.8,1,2,1,2,73.9,1
369,17,0,1,7.11,68.2,1,9.3,2,4,1,2,71.8,1
370,23,1,2,5.12,68.9,1,4.9,2,2,0,2,54.5,1
371,19,2,0,5.53,60.1,1,6.7,0,2,1,0,80.3,1
372,22,1,5,0.79,55.4,0,7.9,2,0,2,2,37.6,1
373,20,2,6,3.36,55.9,1,8.9,0,4,2,0,45.6,1
374,19,0,2,7.11,94.5,0,5.9,2,2,2,0,96.1,-1
375,24,2,5,1.29,56.0,1,5.4,2,4,0,2,19.7,1
376,17,0,3,2.48,62.5,1,4.6,2,0,1,0,50.6,1
377,22,0,5,5.42,70.2,1,4.5,2,0,2,2,47.8,1
378,22,1,4,7.22,84.6,1,4.9,1,3,0,2,97.5,1
379,20,0,2,0.47,86.6,1,8.1,2,3,0,2,45.0,1
380,19,1,3,6.96,83.3,1,4.4,0,0,2,0,96.4,1
381,17,1,2,1.76,58.2,1,7.9,2,1,1,1,22.9,1
382,24,2,0,6.89,49.8,0,9.2,0,2,2,2,76.4,1
383,24,2,5,7.11,89.0,1,7.1,0,2,2,0,79.6,1
384,18,1,4,6.2,92.5,1,9.6,2,3,0,2,71.0,1
385,17,0,4,7.39,94.8,1,6.8,0,2,0,2,100.0,1
386,17,1,4,7.69,91.5,1,6.8,2,1,1,2,90.6,1
387,17,1,2,7.4,61.7,1,5.0,1,3,1,0,50.8,1
388,23,0,4,4.11,49.2,1,7.8,0,1,2,0,67.0,1
389,24,2,3,3.71,80.2,0,8.6,1,3,1,2,80.0,1
390,18,1,3,0.84,79.0,1,5.2,2,3,0,0,61.5,1
391,22,0,1,1.73,54.9,1,7.7,1,2,1,0,27.0,1
392,18,2,4,5.22,77.2,0,6.5,1,2,0,1,96.0,1
393,19,0,4,1.02,99.4,1,9.9,2,3,0,2,57.9,1
394,21,1,0,7.54,50.1,1,4.4,0,1,0,2,72.6,1
395,22,0,2,1.82,62.7,0,6.4,1,4,2,2,65.9,1
396,23,2,2,0.7,63.5,1,6.5,2,2,1,2,31.3,1
397,17,2,0,1.88,52.8,1,6.8,0,2,1,1,41.1,1
398,18,0,3,0.39,87.3,1,5.8,2,0,1,2,25.5,1
399,19,1,6,1.33,82.4,1,5.7,2,3,0,2,26.7,1
400,19,2,5,4.7,53.0,1,6.1,2,2,2,0,57.0,1
401,24,2,3,2.31,91.5,1,5.0,2,0,1,2,74.3,1
402,23,0,0,6.41,65.5,1,4.8,2,2,1,2,75.5,1
403,19,2,1,3.24,73.1,1,9.4,0,4,2,1,68.8,1
404,24,2,2,5.71,81.1,1,7.0,2,2,0,0,62.7,1
405,20,1,2,5.67,92.4,1,8.7,2,4,1,0,76.3,1
406,21,0,6,1.09,53.6,1,6.1,0,4,2,2,45.7,1
407,20,0,2,0.45,75.5,1,9.6,1,3,2,0,53.5,1
408,18,0,6,6.74,80.3,1,8.9,0,0,0,2,78.1,1
409,24,0,4,5.61,93.2,1,9.8,0,4,0,2,100.0,1
410,17,2,4,1.4,86.3,1,8.6,2,2,0,2,59.4,1
411,18,1,6,5.44,94.9,1,8.3,0,0,1,0,70.5,1
412,18,0,5,2.64,44.5,1,7.6,0,0,0,2,73.7,1
413,19,1,1,0.45,65.5,1,8.8,0,1,0,2,42.9,1
414,18,0,6,1.83,58.4,1,5.9,1,4,0,0,56.4,1
415,17,0,1,6.05,69.8,1,4.4,1,0,2,2,76.6,1
416,22,1,3,3.13,88.6,1,6.2,0,3,1,2,47.4,1
417,24,2,4,4.36,69.6,1,8.6,0,4,0,2,76.0,1
418,17,1,1,1.09,42.1,1,4.6,0,2,1,0,19.599,-1
419,19,1,4,0.74,80.2,1,9.4,0,2,2,0,69.5,1
420,21,0,4,1.91,40.6,1,7.2,2,0,1,0,36.7,1
421,24,2,6,3.78,45.9,1,8.8,0,4,0,1,56.1,1
422,22,1,6,6.78,83.7,1,7.1,0,2,1,2,81.5,1
423,23,0,0,6.11,89.9,1,9.0,0,0,0,2,100.0,1
424,21,0,4,1.28,59.1,1,9.9,1,4,1,2,35.6,1
425,20,2,5,0.57,74.1,1,8.9,0,4,1,2,38.1,1
426,18,1,2,1.8,72.8,1,9.3,1,3,0,2,80.9,1
427,23,1,4,6.82,43.3,0,8.9,0,2,2,2,82.3,1
428,23,0,6,4.13,72.7,1,6.7,0,2,0,2,64.6,1
429,17,1,2,6.46,40.7,1,6.1,2,2,2,2,52.8,1
430,22,2,5,2.96,89.2,1,7.4,0,4,2,0,44.4,1
431,17,1,2,4.72,84.9,1,5.2,1,4,2,2,78.2,1
432,22,0,0,4.76,57.0,1,6.6,1,0,1,2,59.9,1
433,23,1,5,5.01,55.7,1,4.8,0,2,0,0,74.8,1
434,18,2,6,3.76,51.4,1,5.8,2,4,2,2,45.0,1
435,20,0,5,1.91,97.2,1,8.2,1,4,2,0,64.7,1
436,17,1,5,3.43,90.7,1,4.4,2,0,1,2,57.3,1
437,21,1,1,7.8,90.3,1,9.5,1,2,2,2,96.3,1
438,24,1,5,2.18,68.0,0,4.3,2,3,2,2,32.1,-1
439,17,1,4,5.8,88.7,1,5.5,1,0,0,2,97.9,1
440,20,2,6,7.56,75.5,0,9.7,1,2,2,2,87.0,-1
441,24,0,4,4.53,58.0,0,9.2,0,0,1,2,61.9,1
442,19,2,2,3.91,65.8,1,4.6,1,2,0,2,59.1,1
443,18,1,3,0.97,64.5,0,9.2,0,0,1,2,63.8,1
444,20,2,5,6.03,61.1,1,9.1,1,3,0,1,61.3,1
445,21,0,5,7.29,54.5,1,6.9,2,3,0,1,79.4,1
446,22,0,0,7.85,63.9,1,9.2,0,2,1,1,100.0,1
447,19,2,1,1.61,76.0,1,6.9,0,1,0,0,32.0,1
448,24,2,6,7.36,51.8,1,4.9,1,0,1,2,85.9,1
449,21,2,5,2.96,48.5,1,5.4,1,0,2,2,49.0,1
450,19,2,6,4.95,81.4,1,6.0,1,3,1,2,77.6,1
451,24,0,4,1.79,71.6,1,6.0,1,4,2,2,37.3,1
452,24,2,5,1.99,61.1,0,8.4,1,3,2,2,61.9,1
453,20,2,0,4.95,94.5,1,5.3,2,1,2,1,62.0,1
454,17,2,5,3.88,67.7,1,8.5,2,0,2,1,52.3,1
455,21,0,3,7.72,59.9,1,7.3,1,4,2,2,82.5,1
456,21,1,5,2.12,53.0,0,7.6,2,4,2,2,30.3,1
457,18,0,1,7.02,59.4,1,8.3,1,2,1,2,57.6,1
458,22,1,0,3.68,56.4,1,8.7,0,1,1,0,39.7,1
459,23,1,1,1.08,92.0,1,6.3,0,4,2,0,62.1,1
460,17,0,0,1.91,93.5,0,8.1,2,0,1,0,55.0,-1
461,22,0,5,6.05,64.8,1,4.3,0,1,1,2,69.7,1
462,18,0,2,6.61,55.7,1,8.6,2,3,1,0,54.5,1
463,22,2,5,0.32,47.8,1,8.6,1,4,1,1,38.1,1
464,20,2,5,3.28,83.0,1,9.8,0,4,1,2,60.8,1
465,17,0,4,3.95,92.7,1,5.1,2,4,2,2,72.2,1
466,24,0,4,4.92,64.7,1,4.8,1,1,0,2,71.3,1
467,18,2,2,5.2,92.5,1,9.5,2,4,1,2,66.6,1
468,21,1,4,6.64,54.9,1,6.0,2,1,1,1,58.3,1
469,18,2,1,2.19,76.5,1,7.6,1,1,0,1,60.4,1
470,24,2,1,0.9,44.9,1,9.7,1,4,2,2,45.4,1
471,22,2,6,1.49,73.8,1,8.1,1,2,2,1,61.6,1
472,23,1,4,7.49,78.3,1,5.6,1,0,0,1,87.8,1
473,20,0,6,4.37,78.7,1,4.8,2,3,1,0,67.0,1
474,20,2,3,1.75,86.7,0,6.1,0,3,2,2,39.9,1
475,22,1,0,6.29,45.7,1,8.0,2,2,1,2,59.5,1
476,23,1,6,4.7,56.7,1,9.7,0,2,1,0,62.4,1
477,23,0,4,2.94,81.6,0,4.4,2,4,0,2,50.1,1
478,17,0,6,0.15,75.5,1,6.6,1,2,0,2,52.2,1
479,22,2,2,6.26,97.0,1,8.8,0,2,0,2,84.5,1
480,17,0,3,5.74,87.1,1,9.2,2,2,2,2,79.8,1
481,19,2,5,2.1,68.3,1,9.1,2,3,1,1,38.8,1
482,23,1,5,2.12,72.0,1,8.7,2,1,2,0,62.6,1
483,19,0,5,2.17,79.6,1,5.1,2,4,1,1,37.0,1
484,23,1,1,5.36,40.6,1,6.1,2,2,1,2,67.0,1
485,20,1,3,2.35,61.9,1,7.5,0,2,0,1,59.2,1
486,18,1,2,2.48,47.3,1,4.8,2,3,1,1,27.2,1
487,19,2,5,3.01,54.4,1,6.4,1,1,1,0,64.7,1
488,21,0,4,7.84,89.8,1,5.3,2,1,1,2,97.1,1
489,23,1,1,3.68,72.9,1,5.8,0,3,2,2,53.1,1
490,21,1,5,3.02,91.6,1,8.8,1,1,2,2,72.5,1
491,24,0,5,3.76,93.3,1,8.1,1,0,0,2,93.8,1
492,23,2,2,5.75,88.4,1,4.1,2,3,0,2,72.7,1
493,23,2,2,7.07,85.7,1,9.6,1,2,1,2,89.4,1
494,21,1,1,7.91,50.0,1,7.2,0,1,2,0,73.7,1
495,19,2,2,3.89,56.2,1,7.9,1,1,2,1,77.0,1
496,20,0,3,3.68,82.2,0,7.7,0,3,0,2,81.5,1
497,17,2,6,2.64,58.1,1,4.4,1,4,1,2,39.5,1
498,19,1,2,6.23,62.5,1,9.3,0,0,0,1,84.9,1
499,24,0,4,5.24,96.2,1,8.1,2,3,0,1,71.5,1
500,20,2,0,2.91,82.4,1,5.5,1,4,1,0,71.0,1
501,17,1,5,4.15,46.4,1,4.5,1,3,1,2,46.7,1
502,22,2,3,1.65,83.3,1,9.9,2,0,0,2,66.7,1
503,24,1,4,5.55,87.6,1,9.6,2,2,1,2,85.8,1
504,23,2,6,2.02,94.8,1,8.3,1,3,0,2,48.3,1
505,19,2,2,2.8,81.1,1,7.2,0,1,0,0,62.4,1
506,20,2,0,0.54,45.7,1,7.6,2,0,0,0,23.1,1
507,21,2,1,1.76,85.9,1,7.0,1,4,1,2,68.1,1
508,18,1,1,1.56,79.4,1,9.2,1,4,1,2,34.7,1
509,19,0,4,5.88,67.4,1,8.4,1,3,1,2,52.9,1
510,18,2,2,5.56,85.6,1,4.4,0,2,1,2,88.4,1
511,24,1,0,4.31,71.5,1,6.0,1,1,0,0,64.7,1
512,22,1,2,3.1,95.9,1,8.3,2,3,1,0,43.7,1
513,23,1,4,7.12,95.9,1,9.9,2,0,0,1,85.4,1
514,23,2,5,7.07,53.5,1,8.6,1,1,0,1,88.9,1
515,24,1,3,4.82,66.4,0,7.0,0,2,2,2,70.9,1
516,17,0,3,5.26,51.9,1,8.6,0,0,2,2,78.5,1
517,24,0,3,6.37,59.8,1,8.3,0,2,1,2,70.8,1
518,17,0,1,5.78,53.4,1,8.3,2,3,2,2,82.2,1
519,20,2,0,1.8,70.7,1,9.7,2,1,0,1,52.4,1
520,21,2,6,4.03,40.6,1,7.7,1,1,1,2,50.4,1
521,19,0,2,1.22,87.5,1,7.1,1,0,0,2,56.0,1
522,18,2,5,6.48,49.5,1,8.5,2,0,2,2,59.4,1
523,18,1,1,5.23,56.4,1,9.3,0,2,2,2,91.5,1
524,23,2,2,7.83,50.5,1,7.8,1,4,1,0,62.6,1
525,19,1,1,1.09,61.2,1,4.1,1,4,1,1,23.6,1
526,19,1,1,4.08,44.6,1,4.4,1,3,2,0,52.6,1
527,24,1,0,5.79,91.5,1,9.0,1,3,2,2,100.0,1
528,18,1,5,6.94,64.9,1,7.0,2,2,2,2,64.4,1
529,24,2,6,6.83,95.5,1,9.9,2,1,1,2,80.5,1
530,24,1,4,1.62,42.8,1,5.3,0,4,0,2,40.7,1
531,21,2,1,7.86,50.4,1,8.2,2,4,2,1,74.5,1
532,18,0,6,7.85,90.1,1,6.5,1,2,0,2,100.0,1
533,18,1,5,7.75,67.8,1,4.1,2,0,2,0,86.7,1
534,19,0,2,4.91,43.6,1,6.2,1,4,2,0,83.0,1
535,21,1,0,6.66,42.8,1,5.2,2,4,1,0,59.7,1
536,18,1,5,0.61,93.7,1,7.3,1,0,1,0,62.5,1
537,20,0,2,2.04,55.7,1,9.2,2,2,2,1,32.9,1
538,17,2,2,0.74,64.7,1,9.9,2,1,1,2,38.9,1
539,21,0,4,4.04,93.8,1,7.3,2,0,1,2,60.6,1
540,17,1,0,7.72,80.1,1,9.6,1,4,2,2,91.9,1
541,22,2,3,5.19,86.2,1,9.2,1,4,0,2,87.4,1
542,17,2,5,3.69,68.3,1,5.2,2,1,2,2,56.6,1
543,18,1,3,6.34,81.7,1,4.2,2,1,1,1,67.7,1
544,18,2,4,4.4,75.1,1,9.2,1,1,2,0,63.1,1
545,23,2,2,3.66,50.2,1,7.4,1,2,1,2,46.0,1
546,17,0,2,5.03,74.4,1,8.7,1,2,2,2,67.5,1
547,20,1,1,4.09,95.5,1,7.9,1,2,1,0,81.5,1
548,21,0,1,5.13,60.7,1,5.4,0,0,0,2,72.3,1
549,21,0,0,6.42,69.6,1,6.7,1,2,0,2,89.9,1
550,22,1,5,3.7,65.0,1,6.1,1,1,2,2,49.7,1
551,23,1,1,3.32,81.3,1,8.2,0,0,0,2,68.2,1
552,20,1,2,4.47,77.6,1,4.3,0,4,0,2,77.2,1
553,23,1,1,7.24,68.6,1,6.7,0,3,2,2,75.2,1
554,19,2,0,3.38,42.8,1,5.5,1,3,1,2,61.7,1
555,24,1,1,6.78,55.9,1,8.2,2,4,1,0,70.2,1
556,21,0,1,4.94,58.9,1,6.8,0,2,0,0,64.8,1
557,22,0,4,0.1,83.9,1,8.2,1,3,2,0,60.0,1
558,24,1,2,3.81,63.8,1,8.8,2,4,2,2,56.2,1
559,23,2,1,1.68,62.7,1,8.6,0,3,1,1,31.0,1
560,23,2,5,1.2,66.8,0,9.5,0,2,2,2,50.3,1
561,21,0,2,1.88,65.9,1,4.6,2,1,2,0,38.9,1
562,17,2,2,5.7,83.1,1,4.5,2,4,2,0,57.6,1
563,20,1,2,5.02,80.2,0,5.4,0,4,2,2,61.1,1
564,18,2,3,4.29,85.8,1,6.7,2,0,0,0,56.1,1
565,24,2,4,3.96,52.4,1,7.0,0,1,0,2,59.8,1
566,18,0,4,3.11,84.5,1,9.4,1,3,1,0,59.7,1
567,18,2,4,7.09,57.8,1,9.9,0,3,1,2,69.4,1
568,18,2,2,7.46,40.6,0,6.0,1,2,2,2,85.2,-1
569,22,0,0,6.12,78.4,1,9.7,0,1,2,1,100.0,1
570,21,1,4,2.31,40.7,1,5.5,0,4,2,2,32.2,1
571,24,1,4,7.31,45.9,0,5.1,2,0,1,0,72.4,-1
572,20,1,0,6.55,42.5,1,8.1,0,2,1,2,77.9,1
573,19,1,5,0.99,76.4,1,6.3,2,2,0,2,50.4,1
574,17,2,5,2.73,52.5,1,8.8,1,1,0,2,59.5,1
575,17,1,5,2.62,88.5,1,9.4,2,4,0,2,64.0,1
576,19,2,5,5.84,61.4,1,7.4,2,2,1,1,66.8,1
577,24,1,6,4.19,60.1,0,9.2,0,2,2,0,59.7,1
578,21,0,5,2.14,70.9,1,5.9,1,2,0,0,68.0,1
579,24,0,4,1.85,86.5,1,4.4,1,0,2,2,64.2,1
580,17,1,0,3.66,81.8,1,7.3,0,0,1,0,67.3,1
581,17,1,0,5.33,52.4,1,9.8,0,2,1,0,63.5,1
582,23,1,5,4.07,85.8,1,7.7,0,2,2,2,77.1,1
583,17,1,0,2.09,70.4,1,8.4,1,2,0,2,62.5,1
584,17,2,4,4.96,99.2,1,9.5,1,0,1,0,100.0,1
585,20,0,3,7.91,71.0,1,8.7,2,3,2,2,73.8,1
586,24,2,0,1.41,57.2,1,7.6,1,1,0,1,53.2,1
587,22,2,3,4.23,85.7,1,8.9,2,0,1,0,91.6,1
588,17,0,2,3.01,41.8,1,6.0,1,1,1,2,43.6,1
589,23,2,4,1.75,83.5,1,7.5,0,0,0,1,52.2,1
590,23,1,2,7.0,72.6,1,9.3,1,4,0,0,97.6,1
591,23,0,2,7.66,50.5,1,6.5,0,4,2,2,62.4,1
592,24,0,1,2.8,41.4,1,8.9,2,3,1,0,53.0,1
593,18,0,3,2.78,42.8,1,8.4,2,4,2,0,37.1,1
594,24,2,0,0.73,44.9,0,6.0,2,0,2,1,32.3,-1
595,19,2,6,4.94,69.3,1,7.9,1,0,1,2,74.9,1
596,23,0,6,0.21,82.5,1,6.6,1,0,1,2,46.7,1
597,21,1,0,3.97,48.0,1,6.1,1,1,0,0,59.0,1
598,23,0,6,1.22,49.5,1,8.2,0,2,2,2,38.9,1
599,22,2,2,5.38,88.8,1,4.9,0,3,0,2,74.8,1
600,22,2,1,7.43,53.7,0,8.0,1,0,1,2,90.5,1
601,21,2,0,0.71,89.7,1,4.9,2,4,0,0,39.5,1
602,23,1,6,6.22,45.7,1,6.9,1,1,0,0,100.0,1
603,22,1,3,6.64,90.2,1,8.6,0,4,0,2,89.9,1
604,18,0,4,1.41,84.0,1,8.0,2,0,0,0,67.9,1
605,23,0,4,7.38,48.9,1,6.3,1,0,0,2,82.3,1
606,21,0,3,4.97,60.3,1,6.7,2,3,2,2,55.5,1
607,19,2,6,4.28,60.0,1,5.5,2,1,2,1,47.9,1
608,21,0,6,5.37,48.0,1,6.5,1,3,2,2,83.9,1
609,24,0,3,2.3,62.6,1,9.4,2,4,2,2,48.8,1
610,23,2,4,0.2,80.7,1,9.1,1,1,2,2,44.9,1
611,23,0,4,3.54,83.8,1,4.6,2,2,0,2,45.6,1
612,20,0,4,5.95,52.2,1,5.1,1,1,0,2,79.1,1
613,23,1,2,7.35,83.3,1,4.2,2,4,1,0,75.6,1
614,20,0,1,3.44,56.0,1,6.5,2,3,2,0,58.0,1
615,22,0,6,2.11,42.6,1,9.0,2,2,1,0,34.3,1
616,22,1,1,1.05,51.7,1,7.5,0,2,0,2,48.2,1
617,18,1,4,7.48,60.5,0,5.4,1,0,2,2,97.1,-1
618,19,2,6,1.85,42.2,1,6.4,2,4,0,1,25.2,1
619,17,1,4,7.29,45.7,1,4.6,2,3,2,0,74.7,1
620,18,1,1,1.47,61.4,0,6.3,0,1,2,0,25.6,1
621,20,1,6,0.15,95.5,1,6.2,0,3,2,2,50.1,1
622,20,1,2,1.79,78.1,1,5.6,0,1,2,1,44.0,1
623,18,0,5,3.94,96.1,1,5.3,2,4,1,2,53.7,1
624,20,0,1,2.79,42.2,1,5.3,2,3,1,2,39.4,1
625,21,0,4,7.26,92.1,1,4.9,0,2,0,2,100.0,1
626,18,0,3,4.36,48.1,1,4.8,1,3,2,2,59.4,1
627,19,0,3,0.94,54.2,1,9.9,1,4,2,2,42.3,1
628,19,2,0,5.0,46.0,1,7.9,2,3,2,1,47.4,1
629,21,1,3,3.11,64.7,1,7.8,2,2,2,1,39.1,1
630,19,2,6,5.43,52.1,1,6.4,1,1,2,1,61.5,1
631,22,1,5,6.29,84.4,1,5.0,2,3,2,1,76.8,1
632,19,2,0,7.88,85.3,1,6.9,1,3,1,2,94.1,1
633,20,0,6,4.61,57.4,1,6.3,1,3,0,2,65.6,1
634,20,0,6,2.93,88.0,1,5.5,1,3,2,2,60.3,1
635,18,1,4,3.47,49.8,1,8.6,2,0,0,0,71.6,1
636,22,0,4,3.22,42.4,1,5.4,1,1,1,0,52.3,1
637,18,0,2,3.6,49.9,1,8.3,2,1,1,0,48.5,1
638,19,2,3,0.24,54.7,1,4.8,1,0,1,0,26.5,1
639,23,1,1,1.98,43.0,0,7.0,1,3,1,2,37.0,1
640,24,0,1,7.9,46.6,0,8.1,0,4,2,2,90.6,-1
641,22,2,6,7.42,58.2,1,8.1,0,0,0,1,95.5,1
642,24,2,1,0.39,91.1,0,9.9,0,1,1,2,28.1,-1
643,23,2,4,7.84,91.3,1,6.7,1,0,0,2,100.0,1
644,20,0,6,6.34,99.4,1,6.3,1,3,1,1,92.7,1
645,23,2,4,0.08,45.9,1,8.5,2,1,1,2,19.599,1
646,19,1,5,7.31,40.6,1,4.4,2,0,2,0,73.3,1
647,20,2,5,7.68,73.9,1,7.0,0,4,1,2,100.0,1
648,21,0,3,5.03,76.2,0,9.2,0,2,0,2,64.5,1
649,24,0,6,6.31,54.2,1,5.6,0,2,0,1,61.6,1
650,23,1,6,2.66,87.8,1,7.0,2,0,2,0,55.3,1
651,20,0,0,4.58,97.4,1,5.0,2,1,0,1,56.4,1
652,22,1,5,5.85,59.9,1,9.7,2,3,0,0,74.9,1
653,18,2,1,4.49,96.8,1,9.1,2,1,0,2,78.8,1
654,23,1,2,2.44,46.3,0,8.6,2,2,0,2,47.3,1
655,21,0,3,5.19,68.5,1,4.9,1,4,1,2,62.1,1
656,21,1,4,6.71,51.8,0,7.0,1,0,0,2,88.8,1
657,23,0,4,6.69,75.1,1,5.3,0,0,1,0,80.9,1
658,22,0,5,1.06,44.3,1,9.5,1,4,1,0,29.2,1
659,17,1,0,3.56,70.3,1,9.6,1,3,1,0,63.7,1
660,19,2,5,0.31,50.4,1,8.4,0,2,1,1,45.2,1
661,18,2,6,5.06,65.0,1,7.9,2,1,0,2,70.5,1
662,22,0,2,1.94,81.3,1,5.5,0,4,2,1,39.6,1
663,17,1,3,7.44,60.0,1,4.4,0,3,0,2,77.6,1
664,18,2,1,4.95,72.4,1,9.0,2,0,2,2,54.2,1
665,21,2,4,3.2,98.3,1,5.4,2,4,1,0,30.3,1
666,22,0,0,5.85,92.5,1,5.6,1,4,1,2,75.2,1
667,21,0,1,1.66,99.4,1,5.5,2,2,2,2,59.9,1
668,23,1,1,0.73,50.6,1,6.1,2,2,1,2,34.7,1
669,24,0,0,0.7,69.6,1,5.9,1,4,1,2,19.599,1
670,18,1,2,4.66,87.1,1,5.5,2,4,0,2,91.4,1
671,24,0,2,7.11,95.7,1,4.8,1,0,2,2,95.3,1
672,21,2,4,1.78,54.5,1,8.7,0,4,0,2,47.6,1
673,22,0,6,6.08,99.3,1,9.7,0,4,1,0,79.5,1
674,17,0,3,0.3,66.5,1,4.9,2,1,0,2,40.3,1
675,21,2,6,2.83,86.3,1,7.5,1,4,0,2,57.8,1
676,22,2,1,5.23,71.1,1,6.6,0,2,2,0,55.5,1
677,21,1,6,6.61,57.9,1,6.7,0,4,1,1,88.7,1
678,17,1,4,7.55,46.5,1,8.5,2,4,2,0,71.3,1
679,21,1,5,5.06,49.7,1,8.5,1,1,2,2,59.9,1
680,24,2,2,3.7,78.8,1,4.4,1,4,1,2,58.9,1
681,22,0,4,0.49,73.2,1,9.4,1,1,2,2,68.7,1
682,18,2,0,2.21,66.0,1,4.1,2,4,1,2,46.2,1
683,24,0,6,7.38,77.6,1,6.6,2,0,2,0,95.7,1
684,24,2,5,4.66,70.4,1,4.6,0,0,2,2,59.1,1
685,18,2,6,2.74,48.5,1,8.0,2,0,1,1,39.3,1
686,23,1,6,1.99,55.7,1,6.5,1,3,0,2,53.4,1
687,20,2,5,0.91,65.9,1,4.8,0,0,0,1,55.7,1
688,21,2,1,6.01,63.9,0,6.0,1,0,2,1,100.0,1
689,20,1,1,3.3,94.2,1,5.6,1,0,2,2,70.6,1
690,23,0,6,7.49,96.5,1,7.9,2,0,2,2,99.1,1
691,24,2,4,3.64,72.0,1,8.0,0,3,0,0,71.9,1
692,23,2,6,6.55,55.9,1,7.3,2,4,2,2,66.9,1
693,24,0,5,1.04,87.9,1,8.7,0,4,0,1,65.1,1
694,24,0,4,1.21,50.9,1,4.1,1,4,2,2,63.8,1
695,17,1,1,2.19,69.5,1,7.9,0,4,0,2,61.6,1
696,19,0,6,1.53,99.4,1,7.9,2,3,2,0,33.2,1
697,22,0,1,7.81,92.5,1,6.8,2,2,1,2,93.9,1
698,21,0,1,6.47,95.8,1,9.0,1,0,1,0,100.0,1
699,17,1,1,2.79,45.9,1,4.4,2,2,1,0,28.1,1
700,17,2,2,4.16,67.7,1,8.6,2,2,2,2,63.7,1
701,21,0,0,4.27,86.1,1,5.9,0,3,1,1,52.3,1
702,21,1,5,4.86,49.4,1,4.2,2,0,1,2,69.1,1
703,18,0,6,0.83,86.1,1,4.1,0,4,1,2,49.9,1
704,18,0,3,2.79,60.5,0,5.5,1,3,1,2,45.4,1
705,18,1,0,0.69,93.2,1,7.5,0,0,1,2,59.9,1
706,21,0,0,7.35,65.1,1,7.7,1,1,1,2,73.0,1
707,17,2,6,3.23,55.0,1,4.7,2,0,0,1,37.6,1
708,21,2,2,5.82,95.0,1,5.7,0,2,0,2,93.3,1
709,20,1,2,7.37,82.8,0,4.6,2,4,2,2,61.7,1
710,20,0,2,2.48,67.8,1,9.0,1,2,1,2,46.8,1
711,22,0,6,0.7,97.7,1,9.1,2,3,2,2,46.3,1
712,21,2,2,2.69,76.1,1,5.2,0,4,1,2,41.8,1
713,22,2,6,5.37,75.2,1,9.4,2,4,1,2,41.8,1
714,23,0,1,4.0,61.7,1,4.5,2,0,0,1,58.0,1
715,24,1,3,0.6,90.1,1,7.2,1,4,0,2,50.4,1
716,23,0,6,0.56,75.1,0,8.3,1,2,1,2,55.8,1
717,21,1,2,5.6,77.3,1,6.4,1,4,0,0,93.8,1
718,20,2,1,5.89,96.2,0,4.6,1,3,0,1,94.1,-1
719,18,2,5,0.88,56.2,1,8.6,2,4,2,2,23.9,1
720,21,2,5,6.36,87.5,1,8.7,1,1,0,0,99.3,1
721,18,0,6,2.76,88.6,1,6.0,0,3,0,2,69.3,1
722,24,2,2,0.55,43.8,0,4.1,2,1,0,0,23.4,-1
723,23,0,5,2.67,83.3,1,9.5,1,2,2,0,63.4,1
724,17,0,0,5.84,89.8,1,4.5,2,1,2,2,55.9,1
725,23,2,3,5.25,72.2,1,5.6,2,3,2,0,48.6,1
726,17,1,6,3.85,46.7,1,6.6,2,2,1,2,46.2,1
727,22,2,6,2.24,44.7,1,6.7,2,3,2,2,41.5,1
728,17,2,1,3.34,41.4,1,7.1,0,1,0,0,53.4,1
729,20,0,3,3.05,62.0,1,5.3,0,1,1,2,55.2,1
730,22,1,1,3.12,77.3,1,6.3,1,3,1,2,51.6,1
731,22,2,4,3.92,74.2,1,9.6,1,2,1,2,61.3,1
732,20,1,5,3.64,70.6,1,9.3,1,2,2,1,71.9,1
733,24,2,0,0.82,65.0,1,4.5,2,4,2,1,37.1,1
734,23,2,2,2.32,80.9,1,8.7,1,3,1,2,52.6,1
735,18,0,2,1.03,93.0,0,7.3,1,1,2,0,43.5,1
736,22,0,2,4.82,89.6,1,4.2,1,1,1,2,81.7,1
737,22,1,0,3.38,82.9,1,8.7,2,1,1,2,50.0,1
738,19,0,6,5.38,57.5,1,4.9,1,1,0,0,82.3,1
739,22,1,1,0.7,96.4,1,5.5,1,4,2,2,57.9,1
740,24,2,0,2.76,91.7,1,4.5,0,2,2,1,56.2,1
741,23,0,4,1.44,96.9,1,8.6,0,3,1,1,46.0,1
742,23,1,4,0.74,77.1,0,8.2,2,2,2,0,43.7,1
743,22,2,1,6.19,60.0,1,9.0,1,1,0,0,58.1,1
744,19,1,2,1.05,67.1,0,7.0,2,0,0,2,66.6,1
745,23,0,1,1.4,59.6,1,6.6,1,3,1,2,43.0,1
746,19,1,1,2.93,61.1,1,7.3,0,0,0,0,71.7,1
747,21,1,2,2.34,65.5,1,4.1,2,2,2,2,29.1,1
748,19,1,3,7.36,96.1,0,8.7,1,0,1,0,100.0,-1
749,19,1,4,7.91,69.8,1,9.0,2,3,1,2,72.0,1
750,18,2,4,3.38,64.3,1,4.4,0,0,2,2,57.2,1
751,24,2,6,1.61,78.4,1,9.5,1,3,0,2,61.2,1
752,18,2,0,3.98,57.2,0,6.5,0,0,2,2,54.4,1
753,17,2,4,3.97,40.6,0,5.4,0,0,2,0,49.7,-1
754,24,0,6,3.73,83.8,1,4.2,0,1,2,0,71.2,1
755,21,0,2,0.16,59.9,1,9.9,0,4,1,2,41.6,1
756,20,1,5,1.03,54.2,1,8.0,1,3,1,2,41.7,1
757,22,2,2,1.13,72.1,1,7.7,0,4,0,2,37.0,1
758,20,0,3,2.81,49.7,1,4.9,0,3,2,0,37.8,1
759,18,0,5,4.65,56.7,1,8.8,1,0,0,0,82.3,1
760,22,1,3,7.02,70.7,1,7.5,0,4,0,2,85.1,1
761,18,0,3,1.79,98.5,1,6.1,2,0,0,2,71.4,1
762,21,2,4,6.17,54.6,0,7.8,0,4,2,2,55.9,1
763,24,0,4,1.81,68.0,0,4.8,2,2,1,2,39.4,1
764,24,0,5,0.26,71.7,1,6.5,2,0,2,1,56.5,1
765,19,2,6,5.2,82.8,1,4.9,1,1,1,1,72.3,1
766,23,1,2,1.72,71.3,1,4.7,2,3,1,2,43.4,1
767,21,2,0,7.36,84.0,1,9.9,1,0,0,2,97.9,1
768,20,2,5,7.47,91.9,1,5.7,0,2,1,2,93.9,1
769,18,0,0,0.84,57.0,1,4.1,1,1,1,2,32.8,1
770,20,2,3,1.56,90.1,1,5.3,1,1,0,2,40.4,1
771,22,1,5,1.68,55.8,1,6.2,2,0,2,2,69.9,1
772,24,1,6,7.29,88.6,1,4.1,0,0,2,0,94.9,1
773,17,1,1,0.62,78.2,0,7.8,2,0,2,2,62.3,1
774,22,0,6,6.01,74.1,1,7.1,2,1,1,2,74.2,1
775,23,2,4,2.3,67.8,1,6.0,1,1,2,0,41.7,1
776,24,0,2,4.66,72.7,1,9.3,0,2,1,2,63.7,1
777,20,2,6,1.42,54.1,0,5.5,0,4,0,0,40.2,1
778,17,1,0,6.45,69.9,1,4.5,2,3,2,2,96.2,1
779,19,2,1,5.37,76.5,1,4.6,0,4,0,1,73.3,1
780,23,1,3,0.17,62.9,1,8.8,1,0,0,1,43.1,1
781,24,0,4,1.9,62.9,1,6.0,1,1,0,2,43.8,1
782,22,2,3,3.73,60.8,0,9.4,0,4,1,0,68.1,1
783,17,2,2,4.25,89.1,1,4.5,1,0,2,2,74.6,1
784,17,2,5,6.62,63.1,1,7.2,1,3,1,1,67.8,1
785,20,0,0,3.1,74.8,1,5.7,0,2,1,2,55.1,1
786,21,0,2,7.41,98.3,1,9.6,1,1,0,0,100.0,1
787,17,0,3,1.55,41.8,1,6.9,0,4,2,0,36.1,1
788,22,0,4,6.86,53.2,0,5.6,0,3,2,0,81.3,1
789,21,2,2,7.23,95.5,0,4.2,2,1,1,2,81.5,-1
790,17,0,6,5.01,83.0,1,6.9,2,4,0,1,62.7,1
791,17,0,4,7.74,62.6,1,4.9,0,0,0,0,87.2,1
792,20,0,6,3.28,45.4,1,4.4,2,0,1,2,50.5,1
793,22,1,4,5.59,70.8,1,4.9,1,4,1,1,38.8,1
794,23,1,2,0.08,87.0,1,7.1,1,4,1,0,33.4,1
795,20,0,1,2.2,65.4,1,5.5,1,1,1,0,37.2,1
796,19,0,6,4.53,90.6,0,6.5,2,2,0,1,78.2,1
797,24,0,3,7.01,57.4,1,7.1,0,1,1,2,64.2,1
798,20,2,2,7.62,69.7,0,4.3,1,4,2,1,76.3,1
799,19,2,2,4.64,45.4,0,7.3,1,1,1,2,59.8,1
800,20,2,3,6.85,71.5,0,6.7,1,1,2,0,63.9,1
801,17,0,4,6.39,91.7,1,7.3,0,2,1,1,64.6,1
802,19,2,1,6.19,49.1,1,8.2,0,0,1,2,80.9,1
803,21,2,1,0.89,76.6,1,8.3,1,1,0,2,49.8,1
804,24,1,4,3.83,58.9,1,8.2,2,0,0,1,47.8,1
805,22,0,3,3.89,61.2,1,4.5,1,4,1,2,56.2,1
806,23,0,2,6.3,40.6,1,9.4,1,2,1,2,69.3,1
807,21,2,2,4.69,72.0,0,8.9,2,4,1,0,70.5,1
808,17,0,1,6.56,99.1,1,9.3,2,2,1,2,87.5,1
809,20,1,3,7.65,48.8,1,5.0,1,1,0,2,69.1,1
810,24,1,0,4.44,54.1,1,7.5,2,1,0,2,52.2,1
811,17,1,2,6.33,53.6,1,9.6,0,3,2,2,77.3,1
812,24,1,6,4.48,73.7,1,9.6,0,0,0,0,87.6,1
813,22,1,4,5.01,51.4,1,6.2,0,0,0,0,80.9,1
814,19,2,4,3.81,97.1,1,9.1,2,2,2,0,63.5,1
815,23,0,1,7.68,81.8,1,6.8,2,1,0,2,93.5,1
816,23,2,4,6.54,77.5,1,4.5,0,0,1,0,100.0,1
817,17,2,6,6.02,40.6,1,9.8,0,2,0,1,84.1,1
818,17,0,4,2.64,68.2,1,5.9,0,1,2,0,57.1,1
819,22,0,0,3.88,88.6,1,5.7,1,0,2,2,74.1,1
820,24,1,0,6.9,70.4,1,9.4,1,0,1,2,100.0,1
821,17,2,6,7.49,84.3,1,8.5,2,1,1,2,65.3,1
822,22,0,2,7.91,80.9,1,6.2,1,4,2,2,92.2,1
823,18,2,1,5.88,95.8,1,8.8,0,4,2,2,72.4,1
824,22,1,2,5.85,62.0,1,4.1,0,0,0,2,71.2,1
825,21,1,4,0.75,89.5,1,7.5,0,3,1,0,51.6,1
826,17,1,3,6.01,55.6,1,5.6,2,0,1,0,41.1,1
827,22,2,2,2.77,73.5,1,7.3,0,1,0,1,45.6,1
828,24,0,6,6.92,77.1,1,6.0,2,1,2,2,67.9,1
829,23,1,3,0.09,66.6,1,8.3,1,4,1,2,19.599,1
830,17,1,1,7.48,46.1,0,7.8,1,1,2,2,81.1,-1
831,18,0,6,3.87,66.1,1,8.3,1,3,0,0,63.0,1
832,18,2,4,1.02,51.8,1,8.3,0,1,2,1,45.5,1
833,20,2,2,4.81,69.2,1,8.5,1,4,0,2,77.3,1
834,18,0,5,5.54,41.2,1,9.9,2,2,2,2,59.7,1
835,23,2,2,6.24,69.0,1,6.7,1,3,1,0,65.3,1
836,23,1,6,5.61,62.6,1,8.5,0,4,2,2,80.2,1
837,23,2,0,4.43,40.8,1,5.3,2,2,1,0,50.6,1
838,18,1,0,0.66,77.4,1,9.8,2,3,2,1,53.3,1
839,17,0,2,6.9,58.8,1,9.1,0,3,2,2,74.5,1
840,24,2,6,7.87,74.9,1,4.6,2,1,1,0,68.5,1
841,19,2,3,6.22,93.2,1,8.8,0,3,2,0,78.9,1
842,22,1,4,0.28,91.9,1,7.5,2,1,2,2,60.3,1
843,24,0,5,6.05,70.2,1,6.4,2,1,0,2,90.3,1
844,17,1,3,2.16,68.3,1,4.7,2,3,1,1,38.6,1
845,17,1,0,7.7,72.0,0,7.7,1,0,0,0,87.2,1
846,17,0,5,0.51,63.4,0,7.1,0,2,0,0,47.0,1
847,18,0,3,0.74,57.7,0,9.0,2,0,2,0,46.5,1
848,17,1,1,1.45,49.5,1,6.4,1,4,1,0,46.5,1
849,23,2,5,6.03,94.9,1,7.1,1,0,1,0,79.6,1
850,21,0,5,5.21,43.7,1,6.6,0,4,2,1,60.7,1
851,24,0,1,5.82,60.7,1,4.5,2,4,0,2,95.9,1
852,23,0,4,2.83,50.0,1,6.8,1,1,2,2,39.3,1
853,24,0,6,7.04,43.6,1,9.7,0,4,2,2,79.2,1
854,18,1,5,3.57,50.4,1,4.1,0,0,0,2,66.6,1
855,19,0,1,1.07,67.4,1,8.4,0,3,2,1,32.3,1
856,23,2,5,6.14,73.5,1,6.5,0,2,1,0,80.6,1
857,18,0,2,4.24,93.7,1,5.1,1,1,1,2,68.7,1
858,17,0,4,4.75,81.0,1,8.1,1,0,0,0,94.6,1
859,22,2,3,3.08,88.1,0,6.2,1,1,1,1,59.8,1
860,23,0,2,5.69,73.2,1,9.9,2,0,2,2,82.9,1
861,24,1,5,0.28,52.1,1,7.1,1,3,0,2,44.0,1
862,24,1,0,3.93,91.0,1,6.5,1,2,0,2,76.7,1
863,17,2,5,3.42,68.5,1,9.8,2,1,0,2,57.8,1
864,23,0,6,5.97,86.3,1,5.7,2,0,0,2,82.7,1
865,23,0,4,2.13,40.6,1,9.8,2,0,0,2,46.9,1
866,22,1,4,1.87,66.7,1,8.6,1,1,2,0,51.1,1
867,23,1,2,2.56,60.3,1,7.3,0,4,2,2,33.4,1
868,23,0,6,3.84,57.8,0,6.2,0,1,0,2,51.3,1
869,20,2,4,1.68,80.5,1,4.4,0,3,2,0,29.9,1
870,17,1,0,5.47,89.5,1,9.7,1,0,0,1,100.0,1
871,20,0,2,2.65,91.8,1,7.8,0,3,1,2,61.4,1
872,18,2,3,3.37,88.0,1,7.2,1,1,2,2,73.8,1
873,17,1,6,4.46,88.7,1,7.9,0,1,2,2,66.6,1
874,17,1,6,3.02,90.1,0,9.3,1,1,2,0,61.6,-1
875,22,1,2,5.61,81.6,1,5.8,0,3,0,2,71.3,1
876,21,2,5,5.25,85.6,1,7.1,2,0,1,1,65.5,1
877,21,0,2,6.05,53.3,1,8.9,2,3,2,0,47.1,1
878,22,2,0,4.18,97.4,1,9.3,1,1,0,0,83.7,1
879,21,2,3,2.94,70.2,1,8.3,0,0,2,0,58.1,1
880,22,0,2,1.61,55.8,1,7.5,2,0,1,0,41.8,1
881,17,1,2,3.5,67.3,1,6.3,2,1,0,0,45.1,1
882,23,1,6,6.98,89.4,1,5.5,0,2,0,1,76.5,1
883,20,0,4,0.97,81.5,0,7.9,1,3,1,2,48.0,1
884,18,0,5,1.72,49.2,1,8.3,2,0,0,1,28.1,1
885,23,1,3,5.32,66.3,1,6.9,0,0,2,2,86.4,1
886,22,2,3,4.6,85.3,1,9.7,0,4,2,0,73.1,1
887,17,1,2,7.33,81.6,1,4.9,0,3,2,1,76.3,1
888,18,0,3,0.23,51.4,1,7.1,0,0,2,2,38.3,1
889,17,2,5,7.03,84.6,1,8.0,1,3,0,2,100.0,1
890,19,0,1,5.8,80.5,0,9.7,1,3,2,2,81.9,1
891,17,2,3,6.2,54.7,1,5.6,0,1,2,0,67.2,1
892,22,1,0,3.03,58.5,1,5.5,2,2,2,2,39.5,1
893,21,2,6,2.46,65.2,1,6.9,1,2,2,1,71.9,1
894,24,2,1,0.12,80.4,0,8.2,1,3,2,0,50.9,1
895,22,2,2,6.3,97.1,1,5.9,2,3,0,2,93.6,1
896,21,1,1,1.29,99.4,1,7.1,2,0,1,2,33.9,1
897,21,1,1,1.81,81.4,1,4.8,0,3,1,2,32.3,1
898,17,1,5,2.21,64.7,1,9.6,0,0,2,0,60.6,1
899,17,2,1,6.96,44.1,0,5.2,1,4,0,2,81.7,-1
900,21,1,0,2.3,75.6,1,5.5,1,0,1,2,69.8,1
901,17,0,1,3.41,68.9,1,6.5,2,4,0,2,53.2,1
902,17,0,5,5.98,80.2,1,4.8,0,2,1,2,63.4,1
903,18,2,4,7.14,97.9,1,9.7,0,2,2,1,88.1,1
904,24,2,3,6.33,50.0,1,7.9,2,1,2,1,77.9,1
905,20,1,5,4.28,62.2,1,8.0,0,1,0,2,71.0,1
906,22,2,2,0.08,74.6,1,5.2,0,3,1,2,41.1,1
907,20,1,4,1.26,61.0,1,6.0,1,0,1,1,68.0,1
908,18,1,0,2.03,50.6,1,5.2,2,3,2,1,19.599,1
909,19,1,0,3.31,75.9,1,4.5,1,1,0,2,53.8,1
910,17,0,1,2.9,42.4,1,6.6,2,3,1,2,21.6,1
911,23,0,2,4.12,62.6,1,6.8,1,3,0,0,45.5,1
912,18,2,4,3.3,98.4,1,8.1,2,0,0,2,80.0,1
913,20,2,5,5.81,68.7,1,6.7,0,3,0,1,62.3,1
914,24,0,6,0.42,46.1,1,9.9,1,4,1,0,27.6,1
915,21,0,1,7.91,90.1,1,6.9,0,1,2,2,91.3,1
916,20,1,5,6.74,50.7,1,6.7,2,2,2,0,68.1,1
917,21,2,2,2.68,55.0,1,5.6,0,2,1,1,59.9,1
918,23,0,5,3.17,97.7,1,7.7,1,2,2,2,78.9,1
919,19,2,3,7.71,86.5,1,8.9,1,0,0,0,87.2,1
920,22,0,6,7.49,59.3,1,9.8,0,2,0,1,82.3,1
921,23,2,2,3.15,78.8,1,4.9,2,2,0,0,49.3,1
922,21,2,5,0.48,69.3,1,4.2,1,2,1,0,58.6,1
923,20,2,3,7.9,93.5,1,9.9,0,0,2,2,100.0,1
924,18,0,3,5.23,73.6,1,6.5,0,2,2,2,70.9,1
925,18,1,3,5.54,79.6,1,8.0,1,2,2,0,75.4,1
926,24,1,4,2.2,48.9,1,9.7,0,1,1,0,47.1,1
927,21,0,4,6.55,55.0,1,4.1,1,2,1,1,75.5,1
928,19,2,0,4.46,41.6,0,5.0,1,4,2,0,52.5,1
929,20,2,3,3.76,75.3,1,8.8,0,3,0,0,41.9,1
930,21,1,2,5.93,73.8,1,8.1,0,4,2,0,68.6,1
931,21,0,5,2.98,58.5,1,6.7,0,3,1,2,39.6,1
932,22,2,4,3.44,53.9,1,9.8,1,4,2,2,52.0,1
933,19,1,3,5.22,67.2,1,8.0,0,0,0,2,63.5,1
934,22,0,5,5.12,46.2,0,4.2,1,3,2,0,67.6,1
935,20,2,1,7.77,91.2,1,4.6,0,3,2,0,86.1,1
936,24,1,1,4.5,89.9,1,9.3,1,1,0,2,76.0,1
937,18,1,6,2.57,75.8,1,9.8,2,2,1,2,38.8,1
938,18,0,6,2.3,94.1,1,5.5,0,1,1,0,45.6,1
939,20,2,5,4.27,76.8,1,5.3,1,3,2,0,69.1,1
940,21,1,2,0.96,69.5,1,4.3,2,3,0,2,47.9,1
941,22,2,3,4.7,76.0,1,4.7,2,4,0,2,72.5,1
942,20,1,5,3.12,45.1,1,5.5,1,4,0,0,42.3,1
943,24,0,2,2.82,53.0,1,9.5,1,2,2,2,84.8,1
944,20,0,6,1.54,73.5,1,4.8,0,0,2,1,75.3,1
945,18,1,5,3.96,46.7,0,4.5,1,4,1,2,34.5,-1
946,17,2,0,0.3,88.6,0,9.9,2,3,1,2,28.5,-1
947,24,2,3,4.86,50.2,1,4.7,2,1,0,2,53.1,1
948,18,2,6,2.28,65.1,0,5.0,0,1,0,1,61.2,1
949,24,1,5,7.24,69.1,1,7.2,0,3,0,2,97.0,1
950,19,0,5,4.21,49.5,1,5.6,0,0,2,2,65.4,1
951,17,2,6,6.24,54.5,1,6.5,1,2,2,2,83.7,1
952,19,1,5,6.81,69.1,1,6.5,0,0,2,0,85.9,1
953,21,0,6,7.03,46.4,1,7.4,1,0,2,1,88.4,1
954,20,0,6,6.97,51.2,1,4.1,2,3,0,0,70.4,1
955,23,0,2,1.8,41.4,0,8.9,2,3,1,2,24.4,-1
956,21,0,4,2.43,70.4,1,6.1,1,0,2,0,85.6,1
957,20,2,0,5.66,89.3,1,9.9,2,1,2,1,88.4,1
958,22,1,3,4.3,88.6,1,9.1,2,1,1,0,72.0,1
959,24,2,1,4.87,61.3,1,4.1,2,4,0,2,53.4,1
960,20,2,4,5.42,81.2,1,9.0,1,2,0,2,82.4,1
961,18,1,5,0.91,99.4,1,5.2,0,0,2,2,41.7,1
962,20,2,0,1.35,65.4,1,4.1,0,3,1,2,31.2,1
963,23,1,4,5.1,94.8,1,4.3,0,0,0,1,86.6,1
964,18,1,0,5.0,86.7,1,9.2,2,3,2,2,57.9,1
965,24,0,5,6.54,50.6,1,6.1,2,3,1,2,54.1,1
966,21,2,2,5.55,66.7,1,6.0,1,0,2,2,76.9,1
967,21,2,6,1.66,95.8,1,8.8,1,0,1,0,75.3,1
968,19,0,0,0.56,50.1,1,9.9,0,0,2,1,52.8,1
969,24,2,3,3.13,43.5,1,9.4,0,3,0,2,45.0,1
970,17,1,5,2.97,56.0,1,9.8,0,0,2,2,58.5,1
971,19,2,2,6.14,40.6,0,4.5,2,3,0,2,52.9,-1
972,20,0,6,5.37,47.6,0,6.5,2,3,1,0,40.3,1
973,20,1,4,6.98,65.6,1,5.5,0,3,0,0,72.9,1
974,20,1,6,4.03,85.9,1,7.7,0,3,1,1,65.1,1
975,18,1,3,2.31,52.8,1,9.8,0,3,0,1,36.5,1
976,18,1,1,4.03,91.0,1,9.8,1,1,2,2,82.5,1
977,17,1,4,1.72,99.3,1,8.0,0,1,2,0,49.4,1
978,21,2,4,0.48,67.9,1,8.7,1,3,1,2,27.6,1
979,19,1,6,4.0,99.4,0,9.2,1,1,2,2,73.0,-1
980,21,0,4,3.31,74.7,1,6.6,0,3,1,2,51.1,1
981,21,2,0,0.26,43.6,0,7.3,1,0,1,2,43.2,1
982,22,1,1,5.77,46.6,0,9.3,1,0,1,2,69.5,1
983,21,2,0,5.15,70.8,1,6.4,0,3,0,0,74.8,1
984,22,0,4,0.59,95.3,0,6.3,0,4,1,0,44.1,-1
985,21,1,0,5.68,45.9,1,9.0,0,2,2,0,80.3,1
986,22,2,0,0.66,74.3,1,9.2,0,0,1,2,47.2,1
987,21,0,2,4.14,88.7,1,8.6,2,4,1,0,54.0,1
988,19,0,6,4.98,99.0,1,6.8,0,4,2,2,100.0,1
989,18,2,5,3.99,94.5,1,6.5,2,1,0,2,77.6,1
990,23,2,1,5.98,46.4,1,4.7,0,2,0,2,60.5,1
991,19,2,2,3.08,44.6,1,5.9,0,4,0,2,56.8,1
992,21,2,5,1.7,52.3,1,5.4,1,3,2,1,62.8,1
993,18,1,5,3.89,56.8,1,5.1,1,3,0,2,62.5,1
994,20,0,6,2.74,91.9,1,8.5,2,1,0,2,63.9,1
995,21,1,3,1.21,78.7,1,8.0,2,4,2,2,34.6,1
996,22,2,5,3.77,96.5,1,4.4,2,3,1,1,66.3,1
997,21,2,5,1.61,65.1,0,5.0,0,3,0,1,49.7,1
998,19,0,1,3.76,64.6,1,6.2,2,0,2,2,43.7,1
999,24,0,3,4.74,56.8,1,6.6,2,3,2,2,52.7,1
1000,21,2,1,6.26,66.3,1,9.1,1,0,2,0,88.5,1
1001,23,1,5,6.83,87.5,1,4.2,1,0,2,2,90.1,1
1002,22,0,6,5.35,81.8,1,5.3,2,0,0,0,75.2,1
1003,21,2,2,7.15,87.4,0,9.3,1,0,2,1,85.4,1
1004,24,1,2,4.46,89.8,1,6.2,1,3,2,2,94.7,1
1005,18,2,1,5.68,40.6,0,5.3,2,1,0,2,54.8,-1
1006,24,1,2,6.16,54.2,0,7.5,1,3,0,1,92.6,1
1007,23,2,2,6.6,79.3,0,9.8,0,1,2,0,79.4,1
1008,21,0,6,6.01,66.8,1,9.6,1,0,2,0,74.4,1
1009,22,2,4,7.22,47.0,0,7.2,0,4,2,0,71.3,1
1010,21,2,5,3.78,43.9,1,4.6,0,3,0,0,59.4,1
1011,19,0,3,7.63,96.6,1,4.9,1,3,0,1,90.0,1
1012,23,2,5,3.2,90.9,1,5.9,0,1,1,2,69.4,1
1013,18,0,4,0.56,59.1,0,9.2,0,4,0,2,36.8,1
1014,19,0,1,1.46,78.4,1,8.8,2,0,1,0,38.4,1
1015,21,2,1,4.47,48.8,1,9.9,2,2,0,1,65.9,1
1016,23,1,3,0.12,48.1,1,7.0,0,1,2,2,44.0,1
1017,20,0,0,1.26,60.0,1,7.5,2,3,0,0,60.5,1
1018,20,1,5,2.99,56.9,1,5.9,0,4,2,2,32.7,1
1019,17,0,0,4.99,98.8,0,7.1,2,4,1,0,59.3,-1
1020,17,2,0,1.32,41.5,1,8.3,2,4,2,0,24.1,1
1021,17,1,3,4.6,72.8,1,4.2,1,2,0,2,68.7,1
1022,17,0,1,5.31,91.2,1,9.3,0,3,1,0,76.4,1
1023,23,0,6,6.11,41.6,1,7.7,1,2,0,2,99.1,1
1024,23,2,2,5.28,73.2,1,5.9,0,2,0,2,97.8,1
1025,23,1,5,2.0,62.8,1,5.9,2,1,0,2,70.8,1
1026,17,1,4,7.91,53.0,1,9.9,1,0,1,1,100.0,1
1027,17,1,6,7.11,54.1,1,5.8,0,2,1,0,70.5,1
1028,19,0,0,2.99,88.9,0,7.4,1,1,2,1,55.1,1
1029,21,0,6,0.23,67.9,1,6.2,2,4,2,0,19.599,1
1030,19,2,6,4.23,42.8,1,7.3,0,3,1,2,58.2,1
1031,20,0,3,6.92,64.5,1,6.5,2,2,2,2,74.8,1
1032,18,1,1,6.58,89.0,1,6.9,2,2,0,2,100.0,1
1033,22,2,1,7.18,81.3,1,4.5,0,2,1,1,77.1,1
1034,19,1,1,7.76,97.3,1,4.4,2,3,1,2,93.4,1
1035,17,0,4,5.7,86.4,0,9.1,0,1,1,2,87.5,-1
1036,22,0,6,1.3,50.3,1,9.1,1,2,1,2,19.599,1
1037,24,1,3,0.29,44.0,1,9.9,0,3,2,0,35.9,1
1038,17,0,6,1.21,67.8,1,7.7,2,4,2,0,36.3,1
1039,20,0,5,1.61,66.7,1,5.8,1,4,1,0,29.3,1
1040,23,2,4,0.49,72.9,1,9.3,2,4,1,2,54.0,1
1041,22,1,5,3.63,80.3,1,9.7,1,2,1,2,76.1,1
1042,23,2,6,6.27,55.3,1,5.8,0,4,2,2,86.0,1
1043,20,0,6,0.08,99.3,1,6.5,2,2,1,2,43.4,1
1044,19,2,1,6.43,69.7,1,7.0,1,3,1,2,78.5,1
1045,22,1,4,7.4,82.9,0,6.6,2,2,2,2,86.9,1
1046,18,1,3,1.22,64.5,1,7.5,1,1,0,0,54.1,1
1047,18,2,6,0.17,81.1,1,9.4,1,2,1,2,60.1,1
1048,21,0,1,3.83,99.0,1,9.5,2,4,2,0,69.1,1
1049,22,1,5,6.95,49.2,1,4.6,2,0,0,1,59.4,1
1050,17,2,3,5.89,66.2,0,8.3,1,3,1,0,92.4,1
1051,21,1,6,0.28,81.8,1,4.8,0,4,2,0,28.6,1
1052,19,0,5,5.39,91.4,1,6.0,0,2,2,1,75.0,1
1053,21,2,0,6.54,78.2,1,6.4,1,1,2,0,82.4,1
1054,24,2,5,2.17,53.9,1,9.5,0,1,0,2,35.5,1
1055,17,2,1,5.23,78.7,1,6.2,0,2,1,2,67.2,1
1056,24,0,2,3.95,77.4,1,7.6,1,3,1,1,58.0,1
1057,20,1,3,1.65,42.6,1,7.8,0,3,1,1,37.8,1
1058,23,1,0,7.21,76.4,1,6.2,0,2,1,0,91.2,1
1059,20,2,2,1.78,72.0,1,8.2,2,2,1,2,28.9,1
1060,19,0,6,6.72,57.4,1,7.2,1,2,2,1,74.8,1
1061,23,1,2,5.61,54.3,1,5.9,0,2,0,1,67.5,1
1062,22,2,4,1.77,86.1,1,6.7,2,3,0,2,71.6,1
1063,18,2,1,5.69,43.9,1,5.2,2,3,2,2,49.4,1
1064,22,1,0,0.21,57.1,1,4.2,2,4,2,2,19.599,1
1065,23,2,1,1.89,82.1,1,6.2,2,1,0,2,51.0,1
1066,20,0,0,2.28,52.6,0,9.5,2,1,2,2,51.5,1
1067,24,0,4,7.11,47.1,1,6.3,1,1,1,0,62.5,1
1068,22,2,0,7.32,99.0,1,9.3,0,4,2,2,82.2,1
1069,19,1,5,2.17,73.9,1,4.5,1,0,1,2,53.4,1
1070,17,1,3,3.8,56.1,1,6.8,1,0,2,2,70.3,1
1071,22,2,5,7.85,49.2,1,5.8,0,0,2,2,77.9,1
1072,18,0,3,5.33,40.6,1,6.5,1,0,2,0,82.3,1
1073,23,1,0,0.56,85.0,1,8.2,2,3,1,1,35.0,1
1074,21,2,3,3.13,61.4,1,5.9,2,2,1,2,55.5,1
1075,20,1,4,3.37,51.7,1,4.8,2,3,1,0,29.8,1
1076,18,2,3,2.45,94.2,1,4.2,0,4,2,0,65.6,1
1077,22,1,6,4.16,81.8,0,5.8,1,3,0,0,60.9,1
1078,18,0,3,5.89,88.6,1,8.3,1,4,2,2,89.2,1
1079,20,0,0,5.53,79.3,1,6.8,0,1,2,2,71.2,1
1080,23,2,2,2.81,95.0,1,9.9,1,1,2,2,56.3,1
1081,24,0,0,5.89,60.7,1,5.4,0,3,0,2,75.2,1
1082,24,2,2,4.27,49.4,1,9.5,0,1,0,2,69.6,1
1083,24,1,2,6.16,40.6,1,8.9,0,1,2,0,64.4,1
1084,21,0,0,0.91,42.0,1,8.7,2,2,0,2,45.7,1
1085,18,2,0,3.24,91.2,0,8.2,1,2,0,2,86.8,1
1086,23,1,6,3.16,76.9,1,4.1,0,3,1,2,46.3,1
1087,23,2,5,2.81,42.7,1,8.6,2,2,2,2,41.8,1
1088,24,2,5,5.58,46.4,1,5.2,2,1,0,2,70.8,1
1089,22,2,3,4.46,81.8,1,5.8,0,0,0,1,70.7,1
1090,18,1,2,3.09,63.1,1,5.3,0,4,1,2,68.7,1
1091,21,2,5,4.29,86.5,1,6.6,1,4,0,2,69.3,1
1092,20,2,3,5.64,96.2,1,5.3,2,1,0,2,92.8,1
1093,23,1,3,5.4,85.4,1,9.1,0,0,0,2,84.4,1
1094,20,0,4,6.09,50.9,1,8.1,0,2,1,1,57.5,1
1095,19,1,1,6.81,79.0,1,7.9,1,1,0,2,99.3,1
1096,17,0,3,5.92,75.7,1,8.4,0,1,0,2,76.6,1
1097,23,1,4,1.44,90.9,0,5.9,1,0,1,2,35.9,-1
1098,23,0,4,6.77,52.0,0,7.3,2,4,2,2,74.6,1
1099,17,0,3,2.66,83.1,1,7.9,2,0,1,2,63.7,1
1100,20,0,6,5.33,76.0,1,7.4,2,1,1,2,45.2,1
1101,20,2,6,7.91,68.7,1,7.5,0,3,2,2,71.6,1
1102,20,2,2,2.36,57.5,0,4.4,0,0,1,1,45.7,1
1103,24,1,2,2.16,41.6,1,6.7,2,2,0,1,37.3,1
1104,18,1,3,1.46,88.3,1,7.5,2,2,0,0,65.8,1
1105,19,1,5,7.87,46.4,1,4.7,2,1,1,2,68.9,1
1106,18,2,3,3.42,62.6,1,5.1,2,3,2,2,42.2,1
1107,18,1,1,6.27,69.8,1,7.4,0,3,2,2,63.2,1
1108,24,1,3,0.39,59.8,1,5.0,1,2,2,1,26.8,1
1109,24,1,6,1.44,79.7,1,7.1,2,4,2,0,51.0,1
1110,17,2,1,0.51,59.7,1,5.3,2,4,1,2,19.599,1
1111,22,0,3,6.53,71.0,1,5.1,2,3,1,2,61.5,1
1112,18,2,4,0.85,45.7,1,8.8,2,0,0,1,42.7,1
1113,18,1,0,7.39,66.1,1,8.9,0,4,0,0,71.1,1
1114,19,0,2,5.31,75.0,1,6.0,0,2,2,0,75.0,1
1115,18,0,4,7.28,91.7,1,5.9,1,0,0,0,100.0,1
1116,20,1,5,3.27,50.9,1,6.5,1,0,2,0,61.8,1
1117,24,2,4,4.21,60.3,1,5.2,1,0,2,0,56.1,1
1118,21,2,4,0.22,55.6,0,7.3,0,4,1,2,35.4,1
1119,22,1,4,3.73,49.2,1,9.8,1,1,1,2,50.5,1
1120,20,2,0,4.73,63.1,1,8.6,1,0,1,0,65.2,1
1121,17,0,2,0.8,94.5,1,5.7,1,0,0,0,87.0,1
1122,17,0,6,7.85,62.4,1,6.1,1,4,1,1,61.1,1
1123,19,2,1,0.08,56.3,1,5.2,1,4,1,0,19.599,1
1124,18,0,5,2.14,97.5,1,8.2,0,0,1,2,68.8,1
1125,23,1,3,4.92,82.9,0,6.0,1,2,1,2,72.0,1
1126,23,2,3,3.98,62.2,1,9.3,0,0,1,2,67.8,1
1127,23,2,2,1.91,85.0,1,8.3,2,1,1,0,48.7,1
1128,22,1,6,7.89,78.3,0,6.2,1,2,2,2,92.6,1
1129,21,2,3,1.51,91.3,1,6.3,1,2,1,2,67.2,1
1130,22,0,5,4.55,46.7,1,4.8,1,0,1,1,70.2,1
1131,20,1,5,0.93,72.4,1,6.8,2,2,1,2,35.1,1
1132,22,0,2,0.45,82.1,1,9.6,0,0,0,2,57.5,1
1133,23,2,6,3.9,99.4,1,7.8,0,4,0,2,77.2,1
1134,23,1,4,6.44,76.1,1,6.9,1,1,2,2,80.9,1
1135,21,2,1,4.25,48.4,1,6.4,2,0,1,0,66.2,1
1136,17,2,4,2.35,98.3,1,7.7,0,1,2,1,71.7,1
1137,22,2,4,0.13,67.5,0,9.4,1,4,1,2,45.0,1
1138,19,1,4,7.52,69.3,1,6.4,0,2,0,0,100.0,1
1139,22,1,0,1.7,55.2,1,7.7,0,3,1,2,43.6,1
1140,21,2,6,4.6,88.8,1,9.9,0,0,2,0,85.0,1
1141,24,0,1,0.12,71.8,1,7.6,0,0,0,2,51.2,1
1142,19,0,3,0.78,98.4,1,8.2,1,2,2,0,63.5,1
1143,24,0,5,1.36,71.1,0,9.3,1,1,2,0,69.5,1
1144,23,0,2,0.9,50.8,0,6.7,0,0,1,2,42.5,1
1145,19,0,0,4.25,86.2,1,4.4,0,1,0,0,55.3,1
1146,20,0,3,3.18,48.9,0,6.6,0,3,2,2,40.5,1
1147,21,0,5,6.41,57.0,1,4.8,0,0,0,2,89.5,1
1148,23,0,5,0.93,96.4,1,9.3,2,2,1,1,42.1,1
1149,22,0,5,3.45,98.6,0,8.8,2,0,1,2,71.8,1
1150,23,2,0,3.43,86.6,1,8.6,1,2,0,0,83.9,1
1151,19,0,3,1.85,52.4,1,6.5,2,2,1,1,37.3,1
1152,21,2,2,0.77,84.5,1,8.5,1,3,0,2,55.9,1
1153,20,0,5,0.09,75.6,1,7.5,0,4,0,2,33.1,1
1154,24,2,0,0.15,66.8,1,4.6,0,0,0,2,52.2,1
1155,19,0,3,3.19,66.8,1,4.9,2,3,1,1,31.7,1
1156,21,0,4,0.43,67.2,0,9.0,0,4,0,0,48.3,1
1157,17,1,5,3.16,59.3,1,9.3,0,4,2,0,33.6,1
1158,23,1,2,3.5,72.3,0,7.9,1,2,0,1,64.4,1
1159,20,2,5,3.56,42.2,1,5.5,1,2,2,2,55.0,1
1160,19,1,0,1.53,90.9,0,9.4,2,4,0,0,53.1,1
1161,21,1,0,3.99,93.8,1,9.3,1,4,2,2,83.1,1
1162,20,2,2,3.14,63.4,1,8.2,0,1,2,2,36.7,1
1163,23,2,5,7.91,96.9,0,8.6,2,4,0,0,85.5,-1
1164,21,0,3,0.36,86.6,1,4.7,0,3,0,0,34.1,1
1165,21,0,2,0.43,90.9,1,8.5,1,3,0,2,67.7,1
1166,17,0,2,6.6,93.5,1,9.3,2,0,0,2,86.5,1
1167,17,2,5,2.13,60.4,1,8.1,0,4,2,1,44.1,1
1168,20,0,2,1.47,88.8,1,9.6,2,4,2,0,51.2,1
1169,24,1,3,7.0,48.7,1,4.5,1,4,1,2,60.9,1
1170,24,0,4,4.26,98.6,1,4.9,1,4,0,2,81.6,1
1171,22,1,6,4.93,75.7,1,9.9,2,1,0,1,65.8,1
1172,22,2,1,0.08,81.6,1,9.3,0,3,0,2,29.9,1
1173,20,1,0,2.09,58.4,1,5.6,1,1,0,2,42.6,1
1174,18,0,1,2.07,41.9,0,9.6,1,0,1,1,33.9,-1
1175,17,1,6,6.09,49.8,1,4.3,2,4,1,1,52.8,1
1176,19,2,4,3.08,48.5,1,6.7,0,0,0,2,58.2,1
1177,19,0,6,4.62,66.5,1,5.2,2,1,1,0,49.0,1
1178,18,1,2,7.46,57.6,1,9.5,2,4,2,0,79.3,1
1179,19,2,4,7.88,96.7,1,9.9,2,1,0,1,100.0,1
1180,17,0,2,1.02,90.5,0,4.7,0,4,1,2,30.8,-1
1181,21,0,2,4.45,72.4,1,9.3,0,4,2,2,69.1,1
1182,24,1,3,5.59,91.1,1,4.4,0,1,2,0,63.3,1
1183,22,1,0,6.26,75.1,1,9.6,0,3,2,2,63.1,1
1184,20,2,0,7.36,95.2,1,9.5,0,4,0,1,100.0,1
1185,20,0,2,5.83,84.7,1,8.8,2,2,2,0,76.5,1
1186,19,0,3,5.52,84.1,1,4.2,0,3,2,0,74.8,1
1187,18,2,0,0.43,56.5,1,5.6,2,0,1,1,19.6,1
1188,21,0,6,4.36,87.7,1,7.2,2,4,0,0,70.2,1
1189,21,0,5,4.79,86.3,1,6.7,2,2,0,1,70.5,1
1190,17,2,3,5.57,44.9,1,6.6,0,3,2,2,59.4,1
1191,20,1,5,4.67,43.5,0,8.1,1,4,0,1,80.6,1
1192,19,0,4,3.28,92.9,1,4.9,0,1,1,2,38.7,1
1193,18,2,3,3.9,98.7,1,7.8,0,4,2,2,75.2,1
1194,22,1,6,7.74,76.3,1,4.9,2,0,1,2,93.1,1
1195,21,1,4,2.63,50.2,1,5.6,1,0,0,0,65.7,1
1196,22,0,3,6.28,65.3,1,7.5,2,1,1,2,75.3,1
1197,22,1,3,4.86,41.3,1,8.1,2,3,2,0,43.8,1
1198,24,1,5,3.55,89.3,1,5.4,0,4,1,1,56.3,1
1199,23,1,5,3.31,46.2,1,5.9,1,4,2,2,58.3,1
1200,21,2,3,4.3,60.1,0,8.6,0,2,1,0,54.8,1
1201,24,1,1,6.4,73.8,1,7.5,1,1,0,2,71.8,1
1202,20,2,4,0.98,81.9,1,5.9,0,0,1,1,72.9,1
1203,24,0,3,7.29,94.4,1,7.3,2,1,2,2,91.4,1
1204,23,2,6,6.19,65.3,1,4.8,1,3,1,2,76.7,1
1205,22,1,6,2.79,51.5,1,6.5,0,0,2,2,54.8,1
1206,24,2,2,0.08,46.5,1,8.7,1,1,2,1,42.8,1
1207,21,0,6,0.84,79.5,1,9.3,1,4,1,0,43.0,1
1208,22,2,6,1.16,47.7,1,4.1,0,4,2,0,30.8,1
1209,19,2,6,0.83,79.5,1,8.2,1,3,0,0,57.0,1
1210,24,0,3,0.82,67.4,1,4.1,1,2,2,2,48.7,1
1211,21,2,1,7.68,65.0,1,8.5,0,1,2,0,79.6,1
1212,23,1,4,5.27,55.7,1,9.1,2,0,1,2,62.9,1
1213,20,0,6,6.57,94.1,1,9.5,2,3,1,2,85.4,1
1214,23,0,3,4.5,83.0,1,4.6,2,4,0,2,65.2,1
1215,17,2,6,4.96,71.5,1,4.1,0,0,0,2,83.8,1
1216,17,2,1,7.05,65.4,1,6.2,2,2,1,0,58.7,1
1217,21,2,5,2.1,61.6,1,5.5,2,0,1,0,49.9,1
1218,22,2,2,5.56,63.9,1,6.5,1,3,2,2,61.8,1
1219,23,2,5,7.19,91.2,1,5.0,1,4,2,0,100.0,1
1220,20,2,6,7.49,65.3,1,8.6,1,3,2,0,87.4,1
1221,22,0,4,3.55,40.6,1,7.9,0,0,1,1,52.8,1
1222,21,1,4,6.85,95.4,1,6.4,2,3,1,2,78.1,1
1223,24,2,0,4.03,75.6,1,8.2,2,1,2,2,63.8,1
1224,22,1,6,2.06,49.9,1,6.1,0,0,1,1,54.2,1
1225,20,1,2,2.01,47.6,1,7.4,1,0,0,2,71.1,1
1226,24,2,0,3.61,62.6,1,6.7,0,2,2,0,41.5,1
1227,17,1,2,2.06,76.7,1,6.0,2,3,2,1,41.9,1
1228,24,1,1,0.24,96.4,1,4.3,1,0,2,2,51.9,1
1229,18,0,3,0.84,43.3,1,5.9,1,4,1,0,23.1,1
1230,19,0,0,6.79,61.2,1,6.8,2,3,0,2,59.7,1
1231,23,1,0,7.06,55.4,1,5.8,1,1,0,0,81.9,1
1232,22,0,1,6.98,65.3,1,9.8,0,2,0,1,76.1,1
1233,24,1,0,4.43,87.5,1,5.1,2,2,1,0,70.4,1
1234,22,1,3,7.48,49.5,1,6.3,1,0,1,0,75.3,1
1235,22,1,1,3.99,96.1,1,8.1,0,2,2,2,78.7,1
1236,19,2,6,3.7,55.4,1,5.6,2,0,2,0,47.2,1
1237,17,0,6,3.8,85.2,1,7.0,0,4,0,2,58.8,1
1238,17,2,6,2.03,78.4,1,8.3,2,4,0,0,47.2,1
1239,19,1,2,4.91,72.9,1,9.8,0,1,2,0,62.0,1
1240,17,2,3,3.59,90.6,0,7.2,2,3,2,2,71.0,1
1241,21,2,5,7.8,76.4,1,8.4,0,1,0,1,95.3,1
1242,23,0,0,1.38,86.9,0,8.8,1,1,0,2,70.4,1
1243,24,2,1,0.61,75.3,1,6.1,2,0,1,0,36.8,1
1244,20,0,4,2.81,83.2,1,6.7,2,2,1,1,62.7,1
1245,24,0,2,1.72,42.8,1,9.2,0,3,1,1,41.7,1
1246,24,2,4,7.91,78.7,1,7.8,2,2,2,1,78.2,1
1247,23,0,3,4.47,93.3,1,4.1,1,2,2,2,77.0,1
1248,20,0,4,2.88,79.0,1,9.4,2,1,1,2,59.5,1
1249,19,2,4,5.14,89.1,1,6.4,1,1,0,2,78.0,1
1250,24,0,3,3.62,99.4,1,8.3,1,0,2,1,91.2,1
1251,18,1,4,1.67,49.4,1,6.1,0,4,1,2,19.599,1
1252,20,2,2,3.16,81.3,0,7.2,0,1,2,2,58.9,1
1253,17,2,6,2.29,93.8,1,6.9,2,2,0,0,56.9,1
1254,23,1,2,5.1,41.7,1,4.4,2,3,2,2,62.3,1
1255,22,2,6,6.53,50.4,1,6.4,1,3,1,2,59.4,1
1256,17,1,6,2.1,55.0,1,5.5,1,2,2,1,51.0,1
1257,18,1,5,4.97,92.8,1,7.6,2,0,2,2,92.7,1
1258,21,2,5,5.67,98.6,1,9.8,2,4,0,0,84.8,1
1259,21,0,2,2.96,94.8,1,8.7,0,3,0,0,60.6,1
1260,23,0,6,3.9,68.4,0,9.5,2,1,2,2,66.1,1
1261,19,0,3,2.87,80.1,1,7.0,1,4,1,0,75.4,1
1262,24,1,0,2.98,46.2,1,4.3,0,3,0,2,46.4,1
1263,20,2,4,3.57,98.7,1,5.5,2,2,0,0,84.7,1
1264,23,1,3,2.36,96.6,1,6.9,1,4,0,2,73.1,1
1265,18,2,0,3.91,75.8,1,6.2,2,0,0,0,88.1,1
1266,17,2,0,6.02,48.6,1,6.8,1,3,2,1,75.0,1
1267,17,1,2,3.15,96.8,1,9.2,1,0,0,2,100.0,1
1268,19,0,6,7.56,93.7,1,4.1,1,2,2,1,90.5,1
1269,24,1,4,1.74,99.4,1,5.3,1,1,0,1,66.1,1
1270,17,0,0,3.6,70.5,0,9.8,0,0,0,2,65.4,1
1271,19,0,5,4.81,60.9,1,7.6,0,3,2,2,70.6,1
1272,17,1,4,4.35,62.6,1,6.2,0,4,2,1,59.7,1
1273,24,2,2,7.58,69.8,0,5.2,2,4,0,0,83.9,1
1274,22,2,1,2.59,94.7,1,6.6,1,1,1,2,67.3,1
1275,23,1,1,3.02,47.7,0,8.9,0,3,0,2,58.3,1
1276,22,2,2,4.77,78.9,1,9.9,1,4,2,2,84.9,1
1277,22,2,5,4.77,94.9,1,5.6,2,2,0,0,84.3,1
1278,23,0,1,6.3,56.4,1,8.8,0,2,1,2,76.3,1
1279,17,2,5,6.36,71.5,1,4.2,1,4,2,1,77.6,1
1280,23,1,3,0.09,87.7,1,8.5,1,0,2,0,51.2,1
1281,22,2,2,6.11,70.9,1,9.1,1,2,0,0,100.0,1
1282,22,2,5,5.74,71.6,0,5.8,1,3,0,1,69.9,1
1283,20,0,1,4.69,86.0,1,8.2,2,0,2,0,73.8,1
1284,23,2,6,2.54,49.9,1,9.8,1,0,1,2,59.3,1
1285,20,2,2,7.26,82.9,1,8.0,0,3,2,0,72.7,1
1286,17,2,4,5.91,94.8,0,7.6,0,2,1,2,68.9,1
1287,24,0,0,2.06,46.1,1,4.5,1,2,2,2,38.1,1
1288,18,2,3,2.44,43.6,1,5.3,2,2,1,2,39.1,1
1289,17,0,5,5.68,45.2,1,5.6,2,0,1,1,63.0,1
1290,21,0,5,7.34,84.1,1,5.0,2,0,1,0,76.6,1
1291,18,1,1,3.92,63.5,0,4.6,1,3,0,2,76.4,1
1292,23,1,2,7.03,67.9,1,9.3,0,4,1,2,72.3,1
1293,20,2,1,3.06,83.7,1,5.2,1,0,1,1,82.1,1
1294,17,0,5,3.16,71.4,1,9.2,2,3,0,0,55.1,1
1295,24,0,3,5.49,76.0,1,9.6,1,2,2,2,77.4,1
1296,21,2,5,0.4,91.0,0,6.5,1,3,1,2,72.7,1
1297,19,1,3,1.11,67.1,1,5.7,0,1,0,0,24.5,1
1298,22,1,3,5.83,92.5,0,8.8,1,0,0,2,100.0,1
1299,21,1,2,1.94,71.4,1,9.9,0,4,2,0,44.1,1
1300,17,1,2,1.4,64.1,0,4.9,2,4,2,2,21.2,-1
1301,23,0,4,0.71,55.7,1,6.0,0,0,1,0,38.5,1
1302,20,2,1,1.8,83.8,1,8.6,1,2,1,2,75.1,1
1303,22,1,0,2.0,77.3,1,4.1,1,2,0,0,64.9,1
1304,24,0,0,2.73,88.5,1,6.3,2,4,1,2,32.1,1
1305,21,1,4,7.51,72.8,0,4.7,2,0,0,0,75.0,1
1306,22,2,6,5.16,92.0,0,8.9,0,1,2,0,73.2,1
1307,19,0,5,5.55,57.2,1,5.6,1,3,0,0,62.3,1
1308,18,1,4,1.06,83.8,1,7.7,2,3,0,0,61.3,1
1309,20,0,5,1.54,63.6,1,7.4,1,2,0,2,62.3,1
1310,23,0,3,7.19,46.8,1,9.6,2,0,2,2,74.3,1
1311,21,2,1,5.07,71.7,1,4.5,0,3,2,1,62.8,1
1312,19,1,3,6.48,53.9,0,6.9,1,2,0,2,72.9,1
1313,23,2,6,2.86,43.7,1,9.4,2,4,2,1,36.4,1
1314,23,2,5,4.62,61.8,1,7.2,2,2,1,2,44.2,1
1315,24,1,0,4.02,98.7,1,9.8,1,1,0,0,85.5,1
1316,19,2,0,1.64,93.6,1,5.4,1,4,0,2,55.8,1
1317,22,2,6,6.6,98.8,1,6.9,1,4,0,0,93.7,1
1318,21,0,2,2.67,41.7,1,8.8,2,0,0,1,63.6,1
1319,20,1,6,3.74,49.2,0,6.7,1,4,2,0,53.3,1
1320,20,0,4,1.06,54.1,0,5.5,2,4,1,1,19.599,-1
1321,17,0,5,5.11,84.2,1,4.7,1,4,0,2,93.8,1
1322,19,1,0,6.33,98.7,1,9.1,1,3,2,1,94.6,1
1323,21,0,4,3.28,64.4,0,4.9,1,4,2,0,42.3,1
1324,24,2,0,7.83,75.0,1,4.8,2,1,1,2,72.0,1
1325,23,0,2,2.06,45.3,1,6.3,2,1,2,0,44.0,1
1326,18,2,3,6.98,77.8,1,9.6,2,3,2,2,76.2,1
1327,22,1,6,5.77,94.0,1,7.5,2,2,1,1,74.2,1
1328,17,2,1,7.42,79.6,0,6.2,2,0,2,0,85.0,1
1329,22,0,1,5.93,79.2,1,9.5,2,2,1,2,90.0,1
1330,19,1,6,3.96,69.2,0,5.7,1,3,0,2,91.0,1
1331,20,2,6,3.31,67.0,1,4.2,0,3,2,2,60.3,1
1332,22,0,5,6.64,62.2,1,6.1,0,2,0,0,96.9,1
1333,20,0,6,6.72,89.2,1,7.8,1,0,1,2,79.5,1
1334,23,1,6,4.71,78.7,1,9.4,0,4,2,2,66.3,1
1335,21,2,6,5.62,58.0,0,7.7,0,3,1,1,54.2,1
1336,24,1,6,3.7,71.1,1,7.5,0,0,0,2,79.3,1
1337,22,1,5,1.75,46.9,1,8.3,0,0,2,2,61.5,1
1338,19,1,0,0.4,42.7,0,5.3,2,4,0,2,22.3,-1
1339,23,0,3,5.23,48.2,1,9.3,1,3,2,0,65.5,1
1340,20,1,0,5.35,92.1,1,7.5,2,3,0,2,76.7,1
1341,21,2,3,5.32,55.4,1,7.2,2,4,0,2,53.7,1
1342,18,1,4,4.5,97.8,1,7.8,2,1,1,2,49.3,1
1343,17,2,1,2.74,60.3,1,4.6,0,3,0,0,59.3,1
1344,21,2,2,1.94,64.6,1,7.8,2,4,1,2,31.9,1
1345,18,2,4,0.53,88.7,1,4.7,0,2,2,1,43.8,1
1346,24,1,6,1.18,53.4,1,7.0,2,1,2,2,40.1,1
1347,23,1,6,5.03,94.6,1,8.9,1,2,1,0,72.1,1
1348,22,2,2,6.14,79.2,1,4.9,0,2,0,2,99.6,1
1349,22,0,4,7.26,43.7,0,6.4,1,2,0,0,87.4,1
1350,21,2,3,0.67,97.4,1,7.8,0,4,1,2,38.9,1
1351,17,1,0,6.51,57.2,1,7.9,0,0,1,1,88.4,1
1352,20,0,4,4.78,53.9,1,5.0,0,4,2,0,71.4,1
1353,20,1,0,2.41,93.9,1,6.0,0,1,0,2,44.6,1
1354,24,0,6,5.81,59.5,0,4.1,1,3,2,2,35.2,-1
1355,18,1,6,7.91,83.4,0,8.8,1,0,0,2,100.0,-1
1356,20,2,4,3.04,42.0,1,8.9,2,0,1,2,47.6,1
1357,19,0,3,5.02,95.3,1,7.2,2,0,1,2,78.0,1
1358,18,1,4,2.09,64.6,1,9.9,2,0,2,2,70.3,1
1359,17,0,6,1.64,50.7,1,4.7,2,0,0,1,46.6,1
1360,19,0,0,1.19,98.9,1,7.8,1,4,0,2,60.3,1
1361,17,2,6,0.26,84.5,1,5.2,0,4,0,1,51.9,1
1362,17,0,4,5.79,87.6,1,6.1,2,0,1,2,90.4,1
1363,19,0,2,1.17,70.0,1,4.3,1,2,0,2,34.7,1
1364,18,2,5,5.41,81.3,1,4.8,2,0,2,2,85.7,1
1365,21,0,1,6.96,57.5,0,6.2,1,0,1,2,79.0,1
1366,17,2,3,6.77,71.1,0,7.4,1,1,2,1,94.7,1
1367,19,2,6,2.39,62.8,1,6.9,2,4,1,2,29.5,1
1368,20,2,5,1.0,65.5,1,9.9,1,2,0,0,49.1,1
1369,24,2,4,3.54,40.6,1,8.8,2,0,0,2,65.5,1
1370,22,2,2,1.45,88.7,0,4.3,2,4,1,1,48.8,1
1371,24,0,6,2.99,53.1,1,4.2,1,4,2,2,62.6,1
1372,19,0,0,4.55,68.4,1,9.4,2,2,2,0,50.3,1
1373,20,1,2,5.15,79.5,1,7.2,1,3,1,0,75.5,1
1374,20,2,6,1.75,42.1,1,9.9,0,0,2,2,58.8,1
1375,24,2,1,1.82,60.5,1,4.2,1,4,1,0,24.0,1
1376,24,2,0,6.93,55.8,1,9.5,0,4,0,2,63.3,1
1377,24,2,2,7.56,48.0,1,8.0,2,0,0,2,86.2,1
1378,23,0,4,5.14,88.8,1,6.9,1,0,0,2,93.3,1
1379,21,1,6,4.45,72.5,1,5.6,1,3,0,2,73.4,1
1380,21,2,3,5.26,67.4,0,7.1,2,0,2,1,66.5,1
1381,24,2,6,1.03,47.9,1,8.2,2,1,0,2,30.9,1
1382,19,2,6,7.18,70.8,0,5.3,1,1,0,2,100.0,-1
1383,19,0,6,1.67,56.0,1,9.0,2,2,2,0,39.3,1
1384,24,0,1,5.36,47.6,1,9.1,2,3,0,2,64.6,1
1385,20,1,1,1.78,71.6,1,7.8,1,2,2,0,46.7,1
1386,18,1,0,5.65,80.9,1,7.1,2,3,1,0,75.2,1
1387,21,2,4,6.03,43.4,1,9.4,0,4,1,2,61.6,1
1388,19,1,6,5.93,43.4,1,6.2,0,2,1,2,66.9,1
1389,24,1,0,3.43,84.3,1,7.7,2,0,0,2,85.6,1
1390,24,2,4,4.86,52.4,1,6.7,0,2,1,0,58.3,1
1391,19,0,1,4.78,49.2,1,5.9,1,1,2,0,87.2,1
1392,21,1,3,5.76,97.7,1,9.6,0,2,2,0,100.0,1
1393,24,0,5,3.99,50.8,1,5.5,2,2,2,1,49.6,1
1394,22,0,0,4.06,81.1,1,7.8,0,0,2,0,68.1,1
1395,18,1,1,5.48,88.9,1,5.7,1,2,2,0,72.5,1
1396,21,0,0,1.36,59.7,0,7.6,2,4,2,0,29.3,1
1397,21,0,5,5.22,67.8,1,8.6,1,3,2,2,59.4,1
1398,22,2,6,1.19,73.2,1,6.7,1,0,0,1,71.7,1
1399,17,1,4,5.8,52.0,1,6.6,2,1,0,2,71.0,1
1400,19,2,4,3.11,57.8,1,7.0,2,4,0,2,49.4,1
1401,23,1,0,6.72,97.8,1,7.2,2,3,2,2,89.9,1
1402,18,2,6,0.71,56.4,0,7.1,0,2,2,1,39.1,1
1403,19,2,6,3.68,88.7,0,5.0,0,4,0,0,60.7,1
1404,19,0,6,1.34,72.1,1,7.6,0,3,0,0,57.4,1
1405,18,1,6,6.95,78.7,1,8.6,0,0,0,2,91.5,1
1406,18,1,3,1.0,67.4,1,8.4,2,2,0,2,57.7,1
1407,19,0,6,3.88,75.3,1,8.0,2,1,2,0,60.5,1
1408,23,2,4,0.84,72.4,1,6.4,1,4,0,2,71.3,1
1409,17,2,4,6.38,68.9,0,7.2,0,1,0,0,82.8,1
1410,19,1,4,2.26,88.2,1,8.7,2,4,1,2,39.3,1
1411,17,1,1,4.75,92.8,1,4.8,1,3,2,1,76.5,1
1412,21,0,5,1.36,55.3,1,6.9,2,4,0,1,40.6,1
1413,19,0,0,2.81,48.2,1,6.8,1,1,1,0,46.0,1
1414,23,2,4,0.91,88.7,1,7.8,0,0,1,2,62.6,1
1415,21,2,5,4.41,52.7,1,8.3,2,3,1,2,62.2,1
1416,23,0,2,0.08,92.0,1,5.3,0,3,0,0,47.6,1
1417,22,0,0,7.91,46.2,0,5.1,0,0,1,2,86.9,-1
1418,20,0,6,3.33,45.5,0,4.9,1,2,2,2,54.8,1
1419,23,0,0,5.04,50.9,1,7.8,0,2,0,1,62.3,1
1420,20,2,4,2.29,40.7,1,7.6,0,0,2,0,30.9,1
1421,24,1,3,2.03,84.9,1,5.1,2,1,0,2,67.4,1
1422,24,2,6,6.77,63.8,1,7.6,2,0,1,2,92.1,1
1423,21,2,3,6.07,96.7,0,8.7,1,3,0,2,84.3,1
1424,22,0,0,5.15,61.9,1,4.9,0,1,2,2,45.3,1
1425,19,0,2,6.02,82.2,0,5.2,1,4,1,0,71.1,1
1426,23,0,3,1.4,81.0,1,5.3,0,1,2,2,45.7,1
1427,22,2,4,7.47,59.5,1,8.0,1,0,0,1,85.1,1
1428,24,1,4,3.64,93.6,1,9.4,1,0,0,2,84.0,1
1429,19,0,5,6.95,63.9,1,4.3,2,0,1,2,85.5,1
1430,23,0,5,5.89,73.1,1,9.2,0,2,0,1,84.9,1
1431,20,2,3,2.29,63.9,1,6.5,0,0,1,2,44.5,1
1432,18,1,2,4.55,66.1,1,9.0,2,1,1,1,62.0,1
1433,18,1,1,7.73,43.3,1,9.0,1,3,0,0,81.8,1
1434,21,0,0,0.3,58.6,0,7.9,1,4,0,0,33.8,1
1435,19,0,6,3.41,96.9,1,5.5,2,3,0,2,46.7,1
1436,17,2,5,4.96,89.9,1,4.2,1,0,0,1,92.9,1
1437,20,1,6,2.72,92.8,0,5.0,0,0,1,0,48.8,1
1438,22,1,6,2.54,82.8,1,5.9,0,0,1,1,62.4,1
1439,19,0,2,5.99,79.2,1,8.6,0,4,1,2,93.5,1
1440,24,0,2,7.33,93.9,1,8.3,0,4,0,2,100.0,1
1441,23,1,4,4.3,72.3,1,7.1,2,0,0,2,72.6,1
1442,21,1,1,7.59,95.0,1,4.2,1,1,2,1,100.0,1
1443,24,0,6,0.81,64.9,1,4.7,0,3,0,0,52.1,1
1444,20,1,3,1.82,75.9,1,9.6,2,1,2,1,67.1,1
1445,18,2,2,0.7,68.3,1,8.3,0,1,1,2,32.7,1
1446,17,1,1,3.48,41.1,1,9.5,1,0,0,1,59.2,1
1447,24,2,0,5.01,51.9,1,7.2,0,0,0,2,58.4,1
1448,24,1,2,1.6,95.7,1,4.3,2,2,0,0,62.8,1
1449,22,0,0,3.59,75.9,1,8.7,2,1,0,1,73.6,1
1450,17,2,3,5.48,42.8,1,9.9,2,3,2,1,34.2,1
1451,19,0,6,5.12,98.0,0,7.1,2,4,0,0,86.3,1
1452,17,2,4,5.03,95.7,0,4.5,2,3,1,0,66.8,-1
1453,17,1,2,4.85,82.7,1,7.8,1,4,1,1,63.6,1
1454,18,2,0,7.89,57.0,1,8.5,2,3,2,0,86.6,1
1455,21,1,5,5.71,57.7,0,9.0,0,3,0,0,76.5,1
1456,17,0,0,7.26,91.9,1,8.5,2,4,1,0,85.7,1
1457,24,1,3,7.61,43.6,0,9.9,0,4,1,2,62.1,-1
1458,20,2,6,6.88,54.2,0,6.3,0,0,0,2,74.2,1
1459,19,1,2,0.76,50.0,1,8.4,0,1,1,2,32.6,1
1460,21,2,3,4.23,83.0,1,8.3,1,1,0,2,75.5,1
1461,23,0,4,3.05,62.9,1,6.3,1,3,1,2,49.5,1
1462,19,0,5,0.78,95.0,1,9.4,1,3,1,0,68.1,1
1463,17,0,5,4.51,88.2,1,5.4,2,0,1,0,71.3,1
1464,17,1,0,1.7,99.1,1,8.1,2,2,2,0,50.4,1
1465,23,1,3,4.65,57.9,1,6.4,2,3,2,0,54.9,1
1466,17,2,5,6.54,68.5,1,5.7,0,1,1,0,89.3,1
1467,22,2,5,3.15,79.6,1,4.7,2,4,1,0,38.2,1
1468,20,2,5,7.6,98.5,1,4.1,2,2,0,0,77.0,1
1469,23,0,4,6.13,60.7,1,5.3,0,4,0,1,68.3,1
1470,17,1,1,6.43,59.6,1,8.3,0,2,0,2,74.6,1
1471,24,0,0,0.9,77.6,0,6.8,2,2,1,2,41.9,1
1472,22,0,4,7.53,79.9,1,8.6,1,3,2,1,91.6,1
1473,20,0,1,0.28,51.3,1,9.8,0,3,2,2,40.1,1
1474,18,0,4,6.75,67.3,1,4.9,0,2,0,2,76.9,1
1475,24,2,3,0.24,62.6,1,6.1,1,0,1,2,38.2,1
1476,19,0,3,1.3,65.3,1,5.2,0,4,1,1,34.0,1
1477,20,1,0,2.52,48.4,1,7.5,2,3,2,2,26.5,1
1478,20,2,5,5.9,78.9,1,8.6,1,1,1,0,87.7,1
1479,18,0,3,7.2,51.3,1,5.3,2,1,0,0,99.0,1
1480,20,0,0,5.33,41.5,1,8.8,0,4,1,0,53.1,1
1481,18,0,0,5.82,69.8,0,4.2,0,2,1,2,81.6,1
1482,17,2,3,2.32,42.3,0,7.9,0,2,0,1,62.2,1
1483,19,2,4,7.8,80.0,1,9.1,0,0,2,0,100.0,1
1484,17,2,6,3.26,75.7,1,9.5,2,1,2,1,42.6,1
1485,20,0,0,7.3,74.0,1,6.1,2,0,1,2,66.2,1
1486,23,1,1,6.23,45.7,0,4.6,1,2,2,2,58.2,1
1487,18,0,6,2.94,47.4,1,7.0,2,2,2,1,29.9,1
1488,17,2,1,2.75,79.9,1,6.8,1,0,1,0,55.0,1
1489,17,2,6,5.44,41.9,1,7.8,0,1,1,2,43.2,1
1490,21,2,2,7.52,47.0,1,7.5,1,2,1,1,75.7,1
1491,19,2,0,5.38,85.8,1,5.2,2,4,0,2,85.4,1
1492,20,0,6,6.86,50.0,1,4.3,0,1,1,0,51.0,1
1493,17,1,1,7.73,69.7,1,9.8,0,3,1,1,77.7,1
1494,19,0,1,2.64,45.9,1,6.5,2,4,0,1,37.6,1
1495,20,1,4,4.31,54.1,1,7.4,1,3,1,2,51.8,1
1496,20,2,1,4.87,92.8,0,4.2,1,4,2,2,69.2,1
1497,21,2,2,1.74,85.2,1,5.0,1,1,0,2,65.7,1
1498,23,0,4,6.38,51.3,1,7.0,2,3,0,0,59.9,1
1499,20,0,6,2.09,52.9,1,6.7,2,3,2,2,29.3,1
1500,23,1,5,5.65,68.4,1,5.5,2,0,2,1,74.4,1
1501,21,1,6,4.19,77.9,1,8.8,1,1,1,2,74.3,1
1502,19,1,3,6.69,74.9,1,9.4,0,1,1,2,81.1,1
1503,18,1,4,4.09,57.1,1,5.7,2,3,1,0,38.6,1
1504,19,1,6,4.69,96.8,1,8.1,0,3,1,2,56.3,1
1505,21,2,3,1.45,90.1,1,5.0,1,2,0,2,46.6,1
1506,18,2,2,6.47,79.1,1,4.6,1,1,0,2,74.7,1
1507,24,0,1,3.22,94.5,1,5.1,0,3,0,0,70.0,1
1508,20,1,4,4.64,57.6,1,4.9,0,2,2,0,66.5,1
1509,23,2,6,6.77,58.0,0,6.9,1,3,1,2,75.2,1
1510,22,0,4,3.84,58.5,1,5.3,0,4,0,2,52.2,1
1511,19,0,0,2.2,49.6,1,5.5,2,2,2,0,31.1,1
1512,18,0,0,2.12,48.4,1,5.3,0,1,0,0,33.4,1
1513,22,0,4,4.53,94.6,1,7.9,0,2,0,2,79.5,1
1514,19,2,6,2.33,91.5,1,9.5,2,1,0,2,62.1,1
1515,18,2,1,2.71,72.9,1,5.7,1,4,0,2,60.4,1
1516,24,0,3,1.88,79.6,1,5.5,1,2,2,2,52.4,1
1517,20,2,0,3.57,54.3,1,4.7,2,0,0,0,53.7,1
1518,17,2,1,3.73,41.4,1,9.9,2,0,1,1,54.3,1
1519,20,1,0,4.21,66.5,1,8.9,0,2,0,0,71.6,1
1520,20,2,2,4.74,80.2,1,6.2,0,3,2,2,62.8,1
1521,23,0,3,4.7,80.8,0,4.1,2,3,2,1,58.5,1
1522,22,1,2,2.94,76.3,1,7.2,1,2,2,2,83.0,1
1523,18,2,3,7.21,95.5,0,5.2,1,3,0,2,80.2,-1
1524,18,2,6,4.09,52.6,0,4.1,2,3,2,0,53.7,1
1525,21,0,1,6.66,55.8,1,6.4,0,1,1,2,68.5,1
1526,17,1,1,4.46,44.8,1,8.0,0,0,2,0,61.7,1
1527,19,2,5,2.96,96.2,1,8.7,0,4,2,0,63.9,1
1528,18,2,6,5.91,67.3,0,5.6,2,0,2,2,58.4,1
1529,17,1,6,1.42,64.1,1,6.9,2,2,1,2,24.5,1
1530,24,0,2,7.76,99.1,1,8.4,1,2,1,2,98.9,1
1531,17,1,1,4.58,65.7,1,9.9,0,3,2,0,85.2,1
1532,17,1,6,0.83,60.1,1,9.5,0,3,2,0,32.5,1
1533,24,0,3,3.37,52.5,1,5.9,2,1,2,0,43.1,1
1534,18,1,5,5.7,66.4,1,6.5,1,4,2,0,81.2,1
1535,23,0,2,0.54,81.1,1,9.6,0,2,0,2,43.8,1
1536,17,0,2,2.09,94.8,1,7.4,0,3,2,0,52.1,1
1537,18,0,1,7.39,51.5,0,4.1,2,2,1,0,63.5,-1
1538,17,2,2,2.85,81.5,0,8.3,1,4,0,0,64.1,1
1539,22,1,6,1.27,40.6,1,6.8,1,1,2,1,46.9,1
1540,21,2,5,0.79,88.1,1,8.6,0,2,0,2,72.7,1
1541,20,1,0,4.95,56.8,1,9.5,2,1,1,2,46.7,1
1542,18,1,2,4.47,42.4,1,6.2,1,0,0,1,67.0,1
1543,17,0,2,5.18,63.7,0,6.8,1,1,0,2,84.4,1
1544,21,1,1,7.66,93.6,1,6.6,2,3,0,2,100.0,1
1545,18,1,5,0.48,54.0,0,6.3,2,4,1,0,32.3,1
1546,21,0,5,1.58,57.2,1,6.9,0,3,0,1,45.2,1
1547,22,2,3,1.87,50.1,1,7.7,1,0,0,0,68.1,1
1548,23,0,6,3.42,98.9,1,4.1,0,1,2,0,61.4,1
1549,20,2,6,0.97,66.0,1,9.2,0,1,1,2,51.5,1
1550,17,1,5,3.28,96.9,1,9.2,1,2,1,1,72.5,1
1551,19,1,2,6.53,45.5,1,5.1,1,0,0,1,78.1,1
1552,23,0,6,1.31,66.9,1,4.7,2,2,0,2,46.8,1
1553,21,2,6,7.33,68.5,1,8.2,1,1,2,2,82.3,1
1554,21,2,3,7.29,55.4,1,9.7,1,3,1,2,91.6,1
1555,20,1,4,4.1,69.8,1,4.9,1,4,0,2,78.4,1
1556,18,0,5,6.88,61.0,0,8.9,0,1,2,2,81.1,1
1557,24,0,4,5.69,54.8,1,9.7,0,3,1,2,71.0,1
1558,23,2,0,2.85,61.9,1,8.9,0,1,0,2,61.3,1
1559,24,1,4,4.49,78.1,1,7.3,2,3,1,2,44.2,1
1560,23,0,5,0.93,68.1,1,9.5,2,4,1,2,43.1,1
1561,19,2,2,3.97,64.6,1,4.1,2,1,1,2,28.4,1
1562,19,0,4,6.64,91.2,1,9.2,2,0,2,2,100.0,1
1563,18,2,1,4.68,78.7,1,8.2,0,3,2,0,66.9,1
1564,24,0,4,3.06,78.2,1,6.3,0,2,1,2,46.2,1
1565,21,0,2,5.31,53.3,0,9.2,1,0,0,2,83.8,1
1566,20,1,6,7.81,85.0,0,8.4,2,3,1,0,90.6,1
1567,24,2,4,0.54,42.2,1,8.8,0,0,0,1,56.9,1
1568,21,1,3,2.64,52.8,1,5.7,2,1,1,2,47.0,1
1569,24,2,3,1.25,64.8,1,7.5,2,1,2,2,30.9,1
1570,24,2,4,7.66,93.4,1,6.2,1,4,0,2,87.3,1
1571,17,0,2,4.37,41.7,1,7.9,1,4,2,2,54.7,1
1572,19,2,3,1.04,66.7,1,8.4,2,1,1,1,34.1,1
1573,22,2,5,4.9,47.2,1,7.9,0,1,0,2,63.5,1
1574,23,2,1,4.0,53.8,1,9.3,2,4,0,0,41.8,1
1575,18,1,3,0.47,64.3,1,4.8,2,0,0,1,41.6,1
1576,19,1,0,6.92,45.9,1,7.3,0,3,2,2,76.0,1
1577,21,1,1,5.67,89.8,1,7.2,1,2,1,0,77.7,1
1578,23,1,6,0.08,45.0,1,8.5,2,2,1,2,25.1,1
1579,17,2,4,7.68,75.1,1,6.9,2,1,0,2,94.8,1
1580,21,1,0,1.27,49.8,1,5.5,0,1,2,0,22.2,1
1581,19,1,0,0.08,46.4,1,5.5,0,3,2,2,29.4,1
1582,18,2,4,3.42,67.8,1,6.0,0,1,1,0,33.0,1
1583,21,1,2,1.13,60.7,0,6.5,2,4,0,2,24.5,1
1584,20,2,3,4.56,42.7,1,8.1,2,3,0,2,71.4,1
1585,22,2,1,2.49,43.9,1,6.5,1,3,1,1,34.7,1
1586,19,0,6,1.48,58.0,1,5.3,2,4,0,0,38.1,1
1587,23,2,5,7.88,87.0,1,4.8,1,2,1,0,76.2,1
1588,17,2,5,2.66,91.1,0,8.2,2,3,1,1,49.2,1
1589,23,1,1,3.32,44.0,0,4.7,1,4,0,0,55.4,1
1590,17,1,2,2.35,50.3,1,5.8,2,0,1,2,48.5,1
1591,22,0,3,6.7,60.3,0,5.3,0,3,1,2,71.8,1
1592,19,0,0,1.57,79.0,1,4.5,0,2,0,0,50.9,1
1593,20,2,5,1.02,57.1,1,9.3,1,4,1,2,49.2,1
1594,17,1,4,7.05,53.3,1,4.4,2,4,0,2,68.9,1
1595,22,1,0,1.47,75.3,1,5.4,0,1,2,2,28.9,1
1596,18,1,1,6.86,80.9,1,5.0,0,4,2,1,74.6,1
1597,22,1,0,4.63,69.2,1,9.1,2,4,2,0,50.4,1
1598,22,2,3,6.59,80.1,1,9.4,2,4,0,2,70.0,1
1599,23,0,1,0.56,40.6,1,7.3,0,3,2,2,29.2,1
1600,22,2,0,7.71,59.7,1,8.2,1,0,0,1,88.8,1
1601,19,1,1,2.4,76.6,1,9.1,0,0,2,2,70.1,1
1602,22,1,2,0.47,79.1,1,5.9,1,0,1,2,56.8,1
1603,23,2,4,6.12,51.7,1,7.1,2,0,2,2,45.3,1
1604,19,1,6,1.43,59.9,1,4.1,1,0,2,2,60.6,1
1605,17,1,6,2.81,53.6,0,5.5,1,1,1,2,46.5,1
1606,24,0,6,4.76,93.9,1,7.1,1,3,1,2,78.7,1
1607,18,1,4,0.55,57.8,1,6.0,0,1,0,1,48.2,1
1608,21,1,5,1.62,92.9,1,4.9,1,2,0,0,51.6,1
1609,18,0,2,3.91,93.0,0,4.6,1,0,0,0,82.2,-1
1610,18,0,1,3.38,71.5,1,9.1,2,2,1,0,61.3,1
1611,23,0,4,4.46,92.2,1,8.5,2,2,2,1,72.9,1
1612,18,0,6,5.83,44.6,0,8.7,1,4,0,1,88.8,1
1613,22,1,6,2.82,47.6,1,8.1,2,1,0,2,38.4,1
1614,22,1,4,3.24,64.4,1,5.0,0,0,2,0,59.7,1
1615,17,0,2,2.18,81.5,1,8.4,2,3,0,0,54.0,1
1616,18,1,6,2.72,98.2,1,7.3,2,4,2,0,73.6,1
1617,23,0,0,0.41,68.0,1,4.1,1,0,0,0,55.9,1
1618,21,1,2,4.64,40.6,1,4.3,0,1,1,1,46.7,1
1619,17,0,5,1.38,50.9,1,5.3,1,3,1,2,57.5,1
1620,24,2,1,5.73,66.3,1,8.7,1,3,1,2,81.2,1
1621,19,0,0,0.34,81.4,1,7.6,1,2,1,2,42.7,1
1622,17,0,4,0.48,75.2,1,7.6,1,0,0,2,58.9,1
1623,24,0,6,2.28,92.6,1,9.9,1,0,1,2,80.7,1
1624,17,0,6,3.51,55.9,0,7.0,0,4,0,0,47.1,1
1625,21,2,1,5.55,72.4,1,6.8,2,2,1,2,73.6,1
1626,24,1,1,5.54,48.7,1,6.8,0,4,0,2,77.3,1
1627,21,1,5,7.79,78.7,1,5.9,0,4,2,1,89.2,1
1628,21,2,0,2.81,85.7,1,5.3,1,3,1,1,51.3,1
1629,20,0,2,0.47,70.8,1,4.4,1,3,1,0,33.2,1
1630,18,1,4,6.89,66.9,1,5.9,0,4,1,1,76.4,1
1631,21,0,4,5.85,51.2,1,4.7,2,2,2,1,64.5,1
1632,24,1,6,0.54,96.0,1,4.9,1,3,1,0,70.7,1
1633,17,0,3,0.67,76.4,1,7.5,1,3,2,0,40.4,1
1634,24,2,5,3.81,88.9,0,5.3,0,2,2,2,73.6,1
1635,20,1,3,2.73,41.5,0,5.0,1,0,1,0,47.1,1
1636,21,2,6,4.77,55.1,0,7.2,2,1,0,1,36.4,1
1637,18,1,3,1.75,68.9,1,4.1,0,2,0,1,62.9,1
1638,21,1,4,7.67,72.2,1,7.4,2,2,1,0,76.3,1
1639,18,2,6,4.1,64.3,1,6.3,2,1,2,2,67.1,1
1640,19,0,6,6.01,60.2,1,5.7,2,1,2,0,71.4,1
1641,22,2,0,1.01,67.0,1,4.4,1,0,2,1,59.6,1
1642,17,2,3,4.94,62.0,1,5.4,0,2,0,0,65.3,1
1643,20,2,4,6.92,42.4,1,8.5,2,4,0,0,63.1,1
1644,21,1,2,0.18,81.6,1,6.5,2,0,1,0,62.2,1
1645,18,1,1,4.32,86.3,1,7.9,2,2,0,2,76.3,1
1646,19,1,4,1.97,58.7,0,9.1,0,4,1,2,63.4,1
1647,19,0,2,3.83,98.0,1,9.1,2,0,1,0,72.8,1
1648,22,0,4,6.53,99.2,1,8.9,0,2,1,0,93.4,1
1649,24,2,3,5.52,74.1,1,4.8,1,3,0,2,83.1,1
1650,23,1,3,6.04,87.6,1,8.2,2,0,0,0,100.0,1
1651,18,1,5,1.69,72.7,1,5.1,2,4,2,2,19.599,1
1652,17,0,1,6.66,55.7,1,7.9,0,4,1,2,63.9,1
1653,17,0,5,4.91,44.2,1,6.6,1,0,1,2,72.4,1
1654,21,2,5,0.55,60.7,0,9.6,1,1,0,0,66.1,1
1655,18,1,6,6.9,51.1,1,6.3,0,2,1,0,79.8,1
1656,18,0,5,0.45,95.3,1,8.9,1,0,0,2,65.2,1
1657,23,2,3,0.23,98.3,1,5.3,1,4,0,0,58.1,1
1658,23,0,0,6.67,71.9,1,4.2,2,3,1,0,91.5,1
1659,23,2,5,0.1,73.8,1,8.5,0,1,0,2,48.5,1
1660,19,0,6,0.71,95.8,0,8.2,0,1,0,2,54.9,1
1661,21,1,1,0.14,84.8,1,5.1,0,2,1,2,48.0,1
1662,21,2,0,7.04,49.7,1,5.3,2,3,1,1,58.9,1
1663,18,0,3,0.36,97.1,1,9.4,2,3,1,0,46.1,1
1664,21,1,2,2.98,74.3,0,6.6,2,2,0,2,64.0,1
1665,21,1,0,1.74,41.2,1,7.4,0,0,0,2,45.3,1
1666,20,1,1,2.73,51.8,1,4.7,1,1,2,0,44.0,1
1667,23,1,5,2.32,87.8,1,4.6,0,1,0,0,77.8,1
1668,22,2,3,7.1,47.7,1,8.5,1,4,0,2,71.2,1
1669,21,0,4,6.15,91.1,1,5.9,0,2,0,2,77.7,1
1670,22,1,2,7.08,87.2,1,8.4,2,2,1,2,83.8,1
1671,23,1,4,5.76,42.1,1,4.6,2,4,2,2,43.1,1
1672,21,1,5,2.64,59.9,0,4.1,2,0,1,0,50.9,1
1673,19,2,4,1.49,70.4,1,6.5,2,4,0,2,46.2,1
1674,23,0,5,4.24,44.6,1,6.4,2,0,2,2,64.2,1
1675,22,1,2,2.85,74.8,1,9.8,1,3,1,0,72.6,1
1676,24,2,3,5.15,98.8,1,4.2,0,3,1,2,74.0,1
1677,18,2,3,0.31,76.0,1,7.7,0,3,1,2,49.7,1
1678,20,1,6,5.7,69.6,0,8.9,1,1,0,0,65.9,1
1679,24,2,4,2.4,92.0,0,6.1,0,3,1,2,53.5,1
1680,21,2,6,3.7,97.8,1,8.1,0,2,1,2,52.4,1
1681,24,1,2,7.83,94.1,1,8.7,0,4,0,2,100.0,1
1682,17,2,3,1.72,42.2,1,5.7,1,2,2,2,58.1,1
1683,17,0,4,0.94,46.0,1,8.8,1,3,0,0,32.9,1
1684,23,0,2,1.68,76.9,1,9.8,0,2,0,2,42.1,1
1685,19,1,4,2.81,53.6,1,5.9,1,3,0,2,48.3,1
1686,21,1,1,4.29,71.3,1,5.2,2,1,0,2,68.5,1
1687,20,2,2,7.84,90.3,1,9.5,0,3,2,2,96.7,1
1688,20,2,4,6.96,96.3,1,4.1,0,3,2,1,77.8,1
1689,24,1,0,5.72,60.0,1,4.8,2,4,0,2,64.5,1
1690,17,1,0,5.76,90.9,1,6.3,2,3,2,1,57.6,1
1691,23,0,0,2.27,70.2,1,8.1,1,1,2,2,59.8,1
1692,24,2,4,7.42,79.5,1,9.6,1,4,1,2,81.4,1
1693,22,2,4,4.32,47.5,1,7.2,0,0,1,1,68.3,1
1694,20,2,4,1.3,43.8,1,8.7,2,1,0,0,23.6,1
1695,18,0,5,7.6,86.8,0,5.6,1,4,0,1,94.9,-1
1696,22,1,4,4.05,75.9,1,8.1,0,0,2,0,70.6,1
1697,20,2,2,1.24,89.4,1,5.5,2,0,1,0,59.2,1
1698,18,2,1,5.88,46.9,1,9.2,0,2,1,2,59.4,1
1699,19,0,6,1.87,50.3,1,6.2,0,1,2,2,20.7,1
1700,24,0,0,1.5,43.8,1,8.4,1,1,1,2,46.7,1
1701,19,1,0,2.14,79.0,1,6.3,1,1,1,0,40.8,1
1702,18,0,0,4.63,76.9,1,7.5,1,0,2,2,80.1,1
1703,22,1,6,2.34,65.5,1,7.8,2,0,0,2,62.0,1
1704,18,0,5,0.33,48.1,1,5.4,2,2,0,0,19.599,1
1705,24,1,3,3.1,41.4,1,5.8,2,0,2,2,35.9,1
1706,23,0,4,1.88,55.5,1,5.6,1,2,1,2,56.3,1
1707,24,1,3,4.09,40.6,1,6.6,2,0,1,2,59.5,1
1708,24,2,4,3.68,96.9,1,4.3,0,1,1,0,59.7,1
1709,18,0,6,0.62,50.2,0,9.9,1,3,0,0,35.8,-1
1710,18,2,4,1.96,55.9,1,5.7,1,4,1,2,67.6,1
1711,19,1,2,2.25,87.9,1,6.6,2,2,2,2,57.9,1
1712,20,1,3,3.88,99.4,1,5.6,2,2,1,2,71.5,1
1713,24,1,5,6.58,77.2,1,6.3,2,1,0,1,70.9,1
1714,22,0,2,1.75,55.2,1,9.4,2,1,0,0,34.6,1
1715,22,1,0,1.27,67.2,1,8.2,0,0,0,1,68.3,1
1716,24,2,1,0.08,43.6,1,7.0,1,0,0,0,43.2,1
1717,22,2,5,4.85,46.5,1,8.1,1,3,0,2,70.2,1
1718,20,2,2,2.61,82.6,1,7.0,0,4,2,2,53.7,1
1719,20,1,4,5.36,89.8,1,5.2,2,2,0,1,90.3,1
1720,21,0,2,5.52,56.2,1,5.8,2,0,0,0,68.9,1
1721,17,0,6,0.36,84.3,1,6.9,0,0,0,2,61.7,1
1722,22,0,0,3.35,78.4,1,8.4,2,1,1,1,55.0,1
1723,22,0,0,7.74,70.6,1,4.3,2,1,2,2,60.3,1
1724,22,2,5,2.2,57.4,0,6.2,1,4,1,2,35.5,1
1725,21,2,0,4.24,99.1,0,4.8,2,4,0,0,69.5,1
1726,23,1,2,4.3,54.9,1,7.9,2,3,1,2,45.0,1
1727,24,1,6,2.08,52.5,1,5.3,0,0,0,1,50.5,1
1728,21,1,2,6.23,46.6,1,6.1,0,3,1,1,74.9,1
1729,20,0,3,0.08,79.5,1,6.5,0,3,2,2,35.8,1
1730,17,0,2,1.81,94.1,1,6.5,0,4,1,2,71.5,1
1731,23,2,4,4.74,48.0,1,7.3,0,0,2,2,64.0,1
1732,24,1,1,7.34,46.3,1,4.7,0,3,1,1,58.5,1
1733,22,1,6,0.08,94.3,1,8.9,1,2,1,0,68.3,1
1734,23,1,1,4.81,79.6,0,7.3,0,3,1,0,67.8,1
1735,23,1,4,0.08,98.1,1,7.2,2,0,1,1,60.4,1
1736,23,1,2,4.98,82.6,1,5.7,0,3,0,2,60.7,1
1737,21,1,2,3.29,86.3,1,4.1,2,3,0,1,35.6,1
1738,17,2,1,3.48,67.7,1,7.7,1,4,1,1,31.0,1
1739,17,2,6,7.74,54.3,1,6.9,1,3,1,2,63.4,1
1740,18,2,6,5.46,74.1,1,6.4,1,0,2,0,69.7,1
1741,20,0,4,1.57,61.5,1,7.3,2,1,1,0,40.4,1
1742,22,0,0,7.91,68.2,0,8.2,1,0,0,2,100.0,1
1743,20,2,0,2.05,70.9,1,7.3,2,4,0,2,43.8,1
1744,17,1,1,5.49,41.6,1,6.6,2,4,1,0,35.4,1
1745,18,0,0,5.44,76.5,1,9.9,1,0,2,2,98.2,1
1746,24,2,3,6.8,61.5,1,7.5,0,0,0,2,94.6,1
1747,24,0,4,3.19,88.7,1,5.6,0,3,0,0,47.5,1
1748,20,1,1,5.57,43.4,0,5.4,0,4,0,0,57.0,1
1749,23,0,2,5.01,73.4,1,6.8,1,0,1,0,68.8,1
1750,22,2,3,3.49,61.6,1,4.8,0,0,2,2,77.2,1
1751,24,1,1,7.33,45.6,1,4.2,2,3,2,2,64.4,1
1752,24,0,0,2.02,64.8,1,7.4,0,2,0,2,54.8,1
1753,22,1,4,1.79,64.6,0,6.5,0,2,1,2,46.2,1
1754,20,1,6,5.04,85.2,0,8.9,1,4,2,2,80.3,1
1755,22,2,3,1.52,49.1,1,4.1,2,3,1,1,27.0,1
1756,19,0,6,6.64,89.8,1,8.3,1,1,2,2,69.5,1
1757,19,1,1,2.72,42.9,1,8.3,1,1,2,2,50.8,1
1758,21,0,4,3.37,70.9,0,9.0,1,2,0,0,100.0,1
1759,21,1,6,5.46,78.9,1,8.9,2,2,0,2,68.1,1
1760,21,2,1,7.08,40.9,1,9.8,0,4,1,2,76.8,1
1761,20,2,5,5.52,44.1,1,4.8,0,0,0,1,75.8,1
1762,20,1,3,0.75,56.4,1,6.0,0,1,0,2,38.3,1
1763,17,1,6,2.7,62.9,0,9.7,1,1,2,0,50.4,-1
1764,21,2,0,6.0,60.8,1,9.0,1,0,1,2,87.2,1
1765,21,2,6,7.26,98.3,1,8.9,1,2,2,2,97.5,1
1766,24,2,5,5.07,50.0,1,7.4,1,0,1,2,69.0,1
1767,21,2,4,4.77,93.4,1,9.7,1,1,0,2,91.3,1
1768,20,2,2,3.03,96.7,1,6.6,2,3,2,1,48.4,1
1769,17,0,2,3.82,50.5,1,6.1,0,4,0,0,50.0,1
1770,18,2,4,3.46,85.5,1,9.9,0,1,1,2,70.7,1
1771,19,2,3,0.44,99.4,1,6.1,0,0,2,1,56.4,1
1772,20,1,0,0.17,54.9,1,9.4,1,4,2,2,21.1,1
1773,19,1,5,4.94,70.2,1,6.3,1,4,2,2,72.6,1
1774,20,0,3,4.08,85.5,1,8.4,2,1,1,2,65.8,1
1775,23,2,3,1.96,84.1,1,6.9,0,1,2,2,60.4,1
1776,18,2,0,7.14,90.0,0,7.6,0,4,1,2,79.6,1
1777,19,1,6,1.65,60.9,1,9.4,2,0,0,2,44.8,1
1778,18,0,0,5.6,47.2,1,8.3,1,0,2,2,65.3,1
1779,19,2,1,6.31,80.6,1,8.8,1,1,1,2,78.3,1
1780,22,1,4,6.72,60.4,1,6.7,2,3,0,2,78.8,1
1781,17,2,2,6.72,78.8,1,4.6,1,4,1,0,68.8,1
1782,19,1,4,6.35,68.4,1,9.5,2,0,1,0,95.4,1
1783,17,1,3,3.66,67.5,1,9.9,1,3,2,2,60.5,1
1784,24,1,1,4.99,92.9,1,5.7,1,2,1,2,91.0,1
1785,22,2,5,6.86,78.4,1,9.2,0,0,1,2,92.4,1
1786,18,2,2,3.36,77.5,0,7.4,0,1,2,1,55.0,1
1787,18,1,6,5.37,98.3,1,6.2,0,0,2,2,74.2,1
1788,17,0,5,1.28,56.2,1,4.2,1,0,1,1,49.7,1
1789,20,1,1,4.52,81.3,1,8.8,1,3,2,2,73.4,1
1790,23,2,3,1.13,61.3,1,9.9,1,4,2,1,40.6,1
1791,21,2,1,5.28,75.9,1,5.2,1,3,2,0,72.6,1
1792,24,2,4,3.01,89.0,1,4.1,2,4,1,1,48.5,1
1793,19,0,0,1.82,95.4,0,6.0,1,3,2,0,50.4,1
1794,19,1,3,2.89,65.6,1,9.5,2,4,0,1,54.6,1
1795,20,1,6,5.61,89.9,1,9.2,0,3,0,2,62.0,1
1796,18,2,4,7.26,60.1,0,6.6,2,3,1,1,52.9,1
1797,24,0,6,0.09,79.7,1,8.9,1,3,1,0,52.9,1
1798,18,1,4,1.34,92.7,1,5.8,2,3,0,2,45.3,1
1799,20,2,3,5.65,81.1,1,7.5,0,4,0,0,84.0,1
1800,21,1,2,4.55,82.3,1,8.0,1,2,0,1,87.4,1
1801,17,2,2,2.55,90.3,1,4.7,2,2,0,0,67.5,1
1802,20,1,3,5.21,55.1,1,4.9,0,4,1,0,60.6,1
1803,20,0,3,6.94,84.8,1,4.5,1,4,0,0,95.7,1
1804,19,1,3,2.06,78.3,1,9.9,0,3,2,0,40.8,1
1805,18,2,5,3.89,72.8,1,6.3,0,1,2,0,76.5,1
1806,17,0,2,0.17,98.5,1,5.9,1,0,0,2,69.2,1
1807,17,0,4,7.57,64.8,1,6.1,0,0,0,1,100.0,1
1808,20,0,5,6.41,54.1,1,9.8,2,2,0,2,74.4,1
1809,17,2,4,4.04,90.4,1,4.2,1,0,2,2,68.6,1
1810,24,1,1,7.91,51.1,1,9.6,0,4,2,0,91.2,1
1811,18,1,0,1.76,84.7,1,7.4,0,4,0,2,63.7,1
1812,22,1,2,5.95,95.7,1,7.2,0,3,2,0,63.8,1
1813,22,2,1,6.16,89.3,1,6.1,0,2,2,1,81.6,1
1814,20,2,5,6.65,78.0,1,4.2,2,2,2,2,67.1,1
1815,24,0,4,5.48,95.4,1,9.1,2,0,2,2,79.7,1
1816,17,1,6,1.52,69.3,0,7.2,1,1,2,0,51.9,1
1817,18,2,4,0.73,44.5,1,4.1,1,1,1,2,19.7,-1
1818,19,2,1,1.44,84.1,1,8.2,1,1,0,0,72.2,1
1819,18,2,5,6.87,83.0,1,6.5,2,3,2,2,68.0,1
1820,19,2,4,3.22,91.9,0,6.4,1,2,1,1,59.0,1
1821,19,1,1,4.37,64.4,1,4.4,1,2,2,1,52.6,1
1822,23,2,2,0.2,48.7,1,8.0,2,3,0,1,33.2,1
1823,19,0,5,3.93,46.2,1,7.9,1,0,2,1,54.8,1
1824,24,0,5,3.27,60.7,0,9.8,2,3,2,2,57.2,1
1825,23,1,2,4.28,87.6,0,4.6,2,4,1,0,65.3,1
1826,24,0,3,3.0,71.3,1,9.7,2,0,2,2,57.4,1
1827,17,2,6,0.6,50.2,1,6.9,2,1,0,0,47.0,1
1828,24,0,5,0.35,54.5,1,4.3,1,4,0,1,33.8,1
1829,21,2,5,7.6,60.9,0,8.5,1,4,1,2,92.2,1
1830,24,2,0,4.83,68.8,1,6.5,0,2,2,2,76.0,1
1831,19,1,2,5.15,90.4,0,4.5,0,4,1,1,58.9,1
1832,24,2,0,7.32,99.4,1,4.8,2,1,2,2,84.0,1
1833,21,2,4,4.41,76.0,1,9.8,1,4,2,0,75.0,1
1834,17,0,5,4.92,63.4,0,7.9,2,2,1,2,50.7,1
1835,20,0,4,4.18,51.0,1,9.7,1,0,2,2,61.4,1
1836,18,0,2,1.41,70.7,1,8.7,2,0,2,0,45.5,1
1837,24,2,4,2.49,76.8,1,7.8,1,0,2,2,61.4,1
1838,19,2,1,7.07,59.6,1,4.7,1,1,1,2,48.6,1
1839,18,1,4,3.55,59.4,1,6.7,0,0,0,1,87.7,1
1840,21,1,0,1.63,89.7,0,5.4,0,2,0,0,53.5,1
1841,20,1,3,6.62,79.6,1,5.0,1,1,1,0,91.0,1
1842,17,0,4,0.7,67.0,1,7.0,1,2,1,0,50.0,1
1843,23,2,4,5.12,73.5,0,5.9,1,2,2,2,67.7,1
1844,23,0,2,5.6,70.3,1,9.7,0,4,2,0,81.0,1
1845,22,1,6,2.43,50.5,1,4.2,0,0,1,2,36.0,1
1846,21,2,4,1.34,92.2,0,4.2,0,2,0,2,74.9,1
1847,20,0,3,3.59,45.5,1,7.7,0,4,2,2,42.4,1
1848,21,0,0,6.04,52.8,1,4.6,0,4,2,1,54.0,1
1849,21,2,2,7.09,73.7,1,7.3,0,4,1,1,87.3,1
1850,18,1,4,6.52,67.7,1,8.9,1,1,2,2,82.5,1
1851,17,0,0,0.88,75.7,1,4.8,0,1,1,0,52.9,1
1852,19,1,6,1.78,95.2,1,4.4,1,0,0,2,60.8,1
1853,20,0,4,4.94,57.2,1,9.7,1,0,2,2,100.0,1
1854,18,0,3,5.68,49.0,1,9.2,0,4,1,2,49.4,1
1855,17,0,2,0.08,47.3,1,5.5,1,0,0,0,49.5,1
1856,23,2,3,1.14,43.5,1,6.9,1,0,1,2,36.4,1
1857,19,1,5,0.75,87.4,1,4.9,1,4,0,1,50.9,1
1858,21,2,3,2.73,67.4,1,9.0,2,0,2,1,71.3,1
1859,21,2,4,5.45,55.3,1,5.2,1,3,0,1,62.0,1
1860,22,0,2,7.55,80.4,1,9.0,2,4,2,2,99.6,1
1861,22,1,0,0.72,86.6,1,5.5,1,0,2,0,65.4,1
1862,19,1,5,4.05,96.2,1,4.7,0,4,2,1,46.3,1
1863,23,0,0,2.98,64.0,1,5.3,0,2,0,0,53.8,1
1864,19,2,6,3.19,81.4,1,7.2,1,2,0,0,73.7,1
1865,23,0,0,0.54,56.2,1,9.3,2,3,0,2,38.7,1
1866,20,2,5,2.31,91.9,1,4.2,2,0,2,2,47.4,1
1867,17,1,4,2.02,94.5,1,4.9,1,1,0,1,57.4,1
1868,23,0,6,5.75,77.8,1,7.3,2,2,0,2,64.3,1
1869,17,2,3,5.13,79.5,1,4.5,0,0,2,0,90.7,1
1870,23,0,3,5.09,79.6,0,6.1,1,2,2,2,60.0,1
1871,17,2,0,4.15,75.5,1,6.2,0,1,2,2,45.3,1
1872,18,1,4,2.74,66.3,1,6.9,0,1,0,0,47.5,1
1873,21,2,6,1.95,84.4,1,8.3,2,1,2,0,44.8,1
1874,24,2,1,0.09,98.6,1,5.5,1,1,1,1,39.8,1
1875,20,0,6,1.18,84.7,0,6.0,0,4,2,2,43.3,1
1876,17,0,6,1.76,58.6,0,6.6,0,4,0,2,56.4,1
1877,18,2,5,7.8,70.0,1,6.4,0,3,0,2,77.3,1
1878,24,0,4,7.76,75.8,0,8.3,1,0,0,1,98.6,-1
1879,22,1,6,6.14,44.9,1,4.3,2,0,0,0,74.9,1
1880,17,2,1,4.88,69.5,1,4.9,0,4,2,2,76.9,1
1881,20,1,4,5.35,46.1,1,4.8,2,2,1,2,59.4,1
1882,19,0,5,4.8,70.6,1,7.2,2,4,1,2,33.4,1
1883,18,1,5,5.17,45.2,1,4.5,2,4,1,2,45.2,1
1884,23,2,4,1.75,61.7,1,4.4,2,4,1,0,42.7,1
1885,21,2,0,7.81,97.3,1,8.7,0,3,2,2,74.5,1
1886,18,0,6,6.05,40.6,0,9.9,0,4,0,0,69.4,-1
1887,22,0,4,1.87,56.5,1,4.2,1,3,2,1,40.1,1
1888,20,0,5,4.11,62.3,1,5.0,0,2,2,1,80.0,1
1889,17,0,4,6.31,75.4,1,7.1,1,4,1,0,79.4,1
1890,20,2,6,7.29,97.9,1,9.4,2,2,2,0,98.0,1
1891,18,1,3,3.07,78.4,1,7.0,2,1,0,2,68.9,1
1892,18,2,3,3.87,93.6,1,6.3,2,3,0,2,37.6,1
1893,24,0,5,2.48,49.8,0,9.0,1,1,1,2,54.4,1
1894,22,2,3,3.01,57.3,1,8.6,1,1,1,0,46.4,1
1895,18,0,1,1.82,93.2,1,8.8,1,1,0,2,56.5,1
1896,23,2,5,0.24,40.6,1,5.4,2,0,0,2,28.5,1
1897,21,0,0,3.33,67.2,1,7.9,0,0,1,2,59.0,1
1898,23,0,2,3.76,67.2,1,5.1,1,0,0,2,76.0,1
1899,22,1,0,6.24,96.8,1,6.7,1,3,1,1,92.0,1
1900,19,1,2,4.18,67.0,1,9.0,0,1,1,0,75.3,1
1901,21,1,6,2.61,94.4,1,8.8,2,2,0,1,58.0,1
1902,21,0,6,3.71,75.1,1,7.3,2,4,2,2,54.2,1
1903,22,2,1,6.37,58.0,1,8.6,1,3,1,2,46.5,1
1904,18,2,6,3.85,48.9,1,4.4,2,0,2,2,42.9,1
1905,19,2,4,4.44,69.4,1,9.0,1,0,0,1,87.6,1
1906,18,0,6,1.38,41.1,1,8.8,2,4,2,2,38.5,1
1907,19,0,1,0.08,60.1,1,8.4,1,0,0,2,80.2,1
1908,18,2,2,7.44,71.4,0,4.9,1,1,1,2,77.8,1
1909,17,1,6,2.14,73.5,1,5.3,2,3,0,1,38.4,1
1910,24,2,1,2.78,66.6,1,5.3,2,2,0,1,50.7,1
1911,17,2,4,0.92,97.8,1,8.1,1,3,1,0,51.8,1
1912,24,2,6,4.1,48.9,1,5.7,2,3,2,1,35.8,1
1913,17,1,0,5.9,99.4,1,4.8,2,4,1,2,73.3,1
1914,23,2,2,5.49,81.5,1,7.4,0,1,0,2,65.0,1
1915,19,0,5,6.84,89.5,1,6.1,0,1,2,0,88.2,1
1916,21,0,3,2.29,78.1,1,6.9,2,3,0,0,52.9,1
1917,19,1,2,2.52,52.9,1,8.4,2,3,2,2,45.4,1
1918,20,0,0,7.72,85.0,1,5.4,0,3,0,0,96.1,1
1919,20,0,3,3.65,90.9,1,9.4,2,4,1,2,73.8,1
1920,21,2,6,6.68,85.1,0,8.3,2,2,0,2,86.9,1
1921,20,0,1,4.89,92.4,1,8.9,1,1,2,2,82.5,1
1922,21,1,3,1.45,43.8,0,6.5,0,1,1,2,35.2,1
1923,23,2,1,7.66,97.7,1,7.5,2,3,2,0,84.0,1
1924,20,1,0,2.6,96.4,1,8.7,0,4,1,0,70.0,1
1925,19,2,1,5.13,93.8,0,4.3,0,1,0,2,62.7,1
1926,18,2,3,2.04,78.2,1,6.2,0,0,1,1,59.3,1
1927,19,1,4,4.61,90.8,1,4.7,2,4,1,2,54.6,1
1928,18,2,2,4.33,76.3,1,8.8,2,3,1,1,63.8,1
1929,18,2,2,2.09,69.5,0,9.8,0,1,2,2,45.6,1
1930,24,0,5,7.91,95.9,1,9.4,1,3,1,2,100.0,1
1931,17,2,0,1.13,52.5,1,9.5,0,3,0,2,50.9,1
1932,20,1,4,3.54,91.1,1,6.3,0,4,0,1,63.7,1
1933,23,0,2,0.25,66.4,1,7.1,0,1,0,2,43.7,1
1934,24,0,4,5.46,57.5,1,6.3,2,4,1,2,54.7,1
1935,18,0,6,3.7,70.4,1,6.2,1,0,2,2,76.2,1
1936,18,2,3,4.48,78.2,0,4.1,0,3,0,1,65.8,1
1937,19,2,4,5.59,51.0,1,7.5,0,1,0,2,80.4,1
1938,21,0,0,6.11,85.1,1,8.9,1,0,0,1,71.3,1
1939,24,0,0,7.73,63.7,0,6.4,0,0,2,1,81.9,1
1940,18,0,2,6.91,82.2,1,9.1,0,0,1,1,90.6,1
1941,18,1,3,2.59,49.4,1,6.7,2,1,2,1,25.8,1
1942,19,0,6,5.82,43.4,1,7.8,1,1,1,2,69.3,1
1943,23,1,2,0.61,49.7,0,4.1,0,3,2,2,37.4,-1
1944,17,2,0,1.09,50.8,1,7.7,2,2,2,0,55.1,1
1945,20,2,5,3.68,85.7,1,5.8,2,3,1,2,62.4,1
1946,17,2,3,3.68,69.6,1,8.8,2,1,1,0,57.7,1
1947,18,2,5,4.05,85.8,1,4.1,0,0,2,2,76.8,1
1948,24,0,0,3.8,84.8,1,4.7,1,4,0,0,64.5,1
1949,17,0,4,5.13,54.7,1,8.9,1,1,0,1,68.8,1
1950,19,0,6,7.63,94.7,1,6.7,2,4,1,0,80.7,1
1951,24,0,4,1.38,86.1,1,5.6,0,0,2,2,63.1,1
1952,21,1,5,2.86,45.1,0,4.1,1,0,0,2,49.5,1
1953,17,2,4,0.59,74.3,1,6.2,2,0,2,2,53.4,1
1954,20,0,2,1.6,64.8,1,8.8,1,2,1,2,55.3,1
1955,24,2,1,7.9,67.6,1,7.2,1,0,1,1,96.7,1
1956,20,1,4,0.32,62.0,1,4.7,1,1,2,2,30.3,1
1957,21,0,0,1.71,69.8,1,6.2,0,2,2,2,51.5,1
1958,21,0,3,3.41,61.3,1,6.1,2,2,1,0,61.1,1
1959,22,2,3,2.34,67.8,0,4.6,2,0,2,1,59.9,1
1960,18,0,5,4.36,72.7,1,6.2,1,3,1,2,66.8,1
1961,23,1,6,7.91,83.8,1,4.8,1,3,2,1,83.4,1
1962,24,0,6,5.63,49.1,0,8.3,1,4,2,1,64.9,1
1963,18,2,2,3.25,48.0,1,5.4,2,4,1,1,35.5,1
1964,23,1,5,5.46,69.9,1,5.7,2,1,1,2,55.8,1
1965,23,0,5,6.98,68.5,1,4.9,0,2,2,2,87.4,1
1966,22,1,6,1.83,73.8,1,8.8,1,0,0,2,51.6,1
1967,19,2,0,5.74,76.8,1,9.6,1,4,2,2,73.1,1
1968,20,1,3,4.91,56.4,1,5.2,1,2,2,2,68.9,1
1969,23,0,3,5.87,78.9,1,7.2,2,3,2,1,59.6,1
1970,18,2,0,0.67,69.7,1,9.5,2,0,2,2,37.4,1
1971,23,2,1,5.86,69.8,1,9.7,2,3,1,2,73.6,1
1972,24,1,4,6.3,75.6,1,4.8,0,3,0,2,71.8,1
1973,22,1,2,5.5,76.7,1,7.6,1,1,2,1,67.0,1
1974,19,1,5,1.58,77.0,1,7.0,1,2,1,2,47.2,1
1975,21,0,5,1.29,89.8,1,6.5,2,0,1,0,43.3,1
1976,17,2,1,5.91,70.0,1,8.9,2,3,0,2,89.8,1
1977,24,1,1,5.18,96.5,1,4.2,0,2,2,2,64.2,1
1978,19,1,3,7.87,96.8,1,9.1,2,3,0,2,100.0,1
1979,17,0,5,3.64,60.1,1,5.4,1,3,2,0,68.6,1
1980,23,2,2,1.83,92.9,1,4.9,1,4,2,2,54.2,1
1981,22,0,3,6.16,65.3,0,7.8,2,4,0,0,57.5,1
1982,21,0,1,5.99,98.5,1,9.6,2,0,0,2,100.0,1
1983,17,2,5,4.18,95.6,1,7.1,1,1,0,1,80.6,1
1984,23,2,6,5.97,66.4,1,9.8,2,1,2,2,72.5,1
1985,22,0,2,2.48,61.0,1,7.7,2,1,0,2,38.6,1
1986,23,0,1,1.73,81.2,1,7.6,1,4,2,2,55.2,1
1987,23,0,1,1.01,62.1,1,5.1,1,4,1,2,27.4,1
1988,18,1,5,2.32,79.6,1,4.9,2,1,2,0,24.0,1
1989,18,0,6,5.24,65.3,1,7.8,2,3,0,2,52.1,1
1990,24,2,0,2.07,70.1,1,4.4,0,3,1,1,22.5,1
1991,21,1,1,7.07,62.7,0,9.8,1,3,1,0,82.9,1
1992,20,2,4,2.0,87.8,1,5.7,1,4,1,2,45.7,1
1993,19,0,6,5.48,76.1,1,6.8,0,4,1,1,80.0,1
1994,22,0,6,4.22,81.0,1,5.1,2,4,2,2,62.1,1
1995,23,1,3,1.69,89.3,1,6.7,2,3,2,2,50.2,1
1996,17,2,5,4.45,87.8,1,5.4,0,3,2,2,83.7,1
1997,21,1,6,7.64,70.6,1,9.0,2,1,1,2,62.5,1
1998,24,0,5,7.55,55.3,1,4.4,2,0,0,2,100.0,1
1999,19,1,3,2.33,61.8,1,6.5,0,0,2,1,46.1,1
2000,19,2,1,4.29,73.1,1,8.6,1,0,1,2,87.8,1
2001,24,1,0,1.21,54.3,1,9.3,0,3,2,1,26.8,1
2002,17,2,0,3.75,86.8,1,9.8,2,4,2,2,64.9,1
2003,20,0,6,2.57,53.8,1,4.3,1,2,1,2,60.6,1
2004,20,1,5,7.44,60.1,1,4.8,1,4,1,1,79.7,1
2005,23,2,6,5.06,78.0,1,5.5,1,0,2,2,81.8,1
2006,18,2,5,1.48,81.9,1,9.7,2,0,2,2,76.6,1
2007,20,1,3,7.91,63.7,1,9.8,2,3,2,0,68.6,1
2008,18,2,5,5.55,85.3,1,7.5,0,0,2,2,85.1,1
2009,23,2,4,1.08,94.1,0,8.4,2,1,2,0,36.9,1
2010,22,2,5,6.4,49.9,1,6.8,1,2,2,1,74.9,1
2011,20,0,0,4.46,95.0,1,9.4,0,4,0,1,68.7,1
2012,20,1,1,3.2,72.3,0,4.7,1,4,2,1,55.2,1
2013,18,0,1,1.57,66.9,1,8.8,2,2,0,2,42.2,1
2014,24,2,0,2.22,87.8,1,6.9,1,4,0,2,56.3,1
2015,22,0,6,1.34,87.0,1,6.7,1,3,2,2,52.1,1
2016,19,0,6,6.43,81.0,1,7.4,1,1,2,2,90.7,1
2017,20,2,1,2.18,64.5,1,6.8,2,0,2,1,45.9,1
2018,22,0,3,3.76,56.0,1,9.1,0,4,1,0,47.2,1
2019,22,1,6,7.74,61.6,0,5.4,0,0,1,1,75.1,1
2020,20,2,5,7.91,74.4,1,4.8,1,3,0,2,88.5,1
2021,19,0,4,6.33,73.8,1,7.8,0,1,0,1,58.0,1
2022,22,0,4,6.39,95.4,1,8.5,2,1,0,0,79.8,1
2023,22,0,0,7.56,67.4,1,7.0,2,1,1,0,77.1,1
2024,21,2,6,6.37,80.0,1,7.9,1,2,0,2,75.9,1
2025,17,2,2,3.61,79.6,0,6.9,2,2,1,2,58.5,1
2026,20,2,6,0.48,83.9,1,9.0,2,1,1,0,52.8,1
2027,21,2,6,1.67,99.4,1,8.3,2,0,0,1,67.7,1
2028,24,1,1,3.56,88.1,1,9.8,0,0,1,2,71.5,1
2029,21,2,3,2.12,42.4,1,7.6,1,3,0,1,59.5,1
2030,19,2,6,2.63,88.7,1,8.0,0,3,0,0,65.3,1
2031,21,1,3,0.47,99.4,1,7.2,0,4,2,0,60.5,1
2032,18,0,0,4.42,42.3,1,7.3,0,2,0,2,56.2,1
2033,17,2,2,2.81,75.8,0,4.5,2,0,2,2,71.4,1
2034,22,0,3,2.07,76.0,1,6.7,1,4,2,0,53.7,1
2035,24,2,1,4.88,71.5,1,5.4,2,1,0,1,70.4,1
2036,23,0,5,2.21,92.5,1,9.8,2,3,1,0,53.8,1
2037,21,1,6,3.81,88.9,1,9.4,0,4,2,1,79.1,1
2038,17,1,0,1.97,50.3,1,6.5,0,4,1,0,52.8,1
2039,24,2,1,5.44,46.2,1,4.7,1,1,0,1,64.4,1
2040,20,2,0,6.83,50.0,1,6.3,2,0,1,0,60.6,1
2041,19,0,0,0.65,93.2,1,9.9,0,0,1,0,38.5,1
2042,24,0,4,6.56,45.9,0,4.4,1,0,0,1,81.6,-1
2043,22,0,1,6.81,78.8,1,9.4,2,1,0,1,83.8,1
2044,22,2,6,7.72,81.0,1,4.6,0,3,2,0,97.3,1
2045,19,2,4,6.62,53.1,1,7.3,1,3,2,2,79.6,1
2046,24,2,2,4.42,53.8,1,9.2,2,0,0,2,48.6,1
2047,20,2,0,0.56,90.1,1,7.7,0,0,1,0,47.0,1
2048,21,2,4,0.6,65.2,1,5.0,1,1,0,2,41.6,1
2049,23,0,3,1.57,70.0,1,9.9,1,0,2,0,63.3,1
2050,22,1,3,3.58,63.8,1,9.2,0,2,2,0,68.3,1
2051,18,0,2,7.64,51.0,1,4.9,0,0,0,2,79.9,1
2052,19,2,0,1.4,66.4,1,7.1,1,0,1,1,61.7,1
2053,19,0,4,4.31,56.2,1,7.9,0,3,0,1,76.8,1
2054,24,1,5,7.91,58.0,1,7.5,2,3,0,0,70.5,1
2055,22,2,3,0.11,52.1,1,6.1,0,1,1,2,51.1,1
2056,19,2,3,0.38,77.6,1,8.9,0,0,1,1,56.9,1
2057,22,0,1,2.16,57.2,1,5.7,1,3,0,2,47.4,1
2058,22,0,5,1.8,49.9,1,5.8,1,0,1,0,40.6,1
2059,20,1,4,3.99,88.5,1,7.3,1,3,0,0,84.4,1
2060,20,2,5,3.36,74.6,1,4.4,2,0,1,2,68.1,1
2061,24,1,4,4.67,91.5,1,4.5,0,2,2,1,73.7,1
2062,21,0,6,1.18,86.9,1,9.8,2,4,0,2,64.1,1
2063,18,0,6,5.49,62.3,1,6.6,2,2,2,2,82.1,1
2064,22,1,5,1.72,73.7,1,7.4,1,0,0,1,80.6,1
2065,21,0,0,3.62,99.2,1,9.9,0,2,1,0,86.6,1
2066,21,2,2,0.27,61.5,1,9.9,0,2,0,0,45.8,1
2067,22,2,2,6.38,54.4,1,8.6,1,2,2,2,76.5,1
2068,24,0,5,5.02,49.8,1,7.5,1,3,0,2,65.0,1
2069,19,1,6,1.67,96.4,1,5.5,0,4,1,2,43.9,1
2070,20,2,4,4.81,55.0,1,5.1,0,3,1,2,47.1,1
2071,18,1,5,3.5,95.7,1,4.7,0,0,0,2,61.8,1
2072,22,2,2,6.61,75.5,1,6.2,0,4,0,2,100.0,1
2073,20,0,3,7.87,75.4,1,5.6,1,1,2,1,82.3,1
2074,19,0,4,1.0,64.0,1,9.1,1,0,0,0,58.6,1
2075,22,0,1,3.92,63.8,1,9.5,2,1,0,1,60.5,1
2076,20,0,5,2.06,59.2,1,7.6,0,3,1,0,40.4,1
2077,20,1,0,6.0,83.8,0,7.9,1,0,0,0,93.4,1
2078,20,0,1,0.28,84.3,1,7.2,0,4,1,1,42.0,1
2079,19,0,4,4.36,71.9,1,4.7,0,0,0,2,76.1,1
2080,18,2,3,6.86,66.9,1,9.1,2,4,0,2,81.4,1
2081,23,0,3,3.11,78.1,1,4.2,0,0,2,1,57.2,1
2082,17,2,3,6.7,69.5,1,8.0,1,1,0,2,82.0,1
2083,19,1,4,1.18,89.5,0,5.0,2,0,1,1,60.9,1
2084,22,1,0,7.35,43.9,1,8.7,0,3,2,1,79.6,1
2085,18,1,5,6.33,94.2,1,7.9,1,1,1,0,92.5,1
2086,22,2,6,3.13,71.5,1,5.5,1,1,0,1,64.2,1
2087,22,1,3,1.05,70.6,0,8.7,2,1,0,0,41.6,1
2088,22,1,1,4.16,63.5,1,8.7,2,1,1,2,67.6,1
2089,19,2,1,5.36,71.9,1,7.0,2,1,0,2,76.6,1
2090,17,0,5,1.03,53.2,1,7.3,2,1,1,2,44.3,1
2091,24,0,1,7.47,69.8,1,4.6,0,0,0,0,84.1,1
2092,19,2,5,6.1,63.9,1,6.6,1,0,1,1,82.9,1
2093,23,2,4,7.61,57.6,1,8.0,2,3,1,2,72.5,1
2094,18,2,3,2.39,52.7,1,4.4,2,0,2,1,46.6,1
2095,18,0,2,3.47,91.6,1,6.2,0,0,1,2,79.6,1
2096,23,0,3,1.92,91.0,1,6.7,2,3,2,2,34.8,1
2097,24,1,4,2.19,69.1,1,8.3,0,1,1,0,22.3,1
2098,23,0,1,1.16,53.9,1,6.2,1,1,1,2,49.3,1
2099,23,2,5,1.0,67.0,1,9.6,1,4,2,2,49.3,1
2100,18,1,1,5.37,95.5,1,8.8,1,3,0,2,99.5,1
2101,24,2,0,1.26,86.8,1,7.0,0,1,1,0,45.7,1
2102,22,1,3,1.07,88.5,1,8.3,0,2,1,0,40.3,1
2103,18,1,5,4.28,82.2,1,5.9,0,2,0,1,72.0,1
2104,18,0,1,5.63,83.4,1,7.0,0,4,1,2,67.4,1
2105,23,1,0,6.22,49.0,1,7.4,0,4,0,2,65.7,1
2106,19,2,5,4.64,60.8,1,5.7,1,1,0,0,85.8,1
2107,23,0,0,1.61,89.9,1,9.1,0,4,2,1,60.6,1
2108,18,0,4,4.59,50.6,1,7.3,2,4,1,2,40.4,1
2109,19,0,0,5.01,44.5,1,6.8,2,0,0,2,61.2,1
2110,19,1,2,2.06,90.8,1,5.9,2,0,2,2,69.4,1
2111,19,2,3,1.16,86.8,1,9.3,2,0,1,2,49.4,1
2112,22,2,0,7.41,49.5,1,5.9,0,3,2,0,75.9,1
2113,24,1,1,0.77,71.7,1,4.7,0,1,1,2,45.7,1
2114,24,1,6,2.22,42.5,1,4.5,2,0,2,2,61.3,1
2115,22,1,5,1.85,48.9,1,9.2,1,1,0,2,47.5,1
2116,18,1,1,7.14,55.4,1,5.9,2,4,2,1,75.9,1
2117,24,0,3,4.02,82.2,0,7.9,2,3,0,2,65.8,1
2118,21,2,5,7.65,58.3,1,9.9,1,4,2,1,88.8,1
2119,21,0,2,6.63,88.6,1,5.6,2,2,1,2,78.0,1
2120,22,1,2,6.04,41.4,1,7.8,2,3,0,0,67.8,1
2121,23,1,3,1.41,40.6,1,7.3,0,1,0,0,59.9,1
2122,24,0,6,2.75,58.0,1,4.4,0,4,2,2,45.8,1
2123,21,1,6,6.56,83.9,1,6.1,1,2,2,2,99.3,1
2124,21,0,3,7.87,97.1,1,4.8,0,2,1,2,85.9,1
2125,22,1,4,7.02,58.9,1,5.5,0,3,1,0,70.9,1
2126,19,1,3,7.59,73.4,1,9.2,0,4,1,0,61.6,1
2127,19,0,6,5.13,42.5,1,6.0,1,0,2,2,45.7,1
2128,22,1,3,3.86,40.6,0,4.2,2,1,2,1,64.9,1
2129,17,0,6,4.12,40.9,1,9.3,1,1,2,0,71.1,1
2130,19,1,0,3.67,45.8,1,9.5,0,1,2,0,47.1,1
2131,22,1,6,1.24,92.5,1,7.3,0,0,1,0,62.0,1
2132,24,0,5,2.45,78.5,1,6.1,1,3,1,1,61.9,1
2133,21,1,5,0.72,93.9,1,8.9,0,0,0,2,71.4,1
2134,20,2,2,0.71,90.1,1,4.6,0,2,2,0,23.9,1
2135,20,2,5,2.49,85.9,1,7.7,2,0,1,0,45.7,1
2136,22,0,1,5.33,61.2,1,4.9,2,4,1,2,48.7,1
2137,21,1,6,4.91,48.0,1,9.2,2,0,2,1,56.7,1
2138,17,0,1,4.48,46.2,1,8.6,0,3,2,0,53.0,1
2139,21,0,5,5.99,41.5,1,9.4,2,1,1,2,46.2,1
2140,20,0,4,3.38,50.7,1,9.8,1,1,0,1,72.0,1
2141,22,2,0,3.54,41.1,1,8.8,1,2,2,1,60.7,1
2142,24,2,6,4.14,81.3,1,5.6,1,2,2,0,64.4,1
2143,24,0,0,0.53,63.3,1,7.7,2,4,0,2,33.0,1
2144,21,1,2,4.65,71.7,0,9.6,2,0,1,1,69.6,1
2145,19,1,2,6.0,68.7,1,5.1,2,2,2,2,82.8,1
2146,20,2,5,2.11,57.0,1,5.1,2,1,1,1,28.1,1
2147,18,0,0,6.84,46.9,1,8.5,2,2,1,1,69.9,1
2148,24,1,5,2.13,72.5,1,7.8,0,4,1,0,37.3,1
2149,23,0,2,4.11,91.8,1,6.7,2,3,2,2,48.7,1
2150,23,2,2,7.0,85.0,1,4.5,2,2,1,2,93.3,1
2151,19,0,6,5.91,95.9,0,8.6,2,4,0,2,73.1,1
2152,19,1,1,4.61,61.4,1,6.0,1,2,1,1,51.0,1
2153,23,2,4,4.98,90.7,1,9.5,1,3,2,2,84.6,1
2154,21,1,0,0.87,83.4,0,7.6,1,0,0,0,55.7,1
2155,22,2,3,5.59,96.6,0,8.5,0,3,1,0,80.9,1
2156,20,0,2,4.9,57.3,1,5.1,0,4,1,0,41.2,1
2157,20,1,1,0.68,88.2,0,8.1,1,2,0,2,74.7,1
2158,22,1,5,0.99,70.5,1,9.8,1,3,1,2,43.0,1
2159,23,2,3,7.77,66.2,1,5.3,0,1,1,0,73.5,1
2160,19,2,3,1.42,67.9,1,8.4,2,1,0,0,56.4,1
2161,23,1,6,7.17,66.0,1,6.4,1,0,2,2,99.4,1
2162,18,0,0,2.21,92.6,1,4.6,2,2,2,1,56.4,1
2163,20,2,5,3.17,96.7,1,9.4,2,1,0,1,85.8,1
2164,24,2,5,4.44,79.8,1,6.6,0,2,0,0,77.6,1
2165,24,2,3,5.01,51.6,1,6.1,0,3,2,1,41.8,1
2166,24,1,0,3.98,65.2,0,8.8,1,0,0,2,79.1,1
2167,19,0,0,2.79,61.3,1,4.1,1,4,1,0,44.6,1
2168,23,2,6,3.99,80.3,0,7.5,1,3,2,2,56.4,1
2169,24,1,0,5.61,44.2,0,4.3,0,4,2,2,62.3,-1
2170,24,1,4,3.17,79.2,1,9.7,1,4,2,0,52.4,1
2171,17,2,2,4.36,68.0,1,9.4,0,4,2,2,61.5,1
2172,22,2,0,3.03,55.7,1,7.9,1,0,1,0,51.3,1
2173,24,1,6,2.64,43.8,0,7.2,2,3,2,2,46.7,1
2174,23,2,3,2.39,43.2,1,8.7,2,0,1,2,27.0,1
2175,18,0,5,1.79,93.5,1,8.2,1,4,0,2,68.0,1
2176,23,0,1,6.09,74.6,0,6.6,1,3,0,0,95.4,1
2177,17,0,5,7.87,73.1,1,5.0,2,1,0,2,70.5,1
2178,20,2,6,0.23,41.1,0,9.1,1,3,1,2,33.4,-1
2179,22,0,6,1.57,86.3,1,8.1,0,1,1,2,33.4,1
2180,20,0,3,7.71,52.6,0,5.9,1,0,0,0,83.4,1
2181,22,2,4,2.73,63.0,0,6.6,2,3,0,1,38.5,1
2182,18,0,6,3.11,78.8,1,8.4,1,1,2,2,86.7,1
2183,21,2,5,5.3,48.1,1,7.8,0,1,2,2,53.3,1
2184,22,1,6,2.82,87.8,0,9.5,2,1,2,1,51.7,1
2185,22,2,2,3.94,90.1,1,4.2,0,0,2,0,73.3,1
2186,19,2,3,7.21,71.2,1,7.8,0,4,1,0,69.2,1
2187,19,2,5,4.52,61.9,1,6.3,0,3,0,2,73.7,1
2188,19,0,5,5.34,55.1,1,5.7,2,2,1,0,56.5,1
2189,20,0,1,1.74,83.4,0,9.4,2,3,0,2,51.8,1
2190,21,1,4,2.09,60.4,1,6.6,0,4,2,2,40.2,1
2191,19,2,1,7.13,88.6,1,6.5,0,1,2,2,74.7,1
2192,20,2,2,7.34,83.9,1,5.7,2,4,0,2,93.0,1
2193,19,1,2,6.46,61.2,1,8.5,1,2,0,2,93.2,1
2194,18,1,6,0.98,53.7,0,6.6,2,3,1,1,44.9,1
2195,22,2,1,6.55,61.5,1,6.4,1,4,2,2,85.4,1
2196,23,2,3,0.15,60.5,1,8.2,2,3,2,0,25.3,1
2197,19,0,1,4.77,97.4,1,7.7,1,3,2,0,74.7,1
2198,23,1,6,5.4,77.6,1,9.9,2,2,2,2,91.0,1
2199,21,2,6,3.41,79.5,0,5.9,1,2,2,0,65.5,1
2200,18,0,4,3.83,57.0,1,9.6,2,4,0,2,56.6,1
2201,19,2,5,5.93,61.9,0,7.0,2,2,1,0,61.4,1
2202,17,2,2,7.16,68.0,1,4.2,1,1,0,1,83.8,1
2203,17,0,6,1.51,98.6,1,8.3,1,2,2,0,68.7,1
2204,19,1,0,1.11,80.1,0,6.3,1,1,2,1,64.3,1
2205,20,2,0,5.04,49.2,1,9.3,0,1,2,2,90.9,1
2206,23,2,1,1.85,99.4,1,6.5,0,4,0,2,58.3,1
2207,18,2,6,1.55,56.2,1,4.7,0,3,1,1,31.3,1
2208,23,0,1,1.63,77.3,1,8.1,2,4,1,2,40.3,1
2209,18,2,6,1.57,92.5,0,6.1,0,4,0,2,61.5,1
2210,18,2,5,3.82,76.9,1,7.7,2,2,1,2,54.9,1
2211,22,1,5,7.72,95.6,0,5.7,1,3,2,0,78.9,1
2212,23,1,2,6.62,90.9,1,6.0,0,4,0,0,69.3,1
2213,21,1,5,4.35,42.1,1,7.1,1,2,2,2,77.6,1
2214,17,2,6,0.65,81.2,1,7.1,1,0,1,2,48.4,1
2215,17,1,0,5.38,83.3,1,9.9,2,4,2,1,61.5,1
2216,20,0,3,3.61,62.3,1,7.2,0,4,0,0,81.9,1
2217,20,2,2,6.23,94.6,1,7.6,0,1,0,2,93.9,1
2218,24,0,3,3.95,88.1,1,9.1,1,2,1,0,69.5,1
2219,19,1,4,5.35,62.0,1,4.1,2,4,1,1,38.7,1
2220,18,0,0,1.6,53.4,1,9.6,0,4,2,2,56.2,1
2221,24,1,5,6.67,52.8,1,6.0,0,1,1,2,51.7,1
2222,18,0,2,6.24,53.2,1,9.0,2,4,0,2,54.4,1
2223,17,2,4,2.99,75.4,1,7.6,1,4,0,0,68.8,1
2224,20,0,4,7.71,78.6,1,9.1,2,4,2,1,70.5,1
2225,20,2,1,1.28,48.9,1,6.3,2,1,0,0,23.7,1
2226,21,1,0,0.16,72.9,1,9.1,1,2,2,0,54.5,1
2227,24,2,1,6.11,55.0,1,9.6,1,1,2,0,80.8,1
2228,24,0,4,4.8,94.6,1,5.8,0,3,2,2,55.6,1
2229,19,1,4,0.89,91.4,1,7.7,1,0,2,2,69.9,1
2230,24,0,3,1.28,46.9,1,5.3,0,2,2,2,19.599,1
2231,22,1,1,1.05,55.1,1,8.0,0,3,2,0,40.3,1
2232,17,0,1,1.33,96.7,0,9.6,2,4,1,0,34.5,-1
2233,24,0,5,3.69,57.9,1,7.9,0,2,2,0,63.7,1
2234,18,1,3,0.41,88.9,0,8.4,1,1,2,2,53.6,1
2235,21,2,3,4.16,43.0,1,9.3,1,2,1,2,54.2,1
2236,23,0,0,4.84,63.3,0,8.1,0,0,1,1,61.8,1
2237,18,1,6,5.82,76.9,1,5.5,2,4,2,1,65.6,1
2238,19,0,1,7.57,64.0,1,8.0,1,3,2,2,79.5,1
2239,20,2,5,0.66,87.4,0,9.6,1,2,2,2,50.7,1
2240,24,2,5,0.28,98.8,0,8.3,0,3,2,2,46.9,-1
2241,18,0,1,1.11,70.8,1,5.6,1,0,2,2,62.1,1
2242,22,2,2,2.7,67.8,1,9.4,0,4,0,2,43.9,1
2243,20,1,1,4.2,82.3,1,9.5,2,0,1,1,62.7,1
2244,17,0,1,0.08,85.2,1,5.4,0,3,0,1,55.0,1
2245,22,1,5,5.54,43.6,1,6.2,0,1,1,2,51.1,1
2246,23,2,3,7.66,66.3,1,4.7,1,2,0,2,100.0,1
2247,21,2,3,2.0,70.0,1,9.6,0,3,1,2,59.8,1
2248,18,1,3,0.08,58.4,1,7.5,1,2,1,0,32.2,1
2249,18,1,6,6.03,85.5,1,5.9,2,4,2,0,60.7,1
2250,20,2,6,6.16,93.2,1,5.6,2,1,0,2,85.8,1
2251,21,0,2,0.35,90.7,1,7.4,0,1,2,2,68.6,1
2252,21,1,5,4.94,78.0,1,9.8,2,0,2,2,66.9,1
2253,18,1,0,1.94,87.7,0,6.8,2,2,0,2,72.5,1
2254,21,0,5,5.06,54.0,1,9.9,0,1,1,2,72.3,1
2255,19,1,6,5.81,41.5,0,8.4,1,3,0,2,62.6,1
2256,22,1,3,1.78,70.8,0,8.2,0,1,2,0,64.8,1
2257,23,1,4,2.09,64.6,1,4.9,0,2,2,1,47.6,1
2258,22,1,3,4.89,92.9,1,5.2,2,0,1,2,76.3,1
2259,17,2,2,4.66,87.3,1,8.4,1,0,0,2,89.9,1
2260,24,2,2,7.09,62.9,0,5.0,1,4,1,2,55.8,1
2261,17,2,0,4.08,41.0,1,7.3,2,1,0,2,42.5,1
2262,24,1,5,6.4,56.5,1,7.1,1,4,0,2,83.2,1
2263,17,1,0,5.86,61.6,1,8.3,0,3,0,2,85.7,1
2264,21,1,3,5.33,80.6,1,7.3,0,0,1,0,72.6,1
2265,17,0,3,1.53,94.2,0,5.3,2,2,0,0,48.5,-1
2266,17,1,0,2.21,53.3,0,8.7,1,0,0,2,77.1,1
2267,22,1,3,4.53,87.2,1,8.7,0,2,2,2,96.7,1
2268,22,2,4,0.53,83.7,1,4.2,0,3,0,0,52.1,1
2269,17,0,5,0.36,61.2,1,7.3,2,4,1,0,23.8,1
2270,24,2,5,0.4,41.0,1,4.5,1,4,0,2,39.1,1
2271,19,1,5,7.37,42.0,1,4.7,1,3,0,0,81.0,1
2272,19,2,3,5.51,77.2,0,4.3,2,2,2,0,73.2,1
2273,19,2,4,6.69,90.8,1,8.6,2,3,0,1,95.2,1
2274,20,2,1,7.71,77.9,1,7.4,2,3,0,0,90.4,1
2275,18,0,1,5.61,86.4,1,7.0,2,4,0,2,93.1,1
2276,20,2,6,4.12,70.2,1,5.3,1,4,2,2,65.4,1
2277,18,0,4,3.83,55.8,1,4.1,1,2,1,1,47.7,1
2278,17,0,2,5.97,42.4,0,5.3,2,1,2,2,65.6,1
2279,19,1,0,6.94,89.0,1,5.9,1,0,2,0,97.6,1
2280,22,1,6,6.64,68.5,1,9.2,1,2,2,1,92.8,1
2281,23,2,2,3.94,92.6,1,4.9,1,0,1,2,82.9,1
2282,19,1,3,6.19,62.2,1,5.3,0,2,2,0,82.7,1
2283,19,1,5,3.81,56.6,1,4.8,2,1,2,2,30.1,1
2284,23,1,6,3.08,80.0,1,8.7,2,4,2,2,60.1,1
2285,22,0,0,2.38,76.3,1,4.9,1,0,2,2,57.3,1
2286,23,2,6,0.44,82.3,1,4.6,2,2,2,2,38.0,1
2287,24,1,5,1.61,45.5,0,7.1,0,1,1,2,19.599,-1
2288,23,1,0,5.84,45.0,0,7.0,2,4,2,2,64.4,1
2289,24,2,5,1.37,74.3,1,6.7,1,0,0,1,71.6,1
2290,20,1,5,7.21,72.9,1,9.1,0,0,0,2,100.0,1
2291,20,0,1,0.63,45.6,1,7.3,2,3,0,2,33.1,1
2292,19,2,2,0.41,65.8,1,4.1,0,3,0,2,26.8,1
2293,18,0,5,3.85,78.0,1,5.9,2,4,1,2,33.5,1
2294,22,1,2,1.78,72.5,1,8.7,1,2,0,2,73.2,1
2295,22,2,5,0.82,51.2,1,4.8,0,4,1,1,34.4,1
2296,23,1,0,0.48,95.7,1,9.1,1,4,0,1,59.6,1
2297,18,1,4,4.22,42.1,1,7.1,0,4,1,1,45.9,1
2298,20,1,4,2.08,56.4,0,6.0,2,4,2,1,46.3,1
2299,18,0,2,4.45,44.1,1,5.3,2,3,1,2,30.0,1
2300,24,2,2,1.19,57.0,1,5.9,0,3,0,0,37.0,1
2301,19,0,4,0.2,81.1,1,4.3,0,4,2,0,49.8,1
2302,18,1,3,0.22,41.4,1,7.4,2,2,1,0,19.599,1
2303,21,0,2,0.9,42.3,1,5.5,0,1,0,2,42.6,1
2304,24,1,6,6.37,52.4,1,9.2,0,3,1,0,57.8,1
2305,24,0,1,3.59,41.7,0,4.9,0,4,2,2,38.0,-1
2306,17,1,6,4.99,63.4,0,6.8,2,2,0,0,64.6,1
2307,19,2,2,7.0,53.8,1,8.3,0,4,1,1,72.4,1
2308,18,2,1,1.7,59.3,1,8.5,0,4,1,2,40.5,1
2309,19,2,3,6.97,90.2,1,5.3,2,2,2,2,86.4,1
2310,21,1,3,5.97,65.9,1,9.7,2,4,1,2,71.4,1
2311,19,1,4,5.83,40.9,1,9.7,2,2,2,2,55.1,1
2312,17,1,1,6.97,72.8,0,6.5,0,2,1,0,75.3,1
2313,21,2,1,1.01,46.6,1,6.8,0,2,0,0,39.0,1
2314,17,2,1,4.32,43.6,1,6.0,2,0,0,2,69.3,1
2315,18,1,3,3.87,59.6,1,6.4,2,3,2,2,46.4,1
2316,17,2,6,5.31,56.3,1,8.7,0,3,2,1,52.8,1
2317,17,0,3,1.9,46.7,1,7.1,0,0,0,2,47.8,1
2318,20,1,6,1.02,57.9,1,9.4,0,4,1,1,46.9,1
2319,23,1,1,7.79,69.0,1,6.5,2,3,2,0,80.4,1
2320,23,1,1,3.73,55.1,0,8.2,0,1,0,2,64.8,1
2321,17,2,2,1.86,41.9,1,8.4,2,0,0,2,36.4,1
2322,17,1,1,1.03,93.6,1,6.0,0,2,1,2,62.9,1
2323,19,1,0,4.75,79.1,1,9.5,0,1,0,2,81.8,1
2324,22,2,0,1.18,82.4,1,7.1,0,3,0,2,55.7,1
2325,22,1,4,1.46,64.5,1,7.0,2,4,1,2,29.4,1
2326,23,1,3,7.62,74.4,1,4.3,2,2,2,2,93.1,1
2327,19,2,4,0.23,82.2,1,9.1,1,3,0,2,39.3,1
2328,18,2,2,1.49,61.4,1,7.7,2,0,1,2,27.3,1
2329,17,0,6,5.37,89.9,1,5.4,2,0,1,2,66.7,1
2330,18,2,1,1.74,86.3,0,5.9,0,4,2,2,46.2,1
2331,17,2,2,1.46,57.2,1,6.2,1,0,1,0,49.1,1
2332,23,0,0,4.45,60.0,1,9.0,0,2,2,2,69.8,1
2333,19,2,4,5.57,51.0,1,8.8,1,3,2,0,80.8,1
2334,23,1,1,3.45,70.2,0,7.2,0,4,1,1,52.6,1
2335,21,1,1,6.25,88.7,0,8.7,2,4,2,2,72.0,1
2336,21,2,5,6.52,73.8,1,7.4,1,2,2,2,83.7,1
2337,20,1,5,4.98,61.3,1,4.9,0,4,0,2,70.5,1
2338,23,2,5,4.62,64.6,1,5.3,0,1,1,2,51.0,1
2339,17,0,1,6.53,81.6,0,5.9,0,0,0,2,89.7,1
2340,17,2,3,0.12,70.9,1,5.4,2,2,1,1,24.5,1
2341,20,0,4,4.09,73.2,1,9.4,0,0,1,2,76.1,1
2342,20,1,3,1.03,76.6,1,5.2,1,4,0,0,56.0,1
2343,21,0,1,1.77,84.3,1,4.6,1,2,0,0,70.9,1
2344,22,2,5,7.59,77.5,1,9.0,0,4,1,1,81.1,1
2345,21,2,6,0.08,81.1,1,4.8,1,1,0,0,46.4,1
2346,19,2,1,2.46,80.0,1,4.1,0,4,2,1,37.9,1
2347,19,2,4,1.23,95.6,1,8.1,2,0,0,1,46.1,1
2348,23,2,6,4.56,84.2,1,4.9,2,1,1,2,53.5,1
2349,18,2,3,6.75,72.8,1,6.4,0,4,1,1,69.4,1
2350,21,0,2,3.13,93.9,1,5.9,2,2,0,2,62.8,1
2351,21,0,4,6.7,94.0,1,9.8,1,3,0,0,100.0,1
2352,23,0,6,3.52,61.1,1,4.6,2,0,0,2,45.7,1
2353,22,2,1,7.27,88.3,1,4.3,2,3,1,2,57.2,1
2354,20,0,2,6.78,98.9,1,8.7,2,1,1,0,64.2,1
2355,19,2,1,1.43,52.4,1,6.0,2,0,2,1,36.9,1
2356,19,2,5,7.08,63.8,1,7.4,1,1,1,2,94.7,1
2357,20,1,3,1.54,64.9,1,4.1,0,1,2,2,52.3,1
2358,18,2,2,3.92,76.6,1,9.9,2,4,0,2,74.7,1
2359,22,2,4,1.57,97.8,1,7.9,0,2,2,1,55.0,1
2360,18,0,5,3.09,58.3,0,7.9,0,2,0,0,48.1,1
2361,22,1,1,7.88,85.2,1,8.5,0,3,2,2,95.5,1
2362,23,1,4,6.12,86.7,1,6.2,0,0,1,0,99.5,1
2363,24,2,1,4.43,81.8,1,6.4,1,3,0,0,73.0,1
2364,17,1,2,7.48,75.3,1,6.6,1,2,2,0,82.8,1
2365,23,0,0,2.88,74.3,1,8.8,0,4,2,1,51.6,1
2366,17,0,5,1.39,56.9,1,4.5,0,4,0,2,35.2,1
2367,19,1,4,6.63,48.2,0,5.7,0,3,2,2,84.0,1
2368,18,2,2,0.1,60.0,1,8.7,2,2,1,2,29.8,1
2369,18,0,1,6.44,53.8,1,4.4,2,3,0,0,75.6,1
2370,18,1,3,0.17,79.2,1,9.7,1,1,2,1,57.0,1
2371,17,1,0,2.28,91.2,1,7.3,0,0,0,2,76.5,1
2372,23,0,0,2.84,49.5,1,4.7,1,4,1,2,54.5,1
2373,17,1,3,2.55,79.6,1,5.2,1,4,2,1,68.9,1
2374,20,2,5,1.95,47.3,1,5.2,0,0,0,1,47.6,1
2375,22,0,4,0.87,62.8,1,5.1,2,0,0,2,32.8,1
2376,24,0,5,0.08,50.4,1,7.1,0,4,1,2,22.2,1
2377,23,0,2,6.2,58.0,1,8.9,1,0,2,2,81.8,1
2378,18,1,3,3.66,91.5,1,5.0,1,3,1,0,77.3,1
2379,24,0,3,1.3,65.2,1,4.3,1,2,1,1,47.6,1
2380,22,0,5,0.66,46.5,1,4.2,0,2,0,0,19.599,1
2381,18,1,3,2.23,51.9,1,4.8,1,0,2,1,45.9,1
2382,20,0,6,2.83,90.6,1,5.2,2,0,2,2,56.3,1
2383,24,0,5,3.69,64.6,1,6.5,2,1,0,0,63.7,1
2384,20,1,4,0.81,96.2,1,8.5,2,3,0,0,46.1,1
2385,18,2,0,7.84,73.7,1,4.1,2,0,1,0,90.8,1
2386,24,0,0,2.15,70.4,1,5.7,2,0,0,0,43.6,1
2387,24,1,3,3.53,67.4,1,4.2,2,3,0,2,31.6,1
2388,24,0,3,5.67,86.4,0,9.9,1,0,2,2,95.9,-1
2389,24,1,2,2.48,90.1,1,8.2,2,0,2,0,45.5,1
2390,23,0,1,0.66,47.6,1,5.2,1,4,1,2,27.0,1
2391,20,1,5,3.01,64.5,0,4.6,0,3,1,0,46.5,1
2392,18,0,3,4.42,57.0,1,5.7,2,1,0,0,66.6,1
2393,21,1,6,6.73,94.0,1,8.4,0,1,2,2,95.6,1
2394,18,1,1,2.94,84.1,1,9.9,1,0,1,2,61.2,1
2395,20,1,6,7.12,57.5,1,5.6,1,4,1,0,61.8,1
2396,22,1,5,4.37,64.5,0,8.9,1,1,0,0,60.5,1
2397,24,0,0,5.74,65.2,1,9.0,1,0,1,0,75.9,1
2398,19,1,4,0.24,95.9,1,8.1,2,3,0,0,60.5,1
2399,19,1,6,7.17,68.4,1,7.1,2,2,0,1,100.0,1
2400,22,1,4,1.71,41.1,1,9.6,2,0,2,2,46.7,1
2401,17,2,6,2.61,83.8,1,7.9,2,3,2,2,51.4,1
2402,21,2,2,4.19,45.8,1,7.1,1,0,0,0,67.6,1
2403,22,1,1,7.68,77.8,1,7.7,1,1,0,0,88.5,1
2404,21,1,2,2.77,70.8,1,8.6,2,4,0,0,33.8,1
2405,20,2,0,1.76,85.8,1,4.8,2,0,2,0,65.8,1
2406,23,2,5,7.69,73.0,1,9.0,2,2,0,1,93.9,1
2407,19,2,6,6.47,50.5,1,9.1,1,0,2,1,82.1,1
2408,22,1,3,5.31,93.6,1,6.1,0,4,2,0,78.2,1
2409,20,0,0,3.28,94.2,1,4.4,0,3,1,1,60.0,1
2410,17,1,6,3.36,65.2,1,8.7,1,3,2,1,72.5,1
2411,21,0,4,7.61,76.6,1,9.3,1,4,0,2,98.8,1
2412,17,1,3,0.55,73.1,1,7.5,2,3,2,0,34.8,1
2413,24,1,2,6.06,72.1,0,8.5,0,4,0,1,79.1,1
2414,21,0,1,4.81,45.4,1,8.6,1,0,1,2,60.8,1
2415,19,2,4,7.75,69.6,1,5.7,0,2,0,0,78.4,1
2416,20,0,4,4.47,53.5,0,4.7,1,4,2,1,65.8,1
2417,21,2,3,2.24,87.9,0,9.3,2,1,0,2,78.3,1
2418,19,2,4,6.24,90.9,1,5.5,2,0,1,2,69.5,1
2419,19,2,4,7.89,41.1,1,6.6,1,3,1,0,57.6,1
2420,20,1,2,7.26,84.2,1,9.3,2,4,1,0,63.0,1
2421,19,1,5,2.36,46.9,0,5.9,0,4,2,0,34.0,1
2422,23,0,4,2.77,40.6,1,6.5,1,2,0,2,47.4,1
2423,17,2,1,6.04,40.8,1,4.2,0,2,2,1,70.7,1
2424,23,2,1,4.79,68.0,1,4.5,2,0,0,0,79.9,1
2425,19,2,6,0.09,88.8,1,8.0,1,2,2,1,70.8,1
2426,21,1,1,1.13,58.7,1,9.7,2,0,2,0,60.6,1
2427,18,0,2,0.68,95.5,1,4.7,1,3,0,2,60.4,1
2428,20,1,2,1.43,65.3,1,9.5,2,3,0,0,35.0,1
2429,23,1,1,2.44,51.3,1,4.7,1,4,2,0,47.4,1
2430,19,1,4,7.74,67.5,1,9.3,2,2,0,0,81.2,1
2431,18,2,3,5.41,77.6,1,9.3,2,4,0,0,50.4,1
2432,21,1,5,0.44,70.3,1,4.2,0,0,2,1,43.3,1
2433,18,0,1,4.86,66.4,1,6.1,2,2,2,2,56.3,1
2434,19,2,1,3.49,51.3,1,5.3,2,2,2,0,34.9,1
2435,20,2,0,6.03,82.0,0,9.9,1,0,1,2,85.7,1
2436,21,0,5,7.07,61.0,1,5.8,2,4,2,0,86.7,1
2437,22,0,3,0.52,98.2,1,7.3,0,3,1,2,55.6,1
2438,22,0,5,7.84,64.0,1,6.5,1,0,2,2,100.0,1
2439,23,2,2,0.46,53.3,1,7.2,0,0,0,0,47.6,1
2440,17,2,0,5.86,91.6,1,8.0,0,4,1,0,58.7,1
2441,19,0,3,7.23,52.5,1,6.2,2,0,2,2,58.1,1
2442,17,0,2,6.01,50.1,1,9.4,0,2,0,1,63.5,1
2443,17,0,0,1.21,83.1,1,5.4,0,3,1,2,64.2,1
2444,18,0,1,1.66,57.9,1,9.2,2,1,0,0,46.9,1
2445,21,2,3,0.33,65.0,1,7.4,0,2,1,0,39.8,1
2446,24,1,1,1.05,67.1,1,9.6,2,0,2,2,49.2,1
2447,23,2,1,0.49,87.0,1,9.0,0,2,0,1,60.2,1
2448,22,0,6,0.43,74.5,0,8.5,0,2,1,2,30.9,1
2449,23,1,1,4.5,84.5,1,6.0,2,1,1,2,54.8,1
2450,18,1,5,0.61,99.2,1,5.3,0,2,0,1,36.3,1
2451,23,0,3,3.4,82.7,1,9.4,1,4,0,0,76.1,1
2452,24,1,2,5.68,56.7,1,4.9,2,4,2,0,61.4,1
2453,17,1,0,0.12,86.0,1,4.2,0,3,1,2,26.5,1
2454,20,1,3,5.11,91.0,1,9.0,1,1,2,0,62.5,1
2455,23,2,1,6.06,65.8,1,8.9,0,4,1,0,65.3,1
2456,20,2,1,4.29,79.6,1,9.5,1,3,2,2,83.1,1
2457,23,1,4,3.8,69.4,1,8.5,0,0,2,0,56.6,1
2458,24,2,2,5.85,47.7,1,9.0,1,2,2,2,65.5,1
2459,20,0,6,4.24,83.7,0,4.8,0,4,0,2,65.1,1
2460,17,2,0,4.07,66.6,0,7.6,0,1,2,2,61.8,1
2461,19,1,0,6.41,60.8,1,9.5,2,1,1,0,72.4,1
2462,18,1,2,6.7,68.1,1,9.4,2,0,1,0,93.8,1
2463,20,1,6,2.95,74.9,1,9.4,0,0,1,2,55.4,1
2464,21,2,1,3.32,85.4,0,8.3,0,4,2,2,50.7,1
2465,20,0,5,6.41,94.5,1,6.2,0,3,1,0,72.8,1
2466,18,1,0,4.36,81.1,1,5.2,0,2,1,0,52.4,1
2467,19,2,2,5.49,99.4,1,4.5,1,3,0,2,75.6,1
2468,22,2,0,0.6,49.4,0,4.6,2,2,0,2,30.3,-1
2469,17,0,3,0.76,49.3,1,4.9,1,2,1,2,28.4,1
2470,18,2,3,4.25,87.4,1,7.4,1,0,1,2,89.1,1
2471,24,1,6,6.55,78.0,0,4.2,1,4,2,2,65.3,1
2472,17,0,3,2.53,91.7,1,5.1,2,4,1,2,44.7,1
2473,20,2,5,7.69,80.7,0,6.1,1,0,1,1,79.2,1
2474,18,0,0,6.08,40.8,0,7.9,2,3,2,2,61.4,1
2475,17,1,1,6.25,80.4,1,9.1,1,0,2,1,97.0,1
2476,20,2,3,6.67,52.7,1,6.4,1,0,2,2,100.0,1
2477,21,2,3,2.04,66.8,1,6.1,1,1,0,1,65.8,1
2478,18,2,0,2.64,81.5,1,7.1,1,1,2,2,45.6,1
2479,17,0,5,0.95,79.4,1,7.6,0,2,1,1,51.1,1
2480,18,1,6,3.04,63.0,1,6.2,1,4,1,0,48.6,1
2481,22,1,2,0.29,82.8,1,7.9,1,4,1,1,49.1,1
2482,23,2,2,6.01,96.6,1,6.4,2,2,0,1,75.7,1
2483,18,2,1,6.42,53.8,1,5.2,0,3,0,0,78.5,1
2484,19,1,4,1.71,47.2,1,9.1,2,0,1,1,40.9,1
2485,19,0,2,3.92,48.1,1,5.2,2,2,2,0,42.4,1
2486,19,0,1,5.38,67.5,1,8.7,2,0,0,1,67.3,1
2487,18,0,0,5.94,57.9,1,7.5,1,3,0,2,64.1,1
2488,17,0,0,7.76,68.0,1,8.5,1,4,2,2,79.4,1
2489,21,2,5,1.61,45.1,1,4.1,0,2,1,2,28.2,1
2490,19,2,3,1.97,54.8,1,5.3,2,3,0,1,47.9,1
2491,19,1,6,6.83,60.8,1,6.6,1,2,0,2,98.7,1
2492,19,0,5,0.78,96.0,1,9.2,0,2,2,1,45.7,1
2493,24,2,0,6.29,57.8,1,4.6,1,4,0,0,69.0,1
2494,21,1,6,1.07,42.9,1,7.4,2,2,2,2,23.1,1
2495,20,2,5,3.72,58.7,1,9.0,0,4,2,2,42.0,1
2496,18,0,3,4.74,96.2,0,4.1,2,2,1,0,65.6,-1
2497,23,0,5,6.14,65.6,1,4.2,0,0,0,2,90.9,1
2498,24,1,1,0.92,89.1,1,6.4,1,1,1,0,57.5,1
2499,17,2,1,6.59,56.0,1,4.6,1,0,1,0,78.2,1
2500,24,0,5,6.8,48.1,1,4.5,1,1,1,0,69.7,1
2501,22,0,5,6.35,69.8,1,5.3,2,4,2,2,60.1,1
2502,17,0,1,7.5,82.1,1,6.9,0,2,2,2,89.6,1
2503,23,1,5,6.98,90.7,1,6.0,0,0,0,0,86.4,1
2504,17,2,3,6.14,54.5,1,9.8,0,4,2,2,87.3,1
2505,17,1,3,4.63,99.2,0,6.7,2,2,2,2,88.1,-1
2506,17,1,5,6.47,69.4,1,7.5,2,4,0,2,66.7,1
2507,20,2,1,7.8,70.1,1,6.3,0,4,0,2,91.0,1
2508,21,1,0,5.1,91.5,1,4.6,2,0,2,2,77.6,1
2509,20,2,0,1.94,64.4,1,6.5,0,3,2,0,50.1,1
2510,17,0,3,1.98,85.4,1,6.7,2,2,1,2,41.8,1
2511,18,2,1,6.37,74.1,1,9.7,0,2,2,1,68.5,1
2512,23,1,2,7.91,48.1,1,9.4,1,2,0,2,100.0,1
2513,24,2,4,1.68,42.0,1,4.1,0,2,0,0,50.9,1
2514,23,1,2,7.76,96.1,1,5.7,2,1,1,1,79.2,1
2515,17,2,0,2.15,92.0,1,7.5,2,3,1,2,29.8,1
2516,23,0,6,3.3,99.0,1,8.2,1,0,0,2,73.8,1
2517,22,1,6,7.27,80.5,1,6.7,2,2,0,2,91.5,1
2518,21,0,1,7.69,78.7,0,8.3,2,1,0,2,86.5,1
2519,18,1,6,4.54,52.5,1,8.3,2,1,1,2,44.0,1
2520,24,1,0,7.6,78.5,1,8.3,1,3,0,2,93.2,1
2521,20,2,1,6.74,69.3,1,5.5,2,4,0,1,66.5,1
2522,17,0,3,6.93,62.6,1,4.1,1,1,1,2,88.5,1
2523,18,2,3,6.95,80.9,1,5.2,1,0,1,0,69.4,1
2524,20,2,0,3.09,45.1,1,6.1,1,0,2,0,65.6,1
2525,17,0,0,0.25,70.2,1,6.7,1,3,2,0,39.3,1
2526,19,0,2,1.32,85.5,1,4.5,2,2,1,2,45.0,1
2527,20,1,1,0.6,89.8,0,8.2,0,0,0,0,60.6,1
2528,24,1,1,1.94,69.4,1,4.9,0,2,1,0,50.8,1
2529,17,2,6,0.44,61.2,1,5.7,2,0,2,2,44.8,1
2530,21,1,3,2.22,74.3,1,5.9,0,0,2,0,44.7,1
2531,24,0,3,4.71,47.7,0,7.5,2,3,0,2,58.2,1
2532,23,1,3,1.13,45.5,0,8.4,0,0,1,0,33.4,1
2533,24,2,6,2.53,89.1,1,5.9,2,0,1,1,38.0,1
2534,18,0,5,1.79,47.6,0,9.0,2,1,0,2,51.8,1
2535,23,0,4,0.76,65.0,1,6.1,1,0,0,2,73.5,1
2536,24,2,0,5.41,64.7,1,8.8,1,3,1,2,68.5,1
2537,19,1,0,7.14,99.0,1,5.0,0,4,1,0,69.8,1
2538,20,1,6,5.73,82.3,0,6.2,2,2,1,2,78.6,1
2539,21,0,6,5.47,86.0,1,7.5,0,4,2,2,64.1,1
2540,20,1,1,7.86,80.2,1,7.0,1,4,1,2,69.6,1
2541,19,1,0,5.85,56.4,1,6.2,1,0,0,0,71.1,1
2542,24,1,0,0.38,61.7,1,5.3,0,1,0,2,59.1,1
2543,24,2,5,1.75,51.0,1,7.0,0,1,2,0,53.1,1
2544,20,1,6,5.1,72.5,0,4.6,1,2,2,1,81.5,1
2545,23,1,6,5.11,44.7,1,6.4,0,2,2,2,56.6,1
2546,20,2,5,6.66,94.2,1,4.4,1,4,0,1,74.7,1
2547,23,1,0,1.27,51.8,1,6.6,2,3,2,1,26.0,1
2548,21,1,0,7.85,52.8,1,9.8,1,3,0,2,92.2,1
2549,20,0,6,4.13,69.1,1,6.9,0,3,0,2,80.4,1
2550,18,1,0,7.36,59.2,1,7.5,1,4,0,2,83.5,1
2551,22,2,1,4.23,50.0,1,7.0,0,3,1,2,51.4,1
2552,19,0,5,1.5,99.1,1,5.3,2,1,1,0,33.5,1
2553,18,2,3,2.81,56.8,1,4.6,0,2,2,0,36.4,1
2554,18,1,2,1.77,84.4,1,6.0,2,2,2,0,32.2,1
2555,24,0,6,2.11,83.6,1,7.1,2,3,0,2,25.9,1
2556,17,1,0,7.12,54.7,1,8.2,0,3,2,2,78.3,1
2557,23,1,0,3.02,56.7,1,7.9,2,2,2,1,75.5,1
2558,23,0,3,1.46,72.1,0,7.2,0,2,0,2,67.3,1
2559,17,2,1,2.92,91.7,0,6.1,0,2,2,2,69.1,1
2560,21,1,5,4.94,84.4,1,5.6,2,1,1,2,69.6,1
2561,21,2,4,1.61,58.2,1,8.5,1,3,0,2,54.0,1
2562,19,1,3,0.41,42.6,1,9.3,0,0,2,2,47.2,1
2563,22,1,1,6.98,76.4,1,7.8,2,0,1,0,89.7,1
2564,20,0,3,1.91,68.5,1,4.6,1,1,0,0,53.8,1
2565,20,0,1,7.49,60.6,1,8.8,0,4,1,0,56.1,1
2566,20,0,6,0.38,78.8,1,7.5,0,1,1,2,49.1,1
2567,23,2,5,5.21,97.1,1,7.9,1,2,2,2,79.4,1
2568,22,1,2,5.32,94.2,1,8.2,2,2,0,1,73.3,1
2569,20,2,3,1.25,79.9,0,6.8,1,4,1,2,43.8,1
2570,24,2,5,5.32,97.6,1,7.1,0,4,1,2,73.2,1
2571,23,2,3,3.1,63.7,1,5.9,1,3,1,2,60.8,1
2572,24,1,2,3.05,46.1,1,7.8,0,2,2,2,64.4,1
2573,22,0,2,7.02,67.1,1,7.0,1,3,2,2,86.0,1
2574,20,2,5,7.62,79.6,1,6.1,1,4,0,2,100.0,1
2575,23,2,3,1.36,88.1,1,5.4,1,3,2,2,53.5,1
2576,19,2,3,5.47,96.3,1,7.8,2,3,2,2,64.2,1
2577,19,2,1,1.24,71.0,1,6.7,1,0,2,0,72.1,1
2578,20,0,1,0.28,62.4,1,5.2,2,4,0,0,19.599,1
2579,24,1,0,1.2,56.9,1,8.7,2,2,2,2,27.7,1
2580,21,1,3,5.08,76.4,1,7.2,1,1,1,0,70.3,1
2581,20,1,3,5.81,81.6,1,7.8,1,0,1,0,84.6,1
2582,20,2,6,4.06,77.9,1,7.4,1,0,1,2,75.0,1
2583,19,1,1,7.61,51.7,1,7.8,1,4,0,0,100.0,1
2584,22,0,3,6.11,66.8,1,4.5,0,4,1,1,60.2,1
2585,19,2,1,1.29,44.5,1,5.7,0,0,0,0,35.9,1
2586,21,1,2,1.66,71.2,0,8.6,1,4,0,0,61.1,1
2587,19,0,0,4.77,52.9,1,8.8,2,1,2,2,74.9,1
2588,19,0,2,2.67,93.4,0,4.3,2,3,2,2,60.6,1
2589,24,2,0,0.08,88.5,1,8.4,1,0,0,2,63.9,1
2590,19,0,4,0.19,83.9,1,5.4,1,4,1,0,38.5,1
2591,17,0,0,3.26,46.7,1,9.0,2,2,2,0,58.7,1
2592,20,2,4,4.19,66.8,1,6.3,0,2,0,1,54.1,1
2593,21,2,0,5.23,50.8,1,5.8,2,3,1,0,45.4,1
2594,17,2,0,6.11,42.6,0,5.7,1,4,0,2,59.5,1
2595,19,2,6,7.75,64.1,1,8.1,0,0,1,0,100.0,1
2596,18,2,1,6.71,58.8,1,8.1,0,3,0,0,99.8,1
2597,21,2,3,2.85,95.1,0,7.6,0,1,0,2,82.1,1
2598,22,2,5,4.28,95.6,1,9.7,1,2,0,2,85.3,1
2599,24,1,0,1.73,96.1,1,5.8,1,3,0,1,46.6,1
2600,20,0,0,7.75,40.9,1,7.7,1,1,0,2,85.1,1
2601,23,1,4,4.28,71.1,1,6.6,1,4,0,2,63.1,1
2602,18,0,2,2.0,41.1,1,7.4,2,2,1,2,33.3,1
2603,23,0,1,5.79,76.3,1,4.9,1,1,2,1,77.1,1
2604,21,2,0,3.9,70.5,0,9.5,2,0,2,0,81.4,1
2605,23,0,1,7.91,65.8,1,9.2,1,2,0,1,99.9,1
2606,23,2,3,0.6,43.2,1,9.7,0,1,1,0,34.9,1
2607,21,2,4,2.68,46.3,1,8.4,1,2,0,0,72.8,1
2608,19,2,6,7.53,58.8,1,8.2,2,3,0,0,81.4,1
2609,21,1,4,3.69,54.5,1,4.3,0,3,1,2,39.3,1
2610,23,2,4,2.49,50.7,1,6.7,2,1,0,2,32.4,1
2611,24,1,5,4.84,91.1,1,4.2,0,2,0,1,80.6,1
2612,24,0,1,5.32,41.7,1,9.6,1,3,0,1,78.8,1
2613,18,0,3,0.74,53.1,1,7.5,1,1,2,2,45.5,1
2614,21,1,5,2.08,95.0,1,4.4,1,1,2,0,64.1,1
2615,17,2,1,2.47,92.3,1,7.6,2,0,0,0,86.1,1
2616,22,2,0,1.97,61.3,1,7.9,2,1,2,1,44.3,1
2617,24,0,1,3.06,88.3,1,9.9,2,1,0,1,63.9,1
2618,17,1,6,2.68,49.1,1,7.9,1,1,0,2,69.3,1
2619,22,1,0,5.85,78.4,1,8.8,2,4,1,1,67.1,1
2620,24,1,0,4.79,93.0,1,8.7,2,3,1,1,64.6,1
2621,23,2,5,3.43,68.3,1,8.3,2,4,0,0,64.2,1
2622,20,0,6,1.6,50.0,1,4.6,1,2,2,0,35.7,1
2623,17,1,2,3.37,74.7,1,6.0,2,0,0,1,48.0,1
2624,24,0,6,1.44,84.9,1,8.5,2,3,0,0,60.0,1
2625,24,2,4,7.62,91.9,0,9.4,1,2,0,0,100.0,-1
2626,21,0,6,1.39,62.7,1,5.0,0,1,2,0,60.0,1
2627,24,0,2,6.87,57.0,1,4.1,2,2,0,0,64.8,1
2628,17,1,2,4.92,81.1,1,9.1,0,0,0,2,84.3,1
2629,21,2,0,6.49,55.0,1,5.4,2,3,2,2,43.7,1
2630,17,1,5,7.11,54.6,1,7.2,0,0,1,2,76.7,1
2631,24,2,3,6.43,50.9,1,9.9,0,3,2,0,100.0,1
2632,22,1,5,4.71,62.0,1,8.5,0,4,1,2,53.3,1
2633,24,1,1,2.14,66.4,1,5.0,2,1,2,2,60.5,1
2634,21,0,0,5.28,83.5,1,9.6,2,0,0,2,70.5,1
2635,17,1,6,0.08,46.5,1,5.3,0,3,0,0,31.8,1
2636,17,1,3,3.02,65.6,1,9.0,1,0,0,2,75.2,1
2637,19,1,5,6.86,79.5,1,4.1,2,2,0,2,89.5,1
2638,22,2,4,4.64,72.7,1,5.4,0,0,0,2,71.3,1
2639,18,2,1,2.08,87.3,1,4.7,1,4,1,2,32.2,1
2640,23,1,6,7.14,93.5,1,7.3,0,2,1,2,100.0,1
2641,18,0,6,0.12,52.8,1,7.6,2,1,0,0,22.3,1
2642,20,0,5,7.06,94.5,1,8.2,2,2,0,1,81.7,1
2643,18,0,3,6.08,93.1,1,5.8,2,3,0,2,71.8,1
2644,20,0,0,1.17,61.8,1,9.7,2,2,0,0,35.3,1
2645,20,2,0,0.5,88.8,1,4.1,1,1,2,1,37.5,1
2646,17,0,4,7.61,70.9,1,5.9,1,0,1,2,89.4,1
2647,21,0,0,0.54,88.7,1,4.4,1,1,0,1,61.4,1
2648,23,2,1,7.79,84.9,1,6.2,2,2,0,0,87.2,1
2649,24,0,2,3.37,97.7,1,9.7,1,4,0,2,65.4,1
2650,19,1,0,2.83,53.3,1,5.8,1,2,0,0,43.4,1
2651,24,1,5,5.2,84.2,0,5.8,2,0,0,2,88.9,1
2652,24,0,5,3.97,40.8,1,5.8,1,4,1,2,38.3,1
2653,24,1,5,3.12,95.3,0,9.0,2,0,0,0,79.7,1
2654,19,2,4,5.12,51.9,1,7.5,0,4,0,2,60.4,1
2655,23,0,6,2.8,62.4,0,6.5,2,1,0,0,54.1,1
2656,21,1,5,0.27,90.6,0,6.2,0,3,0,0,54.6,1
2657,17,0,5,6.6,68.7,1,8.1,0,1,0,2,85.5,1
2658,19,2,3,4.12,79.8,1,9.9,0,3,2,1,63.2,1
2659,22,2,2,5.49,61.7,1,6.7,0,0,0,0,78.9,1
2660,18,2,0,4.6,73.3,1,5.3,0,3,2,0,58.1,1
2661,20,2,5,4.91,90.7,1,6.4,0,0,2,0,92.1,1
2662,23,0,5,1.75,93.6,0,5.1,0,0,2,0,66.2,1
2663,18,2,2,7.48,67.4,1,8.0,0,0,1,2,70.3,1
2664,20,2,2,3.58,83.2,1,4.1,0,3,0,2,70.6,1
2665,18,0,4,7.36,68.0,0,6.6,1,2,2,0,91.6,1
2666,21,0,6,6.46,96.4,1,4.2,2,1,1,0,49.6,1
2667,18,2,5,5.76,83.7,1,4.2,2,4,2,0,57.8,1
2668,24,0,6,3.68,65.9,1,6.3,2,3,2,2,61.7,1
2669,17,1,2,0.18,69.9,1,8.5,0,1,2,1,42.7,1
2670,24,1,6,2.52,51.0,1,8.0,1,2,2,0,68.0,1
2671,23,0,2,5.32,96.5,1,9.4,0,0,2,0,95.5,1
2672,23,1,6,2.65,55.3,1,6.6,1,2,1,2,54.5,1
2673,23,1,6,0.79,50.9,1,5.0,2,2,0,1,39.8,1
2674,18,1,3,4.14,67.1,1,4.5,2,2,1,2,47.3,1
2675,24,0,3,1.24,83.6,0,5.5,1,2,1,2,61.4,1
2676,21,0,3,2.45,81.0,1,7.0,1,0,0,1,73.8,1
2677,24,0,3,4.02,55.3,1,5.7,2,2,0,2,58.4,1
2678,24,0,5,0.93,55.9,1,8.6,1,1,2,2,58.7,1
2679,21,2,1,0.9,54.1,1,8.0,1,0,0,2,64.4,1
2680,19,1,1,1.68,76.2,1,6.6,2,0,0,2,60.4,1
2681,17,0,6,4.73,97.4,1,8.3,2,3,1,1,60.5,1
2682,17,0,5,7.47,93.4,1,6.8,1,1,1,2,86.5,1
2683,20,1,3,1.91,70.3,1,4.3,2,1,0,2,43.6,1
2684,23,1,1,5.76,62.7,1,8.4,2,0,2,0,56.9,1
2685,21,1,6,1.52,63.7,1,8.0,0,3,2,0,51.2,1
2686,20,1,6,5.08,88.4,1,7.1,0,2,0,2,77.4,1
2687,18,1,0,1.1,79.0,0,4.9,2,2,2,1,45.0,1
2688,21,1,3,6.76,42.5,0,7.1,2,0,1,1,60.9,1
2689,22,1,0,5.94,44.5,0,5.6,1,2,2,1,85.1,1
2690,24,2,5,5.45,68.9,1,9.8,2,0,1,0,59.1,1
2691,22,2,4,0.12,71.9,1,6.8,0,0,2,2,20.9,1
2692,21,0,3,6.69,97.6,1,8.7,2,0,1,2,98.6,1
2693,24,1,6,1.21,48.5,0,7.4,2,2,1,1,19.599,-1
2694,20,2,4,4.27,88.5,1,8.9,2,4,1,2,51.1,1
2695,24,1,3,6.21,93.7,1,6.8,1,3,1,1,62.2,1
2696,19,1,6,5.05,62.7,1,7.5,0,3,2,1,75.5,1
2697,18,0,3,6.55,49.7,1,6.9,0,3,0,2,80.0,1
2698,20,0,0,5.67,54.8,1,9.7,1,0,0,1,95.9,1
2699,18,1,0,6.05,79.8,1,4.8,2,4,2,2,78.7,1
2700,17,2,1,2.39,44.2,1,6.1,2,3,0,2,46.9,1
2701,24,1,1,3.03,93.1,1,7.3,2,4,0,0,57.1,1
2702,23,1,2,4.01,85.4,1,4.5,1,1,0,0,73.5,1
2703,18,0,5,4.69,87.7,1,9.0,2,4,1,1,71.4,1
2704,23,0,4,5.53,84.4,1,9.2,2,0,1,0,81.5,1
2705,17,2,6,4.44,47.7,1,5.2,1,3,0,1,53.9,1
2706,19,1,4,5.68,83.9,1,9.6,2,3,0,2,78.3,1
2707,22,0,2,1.21,76.0,1,7.7,2,3,0,2,46.8,1
2708,19,1,4,3.16,43.1,1,7.6,0,0,1,1,60.8,1
2709,22,1,1,7.31,57.1,1,6.1,1,2,2,2,85.5,1
2710,23,0,2,1.74,65.4,1,7.4,2,2,0,2,51.1,1
2711,17,2,4,1.15,72.6,1,5.5,0,2,1,2,34.0,1
2712,17,1,2,5.96,50.8,1,4.2,0,0,2,2,74.1,1
2713,24,2,0,1.56,71.6,1,8.4,1,2,1,2,49.2,1
2714,21,0,6,3.66,97.5,1,9.7,1,3,1,0,78.3,1
2715,21,0,1,5.69,61.3,1,4.5,0,3,2,2,61.9,1
2716,20,2,4,3.88,49.1,0,7.6,0,4,2,0,43.8,1
2717,20,1,0,7.21,68.1,1,5.5,0,2,0,1,82.1,1
2718,22,1,2,7.03,67.0,1,6.2,0,0,2,2,79.5,1
2719,21,2,1,4.02,95.0,1,5.7,1,4,2,0,66.8,1
2720,18,1,2,7.69,67.7,1,4.4,1,1,1,2,78.5,1
2721,22,2,1,2.33,54.6,1,9.9,0,0,0,2,61.5,1
2722,22,2,1,1.87,53.5,1,7.4,2,4,2,0,20.8,1
2723,17,2,6,5.36,42.1,1,7.4,0,2,2,2,75.5,1
2724,20,0,5,4.58,84.5,1,7.5,1,3,2,0,69.3,1
2725,23,0,0,2.01,56.1,1,4.5,2,4,2,2,49.4,1
2726,21,2,5,2.97,87.3,1,6.4,2,2,1,2,58.9,1
2727,18,1,1,1.86,73.0,1,9.5,2,0,2,2,44.7,1
2728,17,1,4,1.9,82.7,1,7.3,2,2,2,1,42.5,1
2729,21,0,1,2.94,52.2,1,6.4,1,0,1,1,59.7,1
2730,20,0,4,7.39,49.3,1,5.3,2,1,0,2,60.7,1
2731,24,2,0,6.68,65.1,1,5.5,1,1,1,2,85.0,1
2732,21,2,6,4.1,61.4,1,8.8,1,4,1,2,66.0,1
2733,24,0,5,3.82,70.4,1,7.8,0,2,1,2,82.9,1
2734,18,1,0,0.25,84.9,1,6.0,1,0,1,2,56.1,1
2735,20,1,2,3.7,94.5,1,9.4,0,4,0,2,64.1,1
2736,18,2,0,4.99,75.7,0,4.1,2,2,1,0,65.9,1
2737,21,0,1,6.23,53.6,1,8.6,2,2,1,0,66.0,1
2738,18,0,0,2.85,57.7,0,7.2,0,0,1,0,54.4,1
2739,20,0,4,7.36,94.3,1,9.4,2,1,0,2,97.3,1
2740,19,2,6,6.72,52.6,0,9.3,2,3,2,2,60.2,1
2741,18,1,2,0.66,45.7,1,5.9,0,0,1,2,39.9,1
2742,17,1,3,7.22,95.3,1,4.2,0,3,1,0,86.0,1
2743,21,2,1,1.78,41.6,1,9.2,1,0,1,1,53.3,1
2744,24,0,3,7.39,84.9,1,9.0,0,0,1,2,74.2,1
2745,18,2,4,5.05,48.7,1,5.0,1,2,0,0,69.9,1
2746,20,1,5,3.3,80.0,0,7.2,0,3,2,1,45.4,1
2747,18,1,3,3.49,51.2,1,6.3,1,2,1,0,41.3,1
2748,23,2,1,4.5,93.8,1,8.4,0,2,0,1,70.2,1
2749,20,2,6,6.75,43.0,1,9.2,0,1,0,2,73.2,1
2750,24,1,0,6.7,58.3,1,7.7,1,4,1,0,70.4,1
2751,18,2,3,3.32,87.0,1,9.7,2,3,1,0,72.3,1
2752,17,1,4,6.79,74.0,1,4.3,2,1,1,1,74.8,1
2753,21,1,1,3.78,65.3,1,6.4,0,0,1,0,73.5,1
2754,22,2,6,3.34,66.1,0,6.1,1,0,0,0,80.1,1
2755,24,1,2,1.95,70.1,1,5.5,0,4,1,2,28.6,1
2756,23,1,1,6.62,99.4,1,6.2,0,0,0,2,90.7,1
2757,24,1,6,4.96,80.4,1,4.8,2,0,0,1,47.6,1
2758,22,0,3,3.45,69.2,1,7.0,1,0,0,2,74.3,1
2759,19,1,6,5.3,59.3,1,5.9,0,1,2,1,78.2,1
2760,20,1,6,6.89,70.2,1,7.5,1,1,0,1,88.8,1
2761,18,1,6,1.58,95.4,0,6.6,1,2,0,2,55.5,1
2762,20,0,5,3.14,53.1,1,4.1,0,3,2,2,36.3,1
2763,19,0,4,3.04,60.7,0,7.2,1,1,0,2,66.1,1
2764,17,1,4,0.61,43.9,1,7.3,2,3,1,0,19.599,1
2765,18,0,4,2.67,77.8,1,9.1,2,4,2,0,61.5,1
2766,21,0,1,6.09,86.0,1,5.7,2,1,2,1,80.4,1
2767,19,0,5,2.03,77.9,1,8.5,2,3,2,2,45.7,1
2768,24,0,1,6.49,88.7,1,9.3,2,2,1,2,68.7,1
2769,20,1,3,7.64,86.2,1,8.1,1,2,1,2,99.8,1
2770,24,0,0,1.79,98.3,1,4.7,2,2,0,2,49.6,1
2771,22,2,5,3.28,67.1,1,6.5,0,2,2,1,63.0,1
2772,17,1,1,1.05,45.0,1,6.4,1,0,0,1,56.9,1
2773,18,1,1,5.54,72.1,1,5.5,0,2,0,2,70.5,1
2774,22,1,5,3.86,86.3,1,6.0,2,3,0,2,78.3,1
2775,21,2,3,4.71,64.4,1,8.2,1,4,1,2,61.5,1
2776,19,2,5,6.23,67.0,0,6.3,2,3,2,1,76.0,1
2777,21,2,6,6.21,84.2,1,5.2,0,1,0,0,88.6,1
2778,24,1,5,4.13,41.0,1,8.8,2,4,2,0,44.5,1
2779,20,0,0,7.06,79.4,1,6.3,2,4,0,2,66.9,1
2780,17,1,1,7.46,82.4,1,6.6,0,3,1,0,80.8,1
2781,19,2,6,5.05,98.2,1,4.5,0,1,0,2,85.4,1
2782,24,0,0,0.31,83.8,1,8.7,1,1,1,0,45.3,1
2783,23,0,5,6.21,47.9,1,4.5,0,3,0,0,62.3,1
2784,23,0,5,7.14,69.9,1,7.4,2,4,1,0,74.0,1
2785,24,2,3,4.45,64.4,0,8.6,2,2,2,2,64.9,1
2786,17,2,1,5.6,64.1,1,4.7,1,4,1,2,56.5,1
2787,19,2,3,2.85,87.1,1,5.8,0,2,2,0,46.9,1
2788,17,0,1,4.02,74.9,1,9.9,1,1,1,0,74.2,1
2789,17,2,0,6.38,83.9,1,6.7,2,3,0,2,70.1,1
2790,23,2,0,7.01,84.7,1,7.5,0,1,1,0,76.2,1
2791,24,0,3,0.92,81.3,1,9.2,2,1,1,2,51.5,1
2792,18,2,1,0.14,85.5,1,9.4,1,1,0,2,82.3,1
2793,22,2,5,2.99,53.1,1,6.0,0,4,2,1,66.1,1
2794,21,2,2,3.13,45.9,1,9.1,2,0,1,2,49.7,1
2795,17,1,6,6.19,49.7,0,5.9,0,3,1,0,75.3,1
2796,24,2,0,0.08,88.5,1,8.8,1,0,0,1,49.6,1
2797,23,0,3,6.11,97.4,1,8.8,1,3,1,2,83.4,1
2798,21,1,6,4.29,96.2,1,7.5,1,1,0,0,77.5,1
2799,22,0,4,5.58,40.8,1,7.9,2,0,1,1,54.7,1
2800,20,2,2,4.07,99.4,1,7.4,2,3,1,0,64.5,1
2801,23,2,4,6.33,93.2,1,4.7,1,1,2,1,88.6,1
2802,20,2,3,3.5,51.9,1,6.6,0,2,1,1,46.5,1
2803,24,2,6,2.77,73.4,0,4.7,2,1,2,2,48.1,1
2804,17,0,3,5.09,99.1,1,4.3,2,4,0,2,61.5,1
2805,18,2,6,3.56,68.3,1,7.0,2,0,2,2,32.9,1
2806,24,1,3,2.43,97.2,1,5.6,2,0,1,2,59.3,1
2807,19,1,1,7.31,72.6,1,6.1,2,0,1,1,83.7,1
2808,19,1,3,5.79,60.7,1,7.8,2,4,0,0,76.0,1
2809,23,2,6,1.58,49.6,0,6.8,1,2,1,2,30.2,1
2810,18,0,2,5.92,46.2,1,7.4,2,0,0,2,57.6,1
2811,21,2,0,2.02,82.4,1,8.0,1,1,2,2,39.0,1
2812,19,0,2,3.45,59.7,0,8.0,1,4,2,0,62.3,1
2813,18,0,5,1.74,64.5,1,8.1,1,4,1,2,38.7,1
2814,24,2,3,0.91,96.2,1,6.7,2,1,2,2,39.6,1
2815,18,0,5,3.19,52.0,0,8.2,1,0,0,0,74.6,1
2816,17,0,6,4.44,62.4,1,5.6,2,1,0,2,72.2,1
2817,22,1,5,2.42,94.6,1,8.6,1,3,1,2,57.3,1
2818,23,0,0,0.6,96.4,1,8.8,1,0,2,0,74.1,1
2819,18,1,6,2.0,88.2,1,9.4,0,2,0,0,70.9,1
2820,22,1,3,1.97,63.0,1,9.7,2,2,2,2,63.6,1
2821,21,1,6,4.73,47.5,1,7.1,2,2,2,2,59.4,1
2822,23,1,6,2.26,87.4,0,7.2,1,3,2,2,54.2,1
2823,18,1,1,4.27,90.3,1,6.3,0,2,1,0,61.3,1
2824,24,1,5,3.76,82.9,0,8.7,2,2,2,0,79.7,1
2825,21,1,4,2.13,60.2,1,5.6,1,4,2,2,66.7,1
2826,23,2,5,5.93,79.1,1,7.8,1,2,1,0,71.9,1
2827,19,1,1,5.34,82.1,1,7.4,2,3,2,2,49.7,1
2828,24,0,3,5.44,93.2,1,5.7,0,1,0,2,83.9,1
2829,22,1,1,3.47,48.3,1,5.6,0,2,2,2,39.0,1
2830,18,2,6,2.53,55.8,1,5.0,2,4,1,1,20.6,1
2831,24,1,6,4.73,64.2,1,8.4,0,4,1,2,51.2,1
2832,23,2,4,7.67,88.7,1,8.9,1,1,1,0,87.6,1
2833,19,0,2,3.47,93.6,1,5.1,2,1,2,2,41.8,1
2834,21,2,4,5.32,56.7,0,9.4,1,2,2,2,83.6,1
2835,20,0,3,3.54,70.2,1,5.2,0,1,1,0,49.2,1
2836,21,0,5,7.46,76.5,1,4.6,0,3,1,0,80.0,1
2837,24,2,2,2.12,49.9,1,9.3,2,4,0,1,36.4,1
2838,24,2,0,3.67,87.5,1,9.5,2,3,2,0,64.2,1
2839,18,0,0,3.95,68.3,1,5.0,0,1,0,2,59.9,1
2840,24,2,6,5.83,93.7,1,5.1,0,2,1,2,81.5,1
2841,20,2,0,5.77,72.9,1,5.8,0,2,1,2,58.5,1
2842,22,2,6,5.92,90.0,0,4.4,1,0,2,1,97.4,-1
2843,23,2,6,5.86,42.9,1,6.5,2,3,2,2,55.3,1
2844,20,1,4,3.76,66.3,0,8.3,0,2,1,2,51.9,1
2845,20,0,1,1.24,65.1,1,4.5,2,4,1,2,29.8,1
2846,20,0,1,6.96,51.6,0,5.8,0,0,0,1,93.7,1
2847,23,2,2,2.6,73.7,1,6.1,1,2,1,2,64.0,1
2848,20,1,5,0.88,85.0,1,9.7,0,2,1,2,59.5,1
2849,19,2,5,1.03,69.6,1,8.5,2,0,2,0,48.9,1
2850,19,1,0,3.96,89.9,1,6.2,0,2,0,1,64.8,1
2851,18,0,5,3.41,57.6,1,5.2,2,4,2,0,41.6,1
2852,20,2,4,5.31,57.9,1,9.2,1,4,1,2,67.3,1
2853,17,1,5,4.89,50.0,0,5.7,0,2,0,2,74.9,1
2854,17,2,2,0.86,87.0,1,7.7,2,0,1,0,40.0,1
2855,22,2,1,2.37,48.9,1,8.1,2,0,1,0,55.5,1
2856,17,1,5,7.17,49.0,0,8.7,2,1,1,2,76.1,1
2857,21,1,0,6.13,40.6,0,7.7,0,2,0,2,84.6,1
2858,23,1,6,6.96,63.3,0,6.4,1,3,2,2,87.3,1
2859,22,2,6,0.18,66.2,1,4.9,0,0,0,2,45.3,1
2860,20,2,2,7.3,67.1,1,5.2,1,0,2,2,84.4,1
2861,18,0,0,6.89,86.0,1,7.5,0,4,2,2,96.7,1
2862,24,1,5,3.62,64.9,1,6.9,2,3,2,1,56.1,1
2863,23,1,2,5.39,40.6,1,6.3,2,4,2,0,35.7,1
2864,21,1,6,2.18,76.6,1,7.2,0,1,1,1,61.0,1
2865,17,0,2,5.27,50.3,0,9.2,1,1,1,2,66.4,1
2866,17,2,2,6.39,41.5,1,4.3,2,1,2,1,59.8,1
2867,19,1,3,3.87,86.6,1,4.8,1,4,2,2,84.6,1
2868,18,2,1,0.23,54.8,1,4.1,2,1,0,2,25.8,1
2869,23,1,4,3.33,85.3,1,5.9,2,1,2,0,36.3,1
2870,18,0,0,5.8,78.5,1,5.0,1,0,2,1,87.1,1
2871,19,2,1,5.63,93.0,1,5.7,2,0,0,2,78.7,1
2872,24,0,5,3.89,61.5,0,4.5,2,3,0,1,48.9,1
2873,23,0,1,7.89,79.0,1,6.1,1,3,1,2,78.9,1
2874,18,0,3,0.94,74.1,1,6.4,0,3,0,2,29.9,1
2875,20,0,1,1.27,87.0,1,9.6,1,0,2,2,74.1,1
2876,21,1,2,2.07,59.8,1,7.4,2,0,0,2,68.6,1
2877,22,1,1,6.43,76.0,1,9.1,0,2,1,0,84.7,1
2878,24,2,1,6.1,72.5,1,7.7,2,2,2,2,65.4,1
2879,23,2,0,6.18,42.6,1,6.7,0,2,2,2,66.5,1
2880,24,2,3,7.04,42.0,1,9.3,1,1,1,0,99.8,1
2881,17,1,2,3.54,94.2,1,8.6,2,1,1,2,67.0,1
2882,18,1,2,2.55,78.4,1,4.2,2,1,2,0,46.7,1
2883,21,1,2,4.8,76.8,0,5.3,0,1,2,2,53.6,1
2884,17,1,4,3.28,84.6,1,9.9,1,0,1,2,76.5,1
2885,19,0,6,4.19,40.9,0,8.6,0,2,1,2,49.3,1
2886,18,1,2,1.12,53.9,1,6.5,2,0,2,1,47.9,1
2887,24,2,2,3.17,79.0,1,7.5,0,0,2,0,67.2,1
2888,17,1,5,3.78,83.1,1,8.6,2,3,0,2,77.6,1
2889,18,0,5,0.7,77.8,1,6.4,1,0,0,2,74.1,1
2890,18,1,5,7.91,64.7,1,4.3,1,1,2,2,66.7,1
2891,18,0,1,0.3,75.3,1,7.7,1,3,1,2,46.2,1
2892,21,1,6,7.36,82.0,1,4.7,0,1,1,0,93.0,1
2893,19,0,4,0.64,64.4,1,5.5,1,4,0,0,54.3,1
2894,24,2,1,6.87,73.8,1,7.1,0,3,1,2,52.1,1
2895,19,2,2,4.39,44.7,1,8.8,2,1,2,2,71.1,1
2896,21,1,4,1.57,50.2,1,5.3,1,2,1,2,26.4,1
2897,22,0,5,1.85,86.4,1,5.2,2,2,1,2,27.2,1
2898,22,2,5,2.81,62.8,1,6.5,0,3,1,0,28.6,1
2899,23,0,4,6.35,86.7,1,4.8,1,0,0,0,100.0,1
2900,18,0,3,1.18,80.5,1,5.5,2,3,0,1,33.9,1
2901,21,0,4,1.94,61.8,1,5.8,1,3,2,0,40.2,1
2902,23,2,2,5.54,86.3,1,8.7,1,0,2,0,85.8,1
2903,23,0,0,4.91,47.6,1,8.0,2,1,0,2,71.0,1
2904,21,2,2,3.37,49.6,1,6.2,0,1,0,1,59.9,1
2905,22,2,5,0.48,64.5,1,9.7,0,4,0,2,30.8,1
2906,23,0,4,4.47,79.3,1,5.7,1,3,2,2,61.4,1
2907,21,1,5,1.83,57.9,0,7.0,2,2,2,2,25.9,1
2908,24,1,3,4.9,59.4,1,7.7,2,3,2,2,50.5,1
2909,18,0,6,2.2,91.7,1,9.7,0,2,2,0,69.0,1
2910,19,2,6,7.84,94.0,0,9.1,1,1,1,1,93.6,-1
2911,17,0,4,4.72,94.8,1,6.2,2,2,2,2,59.2,1
2912,17,1,5,4.57,41.3,1,7.0,0,4,2,1,61.2,1
2913,20,2,4,6.69,87.9,0,6.7,2,3,2,2,77.3,1
2914,18,1,5,7.91,85.7,1,5.8,1,2,0,2,90.8,1
2915,20,0,1,6.23,55.5,1,6.9,0,0,1,0,88.2,1
2916,20,1,6,4.75,53.6,1,4.5,0,2,1,2,58.3,1
2917,21,1,1,6.91,42.1,1,4.3,1,1,0,2,73.0,1
2918,24,2,4,1.45,89.3,1,4.4,2,2,0,2,54.8,1
2919,23,2,4,6.11,76.5,1,4.8,2,1,1,2,49.0,1
2920,20,1,2,5.44,41.0,1,5.7,0,1,0,1,46.5,1
2921,19,1,5,4.51,53.5,1,7.8,2,0,1,2,50.9,1
2922,23,0,2,6.93,89.8,1,9.0,1,0,2,1,100.0,1
2923,17,2,3,5.68,76.1,1,8.7,2,1,0,2,68.4,1
2924,21,0,5,5.73,91.3,1,6.0,1,1,0,0,82.4,1
2925,20,2,2,7.28,48.8,1,4.3,0,2,1,2,88.1,1
2926,18,0,0,5.6,97.2,1,4.3,1,3,2,0,63.8,1
2927,21,0,3,2.04,52.4,1,8.8,2,2,1,2,48.6,1
2928,19,1,6,1.47,58.2,1,9.2,0,2,2,0,36.2,1
2929,18,2,0,4.11,95.6,1,9.6,1,2,2,1,91.9,1
2930,22,2,2,1.88,58.8,1,9.8,2,4,0,2,38.0,1
2931,18,1,2,5.6,75.7,1,9.1,1,1,1,0,75.3,1
2932,22,2,1,6.74,60.6,1,6.1,2,3,2,2,57.7,1
2933,18,2,6,2.33,84.4,0,6.8,2,1,1,1,32.7,1
2934,20,0,5,7.31,58.7,1,9.0,1,0,0,1,85.7,1
2935,23,2,0,5.98,66.5,1,9.4,2,4,0,0,70.6,1
2936,18,0,5,7.91,45.0,1,6.2,0,4,1,2,63.1,1
2937,23,1,6,1.59,95.3,1,7.8,1,2,0,1,56.6,1
2938,22,2,6,3.69,94.4,1,5.1,0,1,2,2,68.8,1
2939,24,1,2,5.12,88.3,1,4.1,0,3,2,1,49.3,1
2940,18,2,2,6.1,92.4,1,6.1,1,2,2,1,89.5,1
2941,22,1,5,7.3,76.2,1,9.5,2,0,0,2,88.3,1
2942,24,0,0,7.13,45.1,1,7.9,2,1,1,2,68.6,1
2943,23,2,1,1.89,44.2,1,9.4,2,1,1,1,47.8,1
2944,18,0,4,3.38,87.2,0,6.2,0,2,2,2,59.0,1
2945,23,2,0,5.75,71.0,0,4.3,1,0,1,1,73.1,1
2946,17,1,6,1.06,56.6,1,6.2,1,3,0,1,50.9,1
2947,21,1,4,7.67,42.2,1,6.6,1,2,0,2,85.1,1
2948,20,1,1,5.98,99.0,1,8.0,2,1,1,2,83.0,1
2949,21,1,6,6.63,45.8,1,9.8,0,3,0,0,67.3,1
2950,21,1,4,7.26,61.9,1,5.9,0,4,0,0,83.4,1
2951,17,0,0,1.42,80.8,1,8.5,0,4,2,2,50.9,1
2952,21,1,1,3.38,77.4,1,9.3,2,1,2,2,61.5,1
2953,24,2,3,5.21,47.6,1,5.5,0,2,2,2,56.5,1
2954,20,1,5,6.58,77.2,1,8.7,1,3,0,2,86.0,1
2955,19,2,5,5.9,60.2,1,9.7,2,2,1,0,57.0,1
2956,24,2,2,0.97,50.2,1,8.7,0,1,0,1,47.7,1
2957,17,2,3,5.17,77.0,1,6.4,2,4,2,0,62.8,1
2958,20,2,6,2.35,94.0,1,7.5,0,1,1,2,56.5,1
2959,21,2,4,3.25,85.1,1,8.5,1,3,2,2,58.6,1
2960,20,2,2,7.91,49.7,1,8.8,0,4,0,0,87.2,1
2961,24,0,6,1.26,50.4,1,8.3,1,4,0,2,34.8,1
2962,20,0,4,0.84,68.2,1,9.9,1,3,1,2,51.9,1
2963,24,0,3,3.27,41.3,1,9.2,0,4,2,2,31.7,1
2964,17,0,5,6.91,41.2,1,5.3,0,0,1,1,88.7,1
2965,22,0,4,1.3,55.1,1,9.9,1,4,1,0,70.9,1
2966,21,1,1,0.64,46.4,1,8.2,0,3,0,1,46.2,1
2967,18,2,5,3.35,72.8,1,9.5,1,4,2,0,64.2,1
2968,18,2,1,5.06,42.6,1,7.0,0,1,2,2,49.8,1
2969,22,2,1,1.24,54.6,0,9.4,2,0,0,2,40.5,1
2970,22,1,4,6.44,43.5,1,9.9,2,2,2,1,66.2,1
2971,21,2,2,6.77,71.8,1,8.9,2,3,2,2,81.7,1
2972,17,0,4,4.18,61.2,1,8.8,0,0,0,2,73.3,1
2973,21,1,3,0.24,45.0,0,5.3,0,0,2,1,66.4,1
2974,24,2,5,4.13,61.3,1,4.8,2,0,1,2,50.3,1
2975,17,2,1,1.71,40.6,0,8.6,0,4,0,2,37.6,-1
2976,20,2,4,3.57,89.5,1,8.2,0,0,0,0,77.6,1
2977,20,0,3,6.08,61.8,1,7.7,0,3,1,0,69.4,1
2978,24,1,1,0.44,80.0,1,6.7,0,4,2,1,33.5,1
2979,19,1,3,0.08,82.5,1,4.4,0,3,0,0,49.0,1
2980,20,2,6,1.07,73.3,1,7.4,1,4,1,1,27.5,1
2981,22,2,5,0.36,75.3,1,7.2,2,1,0,1,54.1,1
2982,17,1,1,2.08,65.7,1,8.3,2,1,2,0,46.8,1
2983,23,2,5,3.23,64.4,1,4.5,1,1,0,0,55.1,1
2984,23,1,3,6.24,58.4,0,6.4,2,4,1,1,71.2,1
2985,22,2,2,0.24,44.3,1,6.5,0,3,2,1,32.1,1
2986,22,1,6,2.81,61.0,0,6.8,0,2,1,0,41.0,1
2987,22,2,3,7.44,67.8,1,4.2,1,4,2,1,73.6,1
2988,23,1,6,4.61,48.0,1,7.5,2,3,2,2,45.9,1
2989,24,0,2,6.61,94.5,1,5.2,0,4,1,2,81.6,1
2990,20,2,1,3.87,40.6,1,9.5,2,3,2,2,53.2,1
2991,20,2,6,0.78,53.4,1,7.8,2,3,0,2,31.2,1
2992,22,0,1,1.5,80.8,1,9.0,1,4,2,0,57.2,1
2993,18,2,3,6.06,89.4,1,7.0,2,2,0,2,100.0,1
2994,23,1,4,6.91,68.4,1,6.2,1,3,2,1,70.1,1
2995,23,0,6,3.74,75.3,1,5.5,2,0,2,2,59.5,1
2996,22,2,0,3.94,56.4,1,6.4,2,1,2,2,55.8,1
2997,19,1,5,3.6,97.3,0,9.5,0,2,0,2,92.3,-1
2998,19,0,5,0.15,78.6,0,9.6,0,3,0,2,46.9,1
2999,20,0,4,0.76,47.9,1,9.6,2,1,2,2,19.599,1
3000,22,0,3,7.91,84.2,1,8.6,2,0,0,2,100.0,1
3001,23,2,2,0.34,47.7,1,5.1,0,2,1,2,39.3,1
3002,22,0,1,2.79,64.2,1,8.3,1,1,2,0,56.4,1
3003,24,2,3,5.53,69.5,1,6.0,1,2,2,0,81.0,1
3004,24,0,0,3.4,83.3,0,6.6,1,2,2,1,86.7,1
3005,22,2,1,7.86,99.4,1,6.8,2,4,0,1,92.3,1
3006,19,0,4,0.26,62.3,1,5.5,1,2,1,0,41.5,1
3007,21,2,3,7.0,80.5,0,5.2,0,4,1,0,76.8,1
3008,20,0,5,1.08,80.3,0,4.6,2,0,2,2,38.5,1
3009,22,2,3,1.64,51.1,1,6.6,1,4,1,1,35.1,1
3010,23,2,0,4.23,78.6,1,7.6,1,2,1,2,81.6,1
3011,19,1,2,6.97,92.8,0,9.3,2,4,2,2,77.3,1
3012,21,1,2,3.31,73.3,1,4.1,2,1,2,1,58.5,1
3013,17,1,3,2.35,68.8,0,4.3,2,1,2,1,40.1,1
3014,22,0,0,3.21,78.9,1,8.5,1,4,2,2,61.2,1
3015,20,0,5,0.75,88.4,1,8.7,2,1,0,2,67.7,1
3016,20,1,4,6.71,53.5,1,4.2,2,4,1,2,56.7,1
3017,21,2,1,7.32,49.8,1,8.6,1,0,0,2,79.5,1
3018,18,2,5,5.41,79.1,1,7.4,2,0,1,0,73.5,1
3019,21,0,3,3.56,42.1,0,5.9,2,0,2,0,30.6,1
3020,22,1,6,4.91,89.5,1,7.9,2,1,2,0,80.6,1
3021,19,2,6,4.41,58.1,1,5.8,2,1,2,2,36.2,1
3022,18,1,6,0.41,46.7,1,6.6,2,1,1,2,19.599,1
3023,20,1,2,3.16,85.9,1,6.9,1,0,0,2,96.5,1
3024,18,2,3,5.25,53.4,1,5.8,2,0,0,0,65.6,1
3025,19,2,2,6.78,64.1,1,6.0,2,4,2,1,74.9,1
3026,22,0,6,2.87,64.8,1,9.3,1,4,2,2,55.5,1
3027,17,1,4,6.55,89.2,1,6.4,2,0,1,2,86.0,1
3028,22,1,1,6.06,55.9,1,5.7,0,0,2,1,65.8,1
3029,18,2,4,7.43,78.0,0,7.0,2,3,0,2,80.2,1
3030,24,1,3,7.91,99.4,1,4.8,2,1,2,1,73.0,1
3031,22,2,3,0.33,76.0,1,7.4,1,4,2,0,46.9,1
3032,19,0,3,3.5,48.5,1,9.0,0,1,0,2,65.6,1
3033,21,0,6,6.19,57.0,1,6.9,1,0,0,2,87.4,1
3034,17,2,5,6.59,72.1,1,4.1,0,4,1,1,69.6,1
3035,17,0,0,0.66,59.3,1,9.4,2,2,2,2,28.0,1
3036,24,0,5,4.85,71.0,1,8.5,0,2,2,2,82.1,1
3037,23,0,2,7.19,72.6,1,9.8,1,3,2,0,98.1,1
3038,18,1,1,1.82,84.1,1,8.8,2,4,2,2,55.1,1
3039,19,0,2,2.78,77.4,0,9.2,1,4,0,0,54.2,1
3040,18,0,6,3.16,81.9,1,9.5,1,3,0,1,82.0,1
3041,20,1,2,3.16,53.1,1,5.5,2,0,0,2,59.7,1
3042,19,0,6,4.49,65.4,0,9.9,0,3,1,0,58.4,1
3043,19,0,5,0.49,89.5,1,5.5,0,2,2,0,48.2,1
3044,21,1,6,6.23,85.1,1,9.9,2,3,1,2,67.7,1
3045,18,2,5,0.98,50.9,1,8.8,2,1,0,1,38.2,1
3046,24,2,3,6.51,43.8,1,8.4,1,1,1,2,74.6,1
3047,22,0,5,0.14,79.2,1,5.4,1,1,2,2,45.3,1
3048,23,1,6,6.3,66.6,1,5.8,0,3,1,2,87.5,1
3049,18,0,6,2.84,64.6,1,4.9,2,0,2,0,50.1,1
3050,22,2,5,5.25,41.5,1,5.8,0,0,0,0,68.0,1
3051,23,1,5,1.43,62.9,1,9.5,0,0,0,2,45.9,1
3052,18,2,4,4.3,50.7,1,6.8,0,4,2,2,54.8,1
3053,23,2,6,2.39,42.1,1,9.7,2,0,2,2,44.7,1
3054,19,1,3,0.08,63.9,1,7.5,2,0,2,2,30.6,1
3055,23,1,3,5.8,89.5,1,4.1,2,0,2,0,86.1,1
3056,20,2,5,1.05,93.5,1,6.0,0,0,2,2,67.3,1
3057,23,2,1,7.52,54.3,1,6.0,1,3,2,1,81.3,1
3058,18,2,5,4.35,56.5,1,6.6,0,3,2,0,54.2,1
3059,20,0,2,0.08,45.9,1,8.0,0,0,2,2,44.0,1
3060,19,0,4,7.56,94.6,1,5.6,0,3,2,2,100.0,1
3061,18,0,2,1.06,43.9,1,6.4,2,4,2,2,37.7,1
3062,19,0,6,6.67,96.2,0,9.9,1,0,0,2,100.0,-1
3063,20,2,5,2.63,78.5,1,6.2,2,0,1,2,61.5,1
3064,18,1,1,4.54,87.2,1,7.0,2,3,0,0,74.7,1
3065,22,1,1,6.69,53.2,1,7.1,0,1,1,2,84.7,1
3066,21,1,4,0.4,76.5,1,5.2,0,1,0,0,61.7,1
3067,23,2,6,5.44,46.5,1,7.0,2,0,1,0,57.5,1
3068,22,2,0,1.19,79.5,1,5.3,0,3,2,2,51.8,1
3069,18,1,6,5.73,76.0,1,4.6,0,3,1,2,54.9,1
3070,17,1,3,1.29,89.4,1,8.8,1,3,0,1,65.2,1
3071,20,1,3,0.18,78.7,0,8.3,0,4,2,0,43.9,1
3072,20,1,0,1.24,98.3,1,5.6,1,2,0,1,64.4,1
3073,18,0,1,5.01,69.4,1,4.8,2,1,2,2,66.1,1
3074,23,0,0,7.89,73.1,1,9.9,1,2,1,2,94.4,1
3075,21,0,1,7.76,44.6,1,9.5,0,1,1,0,73.1,1
3076,22,1,0,5.97,46.5,1,6.2,0,2,0,0,58.8,1
3077,17,0,0,6.6,50.4,1,7.9,0,4,0,2,66.0,1
3078,23,2,2,6.99,47.1,1,5.7,2,0,1,2,75.8,1
3079,18,0,0,4.23,48.2,0,6.3,2,2,1,0,41.1,1
3080,20,2,2,1.83,55.6,1,7.2,1,3,1,0,47.2,1
3081,20,2,1,5.29,56.7,1,5.6,0,4,1,2,59.4,1
3082,23,2,5,1.13,81.7,1,4.5,0,2,2,0,36.7,1
3083,19,0,2,6.66,69.2,1,8.3,0,4,2,1,89.7,1
3084,18,1,0,3.3,95.6,0,5.1,0,2,2,1,70.6,1
3085,19,0,4,2.13,60.6,0,5.8,1,1,2,1,50.0,1
3086,19,0,2,6.75,43.8,1,9.7,1,0,1,2,81.4,1
3087,18,2,5,0.89,90.7,1,7.6,2,0,2,0,37.3,1
3088,18,2,2,7.8,90.6,1,5.4,2,0,1,2,70.7,1
3089,18,0,2,7.6,61.8,1,5.7,2,4,2,1,82.5,1
3090,20,0,1,4.87,44.2,1,5.3,1,1,1,1,48.9,1
3091,19,2,6,5.7,92.9,1,9.2,0,2,0,2,82.6,1
3092,20,2,2,0.3,96.0,1,8.8,2,3,1,1,23.2,1
3093,22,2,2,3.5,99.4,1,7.3,0,3,2,2,75.4,1
3094,18,0,6,7.08,63.5,1,4.8,2,1,0,0,73.9,1
3095,24,0,4,0.09,47.6,0,8.4,1,3,2,0,38.2,-1
3096,23,0,3,2.32,62.7,1,9.1,1,3,1,2,55.1,1
3097,18,0,2,2.83,75.1,1,7.2,0,1,2,1,60.3,1
3098,19,1,0,5.4,42.6,1,5.3,0,3,2,0,55.3,1
3099,18,1,4,5.64,56.5,1,8.2,1,1,0,2,75.4,1
3100,19,0,3,0.52,96.5,1,6.0,0,3,2,2,43.2,1
3101,19,0,3,1.74,42.7,1,9.5,0,4,1,2,19.9,1
3102,18,1,2,6.6,49.1,1,9.0,1,3,1,2,58.7,1
3103,17,1,6,1.53,74.9,1,6.4,2,4,1,2,53.7,1
3104,20,2,4,2.29,97.5,1,4.2,1,1,0,2,81.0,1
3105,22,0,1,1.3,96.4,1,9.7,0,1,1,2,30.9,1
3106,19,0,6,6.03,55.5,0,9.7,0,4,0,2,78.5,1
3107,23,2,0,0.22,76.8,0,6.9,0,0,1,2,32.5,1
3108,19,1,2,2.42,97.9,1,4.1,2,4,1,2,68.8,1
3109,24,2,6,4.26,77.8,1,8.3,0,3,1,2,51.3,1
3110,18,2,1,0.08,53.3,1,5.7,0,1,2,2,34.5,1
3111,21,0,2,7.63,81.6,1,8.5,0,0,1,2,93.4,1
3112,23,0,4,6.95,70.7,1,4.2,2,4,2,0,73.8,1
3113,17,2,1,5.18,69.6,0,7.7,1,4,2,1,82.6,1
3114,24,1,1,3.51,69.3,1,9.6,0,1,0,1,55.3,1
3115,19,1,2,1.24,46.8,1,7.1,1,2,2,2,59.5,1
3116,20,2,2,4.43,87.4,1,9.7,2,4,0,0,63.8,1
3117,22,1,6,1.91,60.8,1,8.3,0,4,1,0,23.9,1
3118,22,2,4,5.1,51.1,1,7.6,0,4,1,1,51.1,1
3119,17,2,5,1.16,66.5,1,9.1,2,4,2,0,37.4,1
3120,23,0,4,5.74,78.6,1,9.5,0,2,2,1,93.1,1
3121,21,1,3,2.58,73.2,1,9.2,0,0,2,2,71.2,1
3122,24,2,1,4.02,89.1,1,9.5,1,1,2,0,81.9,1
3123,20,2,6,1.29,90.6,1,4.4,1,3,0,2,48.9,1
3124,21,0,5,2.05,77.2,1,5.3,1,0,1,2,69.9,1
3125,20,1,3,3.6,73.1,1,5.6,2,2,2,2,60.1,1
3126,24,0,2,3.67,74.0,1,9.8,1,1,2,2,74.9,1
3127,23,0,5,7.91,63.6,1,9.5,0,1,0,1,100.0,1
3128,24,1,0,2.68,68.2,0,8.9,2,1,2,2,45.4,1
3129,21,0,1,0.68,71.6,1,8.8,2,0,2,0,65.1,1
3130,23,1,5,4.19,88.1,1,6.7,0,4,1,2,68.6,1
3131,19,2,5,2.57,84.8,1,4.6,2,3,2,0,57.3,1
3132,20,0,4,7.02,51.7,1,8.0,2,2,1,2,71.2,1
3133,23,2,2,1.68,98.7,0,7.1,0,0,1,1,58.1,1
3134,17,0,4,6.85,97.9,0,6.4,2,1,1,2,100.0,-1
3135,22,2,6,5.31,56.8,1,6.2,2,1,1,2,53.7,1
3136,17,2,4,1.5,99.4,0,5.0,0,3,0,2,49.8,-1
3137,21,1,1,3.24,71.5,1,6.4,0,3,1,1,41.5,1
3138,20,0,4,3.94,53.6,1,9.5,1,0,2,2,90.4,1
3139,20,2,1,4.17,83.2,1,5.2,2,3,2,2,65.2,1
3140,20,0,6,3.18,42.9,1,7.6,2,0,1,2,34.5,1
3141,20,1,5,4.68,81.3,1,7.7,2,2,1,2,62.3,1
3142,20,2,3,5.73,90.1,1,6.3,2,0,1,1,75.7,1
3143,20,1,2,4.05,61.0,0,5.6,0,0,0,1,60.8,1
3144,21,2,0,4.82,60.1,1,4.9,2,4,0,0,63.5,1
3145,23,2,2,6.88,56.3,1,6.5,1,0,1,2,80.5,1
3146,21,1,5,3.98,64.4,0,7.0,2,3,0,1,57.4,1
3147,22,1,4,3.33,74.4,1,4.2,2,2,2,0,41.7,1
3148,23,2,1,1.98,85.7,0,9.5,0,0,0,2,64.6,1
3149,24,0,5,1.05,93.2,1,4.1,2,4,0,0,34.0,1
3150,17,2,5,2.34,72.9,1,4.3,2,1,0,2,73.8,1
3151,22,2,6,3.25,68.5,1,8.0,1,3,2,2,35.3,1
3152,18,1,1,6.11,62.5,1,8.7,2,2,1,0,61.2,1
3153,18,2,1,1.74,75.7,1,6.7,2,0,2,0,52.0,1
3154,23,0,3,5.62,48.7,0,5.9,0,1,1,0,52.6,1
3155,17,2,1,0.63,68.0,1,8.3,0,2,1,2,43.7,1
3156,23,1,5,1.27,70.5,1,9.2,1,1,1,1,40.7,1
3157,23,1,0,2.61,77.8,1,5.9,2,0,2,2,60.0,1
3158,24,0,4,3.76,44.1,0,7.7,2,2,2,2,62.2,1
3159,22,0,1,1.45,65.8,1,9.4,0,2,1,0,26.9,1
3160,23,0,2,0.9,85.7,1,8.0,2,4,2,1,37.1,1
3161,17,1,6,4.53,87.0,1,4.5,1,1,1,2,62.9,1
3162,24,0,3,3.3,72.6,1,5.0,2,2,0,1,72.2,1
3163,18,2,2,3.33,92.3,0,8.8,2,3,2,1,64.4,1
3164,19,2,5,2.46,85.3,1,6.9,2,3,2,1,42.3,1
3165,18,2,2,2.97,87.8,1,5.4,0,4,0,1,61.8,1
3166,20,1,6,1.47,87.6,1,4.5,2,3,0,2,31.6,1
3167,22,2,0,2.16,83.7,1,4.5,1,2,0,2,78.6,1
3168,19,0,3,4.34,91.4,1,7.1,1,4,0,0,81.7,1
3169,23,2,1,4.18,45.8,1,8.4,2,1,0,0,53.9,1
3170,21,2,2,7.25,70.2,0,6.5,2,2,1,2,77.0,1
3171,22,1,0,6.66,89.5,1,6.4,0,4,2,2,78.2,1
3172,24,2,0,0.08,46.6,0,4.1,2,0,2,2,19.599,-1
3173,20,0,3,1.84,49.3,1,6.2,1,4,1,2,33.7,1
3174,19,2,3,7.1,64.1,1,5.1,0,4,1,2,79.5,1
3175,24,0,4,2.52,73.8,0,6.4,1,4,2,2,55.8,1
3176,21,1,2,3.82,83.4,1,4.3,0,0,0,2,76.1,1
3177,21,2,0,5.4,73.6,1,7.3,0,1,2,2,82.4,1
3178,19,1,6,4.35,53.0,1,7.5,1,1,1,1,67.3,1
3179,18,2,6,0.08,90.9,1,9.1,2,0,2,2,45.4,1
3180,18,1,3,1.65,55.9,1,5.0,0,3,0,1,50.0,1
3181,18,2,0,0.8,91.5,1,7.6,0,1,2,2,51.9,1
3182,18,0,0,1.34,69.7,1,9.1,2,1,1,0,30.4,1
3183,22,1,5,1.18,42.4,1,9.5,0,4,1,2,39.3,1
3184,17,1,0,4.98,68.8,1,5.1,0,4,2,2,71.1,1
3185,22,1,6,3.25,79.2,0,7.8,2,3,0,0,42.9,1
3186,24,2,2,0.53,92.8,1,4.9,1,4,0,0,41.9,1
3187,23,2,4,0.66,74.9,0,5.2,1,4,0,2,38.0,1
3188,20,2,3,7.6,99.4,1,8.3,2,1,0,2,100.0,1
3189,17,0,3,1.24,62.8,1,9.0,0,3,1,0,32.3,1
3190,23,0,3,2.03,54.7,0,6.2,2,1,2,2,19.599,-1
3191,17,2,1,4.59,66.6,0,8.8,1,0,2,2,66.9,1
3192,22,1,0,1.5,79.5,0,8.1,1,2,0,2,70.8,1
3193,22,2,0,1.58,45.7,1,6.2,2,0,0,2,37.2,1
3194,18,0,4,0.58,45.4,1,5.7,1,4,0,0,28.4,1
3195,22,0,4,7.85,77.5,1,8.4,1,4,0,2,78.8,1
3196,18,0,0,4.85,63.0,1,9.0,1,4,1,2,74.5,1
3197,18,2,3,4.24,87.0,1,4.5,0,2,2,0,76.4,1
3198,23,2,4,7.11,55.8,1,6.8,2,1,1,2,67.6,1
3199,24,2,2,4.76,66.0,1,5.6,1,1,0,0,61.7,1
3200,19,1,6,2.1,70.9,1,4.7,0,2,2,1,43.6,1
3201,24,1,6,3.78,96.5,1,5.1,1,4,2,2,63.1,1
3202,24,2,0,3.82,40.6,1,8.9,0,3,0,2,52.8,1
3203,23,2,5,3.18,53.0,0,8.1,0,3,1,0,39.0,1
3204,18,1,0,6.03,45.5,1,9.8,2,1,1,2,49.5,1
3205,19,2,2,0.88,99.4,1,6.0,1,4,0,0,57.8,1
3206,22,1,6,1.27,47.9,1,9.5,2,0,1,1,54.0,1
3207,24,2,1,2.98,89.4,1,4.5,0,3,1,0,41.5,1
3208,23,2,0,0.57,71.2,1,9.2,1,4,2,0,49.1,1
3209,20,0,4,7.9,86.9,1,4.3,0,4,1,2,91.7,1
3210,18,1,3,3.97,58.1,1,5.1,2,4,2,2,48.3,1
3211,24,2,1,0.4,68.5,0,8.8,0,1,1,2,38.9,1
3212,19,1,5,4.86,98.7,1,9.6,1,4,2,2,75.0,1
3213,19,0,0,6.25,45.7,1,7.5,1,0,0,0,91.8,1
3214,24,0,4,3.26,77.2,0,9.2,0,0,1,1,77.0,1
3215,21,1,4,3.84,97.5,1,4.7,1,3,2,0,83.6,1
3216,19,0,6,5.6,47.6,1,9.2,2,4,2,0,65.1,1
3217,17,2,3,1.87,90.4,1,5.7,1,0,2,1,62.6,1
3218,20,1,3,4.78,56.6,1,9.6,0,1,2,2,64.3,1
3219,24,0,6,5.05,52.0,1,6.6,0,2,2,0,54.1,1
3220,20,1,3,6.44,50.0,0,8.7,0,3,1,1,67.8,1
3221,22,0,0,7.13,84.1,1,8.2,2,0,1,1,88.6,1
3222,19,1,2,7.53,42.1,0,4.1,1,3,1,2,72.6,-1
3223,23,1,0,1.01,65.2,1,5.3,2,1,1,1,43.1,1
3224,23,0,1,6.53,81.8,1,7.4,1,4,0,2,88.5,1
3225,21,1,0,5.4,48.4,0,5.3,1,3,2,2,56.0,1
3226,23,1,3,2.97,53.4,1,8.7,2,2,2,2,47.9,1
3227,21,2,3,7.38,49.1,0,8.9,2,0,0,2,87.0,1
3228,20,2,1,6.88,41.6,1,4.1,0,4,1,2,65.6,1
3229,22,1,3,6.19,67.4,1,7.6,1,4,1,1,69.3,1
3230,23,2,3,0.46,69.8,1,9.9,2,3,2,2,34.1,1
3231,23,0,2,1.42,96.7,0,7.2,0,1,2,0,61.4,1
3232,18,1,1,7.35,83.7,1,9.1,0,2,0,1,88.2,1
3233,22,2,5,7.86,98.2,1,4.7,0,1,1,0,91.1,1
3234,17,0,2,2.22,85.4,1,8.4,1,4,2,2,69.7,1
3235,21,1,0,2.22,98.7,1,5.2,0,3,1,2,52.8,1
3236,21,1,3,4.88,54.9,1,5.7,1,3,1,0,65.7,1
3237,19,2,1,0.61,50.1,1,7.0,0,0,0,2,35.2,1
3238,24,1,4,4.76,63.5,1,9.6,1,2,2,2,72.7,1
3239,24,0,5,7.75,69.5,1,8.1,0,0,2,2,84.0,1
3240,17,1,0,2.38,89.5,1,9.5,0,1,1,2,63.1,1
3241,18,2,1,5.94,72.5,1,8.4,2,3,0,2,48.8,1
3242,18,2,5,4.2,97.1,0,8.5,1,4,0,2,88.9,-1
3243,24,0,1,2.3,57.3,1,9.1,0,0,1,2,46.9,1
3244,21,0,1,3.3,74.7,1,6.0,1,1,0,2,58.1,1
3245,22,0,2,4.41,79.1,1,8.7,0,0,2,1,89.6,1
3246,23,0,2,6.09,49.4,1,9.1,0,2,2,0,70.9,1
3247,23,2,6,4.33,87.1,1,8.4,0,3,0,2,69.4,1
3248,17,2,6,7.4,78.4,0,8.1,0,1,0,1,92.9,1
3249,18,1,3,0.94,51.5,1,5.1,0,4,1,1,29.0,1
3250,20,2,6,7.66,64.8,1,9.7,1,3,1,2,83.8,1
3251,19,1,4,4.41,78.4,1,5.7,1,1,1,0,76.0,1
3252,22,1,0,3.13,84.0,1,6.5,2,1,0,2,36.4,1
3253,18,0,4,0.61,65.0,1,4.4,2,4,0,2,21.4,1
3254,19,1,0,2.37,83.3,1,4.1,2,2,0,1,43.2,1
3255,18,2,6,3.5,55.6,1,5.0,0,2,0,0,72.9,1
3256,18,2,5,7.5,58.3,1,7.7,2,1,0,0,91.6,1
3257,18,1,5,6.05,40.7,1,5.8,0,0,1,2,66.6,1
3258,18,1,3,0.47,69.3,1,9.3,1,3,1,0,42.5,1
3259,21,0,3,2.62,51.3,1,4.1,0,1,1,0,34.4,1
3260,20,2,2,3.93,76.1,1,5.2,0,3,2,0,69.4,1
3261,20,0,4,6.8,97.9,1,4.5,2,0,1,0,70.9,1
3262,20,2,2,6.21,99.4,1,4.6,2,4,2,2,83.1,1
3263,22,1,3,1.73,62.5,1,5.4,0,1,2,2,58.8,1
3264,23,0,2,0.4,84.0,1,9.2,1,1,0,2,58.7,1
3265,21,1,3,1.06,97.6,0,9.1,0,0,2,2,67.1,1
3266,22,1,5,4.03,71.4,1,6.0,2,4,1,0,50.7,1
3267,22,2,0,0.72,60.0,1,4.5,0,2,2,1,32.9,1
3268,22,1,4,2.0,49.3,1,8.1,2,2,0,2,29.1,1
3269,18,1,1,6.57,50.6,1,8.2,0,4,2,2,70.9,1
3270,24,0,0,3.22,91.2,0,9.5,2,2,1,2,55.1,1
3271,18,2,1,7.91,55.5,0,9.5,1,0,1,0,83.7,-1
3272,20,0,1,6.05,56.2,1,5.6,0,1,0,1,68.3,1
3273,22,1,0,2.12,84.8,1,9.3,1,1,1,2,66.5,1
3274,20,2,2,0.08,90.2,0,7.2,0,1,2,2,49.0,1
3275,18,0,6,4.22,52.5,1,9.5,0,1,2,2,63.6,1
3276,24,2,5,5.65,81.3,0,8.1,1,1,2,0,88.1,1
3277,17,1,1,3.76,66.8,1,6.8,1,0,0,1,79.1,1
3278,18,2,6,7.25,56.6,0,7.5,2,4,0,0,82.4,1
3279,24,1,0,6.14,71.2,0,5.4,0,2,1,2,81.7,1
3280,22,2,3,4.16,86.6,1,7.4,1,1,1,1,78.3,1
3281,17,0,4,0.15,46.0,1,5.6,1,1,0,2,29.4,1
3282,23,2,5,2.71,44.3,1,6.7,0,0,2,2,60.0,1
3283,24,0,2,3.96,94.7,1,5.8,1,4,0,0,70.1,1
3284,17,1,1,2.0,97.8,1,6.7,0,4,1,2,42.7,1
3285,20,1,0,6.7,71.7,0,9.2,2,0,0,2,81.7,1
3286,20,0,4,3.4,48.6,1,7.4,2,4,1,0,30.5,1
3287,18,1,6,1.63,44.7,1,4.3,0,3,2,2,41.4,1
3288,18,0,3,6.23,49.4,1,8.2,1,1,2,0,76.5,1
3289,18,1,3,4.87,57.0,1,8.0,1,2,1,2,77.9,1
3290,18,0,2,1.58,81.0,1,4.5,0,1,1,2,53.4,1
3291,20,1,3,4.26,46.6,1,5.9,2,1,0,2,50.4,1
3292,20,1,3,5.56,48.2,1,5.5,2,2,2,2,65.3,1
3293,18,0,4,3.59,82.8,1,6.8,1,1,1,2,49.6,1
3294,19,0,5,2.42,55.4,1,6.3,2,2,0,1,38.7,1
3295,18,0,3,5.52,53.0,1,9.0,0,4,2,0,50.6,1
3296,23,0,2,5.5,75.0,1,6.3,1,2,1,1,65.6,1
3297,18,0,5,0.14,44.7,1,4.7,2,0,1,0,19.599,1
3298,24,0,3,1.87,77.7,1,5.7,0,3,0,0,46.7,1
3299,21,0,3,5.17,41.2,1,4.8,1,3,2,0,54.0,1
3300,23,2,6,1.79,54.0,1,6.0,0,2,2,1,36.5,1
3301,22,0,4,7.7,67.0,1,9.1,1,1,2,2,79.4,1
3302,19,0,5,1.3,77.9,1,7.2,0,0,1,0,61.6,1
3303,21,2,6,5.99,52.2,1,6.2,0,2,2,1,66.9,1
3304,19,0,3,7.91,92.8,0,9.4,1,3,0,2,100.0,-1
3305,17,2,6,2.77,95.1,1,6.8,1,3,1,2,54.7,1
3306,19,0,1,4.83,68.8,1,8.4,2,3,1,2,47.2,1
3307,19,1,6,0.85,56.3,1,5.2,1,3,1,2,44.9,1
3308,18,0,5,4.97,46.6,0,6.2,2,4,0,1,66.1,1
3309,17,2,2,7.9,96.3,1,7.0,1,3,2,1,100.0,1
3310,24,1,1,7.78,48.0,1,7.1,2,3,1,0,65.2,1
3311,21,1,2,3.29,57.9,1,8.8,1,3,1,1,71.2,1
3312,20,0,1,6.56,59.7,1,7.5,0,0,1,1,88.4,1
3313,24,2,6,6.61,56.1,1,9.4,1,4,0,0,80.0,1
3314,18,0,2,2.62,40.6,1,9.5,1,3,1,1,36.2,1
3315,20,0,2,6.58,52.4,0,6.6,2,4,2,1,77.1,1
3316,23,0,3,1.3,84.9,1,8.1,1,3,2,1,31.1,1
3317,22,0,0,7.83,52.3,1,8.7,1,4,1,2,78.3,1
3318,20,1,4,6.91,85.8,1,6.2,0,3,0,0,81.2,1
3319,19,0,4,4.08,65.0,0,5.7,1,1,0,0,59.9,1
3320,17,2,5,3.08,44.9,1,9.3,1,2,0,0,54.1,1
3321,17,2,0,7.57,89.6,1,7.6,1,2,0,1,100.0,1
3322,18,2,3,0.57,78.1,1,5.1,0,0,2,2,59.1,1
3323,23,1,2,3.99,76.7,1,7.5,1,1,1,2,56.7,1
3324,22,0,6,3.9,49.0,0,5.3,2,1,0,0,64.9,1
3325,20,1,1,3.05,77.4,1,6.8,0,3,1,2,49.4,1
3326,23,1,4,0.9,87.8,1,8.1,2,4,0,2,34.1,1
3327,18,2,6,2.01,99.4,1,9.0,0,3,0,1,57.4,1
3328,18,0,4,7.86,80.3,1,6.4,0,1,2,2,81.4,1
3329,20,1,4,6.46,65.9,1,4.6,0,0,2,2,73.6,1
3330,24,2,1,6.71,89.1,0,8.7,0,1,2,0,75.5,1
3331,21,2,4,4.08,43.0,1,8.0,0,2,0,0,66.7,1
3332,23,0,1,5.29,65.2,1,7.7,2,2,1,2,68.1,1
3333,18,2,4,4.04,83.9,1,5.9,1,1,0,2,71.7,1
3334,23,2,4,5.42,61.6,1,4.3,2,4,0,2,48.1,1
3335,17,0,3,6.91,43.5,1,7.6,0,0,2,0,71.6,1
3336,18,2,5,1.94,46.7,1,8.7,0,4,1,1,37.2,1
3337,21,1,5,7.61,50.0,1,5.8,1,2,2,0,68.6,1
3338,17,0,1,7.31,89.9,1,8.1,2,4,2,1,69.4,1
3339,23,0,0,3.35,83.2,1,4.8,0,1,2,2,55.3,1
3340,23,2,3,7.81,85.8,1,8.4,2,0,2,1,79.0,1
3341,21,0,1,7.06,94.6,1,9.1,2,3,1,2,87.8,1
3342,19,0,0,0.32,58.2,1,6.3,2,1,2,2,30.0,1
3343,17,1,2,0.34,84.6,1,4.8,0,4,2,1,52.1,1
3344,21,0,3,5.66,61.9,1,6.9,2,3,1,2,45.4,1
3345,21,1,1,6.27,87.1,1,7.5,0,3,1,0,69.3,1
3346,23,0,1,1.99,81.8,1,4.7,0,2,2,0,60.2,1
3347,21,0,5,3.99,99.4,1,5.2,0,1,2,2,76.1,1
3348,18,2,2,4.31,85.4,1,4.4,0,4,2,1,46.3,1
3349,17,0,2,3.56,40.6,1,9.1,1,4,0,0,73.3,1
3350,23,1,0,0.55,82.0,1,6.3,2,1,2,2,30.5,1
3351,18,0,2,1.75,46.1,0,7.3,0,2,1,2,52.5,1
3352,24,1,6,6.52,72.8,1,8.1,1,3,1,2,76.2,1
3353,17,0,6,0.58,49.4,1,5.5,2,2,1,1,33.7,1
3354,22,1,5,4.98,69.7,1,8.6,1,3,1,2,48.0,1
3355,24,1,5,5.07,87.6,1,5.0,0,4,2,0,100.0,1
3356,20,2,2,7.65,57.3,1,9.9,2,4,0,2,79.6,1
3357,17,1,3,7.9,49.2,1,6.8,2,3,0,2,87.9,1
3358,24,0,2,7.56,58.9,1,7.0,2,2,1,2,73.3,1
3359,18,2,0,4.33,50.4,1,7.3,1,1,1,1,61.3,1
3360,21,0,3,0.33,51.0,1,5.7,1,1,1,2,41.4,1
3361,24,2,4,2.22,81.8,1,6.7,0,0,2,0,79.5,1
3362,22,0,1,3.8,82.3,1,4.2,1,3,0,1,67.9,1
3363,17,2,1,0.31,71.7,1,9.0,2,4,2,2,51.5,1
3364,23,0,5,0.3,55.1,0,9.6,0,4,2,2,35.7,-1
3365,18,1,1,2.59,71.8,1,6.2,1,1,1,0,59.1,1
3366,22,2,3,3.1,96.9,1,9.1,2,2,2,2,68.5,1
3367,21,2,0,4.65,63.0,1,7.9,0,1,1,2,61.9,1
3368,19,2,5,7.46,65.4,0,5.8,0,0,1,2,80.2,1
3369,20,1,3,3.13,69.7,1,5.3,1,4,0,1,57.0,1
3370,17,2,2,0.38,50.7,1,7.4,2,2,0,1,33.5,1
3371,24,0,1,4.32,54.7,1,5.6,0,1,2,1,65.2,1
3372,18,2,6,2.86,81.5,1,8.1,0,4,2,0,69.9,1
3373,19,2,6,7.21,49.7,1,5.6,0,2,0,0,58.3,1
3374,21,1,5,3.45,76.3,1,9.1,2,2,2,2,57.0,1
3375,22,0,2,2.57,63.2,1,9.2,1,3,1,0,36.0,1
3376,21,1,5,5.79,58.4,1,7.0,1,3,1,0,69.6,1
3377,21,1,4,3.95,73.0,1,7.5,0,4,2,2,47.5,1
3378,21,0,6,4.44,53.5,1,6.2,0,2,1,2,43.3,1
3379,23,0,3,1.22,58.6,1,9.3,2,4,1,2,29.6,1
3380,20,0,3,3.0,71.5,0,9.3,1,1,0,0,52.7,1
3381,23,2,4,0.37,79.4,1,7.7,1,3,1,2,49.2,1
3382,23,1,1,6.04,90.2,1,4.7,2,4,1,2,67.9,1
3383,24,1,5,1.96,89.5,1,7.1,0,1,1,1,44.4,1
3384,24,2,3,0.96,69.9,0,8.1,0,1,2,0,49.0,1
3385,23,1,1,4.72,44.5,1,9.6,0,4,1,0,50.0,1
3386,18,1,5,4.64,51.3,1,9.6,0,1,2,2,63.0,1
3387,23,0,1,2.53,40.6,1,8.7,2,2,0,2,72.3,1
3388,22,1,6,7.7,51.1,1,4.1,1,4,0,2,76.7,1
3389,19,1,1,5.08,41.8,1,6.5,1,1,0,2,66.8,1
3390,22,1,3,7.41,82.9,1,9.6,2,2,1,0,91.3,1
3391,19,0,3,2.4,72.8,1,6.3,2,0,2,2,83.1,1
3392,21,2,5,4.41,42.1,1,7.6,2,3,1,0,38.4,1
3393,23,2,1,3.31,77.1,1,9.0,0,1,0,0,62.4,1
3394,18,2,1,3.31,88.8,1,5.2,0,0,2,0,74.3,1
3395,19,2,1,0.38,41.7,1,5.2,0,4,0,1,24.1,1
3396,23,0,1,1.76,47.6,0,9.6,0,2,1,1,45.1,1
3397,20,0,3,6.95,68.3,1,9.0,0,4,0,2,100.0,1
3398,24,2,4,6.8,42.5,1,6.6,1,0,2,0,78.1,1
3399,17,1,6,0.84,41.3,1,9.5,1,4,2,0,34.2,1
3400,22,2,0,0.15,74.9,1,7.4,2,3,0,2,56.2,1
3401,23,2,0,0.82,73.8,1,5.3,0,4,1,1,30.0,1
3402,24,0,1,5.11,88.4,1,6.1,0,0,0,0,87.8,1
3403,18,0,2,1.92,44.7,1,8.9,0,4,0,2,25.5,1
3404,24,2,5,6.1,93.8,1,7.3,2,4,0,2,85.9,1
3405,20,2,4,0.08,41.1,1,4.2,0,3,0,1,28.5,1
3406,19,1,3,5.73,58.1,1,7.1,0,2,0,1,59.5,1
3407,19,2,3,7.09,42.9,1,4.1,1,1,0,0,74.3,1
3408,22,0,3,0.36,54.7,1,5.0,0,4,0,0,42.3,1
3409,22,1,5,6.94,88.9,1,7.9,1,2,0,0,93.1,1
3410,20,1,1,7.34,47.5,1,7.7,2,1,1,2,60.0,1
3411,17,2,3,4.29,52.1,1,7.3,1,0,2,2,81.6,1
3412,24,0,1,2.28,76.7,1,7.7,0,0,1,2,57.4,1
3413,18,1,2,4.5,41.3,1,6.5,1,1,0,1,69.1,1
3414,17,0,4,2.48,76.1,1,4.1,2,0,2,2,65.0,1
3415,21,0,4,7.47,93.7,1,8.0,2,4,1,2,72.1,1
3416,20,1,5,4.35,44.2,1,8.3,0,1,1,0,44.0,1
3417,21,0,2,6.39,40.6,1,7.4,1,3,2,2,73.2,1
3418,24,0,1,4.88,64.4,1,7.6,1,1,1,2,58.2,1
3419,17,2,4,2.31,90.9,1,5.1,1,2,1,2,59.3,1
3420,19,0,5,4.0,96.1,1,5.5,0,3,0,0,74.4,1
3421,21,1,6,7.04,88.1,1,7.2,0,1,0,0,97.4,1
3422,23,0,5,3.06,79.0,1,5.7,0,1,0,2,57.4,1
3423,21,2,6,2.73,65.6,1,5.3,0,2,1,2,66.0,1
3424,20,1,5,7.65,87.3,1,8.7,0,4,0,0,100.0,1
3425,21,2,0,2.67,85.4,1,7.7,0,4,0,2,53.3,1
3426,24,1,4,6.88,51.0,1,4.6,2,3,2,0,88.8,1
3427,20,0,4,1.43,82.9,1,9.0,2,1,0,0,46.4,1
3428,24,0,0,6.33,87.6,1,7.2,1,2,1,1,70.6,1
3429,23,2,6,4.92,94.1,0,8.5,1,2,1,1,82.1,1
3430,19,2,5,0.96,83.8,1,7.3,0,1,2,1,52.9,1
3431,18,2,3,0.51,83.9,0,6.8,0,3,1,0,34.1,1
3432,23,2,3,2.39,94.1,1,8.3,2,1,0,1,58.3,1
3433,18,2,5,5.26,51.7,1,6.8,2,0,2,0,72.2,1
3434,19,1,1,2.88,73.0,1,7.8,0,1,2,0,39.4,1
3435,18,0,1,2.17,93.6,1,7.4,2,2,1,1,51.7,1
3436,21,2,0,4.65,77.9,1,8.3,0,2,1,2,56.4,1
3437,19,1,2,7.62,95.9,1,8.7,2,1,1,2,80.4,1
3438,22,0,3,0.97,43.0,1,8.2,2,4,0,2,48.2,1
3439,24,0,3,5.16,52.8,1,9.5,0,2,0,2,75.7,1
3440,23,2,3,7.3,53.3,1,9.6,0,1,2,1,100.0,1
3441,24,1,3,4.33,44.7,0,4.7,2,3,0,2,43.4,-1
3442,17,1,6,7.71,77.4,0,7.7,2,0,2,2,100.0,-1
3443,20,1,1,4.78,64.1,1,7.5,0,0,1,2,77.5,1
3444,18,0,0,5.38,54.5,1,4.3,2,0,0,0,49.8,1
3445,24,0,5,6.33,83.7,1,6.3,0,4,0,1,74.7,1
3446,22,0,1,1.6,80.6,1,5.6,1,3,1,2,62.4,1
3447,19,1,4,4.48,42.4,1,6.5,2,1,0,2,56.9,1
3448,21,1,6,4.91,66.4,1,8.6,1,4,1,2,58.7,1
3449,21,0,0,0.96,83.2,1,5.7,1,1,2,2,33.8,1
3450,20,1,1,3.64,46.2,1,9.5,1,1,2,1,40.3,1
3451,20,2,1,6.17,87.7,1,9.3,1,4,2,0,95.4,1
3452,17,1,2,0.33,77.0,1,7.8,0,4,2,2,29.1,1
3453,20,2,1,3.31,83.1,1,9.9,2,0,2,1,85.3,1
3454,19,0,5,1.17,55.0,0,4.1,0,4,0,0,46.5,1
3455,23,2,1,1.41,84.9,1,6.1,0,4,2,2,21.0,1
3456,23,2,6,4.1,50.4,1,5.5,2,3,1,2,47.1,1
3457,23,0,6,0.24,91.6,1,4.9,0,3,0,2,38.8,1
3458,17,2,4,3.4,52.4,1,8.6,1,2,0,2,64.3,1
3459,23,1,6,0.21,56.1,1,7.1,0,2,1,2,33.4,1
3460,20,1,0,7.4,80.3,1,9.5,2,4,1,2,75.4,1
3461,20,0,6,7.06,60.0,1,6.4,1,4,1,1,77.3,1
3462,24,2,3,1.69,58.5,1,9.8,0,1,2,2,35.0,1
3463,23,2,2,0.53,43.8,1,7.8,1,1,0,2,49.8,1
3464,17,0,5,2.01,89.2,1,6.2,1,2,0,1,50.5,1
3465,19,1,6,0.23,67.6,0,7.9,1,2,0,0,47.7,1
3466,22,2,6,5.88,63.6,1,9.3,2,0,0,0,77.3,1
3467,21,0,0,4.59,54.7,1,4.3,1,2,0,0,82.2,1
3468,19,1,2,4.35,73.3,1,6.6,2,4,1,2,41.5,1
3469,21,1,4,6.82,73.6,1,4.3,0,1,0,2,82.5,1
3470,23,2,6,6.47,40.6,1,7.7,0,4,1,2,67.7,1
3471,18,2,5,3.27,45.1,1,4.1,0,3,2,2,50.2,1
3472,22,2,4,4.88,76.8,1,7.1,0,1,2,0,66.0,1
3473,22,1,5,3.53,57.0,1,5.2,0,1,0,2,60.7,1
3474,24,2,2,4.99,99.0,0,5.2,0,1,2,0,88.6,-1
3475,19,1,4,1.21,54.9,1,8.4,1,1,2,1,38.2,1
3476,18,2,2,2.4,49.1,1,5.0,2,4,1,2,26.5,1
3477,21,2,5,2.02,42.7,1,4.3,0,1,2,0,36.1,1
3478,21,0,2,1.34,81.2,1,6.3,2,0,0,1,46.5,1
3479,20,1,4,3.31,57.4,1,6.7,2,3,2,2,62.0,1
3480,23,2,6,5.81,56.4,1,6.1,0,2,0,2,70.2,1
3481,23,1,2,3.17,46.6,0,7.1,0,3,0,2,48.8,1
3482,18,0,0,7.86,43.1,0,6.2,2,4,2,2,56.5,1
3483,23,1,2,2.42,53.8,1,5.8,1,3,0,2,56.7,1
3484,18,0,5,7.59,63.8,1,7.0,0,4,2,0,85.8,1
3485,20,2,6,1.55,79.7,1,4.2,0,4,2,2,31.4,1
3486,17,2,2,2.57,46.1,1,4.1,1,4,0,2,53.1,1
3487,19,0,3,1.31,62.0,1,9.2,0,0,1,2,57.7,1
3488,24,1,5,1.9,99.4,0,8.0,2,2,1,2,57.2,1
3489,20,2,2,1.26,80.9,0,6.1,0,1,0,2,41.9,1
3490,22,0,3,5.0,99.4,1,6.1,1,2,1,0,77.0,1
3491,17,1,2,1.6,44.8,1,6.1,1,3,2,1,24.4,1
3492,22,2,6,0.68,64.3,1,9.2,2,4,0,0,25.4,1
3493,19,2,3,2.13,53.8,0,9.8,0,2,2,2,59.5,1
3494,22,1,3,5.43,96.5,1,5.8,1,0,1,0,100.0,1
3495,24,1,6,3.43,94.3,1,8.2,0,4,2,0,62.3,1
3496,21,1,5,1.25,74.1,1,5.5,2,3,2,2,43.4,1
3497,17,0,0,0.51,58.4,1,8.4,0,0,0,2,44.1,1
3498,20,1,4,5.83,72.7,1,9.7,2,2,2,0,74.0,1
3499,17,0,0,5.63,92.3,1,4.2,0,1,2,0,78.5,1
3500,20,2,3,3.69,74.4,1,4.4,2,4,1,2,50.9,1
3501,17,1,5,4.22,85.9,1,8.8,2,1,2,2,61.2,1
3502,22,2,6,1.92,81.3,1,6.7,1,3,0,1,68.2,1
3503,19,1,6,3.88,45.9,0,7.3,2,3,0,2,38.3,1
3504,18,1,3,5.83,85.5,1,6.3,0,2,2,0,94.1,1
3505,17,2,6,6.17,52.5,1,4.3,0,0,1,2,59.1,1
3506,24,0,6,2.72,92.2,1,6.4,1,3,2,2,69.8,1
3507,23,2,3,5.43,58.6,1,4.9,2,4,0,0,44.2,1
3508,23,0,2,3.89,73.9,1,5.9,0,0,2,2,56.1,1
3509,17,0,2,5.91,57.1,1,5.0,0,0,1,2,52.0,1
3510,19,2,4,5.53,40.6,1,9.1,1,2,2,1,57.8,1
3511,24,2,5,6.0,86.8,1,5.5,2,4,2,1,81.4,1
3512,21,2,6,1.32,82.9,1,7.5,2,2,2,0,44.8,1
3513,18,0,1,2.58,95.4,0,9.9,0,4,0,2,73.8,-1
3514,18,2,6,2.12,74.4,1,9.9,2,1,1,1,52.3,1
3515,19,1,5,3.58,51.3,1,7.9,0,1,0,0,63.7,1
3516,24,0,3,3.72,50.3,0,5.9,2,0,0,2,69.7,1
3517,18,1,0,5.34,63.4,1,7.0,1,1,2,0,69.4,1
3518,24,1,3,4.56,59.8,1,7.0,0,4,0,2,58.6,1
3519,22,1,4,4.64,64.5,0,9.3,1,2,1,2,55.6,1
3520,24,0,5,5.06,53.5,1,8.3,2,4,2,1,57.4,1
3521,23,2,1,2.18,99.3,1,9.3,2,1,2,2,58.2,1
3522,19,0,0,1.81,45.1,1,4.1,0,3,1,2,19.599,1
3523,23,2,2,1.72,84.3,1,9.8,1,3,2,2,53.7,1
3524,18,0,6,6.24,74.1,1,8.1,0,1,0,2,73.4,1
3525,19,0,0,0.78,73.3,1,9.6,2,0,0,2,40.9,1
3526,18,1,1,2.53,76.8,1,8.7,2,3,0,2,70.4,1
3527,18,2,1,2.24,94.2,1,8.2,2,3,0,1,64.7,1
3528,17,1,2,4.74,80.5,1,4.4,1,0,1,1,89.6,1
3529,18,1,3,7.39,56.3,1,4.9,2,0,1,0,81.4,1
3530,17,2,5,7.03,56.2,1,5.3,0,2,1,2,82.0,1
3531,20,0,0,0.84,89.7,0,6.9,0,2,1,0,30.3,1
3532,17,1,0,4.32,68.7,1,8.6,0,0,2,2,66.1,1
3533,17,0,4,0.3,82.3,0,5.4,1,2,0,1,64.3,-1
3534,24,0,0,6.34,62.6,0,9.9,0,0,2,2,93.3,-1
3535,17,1,5,3.0,84.3,1,8.0,0,2,0,1,77.3,1
3536,17,2,0,1.72,65.4,1,8.4,1,3,1,0,38.3,1
3537,17,2,3,3.87,69.6,1,9.4,2,1,1,1,60.6,1
3538,18,1,6,3.48,95.7,1,7.1,1,4,2,1,57.4,1
3539,21,0,5,7.55,69.7,1,4.9,2,1,1,0,68.7,1
3540,23,1,4,0.27,53.5,0,6.6,2,4,1,2,26.4,1
3541,22,2,0,7.6,71.9,1,7.2,0,3,0,1,76.4,1
3542,21,0,6,1.87,40.6,1,9.8,1,3,0,2,51.1,1
3543,17,1,3,1.16,56.7,1,4.4,2,0,1,2,31.6,1
3544,23,0,0,5.93,76.2,1,6.0,2,0,1,2,69.6,1
3545,17,0,4,4.18,44.3,1,8.5,2,2,1,1,45.4,1
3546,22,0,0,7.17,67.3,1,8.2,1,0,1,0,79.5,1
3547,20,2,6,4.34,75.9,1,9.0,2,0,1,1,58.4,1
3548,24,0,1,4.04,53.6,1,9.7,1,4,0,1,69.3,1
3549,19,0,2,1.65,53.1,1,7.4,2,4,0,1,25.7,1
3550,22,1,3,7.6,80.1,0,9.1,2,4,2,0,76.9,1
3551,20,0,6,5.32,98.5,0,9.8,1,2,0,2,97.9,-1
3552,21,1,2,4.81,58.4,1,4.8,1,4,1,2,57.7,1
3553,24,2,5,6.32,52.5,1,7.5,2,4,0,0,59.0,1
3554,22,1,2,0.81,99.0,0,6.7,0,4,2,0,54.3,1
3555,20,2,3,6.93,90.1,1,8.6,1,0,2,1,100.0,1
3556,20,0,3,4.0,96.2,1,5.2,2,2,2,0,73.1,1
3557,22,2,1,6.42,42.8,1,9.2,2,0,1,1,66.7,1
3558,19,0,5,5.7,96.0,1,6.7,2,2,1,2,85.9,1
3559,18,1,1,3.61,90.3,1,6.2,0,1,0,0,64.3,1
3560,20,2,3,6.16,58.0,1,8.3,0,1,0,2,62.5,1
3561,17,2,3,5.77,77.5,1,6.0,0,0,0,0,73.3,1
3562,18,1,3,0.08,50.3,0,9.3,0,4,2,2,32.8,-1
3563,20,1,2,5.67,65.1,1,9.3,0,1,1,0,57.5,1
3564,23,0,3,4.07,76.1,1,4.2,1,0,1,0,77.6,1
3565,23,2,4,6.72,46.6,1,5.1,2,2,1,1,69.4,1
3566,19,0,3,6.48,98.0,1,8.4,1,2,0,0,100.0,1
3567,20,1,5,1.37,95.7,1,7.2,1,1,1,2,60.6,1
3568,18,2,5,0.17,92.0,1,4.5,0,4,2,2,23.6,1
3569,23,0,1,1.57,47.7,1,6.5,2,0,1,2,35.9,1
3570,18,0,5,5.93,80.1,1,4.2,2,2,1,2,64.6,1
3571,23,0,6,6.97,93.4,0,5.6,2,1,2,0,84.3,1
3572,23,1,5,5.6,48.3,1,5.1,1,0,0,1,76.2,1
3573,22,1,5,6.56,78.8,1,9.0,2,3,1,1,82.7,1
3574,19,0,1,4.7,52.3,1,9.1,1,0,1,2,68.4,1
3575,24,0,4,4.05,81.4,1,9.0,1,3,1,1,70.0,1
3576,22,1,3,7.76,78.9,1,4.2,2,4,0,0,81.3,1
3577,22,1,6,0.64,92.3,1,8.5,2,0,0,2,58.7,1
3578,23,2,5,3.37,69.1,0,7.6,1,1,0,1,67.0,1
3579,24,1,1,2.22,85.5,1,8.1,2,2,1,0,47.9,1
3580,17,1,6,0.98,51.5,1,4.3,1,4,0,2,39.9,1
3581,24,0,4,4.84,78.6,1,5.2,1,1,1,1,61.4,1
3582,23,2,3,2.11,92.6,1,5.3,0,2,2,1,51.4,1
3583,18,2,3,3.7,83.4,1,5.0,2,4,2,0,45.9,1
3584,19,0,3,1.09,92.7,1,7.4,2,3,2,0,45.2,1
3585,23,2,5,3.12,77.8,1,6.0,1,2,1,0,54.5,1
3586,18,0,5,1.6,73.1,1,6.7,2,3,2,2,25.0,1
3587,20,2,3,7.18,94.9,1,8.3,2,4,1,0,94.1,1
3588,22,1,6,4.18,59.4,1,7.3,1,2,0,2,66.4,1
3589,22,1,1,6.4,84.9,1,6.7,2,1,2,2,68.9,1
3590,24,2,0,3.89,81.6,1,9.5,2,3,1,0,51.4,1
3591,17,2,4,0.34,88.9,1,7.8,2,1,2,2,35.0,1
3592,19,2,1,5.56,69.9,1,8.1,1,3,2,0,69.4,1
3593,24,0,3,0.38,69.6,1,5.1,1,3,1,1,30.6,1
3594,21,0,5,3.16,42.1,1,7.6,2,3,1,2,45.2,1
3595,18,1,4,4.38,95.9,1,7.1,1,4,1,2,68.4,1
3596,19,0,4,6.24,63.2,1,9.7,2,3,1,1,76.7,1
3597,19,2,1,7.19,73.1,1,8.4,0,3,1,1,88.5,1
3598,21,1,1,1.64,51.9,1,9.0,1,0,0,0,40.0,1
3599,19,0,3,5.31,77.0,1,7.9,1,1,1,2,78.7,1
3600,21,1,0,3.76,60.8,1,6.0,1,0,0,2,62.1,1
3601,20,0,2,6.14,75.1,1,8.0,1,3,2,2,92.6,1
3602,21,2,3,7.52,84.1,1,9.8,2,2,1,0,80.3,1
3603,18,2,5,4.26,76.6,1,5.9,2,3,2,2,52.5,1
3604,21,0,5,2.29,41.8,1,5.0,1,2,2,2,45.4,1
3605,24,2,2,6.39,88.4,0,5.9,1,1,2,0,91.1,1
3606,18,2,5,4.21,73.7,1,8.7,1,3,0,1,60.9,1
3607,19,2,0,7.06,54.3,1,4.5,0,1,2,0,72.2,1
3608,22,2,1,4.53,59.4,0,9.6,2,4,1,2,65.6,1
3609,21,0,3,7.5,88.7,1,8.3,0,1,2,0,92.5,1
3610,22,2,1,0.14,96.2,0,7.6,2,4,0,0,45.7,1
3611,21,1,4,5.91,88.8,1,5.1,0,2,0,2,73.9,1
3612,22,2,5,2.77,93.2,1,7.3,1,1,0,0,72.7,1
3613,21,2,5,5.35,69.4,0,4.1,1,4,1,0,69.7,1
3614,17,0,2,7.54,65.0,1,7.4,0,3,0,0,85.6,1
3615,23,1,0,5.23,89.1,1,5.8,1,0,1,1,84.1,1
3616,20,0,3,5.96,63.7,0,7.2,2,1,1,2,68.6,1
3617,17,2,6,1.26,82.4,1,6.2,0,4,0,1,51.5,1
3618,20,1,3,1.36,76.8,1,6.7,2,1,0,2,39.5,1
3619,20,2,4,4.59,49.2,1,7.3,0,0,0,2,73.0,1
3620,17,2,0,3.44,58.5,1,9.7,2,3,1,1,39.3,1
3621,24,0,0,0.89,52.7,1,9.9,0,2,0,1,49.8,1
3622,18,2,5,5.83,47.5,1,7.7,2,1,2,1,52.9,1
3623,19,2,5,5.59,65.2,1,4.8,2,4,1,0,79.5,1
3624,20,0,2,0.73,51.9,1,4.3,0,0,2,0,53.0,1
3625,23,2,3,0.39,44.3,0,9.9,2,3,2,2,37.9,-1
3626,22,2,5,3.03,52.4,1,7.8,0,3,0,0,56.8,1
3627,23,1,1,5.06,77.1,1,7.6,1,3,0,1,78.9,1
3628,18,2,4,7.15,88.5,1,4.3,2,3,1,2,56.3,1
3629,23,1,3,3.48,67.8,0,9.6,1,1,1,2,66.1,1
3630,23,0,3,0.67,76.6,0,5.0,2,0,1,2,29.6,-1
3631,20,2,4,6.72,79.0,1,7.2,0,1,2,0,75.8,1
3632,21,2,6,1.0,79.1,1,5.8,2,2,1,2,27.1,1
3633,17,1,2,5.1,99.2,1,6.3,0,3,2,2,54.0,1
3634,23,0,1,3.31,76.5,1,6.0,0,2,0,2,56.0,1
3635,24,1,0,7.28,72.8,1,5.6,1,3,2,2,84.4,1
3636,20,1,5,5.64,92.0,1,5.6,2,4,2,2,43.1,1
3637,21,2,4,0.08,77.3,1,4.5,0,1,1,1,32.1,1
3638,20,1,1,2.98,67.5,1,4.1,2,3,2,0,62.5,1
3639,17,2,2,1.44,84.5,1,6.4,0,4,1,1,39.0,1
3640,21,0,6,2.27,53.5,0,4.5,1,3,0,1,57.3,1
3641,22,1,2,3.19,80.4,1,6.1,0,1,0,2,54.5,1
3642,24,2,2,4.33,86.0,0,5.4,2,1,2,2,88.7,1
3643,24,1,0,6.39,78.3,1,7.0,1,3,0,2,89.6,1
3644,20,1,3,0.69,51.3,1,7.8,0,1,0,2,38.9,1
3645,24,1,1,3.53,70.9,0,6.3,2,2,0,2,50.2,1
3646,21,2,1,6.81,88.6,1,6.8,1,0,1,2,90.8,1
3647,22,0,2,3.46,64.2,1,9.9,1,1,1,2,59.1,1
3648,21,0,0,4.15,95.7,1,6.6,0,2,2,2,70.1,1
3649,24,1,6,6.23,42.9,1,6.5,1,2,2,2,57.5,1
3650,22,2,1,5.7,79.9,1,7.4,1,1,0,0,76.0,1
3651,17,2,4,4.08,54.0,1,4.2,1,4,2,0,63.1,1
3652,17,1,1,7.74,78.9,1,6.9,2,2,0,1,80.4,1
3653,20,2,4,0.29,97.0,1,4.2,1,2,1,1,65.4,1
3654,21,0,2,0.44,74.5,1,5.7,2,1,0,2,55.2,1
3655,22,2,1,3.42,66.2,1,8.7,2,4,1,2,36.7,1
3656,20,1,2,1.26,91.5,1,5.2,0,3,0,1,41.3,1
3657,21,2,4,1.73,67.8,1,6.9,0,2,2,0,27.6,1
3658,24,1,5,1.2,73.9,1,8.2,1,1,0,2,81.7,1
3659,19,0,1,5.54,58.4,1,9.9,1,1,0,2,78.4,1
3660,20,1,3,3.37,73.0,1,7.8,1,3,1,0,56.7,1
3661,21,1,0,6.67,82.9,1,9.3,1,4,1,0,83.4,1
3662,20,1,2,2.0,70.6,1,5.2,2,3,0,0,49.7,1
3663,24,2,2,4.99,52.7,1,4.5,2,4,0,2,36.5,1
3664,24,1,6,1.71,41.2,0,7.0,2,2,0,2,44.9,1
3665,21,2,4,0.12,53.1,1,7.4,2,2,2,2,43.0,1
3666,20,0,4,5.51,91.0,1,5.9,2,2,2,2,76.3,1
3667,21,1,0,1.16,97.6,0,8.3,1,2,1,1,61.9,1
3668,18,0,1,5.55,73.7,1,7.3,1,4,0,1,68.5,1
3669,20,0,5,5.53,89.7,1,7.5,2,2,1,0,85.4,1
3670,18,1,3,5.35,42.8,1,9.4,2,1,0,0,66.5,1
3671,18,0,2,4.74,91.2,1,5.0,1,2,0,1,73.2,1
3672,17,2,3,7.08,57.2,1,6.0,2,4,0,2,74.9,1
3673,21,2,3,0.61,50.5,1,8.6,1,1,2,1,52.8,1
3674,17,0,3,7.45,56.6,1,7.0,0,3,1,2,57.8,1
3675,22,2,3,0.53,69.9,1,9.3,1,0,2,2,69.4,1
3676,20,2,6,3.96,75.3,1,4.9,1,1,0,2,68.5,1
3677,19,1,1,7.39,40.6,1,6.7,1,4,2,2,76.7,1
3678,23,0,4,2.15,60.6,1,8.6,0,3,1,2,35.0,1
3679,21,2,6,6.7,82.3,1,7.8,1,1,2,2,66.7,1
3680,22,1,6,4.75,85.0,1,4.9,0,2,1,0,70.3,1
3681,22,0,6,6.89,54.1,1,8.2,1,1,0,1,72.4,1
3682,17,2,5,0.39,54.8,1,7.3,1,0,2,0,31.0,1
3683,18,1,2,4.45,80.8,1,9.8,0,0,2,1,69.0,1
3684,21,2,6,1.51,76.6,0,7.8,1,0,1,0,67.4,1
3685,24,2,2,0.14,69.8,1,5.9,1,1,0,2,56.5,1
3686,18,0,3,5.51,72.8,1,7.2,2,4,2,1,78.7,1
3687,17,0,3,6.0,70.0,1,4.8,2,3,1,0,72.2,1
3688,24,0,4,5.89,64.4,1,8.5,0,0,2,2,72.6,1
3689,24,0,5,5.82,87.3,1,9.1,1,1,1,1,71.3,1
3690,18,0,5,6.4,93.3,1,7.5,2,1,2,0,86.0,1
3691,20,0,1,3.76,78.4,1,7.4,2,1,2,0,63.0,1
3692,22,0,5,2.78,56.2,1,4.7,1,2,2,2,61.9,1
3693,18,2,5,6.17,98.5,1,5.1,1,1,1,2,89.5,1
3694,19,2,2,5.33,45.3,1,9.8,1,3,0,2,73.0,1
3695,20,0,4,1.6,97.1,0,6.4,1,1,2,2,71.0,1
3696,22,0,2,3.48,73.4,1,8.7,0,2,0,0,70.0,1
3697,19,1,3,1.46,82.6,1,9.4,1,2,1,0,70.5,1
3698,20,1,1,6.23,65.4,1,4.5,1,2,2,0,69.3,1
3699,19,0,0,1.98,61.4,1,9.3,2,3,2,0,27.3,1
3700,23,1,1,4.98,53.4,1,5.0,2,3,2,2,50.3,1
3701,18,2,6,5.88,46.7,1,8.6,2,2,2,1,63.1,1
3702,18,1,6,7.91,58.8,1,5.6,0,1,1,2,70.4,1
3703,18,1,5,3.47,55.3,1,9.1,2,2,1,2,37.8,1
3704,24,1,5,6.98,72.0,1,6.7,2,1,1,0,68.0,1
3705,24,1,0,5.31,91.4,1,6.8,0,0,1,2,70.3,1
3706,21,0,1,0.08,45.0,0,7.5,2,1,2,1,19.599,-1
3707,18,2,3,3.13,84.8,1,9.1,1,2,0,0,68.0,1
3708,23,2,0,3.15,56.1,1,5.8,2,2,2,2,28.2,1
3709,20,1,1,0.96,78.5,1,9.9,2,0,1,2,46.7,1
3710,23,1,1,3.5,77.6,1,9.0,1,3,0,1,76.5,1
3711,19,0,1,0.93,84.3,1,6.3,0,1,1,2,31.7,1
3712,24,1,5,6.68,40.9,0,4.2,2,0,1,0,74.1,-1
3713,23,2,0,2.9,40.6,0,5.1,2,2,1,2,26.7,-1
3714,18,1,6,1.46,50.1,0,7.3,1,1,0,1,47.8,1
3715,22,0,4,4.81,98.8,1,9.0,1,0,1,2,80.6,1
3716,19,0,1,6.86,60.5,1,9.7,1,3,1,0,65.2,1
3717,19,0,2,7.48,77.5,1,6.3,0,4,2,2,76.3,1
3718,19,0,0,7.15,58.5,1,4.2,1,3,2,2,68.5,1
3719,22,2,2,7.06,69.3,1,8.2,0,4,1,0,73.7,1
3720,19,0,6,2.78,66.3,1,5.9,0,3,2,1,52.7,1
3721,22,0,6,4.04,51.3,1,7.6,1,1,0,0,84.3,1
3722,21,2,4,2.97,61.5,1,6.4,0,4,0,2,56.2,1
3723,23,2,0,7.38,51.4,1,7.8,1,4,2,2,80.3,1
3724,24,2,6,0.74,56.8,0,5.5,0,1,1,2,28.3,-1
3725,17,1,4,4.43,65.0,1,4.9,2,3,2,2,38.4,1
3726,24,2,0,1.98,87.7,1,5.0,2,2,0,0,57.3,1
3727,17,2,6,6.8,51.8,1,9.5,1,2,1,2,72.3,1
3728,21,2,1,2.71,51.7,1,9.2,2,3,2,0,44.3,1
3729,19,2,3,6.91,54.8,1,9.1,1,2,2,1,80.4,1
3730,22,0,4,7.42,87.4,1,7.7,0,1,1,0,57.1,1
3731,22,2,6,1.38,54.8,1,6.5,0,1,2,2,36.2,1
3732,23,0,2,6.03,89.2,1,5.3,0,1,0,2,77.5,1
3733,20,2,0,2.8,59.4,1,7.9,2,3,1,0,48.0,1
3734,24,0,5,3.23,58.2,0,5.9,2,2,2,2,57.3,1
3735,19,2,3,2.2,62.7,1,7.6,1,2,1,0,57.6,1
3736,18,2,5,4.93,66.9,0,6.1,0,1,0,1,63.6,1
3737,20,2,5,2.75,65.2,0,4.1,0,1,1,0,48.1,1
3738,21,1,0,5.92,63.7,1,7.7,2,0,0,0,74.0,1
3739,22,2,0,6.23,99.4,1,9.9,0,2,0,2,97.4,1
3740,23,1,3,3.16,81.6,0,6.8,2,2,1,2,65.7,1
3741,18,2,2,0.08,92.9,1,4.9,0,2,1,2,43.8,1
3742,19,1,5,0.53,93.6,0,8.5,2,3,0,2,69.5,1
3743,24,1,2,2.19,65.6,1,7.0,0,0,1,1,62.5,1
3744,20,0,6,7.63,86.5,1,8.3,0,3,2,0,80.8,1
3745,18,0,5,3.15,68.2,1,9.3,1,4,1,0,54.4,1
3746,24,2,0,5.95,75.7,1,5.7,1,1,0,1,77.9,1
3747,20,0,2,7.49,84.1,1,5.5,2,4,0,2,79.0,1
3748,24,1,5,2.73,74.9,0,6.8,2,3,1,0,47.9,1
3749,24,0,3,4.49,70.4,1,4.5,0,3,1,2,44.5,1
3750,24,0,1,6.82,40.7,1,4.6,2,3,1,0,50.2,1
3751,21,0,3,4.92,98.2,1,7.1,2,3,2,2,65.5,1
3752,23,0,6,0.9,42.3,1,6.4,2,0,1,2,28.7,1
3753,24,2,4,6.16,47.2,1,6.4,2,1,0,2,80.1,1
3754,19,2,4,7.23,42.5,1,7.9,2,0,2,0,69.7,1
3755,17,1,3,6.15,77.6,1,9.6,1,0,2,2,82.2,1
3756,19,1,1,6.02,58.2,1,9.6,1,0,1,2,93.5,1
3757,22,1,6,6.05,93.6,1,6.4,1,0,0,0,100.0,1
3758,21,1,5,4.9,75.6,0,7.9,1,2,2,1,93.7,1
3759,17,2,3,1.98,86.9,1,6.4,1,1,1,1,47.0,1
3760,21,0,5,7.29,48.7,1,8.5,1,0,0,1,92.7,1
3761,18,0,0,1.03,64.6,1,7.0,2,2,2,2,41.2,1
3762,21,0,5,6.62,77.5,1,4.8,0,2,1,2,81.4,1
3763,21,2,6,2.87,51.3,0,7.3,2,3,0,2,57.7,1
3764,22,2,0,5.39,62.9,1,9.9,0,3,1,2,59.9,1
3765,20,0,2,6.44,85.3,1,5.6,0,2,1,1,75.1,1
3766,20,0,5,6.39,80.9,0,8.6,0,4,1,0,62.7,1
3767,22,0,5,1.29,94.1,1,5.7,2,3,2,0,41.0,1
3768,22,2,5,4.89,73.5,1,8.4,1,0,2,2,100.0,1
3769,23,2,6,1.72,52.4,1,6.8,1,3,1,2,35.8,1
3770,19,1,0,0.9,92.7,1,8.3,1,4,1,1,47.1,1
3771,20,2,6,4.11,97.7,1,9.0,1,3,1,1,86.7,1
3772,19,0,1,7.9,69.1,1,4.1,2,3,0,1,86.0,1
3773,21,2,4,7.85,45.1,0,7.9,0,1,2,0,69.8,1
3774,18,2,6,4.59,55.2,1,4.4,2,4,1,2,47.9,1
3775,20,2,6,6.18,85.1,1,9.7,1,0,2,2,100.0,1
3776,18,1,4,2.0,40.6,1,7.1,0,4,2,2,56.5,1
3777,21,1,3,1.79,57.7,1,5.7,2,0,0,2,57.3,1
3778,23,2,3,5.65,62.1,1,8.0,2,0,0,2,68.0,1
3779,24,1,6,6.29,87.3,0,8.1,0,2,2,2,85.1,1
3780,20,1,6,5.93,66.2,1,6.7,1,2,0,2,80.1,1
3781,17,1,1,0.84,71.5,1,9.4,1,4,0,2,69.6,1
3782,18,0,2,2.85,80.3,1,9.8,1,0,1,2,61.4,1
3783,17,1,5,0.35,87.1,1,6.8,1,3,0,0,42.1,1
3784,23,1,5,6.29,60.3,1,8.3,0,2,1,1,60.5,1
3785,24,0,2,2.49,50.3,1,4.1,0,3,1,1,21.1,1
3786,21,0,3,3.44,50.9,1,5.8,1,2,2,2,56.9,1
3787,18,0,3,4.63,49.6,1,9.0,0,4,1,1,48.3,1
3788,17,2,2,0.08,46.9,1,4.7,0,2,1,2,19.599,1
3789,24,2,4,2.83,66.5,1,4.2,2,3,0,1,38.2,1
3790,19,1,6,5.82,51.0,1,8.1,1,0,0,2,85.7,1
3791,17,2,1,2.29,87.0,1,6.2,0,1,0,0,64.0,1
3792,18,1,5,4.56,40.6,1,9.3,0,3,0,1,50.8,1
3793,19,0,2,7.82,97.2,1,9.8,1,0,2,0,97.4,1
3794,22,0,1,0.95,40.8,1,6.1,1,3,0,2,50.9,1
3795,24,2,3,2.15,59.5,1,9.8,0,3,2,0,43.0,1
3796,19,1,6,5.47,85.2,0,8.2,2,2,1,1,89.7,1
3797,22,2,6,4.79,92.3,1,6.7,0,3,1,2,69.7,1
3798,17,0,6,7.82,45.2,1,7.3,0,1,0,0,59.6,1
3799,17,2,6,0.28,88.1,1,9.4,1,0,0,0,57.6,1
3800,17,2,5,7.02,85.1,1,4.6,0,0,0,0,91.8,1
3801,24,0,0,3.91,67.6,1,6.1,1,0,2,2,77.8,1
3802,21,1,2,1.82,77.6,0,6.3,2,3,0,0,35.1,1
3803,23,2,5,4.03,62.0,1,6.5,0,3,1,1,50.6,1
3804,17,0,1,3.3,58.7,0,7.6,2,0,1,0,43.7,1
3805,17,0,3,1.43,42.0,1,5.2,0,4,0,2,41.6,1
3806,23,0,5,1.76,40.6,1,7.5,0,2,0,2,31.4,1
3807,17,1,2,2.31,71.6,1,9.6,0,2,0,2,61.9,1
3808,18,1,6,4.42,40.7,1,6.9,2,0,2,2,51.4,1
3809,21,2,0,0.66,47.4,1,6.5,1,2,0,0,45.7,1
3810,21,1,1,0.71,45.8,1,4.7,2,0,2,0,28.3,1
3811,18,0,0,2.65,78.0,1,8.4,1,4,0,1,52.6,1
3812,20,2,3,5.66,80.1,1,8.2,2,0,1,0,71.6,1
3813,22,1,3,7.83,85.3,1,7.9,1,3,1,2,76.6,1
3814,20,0,1,0.1,98.4,1,9.7,2,3,0,2,38.0,1
3815,20,2,1,7.78,98.8,0,6.4,1,1,1,1,91.7,-1
3816,17,2,3,5.49,52.5,1,7.4,2,0,1,1,43.7,1
3817,20,1,1,7.21,61.1,0,9.4,1,1,1,2,89.7,1
3818,23,0,4,4.29,73.7,1,8.4,2,4,2,2,61.0,1
3819,22,1,6,3.7,42.7,0,7.9,0,0,1,2,73.3,1
3820,24,0,2,6.28,51.5,1,8.0,1,4,1,0,88.9,1
3821,18,1,2,4.41,91.2,1,5.6,1,4,0,0,63.5,1
3822,17,2,4,7.18,64.5,0,4.6,2,3,1,2,70.7,1
3823,21,1,2,7.14,69.1,0,4.2,1,4,2,2,79.2,1
3824,18,2,4,4.24,84.2,1,8.0,1,4,1,2,77.8,1
3825,21,0,3,4.59,88.5,1,6.9,1,3,1,0,66.5,1
3826,24,2,3,3.65,91.9,1,9.3,1,4,0,0,73.0,1
3827,19,1,4,5.52,93.7,1,4.2,2,4,0,2,69.3,1
3828,21,1,6,5.46,57.7,1,7.8,1,1,2,1,72.9,1
3829,22,0,2,5.2,78.9,1,5.0,2,3,2,0,60.5,1
3830,18,2,2,0.5,46.7,1,6.7,1,1,1,2,37.0,1
3831,24,2,4,7.71,98.1,1,9.1,2,2,0,0,91.6,1
3832,18,2,2,2.68,56.1,1,6.4,1,1,0,2,40.0,1
3833,23,0,3,1.97,63.4,1,7.1,0,3,0,2,44.1,1
3834,22,2,3,1.69,95.8,1,8.6,1,0,0,2,69.6,1
3835,18,0,0,0.55,77.8,1,4.1,1,3,2,0,64.3,1
3836,22,2,3,3.66,57.3,1,4.1,0,4,0,2,51.0,1
3837,18,2,2,0.33,45.2,0,8.6,2,4,0,2,37.0,1
3838,21,2,1,1.29,69.3,1,6.4,2,4,2,2,34.3,1
3839,24,0,2,0.08,75.4,1,9.1,0,3,2,0,28.9,1
3840,24,0,6,1.4,80.1,1,8.9,1,3,2,2,45.0,1
3841,23,0,5,7.91,49.9,1,8.5,2,1,0,1,81.6,1
3842,20,2,1,4.33,82.4,1,9.8,2,4,1,1,68.4,1
3843,21,2,2,0.54,61.8,1,7.1,0,2,2,2,46.6,1
3844,19,2,1,4.51,96.6,1,5.0,1,2,0,0,84.6,1
3845,24,2,6,4.81,79.2,1,6.2,0,3,0,1,76.2,1
3846,20,2,5,4.38,95.1,1,9.3,2,4,1,1,68.8,1
3847,23,2,4,2.69,41.8,1,8.0,1,0,2,1,61.0,1
3848,19,2,6,5.26,94.2,1,7.6,2,0,1,2,81.7,1
3849,22,2,1,1.14,92.7,1,4.3,2,1,0,2,49.2,1
3850,18,1,3,1.76,70.6,1,8.2,1,2,2,0,52.2,1
3851,22,2,5,7.91,98.6,0,8.0,2,2,1,2,90.2,-1
3852,17,0,2,3.32,85.0,0,8.7,0,1,2,2,85.9,1
3853,17,2,3,1.18,99.4,1,8.6,1,4,0,2,68.1,1
3854,19,0,0,1.74,85.4,1,6.5,1,2,2,1,71.5,1
3855,20,0,1,5.79,94.9,0,4.7,0,3,2,2,71.1,1
3856,22,2,1,0.93,51.8,1,5.5,1,4,1,0,31.2,1
3857,19,0,6,2.83,51.8,1,5.7,0,0,0,2,47.6,1
3858,17,2,3,2.63,70.5,0,9.7,2,0,0,2,57.4,-1
3859,19,1,2,1.82,83.8,1,6.1,0,4,0,1,59.8,1
3860,20,2,4,3.81,55.9,1,4.7,1,4,1,0,39.0,1
3861,21,0,4,0.88,65.0,1,9.8,0,1,2,0,62.7,1
3862,22,2,0,3.65,50.3,1,8.4,2,2,1,2,49.7,1
3863,18,1,0,0.26,95.5,1,6.1,2,3,1,2,53.3,1
3864,21,0,3,7.76,84.7,1,4.1,1,0,2,2,100.0,1
3865,22,0,6,4.84,42.3,1,4.1,2,1,0,0,52.8,1
3866,23,1,5,0.6,41.3,1,6.7,0,3,2,2,20.0,1
3867,21,0,0,1.53,99.4,0,9.2,2,2,2,2,53.5,-1
3868,23,0,1,5.89,63.8,1,7.9,0,3,0,2,74.3,1
3869,18,2,2,5.85,76.1,1,4.3,1,0,0,2,85.9,1
3870,22,2,1,2.92,96.9,1,5.0,0,0,0,0,75.0,1
3871,17,0,2,1.19,97.3,1,8.4,1,0,2,1,88.0,1
3872,17,0,5,4.29,45.8,1,6.7,2,2,2,2,46.6,1
3873,23,1,4,2.21,78.1,1,8.3,1,2,2,0,53.2,1
3874,20,2,2,0.77,99.4,1,9.4,0,1,2,2,60.3,1
3875,21,2,6,2.77,50.8,1,8.4,1,0,2,0,65.1,1
3876,21,2,1,6.01,79.8,1,7.9,2,0,1,0,66.9,1
3877,22,0,4,2.83,86.4,1,9.1,2,4,0,2,70.7,1
3878,18,0,2,0.33,44.5,1,6.6,0,2,1,2,19.599,1
3879,18,2,4,0.96,63.2,0,7.9,0,1,0,1,55.9,1
3880,17,2,3,4.77,52.3,1,8.9,1,3,2,1,77.9,1
3881,23,1,6,4.18,43.4,1,9.2,1,2,0,2,88.7,1
3882,18,0,4,5.4,46.0,1,6.2,1,3,1,1,56.4,1
3883,21,0,3,4.57,60.5,1,6.0,1,0,1,0,69.6,1
3884,20,0,3,3.98,74.8,1,5.3,1,4,2,2,64.6,1
3885,18,0,4,3.8,97.2,1,9.2,0,1,2,2,66.5,1
3886,20,1,0,7.69,96.1,1,7.5,1,4,2,2,97.9,1
3887,17,0,4,6.9,92.3,1,7.4,2,0,2,0,93.6,1
3888,18,1,3,3.06,86.3,1,5.4,2,1,2,0,57.2,1
3889,18,1,6,5.23,42.4,1,6.1,2,4,1,2,55.1,1
3890,23,1,1,0.16,64.3,1,4.5,1,1,2,2,44.3,1
3891,21,0,5,0.17,86.8,1,5.9,0,3,0,1,44.5,1
3892,24,0,5,2.55,98.0,1,9.8,2,0,1,2,50.1,1
3893,20,0,5,6.04,67.7,0,7.7,1,4,0,0,96.4,1
3894,18,1,6,7.4,82.1,1,8.1,2,3,2,2,69.6,1
3895,21,2,3,5.46,99.4,0,7.7,2,0,0,0,91.5,1
3896,24,0,3,5.65,77.4,0,7.9,0,3,0,2,63.4,1
3897,21,0,1,0.26,86.7,1,9.5,2,0,1,0,42.3,1
3898,17,0,0,7.44,98.0,1,9.6,0,3,2,2,95.8,1
3899,19,0,1,0.69,82.6,1,4.3,0,0,0,2,56.1,1
3900,24,0,5,7.58,47.9,1,5.6,1,4,1,0,60.8,1
3901,21,2,5,1.13,98.7,1,5.0,2,3,1,2,56.5,1
3902,24,2,1,0.27,88.2,1,9.5,0,0,2,2,52.1,1
3903,21,2,5,4.51,55.9,0,8.8,0,1,2,2,72.8,1
3904,17,0,0,0.91,99.2,1,9.6,0,2,2,0,55.2,1
3905,23,0,5,0.23,44.8,1,4.2,2,1,0,1,21.2,1
3906,23,1,6,5.34,96.4,1,7.6,0,0,0,1,100.0,1
3907,22,0,5,5.91,90.5,1,4.3,0,4,2,0,75.1,1
3908,24,2,1,2.34,56.5,1,5.0,2,3,0,1,22.8,1
3909,18,1,1,4.27,91.6,1,8.9,1,4,2,0,77.0,1
3910,24,2,2,4.69,43.6,1,7.8,1,3,0,2,64.4,1
3911,18,2,5,1.29,97.1,1,7.2,1,0,0,2,67.1,1
3912,24,0,3,3.52,76.3,0,4.2,2,3,0,1,41.5,-1
3913,18,0,1,5.1,71.3,0,5.7,1,3,0,0,67.3,1
3914,21,2,4,7.09,99.4,1,6.1,2,2,2,2,100.0,1
3915,23,1,3,3.35,41.6,1,6.6,0,0,1,0,44.5,1
3916,17,1,4,5.59,70.7,1,4.8,0,3,0,2,73.2,1
3917,17,1,4,4.01,84.1,1,5.5,2,4,1,2,46.9,1
3918,23,2,1,5.66,46.7,0,8.0,0,1,1,2,48.4,1
3919,17,0,0,6.31,40.9,0,7.8,0,2,1,1,59.4,1
3920,21,1,5,4.24,76.9,1,6.1,0,4,0,2,73.6,1
3921,24,1,6,0.49,60.3,1,6.1,1,3,1,0,45.8,1
3922,21,0,1,7.0,68.9,1,8.9,1,2,2,1,85.1,1
3923,20,0,3,4.81,77.3,1,5.7,0,1,1,2,57.9,1
3924,20,1,6,4.81,63.2,1,4.4,2,0,1,1,81.2,1
3925,22,1,4,4.08,52.9,1,5.9,0,0,0,1,70.8,1
3926,21,2,1,1.39,54.3,1,4.9,0,3,0,1,50.2,1
3927,21,2,4,3.89,51.2,1,5.7,2,3,2,0,52.4,1
3928,18,1,2,4.29,83.0,1,5.9,2,0,1,1,79.8,1
3929,22,0,3,3.07,48.1,1,5.2,1,4,1,1,43.6,1
3930,22,1,3,1.19,98.3,1,5.8,1,2,2,2,62.9,1
3931,22,0,2,6.1,40.6,1,7.8,0,4,2,1,59.2,1
3932,17,1,1,3.65,58.2,1,7.4,0,2,1,2,42.3,1
3933,22,2,6,5.61,88.2,1,4.4,2,4,2,0,62.2,1
3934,22,2,4,0.38,45.4,1,5.8,2,3,2,2,19.599,1
3935,18,2,3,4.04,75.3,0,6.7,0,3,0,0,57.2,1
3936,23,1,1,0.59,57.4,0,4.2,2,1,1,0,27.2,-1
3937,21,2,2,5.87,97.9,1,9.8,1,1,2,2,100.0,1
3938,20,0,0,4.65,53.1,1,5.4,1,3,1,0,45.0,1
3939,22,1,3,3.61,44.3,1,7.9,1,0,0,2,75.8,1
3940,21,1,1,7.78,76.8,1,4.7,1,2,1,2,84.1,1
3941,21,2,5,2.61,62.6,0,6.3,0,2,0,0,54.7,1
3942,19,2,3,3.38,94.2,1,4.1,1,4,2,2,74.5,1
3943,24,2,2,5.9,94.9,1,4.8,2,1,2,2,78.2,1
3944,24,1,2,4.2,87.7,1,4.8,0,3,2,0,51.4,1
3945,18,0,6,5.27,47.7,1,7.8,2,1,2,1,54.7,1
3946,22,2,0,7.81,79.5,1,4.1,2,2,1,1,72.9,1
3947,17,1,0,5.57,45.5,1,6.0,2,3,1,1,58.4,1
3948,19,1,1,1.21,41.5,1,5.1,2,4,2,2,34.7,1
3949,24,1,5,1.67,51.8,0,8.0,1,0,1,2,57.6,1
3950,18,1,5,6.96,69.7,1,4.2,0,1,1,2,69.4,1
3951,20,2,1,0.38,67.1,1,7.7,2,1,2,1,24.9,1
3952,18,1,5,4.07,86.6,1,7.5,0,1,2,2,61.7,1
3953,22,1,3,7.25,71.4,1,4.7,0,0,0,2,89.3,1
3954,20,1,1,6.21,55.9,1,8.2,1,1,1,2,75.2,1
3955,21,2,5,0.93,48.4,1,5.3,1,0,1,2,38.8,1
3956,24,0,2,5.92,74.2,1,4.6,2,4,2,2,76.4,1
3957,21,2,6,3.06,80.5,1,4.4,0,1,0,2,67.6,1
3958,22,1,2,7.21,52.8,0,9.8,0,3,1,2,91.2,1
3959,17,0,0,4.58,77.9,1,5.7,2,0,2,2,56.6,1
3960,18,2,1,4.39,91.6,1,9.1,0,1,0,1,86.4,1
3961,24,2,1,0.08,54.5,0,7.2,1,3,2,1,48.2,1
3962,23,0,3,2.0,89.2,1,9.1,0,4,0,2,52.2,1
3963,22,1,5,3.3,97.0,1,8.8,1,2,0,2,84.3,1
3964,20,1,0,5.79,96.2,1,5.6,0,2,1,2,78.3,1
3965,18,0,3,4.16,48.5,1,6.9,2,0,1,2,51.8,1
3966,23,0,6,6.82,42.9,1,5.3,1,3,2,0,59.5,1
3967,23,1,3,0.27,83.6,1,6.2,2,4,0,2,35.5,1
3968,18,1,5,2.58,62.9,0,9.8,0,1,1,2,43.6,1
3969,21,0,0,4.78,50.7,1,6.4,2,2,0,0,69.4,1
3970,21,1,2,5.27,66.8,1,4.7,1,4,2,0,82.0,1
3971,20,0,1,4.02,72.6,0,7.2,1,2,1,2,57.2,1
3972,24,1,1,3.19,49.7,1,8.3,2,2,0,2,61.0,1
3973,17,1,6,0.57,42.3,1,6.0,1,2,0,1,42.6,1
3974,19,1,2,5.57,86.9,1,6.8,0,2,2,1,82.6,1
3975,17,0,5,7.23,67.4,1,8.9,0,1,0,1,82.6,1
3976,22,1,2,6.47,54.7,1,5.9,0,1,1,1,57.6,1
3977,22,0,1,5.61,97.3,1,9.2,0,4,0,0,100.0,1
3978,24,2,3,5.07,85.5,1,8.6,2,2,1,2,64.5,1
3979,21,2,2,6.18,64.2,1,8.6,2,1,0,0,81.9,1
3980,18,2,2,6.21,56.4,1,9.3,1,3,1,2,80.5,1
3981,20,2,5,0.08,83.8,1,7.7,2,2,2,2,40.0,1
3982,17,2,2,2.86,83.5,1,6.6,1,4,1,0,63.6,1
3983,22,2,4,6.94,93.0,1,9.2,2,1,1,2,77.2,1
3984,22,1,2,6.81,40.8,0,7.6,0,3,0,2,76.2,1
3985,23,0,2,5.68,77.8,1,5.8,1,0,2,2,67.8,1
3986,19,2,4,2.47,56.9,0,5.3,2,2,0,0,41.3,1
3987,19,2,0,6.38,98.5,0,6.2,0,3,1,2,79.9,1
3988,17,0,2,1.85,41.5,1,8.5,1,3,0,2,33.1,1
3989,20,1,4,1.79,69.2,1,5.3,1,0,0,0,50.6,1
3990,20,1,6,4.29,82.6,1,8.0,0,0,2,0,61.3,1
3991,23,0,3,4.57,85.1,1,6.6,1,2,1,2,79.0,1
3992,23,2,0,2.81,78.0,1,5.0,2,0,2,1,43.8,1
3993,18,0,5,4.83,68.3,1,7.9,1,2,2,2,64.0,1
3994,19,1,0,5.67,94.6,0,9.9,2,1,0,2,78.0,1
3995,21,2,4,1.44,74.6,1,4.2,1,2,0,1,63.2,1
3996,19,0,3,2.31,71.3,1,7.8,1,3,1,2,24.2,1
3997,17,0,5,5.6,91.4,1,4.9,1,2,1,2,74.4,1
3998,23,2,3,7.42,66.6,1,4.2,0,1,0,2,91.0,1
3999,22,0,3,7.08,76.5,1,5.2,0,2,0,2,77.1,1
4000,21,0,0,1.04,59.7,1,4.9,1,1,2,2,44.5,1
4001,19,2,0,4.56,52.7,1,5.6,1,3,0,1,69.5,1
4002,23,0,3,6.4,67.6,1,7.7,0,1,1,1,56.0,1
4003,17,0,2,1.9,60.2,1,9.3,1,1,2,2,50.1,1
4004,20,0,0,5.15,42.3,1,4.5,1,0,1,2,57.1,1
4005,23,2,2,3.42,69.2,1,5.4,1,3,2,0,60.5,1
4006,24,1,0,5.3,79.4,0,4.1,2,0,2,2,76.0,1
4007,19,1,0,0.26,43.1,1,7.0,2,4,0,0,29.1,1
4008,22,2,2,2.5,74.0,1,6.2,1,3,2,2,62.1,1
4009,18,0,0,2.46,58.6,1,9.5,1,1,2,0,48.0,1
4010,17,1,4,3.35,42.4,0,4.8,0,0,1,2,45.2,1
4011,19,0,6,0.92,45.8,1,7.0,1,1,1,2,42.0,1
4012,24,1,4,3.49,83.0,1,9.0,1,0,1,2,79.3,1
4013,22,0,4,4.33,72.3,1,8.3,1,3,1,0,49.0,1
4014,20,1,4,0.21,97.4,0,7.7,0,1,1,2,47.7,1
4015,19,0,6,2.41,80.9,1,8.1,2,0,2,2,46.3,1
4016,18,2,6,1.42,97.8,1,9.0,2,3,2,0,40.0,1
4017,19,1,2,7.78,57.1,1,6.8,1,4,2,2,92.1,1
4018,18,2,3,1.04,74.9,1,6.9,0,4,2,2,50.7,1
4019,18,1,6,5.02,73.5,1,4.7,1,1,2,2,62.8,1
4020,22,0,6,3.21,71.4,0,9.8,1,4,2,2,65.0,1
4021,18,2,3,2.3,93.8,1,9.5,1,1,2,2,72.4,1
4022,17,2,3,6.83,71.7,0,8.0,0,0,0,0,83.3,1
4023,21,1,2,5.31,55.8,1,7.1,0,4,2,2,39.3,1
4024,19,1,3,4.96,82.1,1,7.5,1,1,2,2,79.5,1
4025,20,2,3,0.75,55.9,1,5.0,1,4,1,1,47.2,1
4026,18,2,4,2.07,45.0,1,8.1,1,0,1,2,44.7,1
4027,18,0,3,2.21,75.3,1,8.4,2,3,1,1,43.6,1
4028,20,1,1,3.48,48.2,1,7.7,1,4,0,2,68.7,1
4029,22,0,6,7.37,82.9,1,4.1,2,3,1,2,85.2,1
4030,20,0,1,3.23,66.3,1,4.5,0,1,2,2,55.2,1
4031,21,0,0,2.62,92.0,0,4.9,0,3,2,1,51.3,1
4032,21,1,3,0.57,64.3,1,8.3,0,3,0,0,44.6,1
4033,19,1,0,3.08,63.8,1,6.6,1,0,2,2,62.2,1
4034,19,2,2,0.42,65.7,1,8.9,0,0,2,0,45.1,1
4035,20,1,4,2.92,82.8,1,9.8,0,2,1,2,67.9,1
4036,17,2,1,7.74,49.3,1,7.1,0,4,0,2,82.3,1
4037,22,0,6,4.45,60.5,1,5.9,1,2,2,1,70.9,1
4038,21,0,5,1.67,56.1,1,7.5,2,1,1,1,31.1,1
4039,19,2,0,2.39,63.3,1,6.0,1,1,2,2,67.0,1
4040,19,1,3,4.57,94.7,1,6.4,2,0,1,1,63.1,1
4041,19,2,6,0.15,77.9,1,4.4,0,3,2,2,19.599,1
4042,22,1,2,7.2,70.2,0,6.0,0,1,2,1,72.3,1
4043,23,0,0,4.63,47.7,1,9.8,1,0,2,2,77.9,1
4044,17,0,2,3.94,74.6,1,8.5,0,1,2,0,62.5,1
4045,20,0,2,5.73,87.9,1,9.6,1,1,0,2,80.0,1
4046,17,1,6,1.6,61.7,1,5.9,1,1,2,2,60.1,1
4047,20,2,2,0.17,94.2,1,5.3,2,3,0,0,21.9,1
4048,18,1,6,4.92,61.1,1,4.4,1,4,2,2,60.8,1
4049,19,0,5,1.28,49.6,0,7.3,2,3,0,2,35.1,1
4050,20,0,4,0.1,89.7,1,8.9,0,0,0,0,82.6,1
4051,19,0,5,7.43,73.9,1,9.9,1,0,1,0,100.0,1
4052,20,0,1,6.31,71.0,1,5.2,2,4,0,1,74.7,1
4053,23,2,2,0.91,95.5,1,4.4,2,2,1,0,63.6,1
4054,23,2,0,7.17,89.5,1,6.7,1,3,0,2,100.0,1
4055,17,1,5,0.54,99.4,1,6.4,0,1,0,2,62.7,1
4056,20,0,0,6.42,81.5,1,7.7,2,1,2,1,70.7,1
4057,23,0,1,3.32,74.8,1,7.5,0,3,0,0,75.6,1
4058,21,0,5,4.15,72.3,1,7.5,1,2,0,0,65.7,1
4059,18,2,4,5.35,61.4,0,9.8,2,2,2,1,62.1,1
4060,21,0,3,0.79,50.9,1,8.9,2,4,1,1,43.3,1
4061,18,0,0,7.26,89.5,1,7.0,2,2,1,1,81.0,1
4062,17,1,5,1.15,40.6,1,5.2,0,2,0,0,39.7,1
4063,22,0,5,7.53,93.3,0,9.0,2,0,2,2,100.0,-1
4064,21,0,0,0.73,55.7,1,4.3,1,4,0,0,32.7,1
4065,23,0,2,1.38,54.4,1,6.2,1,1,0,2,48.2,1
4066,19,2,6,0.46,40.6,0,6.0,2,3,1,2,19.599,-1
4067,23,1,2,3.18,61.6,1,4.2,2,1,0,1,56.1,1
4068,20,1,3,4.73,45.3,0,6.1,2,3,2,2,57.6,1
4069,22,0,6,5.0,51.1,1,5.2,0,3,1,0,56.2,1
4070,17,1,0,6.63,81.3,1,7.8,2,3,0,1,72.2,1
4071,17,2,5,4.23,64.9,1,5.8,1,3,0,0,71.5,1
4072,23,2,3,4.08,40.7,1,9.6,1,1,2,0,52.7,1
4073,23,0,5,2.61,59.0,1,8.4,1,1,2,2,42.0,1
4074,24,0,4,5.21,40.6,0,4.8,0,4,1,2,58.6,1
4075,19,1,1,7.27,94.9,1,8.7,0,4,0,1,95.6,1
4076,17,0,6,2.84,91.6,1,9.6,2,0,1,2,60.8,1
4077,24,2,3,2.85,61.2,1,4.3,1,2,2,2,61.2,1
4078,21,2,3,2.75,54.4,1,6.4,0,0,0,2,46.6,1
4079,18,2,4,1.82,46.4,1,9.4,1,0,2,0,65.7,1
4080,23,0,6,4.53,82.3,1,5.0,1,1,0,0,80.7,1
4081,24,0,6,0.84,47.2,0,8.9,2,2,2,1,19.9,-1
4082,19,1,0,6.68,80.2,1,4.8,2,1,2,2,84.6,1
4083,23,2,1,1.1,55.5,1,5.5,1,0,0,1,77.2,1
4084,23,2,0,1.39,83.8,1,8.0,2,2,0,2,68.1,1
4085,21,0,1,0.55,63.6,1,4.2,1,4,2,2,50.0,1
4086,22,2,0,3.05,48.2,1,8.7,0,4,1,1,43.3,1
4087,19,1,3,6.06,56.6,1,8.0,2,1,1,2,42.5,1
4088,24,1,2,7.28,81.4,1,9.7,1,2,0,2,99.6,1
4089,24,0,3,3.47,81.1,0,4.1,1,4,0,0,62.7,1
4090,24,1,5,1.88,75.8,1,5.2,2,4,2,0,38.4,1
4091,22,1,3,5.81,59.4,1,6.5,0,0,1,2,66.6,1
4092,17,2,2,5.51,78.1,1,8.3,2,3,0,1,76.2,1
4093,19,0,0,5.45,42.5,1,6.9,2,2,2,1,51.7,1
4094,20,0,0,3.55,76.3,1,4.7,0,1,1,0,44.9,1
4095,24,2,4,4.52,86.9,1,4.3,0,2,0,2,70.9,1
4096,21,0,1,0.5,48.3,1,6.1,1,4,0,2,37.0,1
4097,21,0,0,2.0,89.0,1,5.0,2,2,2,2,45.5,1
4098,18,0,5,7.42,94.3,1,5.1,2,1,2,0,95.5,1
4099,23,0,1,0.33,97.5,1,5.8,2,1,2,2,46.6,1
4100,19,2,6,2.41,41.8,1,7.5,0,0,2,2,57.7,1
4101,17,0,0,1.81,93.7,1,8.7,0,2,1,0,67.2,1
4102,24,0,5,1.04,43.8,1,5.2,2,3,0,0,25.1,1
4103,18,0,2,7.39,62.8,0,6.6,1,2,1,1,99.9,1
4104,17,1,0,1.01,72.9,1,8.3,1,3,0,2,61.6,1
4105,17,1,0,3.91,53.3,1,9.2,0,4,2,2,61.2,1
4106,20,1,3,6.72,60.7,1,5.3,2,0,0,2,66.7,1
4107,17,1,2,0.08,94.5,1,9.0,0,3,0,0,42.5,1
4108,23,0,1,0.87,50.5,1,6.6,0,3,0,0,43.2,1
4109,21,2,6,2.74,72.3,0,7.9,2,4,0,0,42.2,1
4110,19,2,6,1.18,89.6,0,6.8,2,1,0,0,44.9,1
4111,17,2,3,1.46,54.5,1,8.5,2,1,0,1,43.2,1
4112,20,0,2,4.73,96.1,1,8.3,0,3,2,2,72.1,1
4113,18,1,1,1.37,98.8,0,7.1,0,3,1,2,58.1,1
4114,24,0,6,5.11,56.0,1,9.7,1,0,2,1,89.4,1
4115,19,2,6,7.32,68.4,1,9.4,0,2,1,2,72.5,1
4116,20,2,5,1.84,40.7,1,6.0,1,2,1,2,36.1,1
4117,17,2,6,1.7,97.6,1,4.7,1,2,0,0,62.5,1
4118,18,0,4,0.09,48.2,1,4.9,2,3,0,1,22.5,1
4119,18,0,4,0.12,65.7,1,5.6,2,0,1,1,36.6,1
4120,17,0,5,3.17,80.4,0,7.9,1,3,0,0,43.6,1
4121,22,1,4,3.91,79.0,1,5.1,1,3,1,0,60.5,1
4122,24,1,0,1.46,79.2,1,7.4,0,1,1,2,21.1,1
4123,24,1,4,2.58,41.0,1,8.5,2,3,0,2,48.0,1
4124,19,2,0,1.12,84.1,1,5.2,0,1,1,0,37.3,1
4125,23,1,4,5.45,84.8,0,5.8,2,2,2,2,72.7,1
4126,21,2,0,3.14,72.7,0,4.3,0,4,2,2,48.1,1
4127,17,0,3,5.87,83.9,1,4.7,1,1,1,2,83.9,1
4128,17,2,1,4.4,40.6,0,6.2,2,1,0,1,43.5,1
4129,21,1,6,3.02,50.0,0,5.6,1,0,0,0,60.3,1
4130,20,1,5,5.01,44.5,1,5.3,1,1,1,2,62.5,1
4131,17,1,2,0.08,58.8,1,6.0,0,2,1,0,51.8,1
4132,24,0,3,5.52,52.2,1,4.7,1,2,1,1,56.9,1
4133,22,0,3,2.97,51.2,1,8.4,1,4,0,2,68.5,1
4134,21,1,6,4.11,65.2,1,7.6,2,4,0,1,45.6,1
4135,24,2,5,4.19,77.4,1,5.6,2,3,0,2,53.0,1
4136,24,2,6,4.47,72.6,0,4.8,2,4,1,0,66.7,1
4137,24,1,3,5.62,90.2,1,4.3,2,1,0,1,74.6,1
4138,19,1,1,0.89,63.6,1,8.1,0,0,0,2,54.0,1
4139,24,2,5,3.91,64.5,0,5.3,2,0,2,2,55.1,1
4140,21,0,1,0.67,40.6,1,6.6,1,0,0,1,41.5,1
4141,22,2,4,1.87,85.6,1,7.5,2,3,1,2,39.5,1
4142,23,2,0,1.51,76.1,1,6.1,0,1,1,2,54.8,1
4143,18,2,0,4.79,47.5,1,4.2,1,2,1,1,47.7,1
4144,20,1,2,4.85,51.5,1,7.1,0,4,0,0,50.3,1
4145,18,0,5,6.65,50.3,1,9.6,1,3,0,2,73.2,1
4146,19,0,4,4.17,64.5,1,4.8,2,0,0,2,60.3,1
4147,20,2,0,5.96,42.3,1,6.3,1,0,1,2,51.1,1
4148,23,1,5,7.11,86.7,1,5.9,1,3,1,0,73.2,1
4149,23,1,6,1.07,59.1,1,5.4,0,3,0,2,43.3,1
4150,20,0,5,5.77,95.1,0,7.8,0,0,2,1,93.1,1
4151,19,2,6,2.62,56.3,0,6.2,0,0,1,2,63.5,1
4152,21,2,3,2.22,62.0,1,5.9,0,4,2,1,46.4,1
4153,24,0,0,7.7,95.3,1,5.0,2,3,1,0,85.3,1
4154,24,0,5,1.65,50.1,1,6.2,0,4,0,0,53.3,1
4155,18,1,4,7.32,90.7,1,9.9,2,0,2,0,91.9,1
4156,18,2,4,6.59,49.1,1,9.2,1,2,2,1,90.9,1
4157,22,1,4,7.03,69.7,1,4.6,0,0,0,2,92.9,1
4158,19,1,6,4.69,92.4,1,7.8,2,2,1,0,66.2,1
4159,18,0,4,4.68,49.6,1,6.9,0,1,2,2,65.9,1
4160,17,0,5,3.22,42.2,1,8.1,1,4,2,0,36.8,1
4161,20,0,2,3.21,54.4,0,9.6,0,0,1,2,57.8,1
4162,20,2,5,6.81,55.7,1,4.5,1,3,1,2,67.9,1
4163,21,1,0,3.1,64.4,1,7.3,2,4,0,2,60.4,1
4164,18,2,2,3.89,84.6,1,4.4,0,0,1,0,66.1,1
4165,22,1,1,7.91,42.9,1,6.2,2,1,0,0,77.4,1
4166,22,1,5,2.83,74.3,1,6.7,1,3,1,0,64.3,1
4167,20,1,5,6.58,83.5,1,4.5,1,3,2,1,81.1,1
4168,18,2,0,2.22,88.4,1,5.5,0,1,0,1,41.4,1
4169,21,2,1,0.2,98.0,0,7.4,1,2,0,2,61.6,-1
4170,22,2,0,4.75,89.5,1,5.4,1,4,2,0,61.9,1
4171,19,1,0,3.83,46.2,1,8.3,1,2,2,0,62.9,1
4172,19,2,3,6.29,50.5,1,8.0,2,3,2,2,65.2,1
4173,21,1,5,0.08,83.2,1,7.0,0,0,0,0,66.7,1
4174,19,0,0,0.56,52.7,1,7.4,2,0,2,2,38.2,1
4175,20,2,1,6.88,54.8,0,5.9,2,0,2,1,72.2,1
4176,19,1,2,3.85,91.0,0,7.3,2,1,0,0,60.8,1
4177,19,1,4,4.05,67.7,0,5.9,2,4,0,0,57.8,1
4178,22,1,1,1.8,63.8,1,9.4,1,0,1,1,69.6,1
4179,20,2,1,7.41,68.2,1,4.5,1,0,1,0,75.0,1
4180,20,0,5,7.32,55.4,1,5.2,0,4,1,0,72.5,1
4181,22,1,2,4.13,45.3,1,5.5,0,1,1,1,42.7,1
4182,19,0,4,1.74,98.6,1,8.7,1,2,2,1,65.9,1
4183,17,2,2,7.86,57.5,1,6.7,2,0,2,2,74.5,1
4184,23,1,6,7.14,70.7,1,7.3,2,0,1,2,69.2,1
4185,17,0,4,4.17,43.5,1,5.8,1,1,0,2,62.0,1
4186,21,1,5,5.01,49.0,1,5.6,0,0,1,2,63.0,1
4187,19,1,4,3.52,46.1,1,7.9,0,1,1,2,45.5,1
4188,18,0,0,1.65,43.1,1,8.1,2,3,2,1,37.2,1
4189,17,0,6,5.45,79.1,1,7.1,0,0,1,2,63.8,1
4190,24,0,5,5.35,41.0,0,8.2,1,4,0,2,70.0,1
4191,20,1,2,4.38,67.4,0,8.6,2,0,1,2,69.2,1
4192,19,0,4,6.52,79.9,1,4.6,1,4,1,2,67.8,1
4193,22,0,3,3.61,61.8,1,5.4,1,4,0,2,61.8,1
4194,17,0,0,6.89,49.0,1,7.7,1,2,0,2,92.2,1
4195,21,0,3,1.74,53.4,1,9.2,0,1,2,2,36.9,1
4196,20,1,6,7.69,49.2,1,8.9,2,0,1,0,83.7,1
4197,21,1,2,1.64,57.7,1,7.5,1,1,2,2,47.0,1
4198,17,2,6,1.28,61.4,1,6.7,0,2,0,2,53.5,1
4199,24,0,4,4.83,63.8,1,4.2,0,3,2,2,58.7,1
4200,18,0,2,0.74,53.4,1,9.5,1,0,1,2,36.7,1
4201,22,2,0,1.34,54.1,1,8.5,1,2,2,1,45.8,1
4202,22,1,5,5.83,78.4,1,5.7,0,0,1,0,76.3,1
4203,19,2,4,2.47,41.4,1,7.0,0,1,1,0,22.5,1
4204,18,0,2,6.4,66.5,0,5.4,2,1,0,2,92.8,1
4205,19,2,1,1.24,95.8,1,9.5,2,4,2,0,47.3,1
4206,23,0,6,3.08,85.7,0,6.7,1,0,2,0,73.8,1
4207,24,0,1,3.09,60.0,0,9.1,2,4,0,2,49.1,1
4208,24,0,4,3.84,72.9,1,7.7,0,1,0,0,57.2,1
4209,18,1,6,3.28,98.9,1,7.2,1,1,1,2,70.6,1
4210,21,0,1,3.09,83.0,1,9.4,2,4,1,2,54.1,1
4211,18,2,2,2.63,75.4,1,4.8,2,3,1,2,19.599,1
4212,22,0,5,0.12,73.6,1,4.4,0,4,2,2,30.5,1
4213,20,1,6,4.93,93.7,1,8.0,0,2,1,0,77.5,1
4214,22,2,3,3.79,51.7,1,9.5,2,3,1,2,38.6,1
4215,22,1,1,2.99,74.7,1,4.8,1,4,1,0,37.3,1
4216,24,1,2,1.69,61.0,1,5.5,2,4,1,2,40.9,1
4217,20,1,6,7.13,68.1,1,6.4,0,1,1,0,72.5,1
4218,19,1,5,1.9,42.4,1,9.6,0,4,2,0,22.7,1
4219,21,1,6,7.37,87.6,1,9.1,1,3,2,0,98.7,1
4220,18,1,5,1.74,51.1,1,9.8,1,3,0,2,41.5,1
4221,17,2,3,7.77,73.8,1,8.6,2,2,2,2,100.0,1
4222,21,0,3,3.36,95.4,0,6.1,2,0,0,0,66.7,1
4223,23,1,0,4.26,55.4,0,4.3,0,4,2,1,31.4,1
4224,21,0,5,2.39,59.7,1,7.7,0,2,0,2,68.3,1
4225,23,2,2,7.51,64.4,1,9.4,1,4,0,2,90.5,1
4226,18,2,2,2.26,72.6,1,6.7,0,0,1,2,48.5,1
4227,20,1,6,5.84,53.8,1,6.4,1,2,0,0,78.8,1
4228,21,1,0,0.16,84.3,1,8.8,1,4,0,2,57.6,1
4229,19,2,2,4.47,77.8,1,6.4,2,3,2,0,78.7,1
4230,17,0,4,5.93,45.6,0,8.4,0,0,2,2,68.1,1
4231,17,2,0,3.77,70.6,1,5.2,1,1,0,1,57.2,1
4232,24,1,1,5.15,61.6,0,7.8,0,3,1,2,89.2,1
4233,21,1,3,6.14,61.0,1,7.4,1,1,2,2,63.9,1
4234,19,0,3,4.0,99.0,1,6.6,0,3,1,0,63.9,1
4235,19,1,4,1.74,64.3,1,6.0,2,3,1,0,27.7,1
4236,17,2,6,3.17,41.4,1,7.7,0,3,1,2,32.9,1
4237,24,2,6,5.85,61.3,1,9.7,0,1,0,2,72.6,1
4238,17,1,5,2.17,76.0,1,5.8,0,2,1,2,40.5,1
4239,23,0,3,5.06,71.7,1,4.3,2,3,0,0,65.7,1
4240,18,0,3,1.19,44.6,1,9.3,1,3,1,2,38.4,1
4241,19,0,2,7.44,50.1,1,4.1,0,1,1,2,62.9,1
4242,19,0,4,4.82,86.2,1,4.4,0,1,2,1,71.8,1
4243,23,0,4,3.75,40.6,1,4.9,2,1,2,0,22.0,1
4244,17,2,6,6.49,53.8,1,8.5,2,4,1,1,61.3,1
4245,19,1,2,6.38,98.8,1,4.4,1,4,1,2,76.8,1
4246,19,1,6,0.78,79.3,1,7.0,0,0,0,2,55.9,1
4247,19,2,3,2.46,54.7,0,4.8,2,1,2,0,42.7,1
4248,18,2,2,3.67,51.6,0,7.3,0,0,2,2,63.2,1
4249,24,0,6,2.72,65.0,0,6.9,2,4,0,2,59.6,1
4250,20,2,3,2.54,78.7,1,5.9,2,4,0,0,47.9,1
4251,20,1,0,2.82,50.3,1,7.4,2,2,1,2,40.9,1
4252,20,2,1,1.14,84.9,1,5.8,1,3,2,1,54.4,1
4253,24,2,2,0.96,42.5,1,9.0,2,2,2,2,19.599,1
4254,19,1,2,2.08,51.6,1,9.6,1,1,2,2,65.4,1
4255,19,1,1,0.56,75.4,1,7.1,0,1,0,2,51.6,1
4256,19,0,0,4.08,82.4,1,4.7,0,0,0,2,69.0,1
4257,19,2,3,1.23,80.3,1,5.9,0,1,2,2,43.3,1
4258,17,1,4,0.54,55.7,1,8.9,1,4,2,0,50.3,1
4259,21,0,6,6.7,63.1,1,5.2,0,3,2,2,64.5,1
4260,17,2,5,4.7,42.3,0,4.8,2,4,2,1,54.8,1
4261,18,1,3,7.19,40.6,0,9.8,0,4,1,0,78.9,-1
4262,18,0,6,7.87,65.0,1,7.3,0,0,1,1,81.7,1
4263,19,1,3,4.75,72.6,1,6.8,0,1,2,2,57.0,1
4264,23,1,0,6.37,89.3,1,9.5,2,4,2,0,89.4,1
4265,21,0,1,1.28,97.8,0,7.2,2,3,2,1,55.3,1
4266,24,1,0,5.59,75.9,1,7.0,0,2,0,2,80.1,1
4267,19,1,2,4.4,89.0,1,5.8,1,0,1,1,79.3,1
4268,24,2,1,5.41,47.8,1,8.1,1,1,0,2,69.2,1
4269,17,1,6,0.84,89.0,1,8.3,0,4,0,2,54.0,1
4270,21,2,1,7.49,55.2,1,4.8,2,3,1,0,72.9,1
4271,23,1,3,3.34,64.6,0,8.7,2,1,1,0,59.0,1
4272,21,0,2,6.21,41.3,1,6.7,2,3,2,2,67.0,1
4273,24,2,4,7.91,68.1,1,6.5,2,0,0,2,88.4,1
4274,19,0,6,6.99,79.1,1,9.4,1,4,1,2,73.1,1
4275,17,0,3,2.49,55.1,1,4.9,2,3,2,1,60.1,1
4276,23,2,2,3.22,88.5,1,6.9,1,0,0,0,68.1,1
4277,17,1,2,5.19,95.6,1,6.7,2,1,2,2,74.1,1
4278,23,2,5,4.3,74.2,1,7.6,2,0,0,1,72.4,1
4279,22,2,2,3.28,54.6,0,5.3,0,0,0,2,79.1,1
4280,23,2,0,5.23,82.3,1,5.5,0,2,1,1,83.3,1
4281,20,0,5,7.28,57.7,1,4.3,1,4,2,2,53.2,1
4282,24,0,3,2.48,49.8,1,8.9,2,0,0,0,37.4,1
4283,18,0,6,1.03,57.1,1,4.6,2,1,0,0,47.8,1
4284,20,0,6,5.41,66.3,1,7.7,2,1,2,2,72.4,1
4285,17,2,4,4.72,53.5,1,4.2,2,4,1,1,37.0,1
4286,23,2,6,7.24,60.2,1,7.5,2,0,0,0,87.7,1
4287,22,1,2,5.94,63.7,1,5.4,2,0,2,0,68.2,1
4288,23,1,1,3.18,85.2,1,8.0,0,2,1,0,59.3,1
4289,23,2,1,5.07,91.5,1,8.6,0,1,2,2,82.3,1
4290,19,0,6,6.9,89.5,1,9.9,2,4,2,0,87.7,1
4291,17,0,4,2.78,51.6,1,8.5,1,3,0,0,54.8,1
4292,24,1,1,0.11,88.6,1,9.7,1,1,1,0,44.9,1
4293,20,1,1,5.01,78.4,1,9.6,2,1,1,2,59.9,1
4294,17,0,5,0.21,54.3,1,5.7,2,0,1,2,24.4,1
4295,24,2,6,7.5,62.6,1,6.4,1,0,1,1,75.8,1
4296,24,2,2,1.35,60.7,1,6.5,1,0,2,2,64.2,1
4297,20,2,0,2.99,66.1,1,6.1,2,4,2,1,72.5,1
4298,23,1,3,7.57,90.7,1,8.4,2,2,0,2,92.7,1
4299,17,1,1,0.64,64.7,1,6.3,2,3,1,2,27.1,1
4300,17,0,5,0.08,43.3,1,9.5,1,2,1,1,64.8,1
4301,19,0,5,0.83,84.2,0,7.4,1,2,0,0,44.0,1
4302,22,1,5,7.89,87.2,1,5.8,2,1,0,2,81.2,1
4303,18,0,5,7.77,74.3,1,9.1,0,1,1,2,87.8,1
4304,17,2,5,3.08,68.5,1,8.1,1,2,2,1,62.9,1
4305,22,1,0,5.94,86.3,1,5.9,1,2,2,1,77.8,1
4306,23,2,0,5.89,41.3,0,9.4,2,4,2,2,79.4,1
4307,22,0,0,0.8,75.1,1,6.7,2,0,1,2,51.7,1
4308,23,0,5,1.88,97.1,1,4.6,1,0,1,0,67.9,1
4309,23,0,4,7.11,87.7,1,8.9,2,4,0,2,95.8,1
4310,21,2,0,1.33,56.5,1,8.2,0,4,0,2,47.5,1
4311,21,0,5,4.17,95.1,0,4.2,2,1,0,2,74.4,1
4312,23,1,1,1.95,52.1,1,4.8,2,4,2,1,40.1,1
4313,19,1,1,4.46,72.8,1,9.4,1,1,0,2,58.8,1
4314,17,2,2,1.57,77.5,1,4.2,2,2,2,0,42.7,1
4315,23,1,6,1.73,42.0,0,7.3,1,2,0,1,49.9,1
4316,19,2,1,0.37,47.6,1,4.4,1,2,1,2,21.8,1
4317,24,0,5,7.91,72.7,1,9.0,2,4,0,2,79.2,1
4318,20,1,2,0.9,50.9,1,4.9,0,2,2,0,33.2,1
4319,23,1,2,3.32,65.1,1,7.6,2,3,0,2,53.1,1
4320,17,2,4,3.34,82.3,1,9.9,1,2,0,0,93.6,1
4321,22,1,2,2.43,77.5,1,8.0,2,2,0,0,67.4,1
4322,20,1,1,6.35,92.5,0,6.4,0,4,2,0,77.5,1
4323,20,1,0,2.7,95.3,1,6.2,2,0,2,2,75.4,1
4324,19,0,4,5.0,95.6,1,9.7,1,4,2,0,79.8,1
4325,24,2,2,4.34,63.5,1,7.5,2,1,2,1,35.3,1
4326,20,1,2,6.91,47.3,1,9.9,2,4,1,2,61.7,1
4327,23,2,0,6.56,80.0,1,4.4,2,2,0,0,89.9,1
4328,20,2,4,1.74,95.1,0,8.9,2,0,0,2,84.2,-1
4329,17,1,2,6.0,86.2,1,5.1,2,2,0,2,79.4,1
4330,24,1,1,6.34,81.8,1,6.0,0,2,2,1,78.7,1
4331,18,0,1,7.35,88.2,1,7.9,1,3,0,2,96.3,1
4332,19,1,0,7.71,64.6,0,8.8,2,2,2,0,77.3,1
4333,23,1,1,5.9,70.1,1,7.4,2,1,2,2,66.6,1
4334,24,0,4,3.6,52.0,1,4.6,2,3,1,1,29.0,1
4335,24,2,2,2.34,80.3,1,4.1,0,4,2,2,35.6,1
4336,20,2,6,6.92,60.9,0,9.2,2,2,0,1,78.6,1
4337,23,0,1,7.32,56.0,1,5.6,2,1,1,0,62.6,1
4338,19,1,6,0.78,55.0,1,8.0,1,2,0,0,38.2,1
4339,22,1,5,4.43,70.6,1,8.7,0,2,0,2,73.9,1
4340,21,0,0,1.03,72.4,1,8.2,1,3,2,0,52.4,1
4341,17,1,0,2.01,89.6,1,4.6,0,2,1,0,58.1,1
4342,20,0,6,3.07,95.0,1,8.7,2,2,2,1,41.0,1
4343,20,2,6,2.49,58.5,1,9.4,0,4,2,1,52.7,1
4344,19,2,4,5.73,59.9,1,8.8,2,2,2,1,78.2,1
4345,19,1,2,0.63,56.9,1,7.1,1,4,1,1,41.6,1
4346,21,1,6,4.91,58.1,1,5.2,1,1,2,0,70.0,1
4347,17,1,3,4.65,83.7,1,7.8,0,2,2,2,71.8,1
4348,18,0,2,6.3,77.7,1,8.2,0,4,0,2,74.1,1
4349,23,1,5,0.77,44.7,1,5.6,1,2,2,2,39.4,1
4350,19,2,2,2.66,74.4,1,7.8,2,1,1,0,51.8,1
4351,21,2,0,5.58,90.9,1,9.3,1,0,1,2,95.5,1
4352,21,1,2,5.69,43.6,1,6.3,0,2,2,2,78.4,1
4353,21,0,3,3.6,94.3,1,7.2,0,1,1,1,57.7,1
4354,20,0,5,3.69,55.4,1,8.3,1,1,2,0,60.8,1
4355,20,1,2,7.72,59.7,1,8.4,0,2,1,2,81.3,1
4356,23,2,2,2.61,64.0,0,7.9,1,4,0,2,48.0,1
4357,24,2,6,1.2,48.5,1,7.2,1,0,2,2,43.9,1
4358,19,1,1,7.62,45.9,1,8.2,0,3,1,2,68.4,1
4359,22,0,2,6.48,54.4,1,9.1,2,0,1,2,70.6,1
4360,24,0,4,1.9,40.6,1,9.4,1,4,0,1,42.5,1
4361,17,1,1,6.86,74.6,1,6.6,0,0,2,2,98.4,1
4362,23,1,6,2.02,48.1,1,8.3,1,2,2,2,53.8,1
4363,20,1,1,6.62,45.6,1,6.4,1,3,1,2,73.9,1
4364,24,2,3,5.03,73.8,1,9.2,0,1,1,2,63.8,1
4365,21,0,6,3.86,75.6,1,9.0,2,2,1,0,48.6,1
4366,23,2,5,7.42,79.6,1,8.5,1,2,0,2,100.0,1
4367,18,1,2,6.47,70.2,1,6.9,1,1,1,2,46.7,1
4368,18,0,1,1.04,93.1,1,7.2,0,0,0,0,66.3,1
4369,24,0,2,5.64,47.5,1,8.8,2,4,0,2,39.5,1
4370,21,0,6,6.32,87.2,1,4.3,1,0,1,0,94.6,1
4371,21,2,1,4.33,64.7,0,7.4,1,4,0,0,49.8,1
4372,18,0,2,2.21,94.2,1,5.4,0,0,2,0,55.0,1
4373,18,1,0,1.88,54.1,1,7.6,0,2,0,0,58.2,1
4374,23,1,1,7.79,96.9,1,6.9,0,0,0,0,91.5,1
4375,19,0,1,3.49,92.0,1,7.8,2,1,1,2,57.9,1
4376,21,1,3,4.15,50.4,1,4.6,1,4,0,2,73.5,1
4377,19,1,6,4.79,66.1,1,9.6,1,4,0,0,88.5,1
4378,19,1,1,0.81,54.6,1,7.5,2,2,1,2,34.8,1
4379,18,1,6,0.65,48.5,1,5.8,2,2,2,2,43.6,1
4380,24,1,4,1.59,63.3,0,8.8,1,3,0,2,58.5,1
4381,24,0,0,0.52,72.1,1,8.1,2,3,2,0,28.5,1
4382,17,0,4,7.19,64.1,1,6.7,2,1,0,2,61.0,1
4383,19,1,0,1.18,59.9,1,5.7,0,0,2,0,46.8,1
4384,21,1,1,1.81,59.7,0,5.9,1,0,2,2,55.9,1
4385,20,0,1,4.3,49.7,1,4.3,2,0,0,0,74.2,1
4386,22,1,2,7.17,53.4,1,6.3,0,2,0,0,82.1,1
4387,19,2,4,0.39,71.8,0,7.1,0,0,2,2,57.5,1
4388,17,0,2,1.73,49.5,1,9.1,0,2,1,2,47.3,1
4389,19,0,1,5.74,89.8,1,7.9,1,2,1,2,84.4,1
4390,21,1,2,4.15,84.2,0,5.3,2,1,2,2,45.5,1
4391,18,1,2,4.76,99.3,1,9.8,0,3,2,1,67.5,1
4392,23,1,6,0.14,59.0,1,5.3,0,3,1,2,30.5,1
4393,17,0,2,6.93,50.9,1,7.7,2,2,0,0,77.1,1
4394,17,1,4,4.63,44.5,1,6.0,0,3,1,2,33.5,1
4395,21,2,0,6.67,61.0,1,4.7,2,2,2,0,62.1,1
4396,21,1,2,7.71,95.3,1,8.9,1,4,1,2,78.1,1
4397,19,0,0,5.86,75.5,1,7.5,1,1,1,2,86.9,1
4398,19,0,2,0.25,97.5,0,7.1,1,1,1,2,49.9,1
4399,17,0,0,5.69,94.8,0,5.8,1,0,1,1,94.6,-1
4400,22,2,5,4.51,62.8,1,8.7,0,2,2,0,54.3,1
4401,20,0,4,0.83,66.3,1,9.1,1,4,1,1,39.1,1
4402,17,2,5,2.16,58.0,1,9.0,1,0,1,0,51.8,1
4403,20,1,4,1.35,84.5,1,4.4,0,2,1,2,40.5,1
4404,24,2,6,7.4,74.2,1,5.2,1,1,1,2,96.6,1
4405,19,0,2,6.36,43.8,1,4.7,2,2,2,2,66.7,1
4406,24,0,1,5.61,95.1,1,5.8,1,0,2,2,96.0,1
4407,19,0,0,6.11,87.1,1,4.7,1,3,0,2,80.5,1
4408,18,2,3,4.81,96.0,1,5.1,2,1,2,0,62.5,1
4409,19,1,5,6.84,55.0,1,8.2,1,0,0,1,96.4,1
4410,19,0,2,1.83,85.2,1,8.0,0,3,2,2,74.7,1
4411,17,1,2,2.0,78.0,1,5.7,1,4,2,2,50.5,1
4412,21,0,5,4.73,47.4,0,8.9,0,2,0,2,52.4,1
4413,19,1,3,6.48,55.6,1,8.0,0,1,1,2,65.1,1
4414,22,0,0,6.69,51.5,1,6.6,1,3,0,1,80.1,1
4415,20,1,1,7.81,49.2,1,4.1,0,2,0,1,90.4,1
4416,20,1,4,6.1,79.0,1,7.9,1,3,1,1,84.0,1
4417,20,0,5,1.86,92.0,1,8.7,1,3,1,0,60.9,1
4418,18,1,2,1.85,99.3,1,5.3,0,1,1,0,45.0,1
4419,22,0,2,3.56,52.9,1,4.7,2,4,1,2,41.0,1
4420,17,1,5,5.2,80.5,1,5.9,2,0,0,2,60.9,1
4421,22,2,6,4.1,44.7,1,8.2,2,3,2,2,55.3,1
4422,24,2,1,0.54,54.3,1,9.8,1,2,0,0,37.1,1
4423,23,0,4,3.86,90.8,1,6.4,1,4,1,2,65.9,1
4424,20,1,5,6.54,96.5,1,9.0,1,0,1,1,94.9,1
4425,19,1,2,1.92,98.2,1,8.6,0,0,2,1,79.1,1
4426,23,2,1,5.08,67.9,1,9.3,1,4,1,2,61.4,1
4427,19,2,2,2.16,84.1,1,8.0,2,0,2,2,40.5,1
4428,20,2,5,4.45,62.1,1,9.7,0,0,0,0,77.1,1
4429,23,0,5,5.61,82.1,1,9.5,2,4,2,0,78.8,1
4430,24,0,2,1.66,49.1,0,4.2,2,4,0,2,46.3,1
4431,24,1,1,5.92,47.3,0,7.1,1,3,0,2,69.5,1
4432,17,1,4,5.41,99.0,1,6.0,2,1,0,0,87.3,1
4433,24,2,6,2.5,58.7,1,9.1,0,4,1,2,47.1,1
4434,17,0,5,7.16,93.8,1,6.5,1,2,2,2,100.0,1
4435,21,0,1,6.24,41.4,1,9.5,0,1,1,0,67.9,1
4436,24,0,0,4.17,89.9,1,9.4,2,0,2,2,59.0,1
4437,22,1,2,0.66,96.2,1,6.2,1,3,1,2,36.3,1
4438,24,2,1,3.52,40.9,1,7.4,0,2,2,0,41.6,1
4439,19,2,3,2.64,63.4,1,4.2,0,4,2,2,38.4,1
4440,19,2,0,2.1,88.5,0,6.1,0,0,1,0,52.0,1
4441,19,0,4,5.15,40.6,1,7.9,1,0,0,1,73.8,1
4442,19,2,0,7.37,58.3,0,5.3,2,1,1,0,64.1,1
4443,22,0,3,1.17,55.5,1,5.0,2,2,0,2,34.6,1
4444,20,0,4,5.93,48.0,1,9.7,1,0,0,2,99.7,1
4445,22,1,1,4.97,45.3,1,7.5,0,0,1,2,72.3,1
4446,20,2,2,5.34,54.9,1,7.4,2,3,2,2,54.5,1
4447,19,1,0,6.76,52.0,1,8.9,0,3,2,2,84.5,1
4448,18,2,2,3.0,98.5,1,7.3,0,3,0,0,94.1,1
4449,21,0,1,4.64,41.3,1,7.9,0,4,1,2,51.8,1
4450,24,1,0,2.21,47.8,0,5.8,0,1,1,1,27.2,1
4451,23,0,0,2.27,88.4,1,6.3,1,1,1,0,52.4,1
4452,19,1,1,4.11,85.7,1,5.6,2,4,1,2,61.1,1
4453,20,0,2,0.08,68.1,1,7.6,0,4,0,2,32.3,1
4454,22,1,1,1.98,63.1,0,7.6,1,0,0,2,56.8,1
4455,21,2,6,1.21,60.8,1,5.0,2,4,1,2,25.3,1
4456,17,0,5,0.96,98.4,1,8.6,0,3,2,2,63.6,1
4457,21,0,3,3.08,92.0,1,5.2,2,1,0,2,64.8,1
4458,17,2,2,0.83,55.7,1,8.1,2,4,0,0,49.3,1
4459,17,0,0,1.23,67.7,1,4.4,2,3,2,2,20.5,1
4460,22,0,6,5.35,84.8,1,9.5,1,4,0,2,80.4,1
4461,17,1,5,5.21,89.5,1,4.4,0,3,1,1,57.6,1
4462,19,0,5,7.56,47.3,1,4.4,2,3,2,0,55.9,1
4463,21,2,1,7.36,97.3,1,4.5,2,0,1,2,84.4,1
4464,22,2,0,6.99,89.2,1,6.7,1,0,0,0,100.0,1
4465,20,0,2,5.53,70.2,1,7.3,1,4,1,2,63.9,1
4466,17,1,6,2.13,70.0,1,4.9,2,3,1,2,43.0,1
4467,23,2,2,1.43,70.4,1,8.5,0,0,1,0,38.5,1
4468,24,1,4,7.6,88.9,0,4.7,0,4,1,1,88.9,-1
4469,24,1,1,7.68,72.8,0,9.6,2,3,1,1,71.9,1
4470,22,2,3,4.04,88.8,1,6.6,2,2,1,1,72.6,1
4471,20,2,5,4.39,91.8,1,7.3,2,2,1,1,76.8,1
4472,24,2,0,0.08,82.1,1,8.6,0,2,2,2,35.5,1
4473,20,0,2,1.19,42.8,1,9.0,0,3,2,0,35.5,1
4474,18,2,4,4.37,66.9,1,8.8,1,4,0,0,68.1,1
4475,23,2,3,1.45,55.3,0,6.0,0,1,2,1,34.1,1
4476,19,1,2,3.83,42.6,1,8.5,2,4,0,2,54.9,1
4477,24,2,2,6.36,78.9,0,4.5,1,1,0,2,85.2,1
4478,19,2,3,6.41,70.8,1,7.8,2,0,0,2,78.3,1
4479,23,1,4,6.89,43.7,0,6.1,0,3,0,2,65.5,1
4480,21,2,2,1.89,77.3,1,4.1,0,4,0,2,59.3,1
4481,20,0,4,3.46,51.4,1,8.7,2,1,0,2,37.4,1
4482,19,2,3,5.01,96.2,1,9.3,2,1,0,1,74.6,1
4483,23,0,2,4.65,81.8,0,4.8,1,2,0,2,86.7,1
4484,17,1,4,7.91,40.6,0,5.0,2,2,1,1,58.3,-1
4485,20,1,4,2.21,92.3,0,4.8,0,3,0,1,58.3,1
4486,19,0,1,0.57,43.9,1,9.9,1,3,0,0,44.0,1
4487,21,2,4,3.1,40.7,1,4.3,2,1,2,1,34.9,1
4488,19,2,1,4.14,63.7,1,8.2,1,2,1,2,64.2,1
4489,22,1,4,3.1,49.3,1,4.2,1,1,2,2,34.1,1
4490,20,2,5,2.55,89.1,1,7.9,1,2,1,2,59.0,1
4491,18,0,6,2.06,96.7,1,9.8,1,1,0,0,68.7,1
4492,18,0,1,3.42,87.0,1,5.0,0,1,2,1,78.5,1
4493,22,1,0,5.51,62.1,1,8.1,2,4,2,2,53.4,1
4494,19,0,2,1.19,57.5,1,8.2,1,2,1,2,19.599,1
4495,19,0,6,6.92,60.6,1,6.0,2,1,1,2,80.9,1
4496,22,2,0,5.13,45.2,0,9.3,0,0,1,0,71.2,1
4497,19,0,5,0.86,94.2,0,8.2,2,2,0,1,54.5,1
4498,20,0,6,0.19,54.6,1,5.3,0,0,2,0,34.8,1
4499,18,0,3,0.41,55.0,1,4.9,0,3,0,2,20.3,1
4500,19,0,4,0.72,83.0,0,9.1,1,1,2,2,68.8,1
4501,22,0,3,5.15,77.1,1,4.2,0,3,0,2,66.4,1
4502,21,1,4,7.53,97.5,1,9.2,1,0,0,2,100.0,1
4503,24,2,1,1.07,98.9,1,4.6,0,1,0,2,75.5,1
4504,23,1,5,2.27,65.0,1,9.2,1,0,1,0,60.8,1
4505,17,2,2,6.93,95.3,1,5.5,2,2,1,2,86.6,1
4506,20,2,4,4.05,97.3,1,8.8,1,1,0,0,100.0,1
4507,19,2,6,3.42,91.4,1,9.9,1,0,2,2,83.9,1
4508,21,1,5,3.79,96.0,1,5.7,2,0,1,2,64.7,1
4509,19,1,5,0.81,76.0,1,9.1,0,2,1,2,40.3,1
4510,24,1,4,1.76,46.9,1,8.7,0,3,2,2,40.1,1
4511,19,0,6,7.7,91.6,1,8.7,0,3,0,2,100.0,1
4512,21,2,6,5.15,58.5,1,6.0,0,0,1,2,62.3,1
4513,17,2,1,2.29,95.5,1,9.0,0,0,2,2,78.5,1
4514,24,2,4,7.58,71.2,1,9.7,0,2,1,2,82.3,1
4515,24,2,3,3.18,69.4,0,4.1,2,1,1,1,48.4,1
4516,23,1,1,1.13,89.9,1,8.8,1,2,2,2,72.4,1
4517,19,2,5,7.72,63.3,1,4.5,1,1,2,2,79.3,1
4518,17,1,2,5.33,46.4,1,5.2,0,0,2,2,84.3,1
4519,22,2,2,6.02,87.0,1,6.3,1,4,1,2,89.2,1
4520,20,2,2,0.18,57.4,0,9.9,2,3,1,2,26.4,-1
4521,24,2,1,2.27,90.8,1,8.4,1,3,2,1,57.9,1
4522,22,0,3,7.56,94.9,1,9.9,2,2,2,0,70.0,1
4523,21,0,6,1.24,63.5,1,6.3,1,4,0,0,57.5,1
4524,24,0,6,6.99,80.2,1,8.3,2,3,1,1,81.1,1
4525,23,0,6,6.16,41.1,0,8.0,0,1,1,0,59.3,1
4526,20,0,5,3.03,87.6,1,4.1,1,0,0,2,51.1,1
4527,17,0,3,7.09,67.6,1,4.6,0,1,1,1,54.5,1
4528,17,1,5,7.38,55.9,1,4.1,2,3,0,2,55.0,1
4529,20,0,1,6.93,92.5,1,6.8,1,0,2,0,100.0,1
4530,21,2,4,3.26,64.6,1,7.5,0,0,2,0,60.4,1
4531,17,2,2,4.7,89.4,1,4.3,1,0,1,1,83.2,1
4532,18,1,6,2.45,65.2,0,5.5,2,1,2,2,30.9,1
4533,22,1,6,1.04,97.0,1,8.7,2,2,2,0,51.8,1
4534,23,0,5,7.22,80.2,1,4.7,0,3,1,1,78.4,1
4535,17,2,1,7.85,80.0,1,8.1,2,2,1,2,97.9,1
4536,21,1,1,0.47,47.4,1,6.7,2,4,1,0,19.599,1
4537,17,1,5,5.5,84.9,1,4.5,0,3,2,0,73.1,1
4538,22,1,3,7.59,71.2,1,8.4,0,4,0,2,72.5,1
4539,23,1,3,4.86,83.1,1,9.1,1,4,0,2,70.5,1
4540,23,1,0,0.38,92.0,1,7.2,0,0,2,1,56.8,1
4541,21,2,5,0.12,82.2,1,7.3,0,3,0,2,56.9,1
4542,22,2,1,4.03,69.9,1,4.3,1,0,2,2,63.0,1
4543,24,0,3,7.52,91.1,1,9.7,1,1,0,2,95.1,1
4544,21,1,1,2.23,84.3,1,9.3,2,4,2,1,34.2,1
4545,20,2,4,2.8,85.9,1,9.9,1,1,1,1,45.4,1
4546,23,1,1,6.37,94.7,1,8.4,1,2,2,0,69.4,1
4547,21,1,0,6.41,48.3,1,7.7,2,0,0,0,83.9,1
4548,23,1,1,7.55,69.9,1,9.2,2,2,1,0,75.9,1
4549,21,0,6,6.71,47.4,1,9.6,0,2,2,0,78.6,1
4550,23,2,1,4.75,85.0,1,9.5,2,1,0,0,68.4,1
4551,17,0,6,7.51,65.9,1,4.2,0,1,1,1,78.5,1
4552,17,0,6,4.92,83.2,1,8.6,1,3,2,2,83.4,1
4553,17,0,6,4.81,47.3,1,6.2,1,4,2,0,58.0,1
4554,21,2,0,0.12,77.2,1,8.9,1,2,1,1,33.7,1
4555,22,2,4,3.64,46.8,1,4.4,1,1,1,2,61.6,1
4556,18,0,5,0.34,61.2,1,7.1,0,1,0,0,26.8,1
4557,18,0,2,7.19,72.1,1,9.9,0,1,2,1,77.9,1
4558,23,0,2,0.08,81.5,1,7.6,1,1,2,2,46.5,1
4559,23,2,1,2.46,70.1,1,4.3,1,0,1,1,46.0,1
4560,22,0,6,7.91,83.8,1,9.8,2,3,0,1,98.9,1
4561,20,2,2,6.36,50.4,1,5.7,2,3,1,2,55.5,1
4562,20,1,5,6.06,78.5,0,9.6,2,1,1,1,76.4,1
4563,17,2,5,5.7,63.1,1,5.4,1,2,0,2,65.5,1
4564,18,2,6,0.41,49.3,1,6.9,0,1,1,0,38.8,1
4565,24,2,3,2.31,91.2,0,4.8,2,2,1,1,49.9,1
4566,19,2,3,6.39,98.6,1,9.3,0,3,2,0,95.3,1
4567,22,0,5,7.16,54.4,1,8.0,1,2,0,1,94.4,1
4568,22,1,4,2.8,49.5,1,4.7,1,2,2,0,44.9,1
4569,19,0,5,2.08,85.9,0,9.1,0,2,1,2,69.9,1
4570,18,0,0,1.89,99.4,1,9.9,0,4,0,2,60.4,1
4571,22,1,6,4.38,65.1,1,9.7,2,0,0,0,73.3,1
4572,17,1,3,2.33,87.5,1,4.3,1,1,1,0,63.7,1
4573,20,1,1,0.17,48.8,1,8.8,1,1,1,2,19.599,1
4574,24,0,5,3.13,53.7,1,9.6,0,2,2,2,62.0,1
4575,22,1,4,4.43,48.5,1,9.9,2,2,0,1,70.4,1
4576,23,2,2,5.07,80.0,1,9.7,2,3,0,2,67.0,1
4577,17,1,1,2.74,75.3,1,9.3,0,3,0,0,66.0,1
4578,18,2,2,2.51,79.7,1,9.4,1,2,1,0,82.2,1
4579,19,2,4,2.27,50.1,1,5.3,0,2,0,1,44.7,1
4580,19,0,6,4.99,44.9,1,9.7,0,0,0,1,77.8,1
4581,18,0,0,2.27,72.0,1,8.6,1,1,1,2,41.7,1
4582,24,2,2,7.33,71.8,1,5.8,0,3,1,0,81.8,1
4583,18,1,5,2.25,65.3,1,6.7,2,1,2,2,49.4,1
4584,22,2,5,6.33,81.0,1,5.9,1,1,1,0,89.1,1
4585,21,0,3,2.56,65.1,1,8.2,2,2,0,2,37.9,1
4586,21,1,1,5.08,91.4,0,4.8,2,4,2,0,70.3,1
4587,18,2,4,5.59,86.7,1,5.9,0,1,2,1,87.1,1
4588,19,0,0,1.39,60.1,1,8.3,1,4,1,0,48.3,1
4589,21,1,1,3.04,93.7,1,8.7,2,2,2,2,64.3,1
4590,19,0,0,1.02,69.5,1,7.0,2,2,2,2,21.1,1
4591,22,0,2,4.09,67.9,0,7.7,0,0,1,1,56.5,1
4592,17,2,3,7.28,83.3,1,8.5,2,3,1,0,69.3,1
4593,17,0,5,4.77,97.4,0,6.8,1,0,2,2,99.7,-1
4594,22,2,5,5.61,42.0,1,7.7,0,0,2,0,53.2,1
4595,21,2,5,2.26,50.5,1,4.8,1,2,0,0,75.5,1
4596,17,1,6,3.75,88.3,1,9.7,2,3,2,2,58.6,1
4597,24,0,6,5.93,66.5,1,5.3,0,4,0,0,74.0,1
4598,17,1,1,1.05,91.5,0,6.7,0,2,1,0,53.2,1
4599,24,0,3,0.97,61.1,0,9.5,2,4,0,0,32.0,-1
4600,22,1,0,1.8,98.5,1,6.3,2,3,2,0,47.1,1
4601,24,0,4,1.89,53.0,0,5.3,2,4,1,1,19.599,-1
4602,24,1,5,7.7,96.9,0,9.1,2,4,0,2,100.0,-1
4603,19,0,6,1.27,87.4,1,4.7,2,2,0,0,56.3,1
4604,23,0,2,0.84,98.4,0,8.9,2,1,1,1,39.2,-1
4605,18,2,3,1.1,49.7,1,4.8,0,4,1,2,36.0,1
4606,20,2,2,1.62,61.2,1,4.2,2,4,0,2,36.3,1
4607,18,0,0,2.95,51.9,1,5.3,2,1,2,2,21.2,1
4608,20,0,3,1.58,89.8,0,6.0,1,3,2,1,67.1,1
4609,23,2,4,0.7,56.1,1,6.4,0,1,2,2,37.5,1
4610,20,2,5,1.09,71.5,1,8.8,2,2,1,0,49.4,1
4611,17,1,6,6.32,51.6,1,9.2,0,4,2,2,70.9,1
4612,19,0,0,4.16,82.4,1,6.1,2,0,2,2,64.5,1
4613,23,2,3,5.97,84.6,1,5.0,2,4,0,0,70.3,1
4614,21,1,2,1.41,46.9,1,6.4,1,0,0,0,41.4,1
4615,21,1,2,2.44,81.2,1,8.6,0,4,2,1,60.8,1
4616,20,2,6,7.86,49.9,0,9.8,1,3,1,0,83.7,1
4617,19,2,6,0.69,97.3,1,5.8,1,3,1,2,47.8,1
4618,21,0,6,3.51,92.8,1,4.2,2,4,1,2,43.6,1
4619,22,0,1,2.37,52.1,1,9.3,2,1,1,2,26.5,1
4620,24,0,4,0.08,60.4,1,6.0,2,1,2,0,36.1,1
4621,21,0,1,4.42,75.7,1,7.9,2,3,2,0,43.6,1
4622,24,2,4,4.4,88.4,0,4.9,1,4,2,1,77.9,1
4623,23,2,3,2.56,96.6,0,6.7,0,1,1,2,36.5,1
4624,17,0,6,3.78,65.1,1,6.6,0,0,2,2,59.6,1
4625,20,1,0,3.14,69.3,0,7.6,0,3,1,2,57.2,1
4626,20,1,4,3.71,49.4,1,7.7,2,4,0,0,59.2,1
4627,17,1,4,6.78,61.0,1,6.7,2,3,0,2,68.8,1
4628,18,0,5,5.71,99.4,1,9.9,1,2,2,1,100.0,1
4629,23,0,2,2.24,96.2,1,9.8,0,1,0,2,55.7,1
4630,19,2,3,1.92,64.8,1,5.2,1,0,1,0,44.7,1
4631,18,2,3,5.8,53.4,1,6.7,1,4,1,2,68.9,1
4632,19,0,1,1.8,74.4,1,6.7,2,2,2,0,42.8,1
4633,19,1,5,7.26,65.4,0,6.5,0,4,1,2,65.3,1
4634,18,2,5,6.66,85.2,0,4.2,0,0,0,0,87.5,1
4635,17,2,2,2.02,77.8,1,7.6,2,4,0,0,45.9,1
4636,23,0,4,6.41,79.6,1,5.7,0,2,2,2,77.4,1
4637,23,1,6,1.53,62.5,1,4.1,2,4,2,2,47.4,1
4638,20,0,0,0.2,77.0,0,8.1,2,4,2,0,46.7,1
4639,21,0,4,7.69,81.4,1,9.2,2,4,1,0,88.5,1
4640,24,2,4,6.09,78.9,1,4.2,0,1,0,1,76.6,1
4641,23,0,2,3.91,81.7,0,9.0,2,2,2,1,68.6,1
4642,17,0,5,6.75,93.4,1,7.7,2,4,1,1,65.9,1
4643,24,0,5,0.61,56.1,1,6.0,0,1,2,1,53.3,1
4644,17,0,1,5.92,49.4,1,7.5,2,2,0,0,60.5,1
4645,17,1,0,7.65,42.1,1,7.1,2,0,0,2,94.4,1
4646,20,1,5,6.55,82.0,1,7.9,2,4,1,1,69.2,1
4647,22,2,5,3.45,60.1,0,7.1,0,1,0,2,71.4,1
4648,17,0,2,2.77,70.4,1,6.6,0,4,2,2,46.3,1
4649,19,2,0,7.14,44.4,1,4.1,2,2,0,2,75.4,1
4650,19,0,4,2.33,95.6,1,6.1,1,0,1,2,81.7,1
4651,20,2,2,7.5,75.3,1,5.9,2,0,1,0,95.2,1
4652,24,1,6,2.56,47.5,1,5.2,2,2,2,2,42.2,1
4653,19,1,1,1.0,64.4,1,5.7,1,4,1,2,38.1,1
4654,18,0,6,1.89,58.8,1,9.8,2,3,2,0,48.0,1
4655,17,2,2,4.16,92.0,1,5.3,2,2,1,1,72.5,1
4656,18,1,6,1.05,92.6,1,4.6,0,4,0,2,57.7,1
4657,18,0,2,3.04,87.4,1,9.2,0,2,2,2,71.1,1
4658,21,1,4,7.25,63.3,1,7.1,0,0,2,2,98.9,1
4659,20,2,0,0.75,96.6,1,9.5,0,3,1,0,36.6,1
4660,20,0,3,4.92,56.5,1,4.2,0,1,2,1,63.5,1
4661,23,0,2,3.23,79.7,0,7.3,0,3,2,1,52.4,1
4662,21,1,4,5.18,71.4,1,5.8,0,2,1,0,83.9,1
4663,18,1,4,3.92,66.3,1,6.1,1,3,2,0,70.9,1
4664,20,0,0,7.01,51.3,1,8.5,0,0,0,2,72.3,1
4665,19,0,3,3.22,54.4,1,8.5,2,1,0,2,39.0,1
4666,23,2,3,4.07,89.3,1,6.8,1,1,2,0,59.1,1
4667,19,1,4,1.04,80.1,1,4.2,2,1,1,2,38.8,1
4668,18,1,3,3.92,95.9,1,9.6,1,1,2,1,86.8,1
4669,22,1,2,0.92,80.9,1,4.1,1,2,0,1,34.7,1
4670,20,1,3,4.67,43.6,1,7.2,0,2,1,2,49.2,1
4671,17,1,0,3.42,47.0,1,5.2,1,4,1,1,41.2,1
4672,22,0,0,6.27,83.4,0,7.0,2,0,0,0,89.4,1
4673,18,1,0,3.35,55.1,1,4.5,0,0,0,2,56.9,1
4674,23,1,0,5.04,54.9,0,4.1,2,4,1,0,48.9,1
4675,23,2,1,0.47,64.4,1,9.1,0,1,2,1,29.9,1
4676,19,0,0,5.68,84.7,1,5.3,0,3,0,0,62.5,1
4677,21,2,4,7.66,78.3,1,5.5,0,0,2,1,83.8,1
4678,21,2,1,3.58,51.7,1,4.1,0,2,0,1,54.0,1
4679,22,1,5,0.08,93.8,1,8.9,1,0,0,2,66.5,1
4680,17,0,3,4.83,98.3,1,7.4,2,2,1,2,53.5,1
4681,19,2,4,1.16,87.5,0,8.9,1,4,2,0,47.4,1
4682,18,0,2,3.74,51.6,1,6.7,0,1,0,0,60.3,1
4683,22,2,1,0.26,87.6,1,7.8,2,1,2,1,54.8,1
4684,17,2,6,3.54,71.3,1,7.2,0,1,2,1,49.2,1
4685,21,0,5,7.0,41.7,1,8.7,2,3,2,2,74.5,1
4686,22,1,2,1.08,80.1,1,6.1,2,0,2,1,36.6,1
4687,24,0,6,3.99,98.6,1,4.7,0,0,1,0,87.7,1
4688,19,2,5,2.03,65.9,1,5.4,1,1,1,1,31.2,1
4689,17,0,2,2.09,43.8,1,7.3,2,0,0,1,28.9,1
4690,22,2,1,5.15,53.8,1,5.7,1,3,2,2,62.4,1
4691,17,0,1,5.99,73.5,1,5.0,0,2,0,1,63.6,1
4692,17,0,5,6.99,87.5,1,9.3,0,3,1,2,84.8,1
4693,24,2,5,2.23,51.1,1,5.9,0,2,1,2,31.7,1
4694,23,1,5,0.57,53.2,1,4.2,1,2,2,2,45.1,1
4695,22,0,1,3.54,95.3,1,7.5,0,3,2,2,64.8,1
4696,23,1,6,4.68,92.9,0,8.5,0,3,0,2,69.6,1
4697,17,0,5,5.92,94.9,1,5.0,2,1,2,0,76.3,1
4698,17,2,6,6.05,50.5,1,7.0,1,2,2,2,65.4,1
4699,19,2,0,6.91,96.0,1,4.6,2,4,2,0,76.0,1
4700,17,1,4,0.25,60.4,1,5.2,0,2,2,2,29.1,1
4701,24,2,4,7.85,71.0,1,5.6,0,4,2,2,87.6,1
4702,17,2,1,7.73,67.4,1,8.8,0,4,1,0,66.5,1
4703,21,2,4,0.28,98.7,1,5.1,2,4,1,2,19.599,1
4704,23,0,3,2.51,55.8,0,4.6,0,2,2,0,52.3,1
4705,22,1,4,6.12,97.5,1,6.2,2,1,1,0,59.3,1
4706,18,0,0,3.83,97.5,1,9.9,2,1,2,1,70.2,1
4707,20,2,4,0.08,95.0,1,7.2,0,0,1,0,60.8,1
4708,21,0,6,2.84,61.4,1,7.2,1,4,1,2,57.4,1
4709,23,0,4,4.63,62.5,0,8.8,1,1,2,2,67.4,1
4710,20,1,6,7.04,52.2,1,6.8,0,3,2,1,81.7,1
4711,19,0,5,6.63,68.5,1,8.3,0,1,2,2,77.9,1
4712,23,0,0,7.57,54.9,1,4.4,2,3,0,0,59.8,1
4713,24,0,5,3.74,77.6,1,5.7,0,2,1,0,78.6,1
4714,20,2,4,6.39,92.1,1,6.6,2,2,0,1,77.7,1
4715,17,1,6,0.81,97.0,1,6.0,1,2,0,0,64.5,1
4716,21,1,0,4.15,66.3,1,4.2,2,4,2,2,49.9,1
4717,24,2,1,7.33,65.9,1,7.0,1,2,1,0,69.9,1
4718,24,2,4,6.71,70.9,1,5.6,1,2,2,0,92.5,1
4719,20,1,4,5.24,94.7,1,6.7,2,4,2,2,66.1,1
4720,18,2,4,1.19,44.7,1,9.2,0,1,2,2,47.4,1
4721,21,1,5,1.46,58.4,1,4.7,1,4,2,2,30.9,1
4722,23,1,3,5.43,51.8,1,7.0,1,4,2,0,58.1,1
4723,24,1,2,2.6,86.5,1,6.2,2,3,1,2,50.9,1
4724,17,0,6,2.64,62.7,1,5.8,2,0,2,1,62.3,1
4725,19,1,1,6.78,97.9,1,6.4,2,3,0,0,90.7,1
4726,20,1,1,0.16,98.8,0,4.7,2,0,2,2,29.7,-1
4727,17,2,5,3.14,92.9,1,7.4,0,0,1,0,77.3,1
4728,24,0,5,1.91,70.5,1,6.7,1,1,1,1,44.1,1
4729,17,0,3,0.22,95.9,1,9.3,1,1,0,0,46.8,1
4730,22,2,4,1.73,62.6,1,4.3,1,2,2,0,59.5,1
4731,24,1,2,1.47,63.6,1,8.2,0,1,1,0,35.6,1
4732,22,2,1,4.04,68.4,0,4.2,1,4,0,1,73.4,1
4733,23,0,1,3.48,81.8,1,6.8,1,2,2,0,72.0,1
4734,19,2,0,3.77,43.8,1,6.1,1,2,0,0,62.4,1
4735,23,2,0,7.02,72.2,1,5.3,1,1,2,1,92.5,1
4736,20,1,2,3.96,98.0,1,9.9,0,4,2,0,63.5,1
4737,17,1,4,5.11,44.0,0,7.1,0,4,0,1,71.8,1
4738,19,0,4,5.18,45.2,1,9.5,1,2,0,0,59.0,1
4739,19,0,0,4.13,96.6,1,7.3,1,3,1,0,73.5,1
4740,21,1,6,2.44,89.9,0,9.8,1,1,0,0,87.9,1
4741,19,1,0,7.23,40.6,1,9.7,2,2,1,2,77.2,1
4742,20,2,2,3.51,67.1,1,4.4,1,1,0,2,62.3,1
4743,20,2,5,4.57,58.6,1,5.6,1,1,0,0,82.9,1
4744,19,1,2,4.47,50.1,1,9.5,0,1,1,0,49.4,1
4745,22,2,2,6.62,43.1,0,5.9,0,4,1,2,63.0,1
4746,19,1,3,4.28,55.0,1,6.9,1,0,0,1,72.1,1
4747,23,0,4,3.66,79.2,1,5.3,1,3,1,1,60.5,1
4748,19,1,1,3.68,58.2,1,9.0,2,4,2,0,59.3,1
4749,23,0,5,6.24,58.5,0,6.0,2,3,1,0,60.6,1
4750,19,1,1,2.64,55.8,0,7.5,0,2,2,0,43.6,1
4751,17,1,6,7.48,45.8,1,6.9,1,4,2,2,50.9,1
4752,18,1,4,6.77,75.6,1,7.9,0,1,0,1,97.1,1
4753,23,1,1,1.11,83.9,1,7.9,1,4,1,0,56.6,1
4754,23,1,0,2.54,98.8,1,5.1,2,4,0,2,62.0,1
4755,18,0,2,7.24,53.6,1,5.4,0,1,0,0,80.3,1
4756,21,2,5,2.23,49.8,1,5.9,0,2,1,1,39.1,1
4757,21,1,4,2.54,82.4,1,8.8,0,4,2,0,45.6,1
4758,18,2,3,1.74,59.4,0,6.5,0,1,1,2,41.6,1
4759,20,0,4,0.44,70.5,1,7.8,1,3,0,2,49.0,1
4760,22,1,4,3.83,82.5,1,6.2,0,2,1,2,74.9,1
4761,24,1,4,6.04,65.2,0,4.1,2,1,1,2,57.0,1
4762,23,2,0,5.28,62.3,1,7.2,1,2,2,2,82.5,1
4763,17,1,0,0.22,66.4,1,6.2,0,1,2,2,33.9,1
4764,18,0,1,4.19,67.4,1,9.0,1,1,0,2,76.4,1
4765,20,1,5,2.64,40.6,0,9.0,1,3,2,2,38.1,1
4766,18,2,3,5.13,51.3,1,7.9,0,2,0,2,53.1,1
4767,21,2,3,3.24,76.6,1,4.6,1,1,1,2,53.2,1
4768,17,1,5,7.84,41.0,1,7.9,0,0,2,1,91.2,1
4769,17,1,3,6.63,56.6,1,6.7,2,4,0,2,70.2,1
4770,17,0,6,5.6,66.4,1,9.7,2,1,2,1,64.4,1
4771,19,0,1,4.13,66.5,1,7.1,2,2,1,2,47.6,1
4772,23,0,2,4.73,42.9,1,5.6,1,1,1,0,38.0,1
4773,18,0,0,3.54,92.5,0,7.6,2,4,2,0,65.2,1
4774,24,1,3,6.36,45.4,1,7.3,1,1,1,1,61.7,1
4775,19,1,5,7.27,92.5,1,6.2,0,4,2,2,61.1,1
4776,17,0,4,7.91,99.4,1,8.2,1,2,2,2,100.0,1
4777,19,2,6,4.79,50.7,1,7.0,2,4,1,0,55.2,1
4778,22,2,2,5.46,44.2,1,6.7,2,3,1,2,75.1,1
4779,17,0,3,3.2,47.3,1,9.8,1,2,2,2,73.5,1
4780,17,2,5,0.08,91.2,1,7.2,0,3,2,2,47.8,1
4781,23,0,3,5.63,98.3,1,7.0,0,3,2,2,78.1,1
4782,21,0,1,7.47,75.5,1,8.9,0,0,0,2,100.0,1
4783,19,0,5,6.88,96.8,1,8.5,1,4,0,2,94.0,1
4784,23,0,6,7.03,86.2,1,4.8,1,3,2,2,77.2,1
4785,23,1,1,3.22,74.1,1,7.1,1,2,2,1,54.6,1
4786,19,2,3,5.71,94.9,1,5.9,1,1,2,2,61.6,1
4787,21,1,5,5.11,68.1,1,7.9,0,1,2,2,70.2,1
4788,17,1,1,4.33,64.7,1,6.2,2,4,1,0,51.2,1
4789,19,0,2,1.21,83.2,1,7.8,2,0,1,2,61.6,1
4790,21,1,5,4.6,84.9,1,6.9,2,4,2,1,38.7,1
4791,18,1,5,2.39,61.3,1,6.9,2,2,0,2,60.6,1
4792,24,0,1,5.63,68.5,1,9.7,1,2,0,0,88.9,1
4793,24,1,4,7.56,52.9,1,9.5,1,3,1,0,92.5,1
4794,19,1,5,5.82,47.2,1,9.9,1,4,2,2,86.5,1
4795,20,0,6,2.08,61.1,0,7.9,0,2,1,0,28.4,1
4796,18,0,5,3.72,69.6,1,8.3,1,2,1,0,70.0,1
4797,21,2,1,4.52,49.4,1,5.2,0,3,2,2,55.6,1
4798,17,1,4,5.81,49.8,1,4.4,2,2,2,2,66.4,1
4799,20,2,5,1.18,47.4,0,5.4,0,2,0,2,56.9,1
4800,21,0,1,4.2,92.5,1,6.1,1,1,2,1,72.1,1
4801,21,0,1,6.88,81.6,1,4.5,0,4,0,2,74.2,1
4802,21,2,3,0.22,48.7,1,6.6,1,2,0,1,38.5,1
4803,18,1,5,5.82,79.7,1,6.5,2,3,0,2,56.1,1
4804,23,2,3,7.04,69.1,1,7.7,0,0,0,1,100.0,1
4805,22,1,4,6.37,73.9,1,9.3,2,2,0,1,98.6,1
4806,23,0,4,7.45,89.7,1,9.4,1,2,2,0,97.8,1
4807,20,1,6,6.26,68.6,1,7.9,1,3,1,2,77.6,1
4808,24,0,4,4.14,57.3,1,9.4,2,1,0,1,49.5,1
4809,20,2,2,3.82,86.8,1,5.3,2,2,0,0,58.6,1
4810,23,2,0,0.25,49.6,0,7.3,1,0,2,0,53.6,1
4811,18,2,1,0.15,95.5,1,9.4,2,3,1,0,44.2,1
4812,18,2,5,5.12,96.5,1,9.6,2,3,0,0,82.4,1
4813,21,0,6,2.2,60.7,0,9.9,1,0,2,2,63.2,1
4814,21,0,5,2.46,86.3,1,8.9,0,3,2,1,66.6,1
4815,22,2,1,6.46,95.3,1,4.4,2,3,0,1,59.2,1
4816,19,1,4,0.89,95.2,1,8.7,2,1,1,0,47.8,1
4817,23,2,2,2.27,46.9,1,4.7,0,1,2,1,57.8,1
4818,19,0,1,5.48,50.1,1,8.9,1,1,2,0,79.1,1
4819,21,0,0,0.24,69.4,1,5.0,0,4,1,2,19.599,1
4820,24,0,3,4.16,73.1,0,8.4,0,0,0,2,80.4,1
4821,21,2,0,0.68,60.6,1,9.1,1,1,0,0,45.7,1
4822,22,2,3,6.09,44.6,1,4.8,1,3,1,0,76.4,1
4823,24,1,2,5.08,65.8,0,4.1,2,0,0,0,69.2,1
4824,24,2,5,4.87,56.9,1,8.6,1,4,1,2,84.7,1
4825,20,2,0,1.77,66.9,1,7.4,2,1,1,0,59.9,1
4826,20,2,5,5.8,56.4,1,6.1,0,2,0,2,77.5,1
4827,18,2,2,2.41,66.2,1,6.3,1,3,0,2,58.9,1
4828,21,2,6,4.57,75.3,1,4.5,1,0,0,2,93.1,1
4829,24,1,4,0.74,61.6,1,8.5,0,4,2,0,31.8,1
4830,20,0,1,0.77,52.6,1,9.4,2,0,2,2,46.0,1
4831,19,2,5,1.55,63.8,0,5.0,2,2,2,2,36.5,1
4832,17,2,5,1.73,55.6,1,7.3,1,2,2,0,45.5,1
4833,20,0,5,1.01,43.9,1,8.6,0,0,2,2,53.4,1
4834,18,2,6,0.95,78.0,0,5.9,2,0,1,2,43.7,1
4835,24,2,6,7.03,78.0,1,9.7,0,0,1,1,100.0,1
4836,21,1,1,4.44,59.1,1,5.8,0,0,2,1,59.9,1
4837,18,2,1,4.98,97.6,0,9.9,0,2,2,2,73.7,-1
4838,17,0,2,2.3,87.3,1,4.6,1,3,2,2,57.0,1
4839,23,0,2,0.44,94.1,0,4.3,1,3,0,2,57.3,1
4840,24,1,2,7.75,68.2,1,6.9,0,1,1,2,77.0,1
4841,23,2,4,0.43,71.4,1,4.1,0,1,1,1,38.3,1
4842,17,1,4,6.58,81.5,1,8.8,1,2,0,2,86.6,1
4843,17,0,2,5.32,75.3,0,8.4,2,3,1,2,70.8,1
4844,18,1,0,3.26,80.1,1,4.1,0,2,2,2,49.0,1
4845,23,2,2,5.97,65.9,1,4.5,1,1,1,2,53.6,1
4846,23,0,1,6.12,48.0,1,6.7,0,2,2,2,50.9,1
4847,23,1,2,7.03,88.7,1,9.8,2,4,2,2,97.5,1
4848,17,1,3,4.36,63.2,1,9.0,1,4,0,1,76.9,1
4849,18,2,2,1.71,76.5,1,6.2,1,0,2,0,67.3,1
4850,24,1,5,4.58,62.1,1,5.9,0,0,1,2,60.7,1
4851,24,2,6,0.79,68.9,1,8.4,1,4,1,2,50.5,1
4852,22,1,5,3.01,78.3,0,5.8,1,0,2,2,61.4,1
4853,17,2,5,4.88,74.7,1,8.2,0,2,2,2,64.4,1
4854,17,0,5,2.02,48.5,0,4.3,2,4,2,2,31.9,1
4855,17,1,6,6.92,54.1,1,8.9,1,4,1,0,79.0,1
4856,22,2,6,7.81,50.4,0,5.1,2,3,2,2,60.2,1
4857,23,1,1,0.61,74.6,1,6.2,0,4,2,2,49.4,1
4858,22,2,4,1.65,63.7,1,8.3,1,1,2,2,40.9,1
4859,19,0,0,3.78,54.8,0,5.3,0,4,0,2,54.1,1
4860,23,0,5,0.3,42.6,1,9.9,0,1,0,1,44.2,1
4861,17,1,2,0.74,86.1,1,6.1,2,3,2,0,21.1,1
4862,23,1,0,7.21,43.2,1,7.4,0,3,2,2,68.5,1
4863,24,1,0,0.36,62.8,1,9.2,1,4,2,0,49.4,1
4864,22,2,5,1.98,67.3,1,9.8,2,3,1,0,45.1,1
4865,24,1,0,3.39,67.2,1,9.4,0,2,1,2,62.5,1
4866,21,1,6,0.16,48.3,1,9.5,2,2,2,2,22.5,1
4867,20,1,3,6.48,82.6,0,8.4,2,2,1,1,71.9,1
4868,19,2,4,6.64,53.6,1,4.6,0,2,0,2,83.6,1
4869,24,2,3,3.16,77.7,1,5.5,0,2,2,1,75.7,1
4870,22,2,3,1.61,62.7,1,8.1,2,0,1,1,33.1,1
4871,18,1,0,7.14,71.3,1,7.9,0,1,2,2,78.8,1
4872,24,0,1,5.43,67.1,1,7.8,0,3,1,2,47.8,1
4873,17,2,4,4.19,97.3,1,4.8,1,1,0,0,78.4,1
4874,21,1,0,3.14,60.8,0,5.6,0,3,1,1,48.2,1
4875,18,2,6,4.31,49.2,1,7.8,0,2,2,1,59.1,1
4876,22,1,2,2.0,61.6,1,6.8,0,1,2,1,53.1,1
4877,20,2,1,3.6,69.9,0,7.8,2,1,2,2,34.8,1
4878,20,0,2,5.49,44.0,0,5.5,1,4,0,2,64.4,1
4879,22,2,6,3.29,95.1,1,7.2,0,3,2,0,71.2,1
4880,23,0,0,5.48,51.9,0,4.2,0,4,0,2,80.0,1
4881,20,2,2,5.91,95.8,0,4.3,1,3,2,0,83.0,1
4882,24,2,2,6.03,64.3,1,5.8,0,1,1,0,70.3,1
4883,20,1,6,4.55,73.3,1,4.1,1,2,0,0,56.9,1
4884,18,0,6,1.48,81.0,1,6.4,2,0,1,0,35.7,1
4885,17,0,1,5.6,43.9,1,5.9,0,0,2,2,84.4,1
4886,18,0,4,6.55,64.8,1,7.0,2,3,0,2,75.3,1
4887,22,2,1,0.75,56.9,1,4.6,2,3,2,2,27.4,1
4888,21,1,5,7.17,50.1,1,6.7,1,0,2,2,82.7,1
4889,19,1,5,7.53,80.1,1,5.0,0,3,1,2,80.5,1
4890,20,0,3,5.35,49.9,1,6.6,1,2,1,2,51.2,1
4891,23,2,6,0.89,75.0,1,5.2,1,2,1,0,57.1,1
4892,21,1,1,5.23,63.4,1,8.0,2,4,1,2,58.4,1
4893,17,0,6,2.85,98.6,1,5.2,1,4,0,2,51.4,1
4894,17,2,0,2.43,94.4,1,4.2,1,4,2,2,61.5,1
4895,20,0,6,0.29,40.6,1,9.9,1,0,0,0,41.5,1
4896,20,0,5,5.8,88.7,0,8.2,1,2,2,2,100.0,1
4897,23,0,3,4.53,50.1,1,8.7,2,4,1,0,41.5,1
4898,21,2,2,3.61,68.2,1,4.3,1,4,2,1,55.5,1
4899,23,2,5,3.11,88.7,1,8.0,1,0,2,2,76.8,1
4900,21,0,4,3.29,57.2,1,7.2,2,3,2,1,53.8,1
4901,19,0,6,3.62,84.0,0,9.5,0,4,2,0,82.2,1
4902,22,1,1,3.82,54.5,1,8.2,2,0,1,2,56.7,1
4903,21,0,1,0.78,92.4,1,5.2,0,1,2,2,53.4,1
4904,22,2,0,3.04,66.3,1,5.0,0,1,1,2,39.2,1
4905,18,0,0,0.51,52.0,1,5.4,0,1,2,2,29.8,1
4906,22,2,2,6.21,43.2,1,7.6,2,1,2,2,64.0,1
4907,19,0,1,4.18,76.4,1,6.7,2,4,2,1,55.3,1
4908,23,2,3,6.4,81.0,1,9.7,0,2,2,1,94.9,1
4909,23,2,6,3.43,80.8,1,8.5,1,4,1,2,55.8,1
4910,21,0,2,1.22,69.9,1,4.7,0,0,0,2,51.7,1
4911,24,2,1,2.4,64.2,1,9.7,2,2,0,2,46.1,1
4912,21,2,6,1.87,77.1,1,8.5,0,3,2,2,60.3,1
4913,17,1,2,3.52,42.0,1,4.2,1,3,0,1,55.5,1
4914,21,1,2,6.31,54.4,1,9.4,1,0,2,1,97.1,1
4915,23,2,6,0.93,55.3,1,7.9,2,1,1,2,25.0,1
4916,17,0,1,3.2,86.7,1,6.2,0,4,1,2,81.7,1
4917,17,1,0,0.73,66.5,1,4.3,0,3,1,2,34.2,1
4918,19,2,2,3.13,42.7,1,8.8,2,1,1,0,46.5,1
4919,23,0,0,4.66,93.7,1,5.3,1,2,0,2,92.3,1
4920,21,1,6,0.55,63.1,1,6.8,2,0,0,0,44.6,1
4921,24,1,6,0.53,44.6,0,9.7,0,2,2,0,38.7,-1
4922,23,2,4,5.84,65.1,1,8.6,0,0,1,2,75.8,1
4923,21,2,4,3.26,97.0,1,7.3,1,1,2,1,79.7,1
4924,22,0,4,2.81,88.1,1,6.3,2,3,0,2,53.4,1
4925,19,2,4,5.49,75.6,0,8.0,2,2,0,2,78.1,1
4926,17,1,3,0.68,85.5,1,7.6,1,3,1,0,55.8,1
4927,20,2,1,6.88,71.0,1,5.5,1,1,2,1,87.9,1
4928,21,1,6,6.2,88.2,1,8.8,0,3,1,0,54.3,1
4929,18,0,6,3.12,90.4,1,4.7,1,2,2,0,68.1,1
4930,18,2,1,3.75,60.2,1,5.3,1,2,2,2,53.6,1
4931,17,0,2,3.18,66.7,1,4.9,2,4,1,1,38.5,1
4932,22,2,5,6.28,53.6,1,7.6,1,2,0,0,91.7,1
4933,24,0,2,0.23,81.1,1,4.2,0,0,0,2,73.7,1
4934,23,1,5,5.37,48.2,1,9.7,1,4,2,2,59.8,1
4935,20,1,6,2.42,68.3,1,7.7,2,1,0,0,44.0,1
4936,21,1,2,6.24,98.0,1,9.4,1,2,2,2,97.5,1
4937,24,1,5,7.87,68.0,1,4.7,0,2,1,0,81.3,1
4938,21,1,2,2.23,44.1,1,5.3,2,1,2,2,24.1,1
4939,19,2,0,3.57,41.1,1,8.5,2,3,2,0,52.0,1
4940,19,1,3,4.38,97.0,1,9.1,1,3,0,2,75.3,1
4941,22,1,4,4.41,82.4,0,5.6,1,4,1,2,49.5,1
4942,20,2,2,1.25,82.6,1,8.3,0,3,2,2,39.0,1
4943,23,0,2,4.67,62.2,1,9.1,2,4,0,2,70.5,1
4944,23,1,1,5.79,70.1,1,5.8,1,1,1,0,69.0,1
4945,17,2,4,7.55,73.5,1,6.1,2,3,2,2,54.6,1
4946,22,1,0,5.8,86.0,1,6.5,1,2,1,0,85.2,1
4947,19,2,1,4.83,70.6,1,8.6,1,2,1,0,73.7,1
4948,21,1,1,1.87,58.4,1,6.1,2,4,1,0,43.5,1
4949,19,0,6,0.78,72.0,1,4.6,0,0,1,2,44.1,1
4950,19,0,4,5.07,80.9,1,7.4,0,1,1,2,70.2,1
4951,19,0,6,5.0,43.5,1,4.3,2,2,0,2,52.5,1
4952,17,2,3,6.71,68.4,1,7.3,0,3,0,1,75.1,1
4953,23,0,5,3.57,60.7,1,5.8,1,1,1,0,44.6,1
4954,18,0,4,1.38,93.8,1,8.1,2,0,0,0,50.6,1
4955,20,1,3,1.8,63.3,0,5.1,1,3,2,0,50.3,1
4956,18,0,3,3.81,77.7,0,8.5,1,4,1,2,53.8,1
4957,18,2,3,2.5,67.3,1,9.6,2,0,0,0,59.6,1
4958,19,2,0,1.44,88.8,1,8.5,2,3,0,1,68.8,1
4959,24,0,4,0.86,95.8,1,5.8,2,3,1,0,47.4,1
4960,24,0,3,3.3,45.0,1,7.3,0,0,0,0,64.1,1
4961,20,0,6,2.7,41.2,1,9.0,0,2,1,0,49.2,1
4962,21,2,6,7.72,82.3,1,8.7,1,4,1,1,82.9,1
4963,24,2,3,6.85,77.9,1,4.3,2,0,0,2,75.5,1
4964,18,0,0,1.47,73.3,0,4.4,0,4,2,1,49.4,1
4965,24,2,5,6.03,65.8,1,4.7,1,0,2,0,88.9,1
4966,17,1,4,3.84,85.0,1,6.8,0,4,2,1,45.1,1
4967,18,2,1,7.41,82.2,1,5.1,0,1,1,2,78.6,1
4968,19,2,5,4.87,65.0,0,8.2,0,1,0,0,62.9,1
4969,17,2,4,1.63,59.5,1,9.4,2,1,1,2,32.5,1
4970,23,0,4,1.57,97.7,1,4.1,0,0,0,2,53.7,1
4971,23,2,5,7.74,64.3,0,8.5,1,4,1,2,92.1,1
4972,20,0,1,7.35,52.5,1,4.2,0,3,0,0,60.8,1
4973,23,2,5,3.86,97.6,1,4.5,2,2,0,2,49.7,1
4974,23,1,2,4.51,82.4,1,6.6,2,3,1,2,52.4,1
4975,23,0,5,4.38,73.5,1,9.9,1,4,1,2,87.3,1
4976,23,0,4,6.11,86.1,1,5.8,2,4,2,2,81.1,1
4977,21,2,4,3.8,53.3,1,7.1,0,1,2,2,69.0,1
4978,17,2,5,0.98,73.5,1,9.9,1,3,2,2,63.7,1
4979,24,2,0,2.59,56.4,1,7.8,2,1,0,1,45.4,1
4980,21,1,5,4.55,91.8,1,6.2,2,3,0,2,68.0,1
4981,24,0,2,2.81,48.2,1,6.0,1,2,1,2,45.8,1
4982,24,1,4,6.51,53.1,1,5.7,2,1,0,1,54.1,1
4983,18,2,5,7.58,54.6,1,4.5,2,3,2,2,56.3,1
4984,20,1,2,1.94,66.3,1,4.6,2,3,0,2,48.8,1
4985,18,0,4,7.11,48.0,1,8.4,1,3,0,2,75.0,1
4986,17,0,5,5.73,72.7,1,7.3,1,4,1,1,72.5,1
4987,24,2,3,4.7,84.0,1,4.8,1,3,2,2,60.2,1
4988,24,2,4,1.04,40.6,1,6.4,0,4,2,0,26.4,1
4989,24,2,2,3.29,93.2,1,5.4,1,1,1,1,68.8,1
4990,24,0,6,7.91,91.1,0,6.5,2,0,0,2,81.7,1
4991,22,1,6,5.19,43.0,1,7.7,2,3,2,0,53.4,1
4992,21,2,5,4.73,44.1,1,4.7,0,4,0,0,60.8,1
4993,24,1,2,0.28,74.4,0,8.3,0,3,2,1,40.9,1
4994,21,0,3,2.57,58.8,1,4.2,0,0,1,2,38.7,1
4995,22,0,5,3.91,69.4,1,4.1,0,1,0,0,60.3,1
4996,18,0,4,5.13,74.0,1,9.1,0,0,2,0,66.7,1
4997,22,2,6,6.86,78.3,0,8.3,2,3,0,0,79.2,1
4998,23,1,4,3.66,83.9,1,4.5,0,4,2,2,48.5,1
4999,22,0,4,2.2,91.4,1,4.4,1,0,0,0,63.6,1
5000,20,1,0,2.25,76.4,1,9.0,1,3,2,2,78.5,1
5001,18,2,5,1.1,46.3,0,4.5,2,2,1,2,37.2,1
5002,17,2,3,1.16,48.2,1,8.5,2,0,1,1,42.2,1
5003,22,0,5,2.44,76.8,0,7.7,2,4,0,2,55.9,1
5004,22,1,1,6.13,82.5,0,9.0,2,4,1,2,74.5,1
5005,23,1,1,3.31,85.2,0,6.7,2,2,2,2,59.5,1
5006,24,1,2,6.88,71.1,1,7.5,2,0,0,0,84.2,1
5007,20,0,4,7.59,76.0,1,4.8,2,3,0,2,73.4,1
5008,23,2,5,0.6,98.5,1,9.3,1,0,2,2,67.7,1
5009,22,1,1,5.69,60.9,1,6.2,0,3,0,0,57.7,1
5010,19,0,0,0.68,52.9,1,5.4,2,0,0,0,41.0,1
5011,23,0,3,0.57,98.1,0,4.2,2,3,1,2,48.2,-1
5012,17,1,5,2.21,95.1,1,6.7,2,3,0,2,62.8,1
5013,21,0,0,0.81,40.6,0,4.1,0,4,0,2,30.4,-1
5014,24,2,3,5.3,64.1,1,7.7,1,1,2,2,57.0,1
5015,22,2,1,5.73,84.1,1,8.4,0,3,1,2,68.5,1
5016,24,0,5,5.11,50.6,1,4.7,1,4,0,0,88.0,1
5017,17,1,6,4.6,41.9,1,6.8,2,2,0,0,58.4,1
5018,21,2,5,6.25,42.2,1,6.8,1,3,0,2,63.3,1
5019,23,1,5,6.18,73.9,1,4.8,0,0,2,0,81.1,1
5020,22,2,5,6.96,53.8,1,7.1,0,2,0,1,83.4,1
5021,24,2,5,5.55,55.5,1,8.0,1,2,1,2,70.7,1
5022,20,1,3,2.85,40.9,1,8.2,2,0,0,0,55.0,1
5023,22,2,1,4.2,83.6,1,4.8,2,3,2,1,49.9,1
5024,20,1,6,3.92,90.6,1,8.4,2,3,2,0,81.4,1
5025,23,0,2,0.86,84.0,1,8.0,2,0,0,1,53.5,1
5026,17,1,0,6.49,48.2,1,4.9,0,2,0,2,71.8,1
5027,19,1,5,7.3,97.4,0,5.2,2,4,2,0,77.1,1
5028,17,2,5,7.88,97.7,0,5.9,0,3,0,1,100.0,-1
5029,22,0,4,1.98,55.5,1,8.4,0,3,2,1,41.6,1
5030,18,0,3,0.77,99.0,0,6.0,0,1,1,1,38.2,-1
5031,19,0,6,0.89,66.7,0,8.5,0,2,2,0,53.6,1
5032,23,2,1,6.43,42.5,1,8.0,1,3,1,2,57.8,1
5033,19,2,2,5.05,74.5,1,8.4,1,2,0,2,68.9,1
5034,18,0,4,6.05,71.6,1,4.4,0,1,1,2,62.9,1
5035,17,1,0,7.24,91.5,1,6.7,1,3,2,1,89.5,1
5036,18,1,3,1.81,61.3,1,5.0,1,4,0,2,62.4,1
5037,24,0,3,2.91,86.0,1,4.5,0,0,1,2,48.0,1
5038,21,1,1,6.34,87.2,1,5.8,0,3,1,2,72.1,1
5039,24,1,6,2.08,42.1,1,7.8,0,2,1,2,34.9,1
5040,18,1,0,4.05,80.4,1,8.3,0,3,2,0,53.7,1
5041,19,2,4,3.55,68.8,1,9.4,0,1,0,2,56.7,1
5042,18,0,1,4.76,52.1,1,8.3,1,2,1,0,70.3,1
5043,20,2,6,7.91,65.0,0,4.5,2,0,1,2,95.0,-1
5044,21,0,6,0.83,91.4,1,8.2,0,3,0,2,61.3,1
5045,23,0,2,3.88,81.4,1,4.5,0,0,0,1,86.6,1
5046,19,2,4,7.67,77.6,1,9.0,0,0,2,2,67.6,1
5047,23,2,4,2.78,44.9,1,4.2,2,0,2,0,41.4,1
5048,22,1,1,5.92,80.0,1,7.3,2,3,0,0,73.5,1
5049,19,1,5,7.43,85.5,1,8.9,0,4,0,0,100.0,1
5050,24,0,5,1.92,97.0,1,6.2,1,2,2,0,88.1,1
5051,20,1,5,0.65,87.9,1,6.5,0,1,1,2,46.8,1
5052,18,1,4,0.61,44.8,1,7.9,0,3,0,0,33.7,1
5053,24,1,4,0.58,96.6,1,5.9,1,2,2,2,49.9,1
5054,24,2,5,2.8,87.5,1,9.7,0,0,0,0,73.9,1
5055,17,0,5,1.01,40.6,1,5.2,1,2,2,2,24.4,1
5056,24,1,4,3.24,82.8,1,4.2,0,3,2,2,41.2,1
5057,24,2,5,6.03,58.2,1,9.6,0,4,1,1,69.7,1
5058,23,0,2,2.39,76.3,1,6.8,1,3,0,1,58.6,1
5059,19,2,4,3.84,57.0,1,8.9,2,1,0,0,51.8,1
5060,22,1,1,1.02,83.8,1,8.0,0,2,1,2,60.9,1
5061,21,2,0,5.59,51.2,1,8.7,2,4,1,2,88.1,1
5062,21,1,5,2.54,90.1,1,6.1,2,4,0,2,49.8,1
5063,21,0,2,1.08,44.4,1,9.7,0,0,2,2,37.0,1
5064,22,0,5,7.64,41.4,1,5.6,0,4,2,2,81.0,1
5065,21,1,1,6.16,47.9,1,7.7,0,3,0,1,59.1,1
5066,22,0,5,5.22,63.1,1,7.2,0,0,2,2,64.7,1
5067,21,1,5,5.78,79.4,1,4.4,0,3,2,2,75.8,1
5068,17,0,2,3.4,68.8,1,8.9,2,3,2,0,60.6,1
5069,17,2,1,2.39,68.5,1,4.5,2,0,0,1,53.6,1
5070,24,1,5,4.0,91.9,1,8.6,0,4,1,2,64.4,1
5071,24,0,0,6.6,73.6,1,6.7,1,3,1,1,95.7,1
5072,21,2,3,7.71,70.5,1,8.1,1,2,2,2,91.0,1
5073,18,1,2,4.84,65.2,1,6.3,2,1,2,0,70.6,1
5074,23,1,4,3.01,98.7,1,8.0,0,2,2,2,73.3,1
5075,18,1,2,5.75,54.6,1,7.8,1,3,1,2,83.4,1
5076,20,0,1,5.58,49.3,1,6.4,0,2,2,1,56.2,1
5077,19,1,3,1.98,69.5,1,9.1,0,2,0,0,57.3,1
5078,17,2,5,3.48,80.7,1,9.7,2,3,2,2,52.2,1
5079,23,1,3,1.07,41.3,1,9.7,2,3,2,0,20.1,1
5080,21,0,6,3.22,91.4,1,8.8,1,3,2,2,85.5,1
5081,19,1,3,6.1,57.0,1,5.1,2,4,2,1,59.4,1
5082,21,1,1,2.51,78.7,1,9.8,2,1,0,0,48.6,1
5083,17,1,1,5.06,50.4,0,7.5,2,1,2,2,54.4,1
5084,20,0,5,2.62,92.3,1,5.3,0,2,2,0,42.7,1
5085,21,1,3,1.18,61.5,1,7.6,0,4,2,2,38.6,1
5086,19,1,4,5.93,51.2,1,7.6,1,4,2,1,76.9,1
5087,23,0,0,4.71,41.2,1,6.6,0,0,0,2,82.3,1
5088,18,0,1,6.6,58.5,1,4.7,0,1,2,2,39.9,1
5089,18,1,4,5.43,62.8,1,8.0,0,1,0,2,66.6,1
5090,21,0,0,6.54,42.1,0,5.0,2,2,2,0,66.7,1
5091,24,0,6,1.24,73.3,1,5.6,0,4,1,1,41.9,1
5092,20,2,5,4.92,67.3,1,8.7,1,0,0,1,78.8,1
5093,17,0,5,2.94,69.6,1,8.0,2,2,0,2,59.2,1
5094,24,2,1,5.97,48.0,1,4.9,2,3,1,2,48.0,1
5095,20,1,2,4.64,63.0,1,7.4,0,0,2,1,71.4,1
5096,18,1,2,0.43,98.1,1,5.6,2,0,2,1,64.3,1
5097,21,0,6,4.27,61.4,1,8.3,0,3,1,2,65.4,1
5098,19,1,6,5.95,87.6,1,6.1,2,4,1,2,55.5,1
5099,24,2,4,2.1,47.4,1,5.2,1,2,1,0,33.7,1
5100,19,0,4,5.24,47.4,1,6.0,0,1,0,0,69.6,1
5101,21,0,1,6.73,99.4,1,9.3,2,2,0,2,79.0,1
5102,21,0,5,0.52,78.9,1,4.3,2,1,1,0,33.5,1
5103,18,1,3,4.62,79.9,1,8.4,1,2,1,1,81.6,1
5104,20,0,4,7.1,65.6,1,9.6,0,4,1,0,70.8,1
5105,17,2,2,1.01,85.7,1,5.5,1,0,2,2,58.3,1
5106,22,0,3,2.15,95.7,0,5.0,0,0,1,1,69.1,1
5107,23,0,4,5.01,44.9,1,9.6,2,2,2,2,85.6,1
5108,24,0,5,4.68,50.3,1,6.4,0,3,0,0,66.7,1
5109,19,0,1,6.35,92.0,1,5.2,1,4,1,2,80.6,1
5110,19,2,2,5.03,44.7,1,5.9,1,0,0,0,60.9,1
5111,21,2,5,4.61,61.5,1,7.1,1,4,2,2,43.5,1
5112,22,0,0,3.61,45.0,1,6.5,1,2,2,0,53.5,1
5113,24,2,3,0.63,64.5,0,7.2,1,3,2,0,53.7,1
5114,17,1,4,4.73,66.8,1,6.3,1,1,0,1,76.3,1
5115,18,1,3,1.25,50.8,0,7.2,2,3,2,0,40.1,1
5116,19,1,6,7.91,44.9,1,9.4,0,1,1,1,78.9,1
5117,19,2,5,0.63,65.0,1,8.9,0,3,2,1,46.4,1
5118,20,0,0,0.61,70.9,0,7.6,2,2,0,0,40.8,1
5119,23,0,1,6.3,84.2,1,6.5,1,1,2,1,93.2,1
5120,17,1,6,0.81,83.6,1,9.1,0,3,1,2,56.1,1
5121,23,0,4,3.24,44.2,1,6.1,2,4,0,2,46.5,1
5122,21,1,5,7.42,66.3,1,9.3,0,4,1,2,78.7,1
5123,21,0,3,6.3,90.6,0,5.1,2,1,2,0,53.5,1
5124,22,0,3,1.86,75.8,1,5.6,2,0,0,1,53.9,1
5125,17,2,1,2.01,91.3,1,7.6,2,1,2,0,51.2,1
5126,22,2,3,4.74,97.1,0,8.2,2,4,2,0,71.8,1
5127,18,1,3,3.89,60.1,1,9.5,1,3,1,0,75.1,1
5128,21,2,2,0.93,48.0,0,6.5,0,3,0,2,36.2,1
5129,22,0,4,1.27,45.0,1,6.5,2,2,0,0,64.6,1
5130,21,0,4,6.42,47.6,1,4.4,1,0,2,0,76.8,1
5131,19,0,5,2.76,80.9,0,8.1,1,2,1,0,71.5,1
5132,20,1,2,6.39,47.2,0,8.7,0,3,0,1,72.8,1
5133,20,1,1,1.52,97.1,1,4.1,2,3,2,2,30.4,1
5134,17,0,3,4.8,79.5,1,7.8,2,1,0,2,69.9,1
5135,22,2,6,4.04,97.3,1,5.8,1,2,2,2,69.0,1
5136,17,0,1,2.61,73.8,1,8.5,0,4,1,2,61.3,1
5137,20,0,6,4.87,52.1,1,4.4,2,0,0,1,61.0,1
5138,22,2,6,1.0,50.1,1,6.9,1,4,0,0,32.5,1
5139,17,2,2,6.85,86.1,1,9.2,2,1,1,2,89.1,1
5140,24,0,0,5.95,40.6,0,9.9,1,1,1,1,75.8,-1
5141,20,1,1,2.3,92.5,1,8.3,1,2,2,0,84.6,1
5142,17,2,3,4.64,41.8,1,4.5,1,4,0,1,67.2,1
5143,22,2,6,7.22,76.3,1,7.3,1,1,1,2,87.4,1
5144,21,2,0,3.38,63.3,1,7.2,1,1,0,2,66.9,1
5145,22,2,4,2.91,76.7,1,6.9,1,4,1,2,60.3,1
5146,23,0,2,6.39,86.9,1,6.8,0,1,0,0,68.1,1
5147,20,1,3,0.08,46.7,1,4.1,2,0,2,0,19.599,1
5148,23,1,0,5.49,96.8,1,8.1,0,3,2,0,78.6,1
5149,19,2,6,1.73,75.7,0,7.6,0,0,0,1,60.4,1
5150,21,0,5,5.55,62.9,1,7.3,2,1,2,2,52.2,1
5151,18,0,1,3.5,98.7,1,8.3,2,3,0,2,39.6,1
5152,21,0,4,0.16,88.7,0,7.3,1,2,1,2,48.9,1
5153,19,2,0,6.99,49.7,0,6.6,0,4,1,2,62.7,1
5154,22,0,3,4.37,45.3,1,6.0,0,1,2,2,41.5,1
5155,23,1,3,2.51,95.4,0,6.4,2,4,2,0,42.9,1
5156,23,2,5,5.63,75.1,1,7.1,1,1,1,1,68.2,1
5157,24,0,0,3.97,67.8,0,6.2,1,0,1,0,50.7,1
5158,17,1,2,0.28,44.6,1,6.6,0,1,1,0,47.9,1
5159,18,1,1,5.2,72.5,1,7.8,0,0,0,2,83.0,1
5160,24,0,5,7.76,56.3,1,7.3,2,3,0,1,68.5,1
5161,20,2,0,1.78,51.6,1,6.6,2,3,0,2,56.1,1
5162,17,1,2,6.9,63.5,1,9.2,1,1,2,2,85.5,1
5163,19,1,0,4.97,42.1,1,6.1,0,3,0,0,44.7,1
5164,23,1,6,0.62,75.9,1,5.6,1,1,0,0,33.6,1
5165,19,1,6,5.84,77.3,1,6.0,0,4,0,2,87.6,1
5166,17,0,6,3.53,81.7,1,7.7,1,3,0,2,66.9,1
5167,22,1,4,6.35,41.4,1,4.1,0,1,2,0,47.7,1
5168,18,2,5,5.09,50.5,1,6.2,1,0,2,0,63.1,1
5169,19,0,5,0.08,86.3,1,4.3,1,2,2,2,35.3,1
5170,17,0,2,1.01,74.5,1,8.7,2,0,1,2,55.1,1
5171,21,1,0,2.82,40.6,1,6.2,1,3,0,2,48.6,1
5172,20,1,3,3.85,83.8,1,5.0,1,2,2,0,66.9,1
5173,23,0,3,7.46,65.0,0,7.0,0,0,1,2,93.6,1
5174,19,1,5,6.58,55.8,1,6.2,1,1,1,2,62.4,1
5175,18,0,6,6.41,85.3,0,9.6,1,2,1,0,87.8,1
5176,18,0,3,4.32,61.6,1,8.0,0,3,0,2,76.2,1
5177,18,0,2,0.74,67.2,0,6.9,1,3,2,2,40.6,1
5178,20,0,0,5.97,91.6,1,9.8,2,3,1,1,64.7,1
5179,17,2,1,0.69,49.0,1,8.4,2,1,0,2,19.6,1
5180,20,2,3,0.73,73.9,0,5.2,1,2,0,0,48.5,1
5181,23,1,1,2.04,46.2,1,6.8,1,2,2,0,62.3,1
5182,23,0,2,7.38,98.7,1,7.0,1,1,1,0,78.3,1
5183,22,2,1,6.0,58.7,1,9.5,2,2,2,1,70.0,1
5184,24,2,3,0.61,94.6,1,7.3,2,1,1,1,19.599,1
5185,23,1,2,7.35,62.0,1,8.1,0,3,2,2,85.3,1
5186,22,2,2,6.27,90.8,1,5.0,1,4,1,0,69.3,1
5187,23,2,1,4.83,85.9,1,6.4,1,3,2,1,82.3,1
5188,17,0,4,1.02,54.0,1,5.1,0,4,1,1,34.2,1
5189,23,2,4,2.56,78.8,1,6.7,1,1,2,2,52.6,1
5190,19,0,0,2.41,54.0,1,9.2,1,1,0,1,51.3,1
5191,22,2,4,5.12,41.1,1,9.1,1,0,0,2,80.1,1
5192,24,2,1,4.7,58.0,1,4.9,2,1,1,1,41.9,1
5193,20,2,5,2.22,82.6,1,6.5,1,4,2,0,54.8,1
5194,17,2,2,2.49,50.7,1,9.7,0,4,0,2,73.6,1
5195,19,2,2,4.15,77.7,1,4.8,0,0,1,1,53.1,1
5196,20,0,6,6.76,85.9,1,4.9,1,4,1,2,100.0,1
5197,24,0,3,1.01,58.6,0,4.6,1,4,2,2,49.6,1
5198,24,0,3,5.81,46.1,1,7.1,0,1,1,0,56.5,1
5199,21,2,0,7.91,75.8,1,9.9,0,4,2,0,82.6,1
5200,24,0,4,6.0,47.9,1,9.3,0,1,0,0,66.7,1
5201,20,1,5,3.53,40.6,0,5.3,1,3,2,0,71.8,1
5202,20,2,5,5.85,47.8,1,8.8,2,4,1,2,47.3,1
5203,23,2,1,6.89,56.0,1,4.2,0,0,2,2,66.5,1
5204,22,2,4,6.15,80.6,1,7.6,1,0,2,0,86.3,1
5205,21,1,5,0.1,60.0,1,9.2,0,0,2,2,35.2,1
5206,20,2,0,1.05,95.1,1,6.1,0,1,2,1,49.9,1
5207,22,2,0,0.86,84.5,1,6.3,2,3,0,0,41.4,1
5208,23,1,4,0.25,99.2,1,7.9,0,0,1,2,47.4,1
5209,20,1,4,5.72,79.9,1,9.2,1,2,1,1,76.6,1
5210,17,1,1,2.14,41.3,0,7.3,0,3,0,2,43.6,1
5211,17,2,6,5.78,48.9,0,9.6,0,3,1,2,74.8,1
5212,18,2,3,5.33,56.2,0,7.5,0,1,0,2,57.9,1
5213,20,0,3,4.19,82.2,0,6.1,0,4,2,2,73.2,1
5214,21,0,1,0.48,78.7,0,9.1,2,3,1,0,49.1,1
5215,23,0,4,2.44,52.3,1,8.9,2,0,1,0,53.6,1
5216,18,2,6,0.22,81.9,1,7.9,1,2,2,2,67.7,1
5217,23,1,5,7.28,56.7,1,4.8,1,0,2,0,96.9,1
5218,22,1,3,2.47,80.1,1,4.1,1,2,0,0,48.3,1
5219,17,1,4,0.76,58.6,1,4.3,2,4,0,1,19.599,1
5220,19,2,1,0.08,52.6,1,5.5,1,0,2,2,30.6,1
5221,19,0,2,4.89,69.7,1,5.4,2,3,0,0,67.1,1
5222,24,2,4,4.97,98.8,0,7.7,0,1,0,2,81.6,1
5223,24,2,1,7.91,78.8,0,6.6,2,4,2,2,81.3,1
5224,23,1,2,2.31,61.1,0,4.2,1,1,2,0,55.9,1
5225,21,2,5,0.37,71.1,1,9.2,2,0,0,2,37.8,1
5226,20,1,3,6.24,66.3,1,7.6,2,1,1,0,56.3,1
5227,19,2,5,2.44,41.9,1,6.4,2,2,0,0,23.8,1
5228,23,2,6,2.65,80.5,1,6.3,0,1,2,0,74.1,1
5229,17,2,2,7.26,52.3,1,4.6,2,3,1,0,63.7,1
5230,19,1,5,4.6,72.1,1,7.1,2,0,1,0,72.7,1
5231,18,2,0,3.2,44.3,0,9.9,2,4,2,0,41.1,1
5232,20,2,4,7.6,87.4,0,7.1,2,1,0,2,97.2,1
5233,19,1,2,2.12,41.0,1,4.1,1,0,2,2,34.7,1
5234,18,0,3,0.17,59.3,1,7.7,2,4,2,0,33.2,1
5235,20,2,4,1.85,63.0,0,4.1,1,2,2,1,47.2,1
5236,23,0,3,0.35,86.3,1,9.5,0,4,1,1,45.8,1
5237,21,0,3,3.26,98.4,1,7.1,2,2,1,2,59.7,1
5238,23,1,2,6.65,51.5,1,8.1,2,3,2,1,69.9,1
5239,24,0,2,7.8,48.3,1,9.2,1,1,1,0,61.4,1
5240,24,2,4,5.6,77.3,0,8.7,0,0,0,2,80.1,1
5241,19,0,0,7.41,53.0,0,7.3,1,3,1,1,82.4,1
5242,24,2,4,3.27,41.5,1,6.4,1,3,0,2,71.9,1
5243,24,2,0,2.42,53.9,1,9.5,0,2,2,1,44.5,1
5244,24,2,2,1.23,54.1,1,4.1,2,2,2,2,39.0,1
5245,19,0,4,4.01,73.1,1,6.4,0,2,1,0,66.0,1
5246,18,2,2,2.62,67.0,1,7.0,2,3,1,2,44.2,1
5247,21,1,5,0.86,60.0,0,9.2,0,2,1,1,56.0,1
5248,24,0,2,7.46,57.3,0,5.0,1,0,1,0,78.2,1
5249,24,1,6,0.99,56.1,1,8.2,2,4,1,2,37.9,1
5250,21,2,1,5.92,91.7,0,8.0,2,4,1,1,68.8,1
5251,18,2,6,0.54,67.6,1,9.8,1,4,1,1,57.9,1
5252,20,0,2,4.22,91.3,1,9.2,2,4,1,1,55.9,1
5253,22,0,3,5.4,99.4,1,6.9,2,2,0,0,83.7,1
5254,21,0,0,1.88,69.7,1,4.6,2,0,1,1,29.8,1
5255,19,2,1,0.61,95.7,1,9.0,2,4,2,0,38.4,1
5256,19,1,3,4.75,50.5,1,5.5,1,4,1,2,71.1,1
5257,17,2,1,4.82,58.6,1,8.5,0,4,0,1,61.7,1
5258,19,1,3,2.5,79.5,1,7.4,0,3,1,2,47.8,1
5259,22,1,0,3.01,54.3,1,4.3,1,1,0,1,63.9,1
5260,18,2,1,0.36,75.5,1,4.1,1,0,1,0,37.7,1
5261,24,2,5,2.37,93.9,1,4.8,2,1,0,2,55.1,1
5262,17,0,3,7.06,98.4,1,5.6,2,1,0,2,82.8,1
5263,21,0,5,1.37,72.1,1,5.6,0,2,0,1,54.0,1
5264,20,2,5,3.74,84.2,1,5.3,2,3,0,2,66.2,1
5265,23,2,1,5.41,76.2,1,9.2,0,0,1,2,80.2,1
5266,24,2,0,6.42,65.2,1,7.2,0,3,2,0,52.8,1
5267,21,2,6,0.65,61.4,1,4.7,1,2,1,2,37.4,1
5268,22,0,0,4.73,76.8,1,4.6,1,1,2,1,62.9,1
5269,22,1,2,5.02,60.7,1,7.5,0,1,0,2,55.2,1
5270,21,1,3,1.58,84.9,0,8.0,0,1,1,2,19.599,1
5271,18,0,6,0.25,47.6,1,8.3,2,3,1,2,19.599,1
5272,20,0,1,6.75,83.1,1,7.9,2,1,1,2,88.8,1
5273,18,2,4,3.52,70.7,1,7.8,1,3,0,2,71.1,1
5274,20,1,0,0.49,44.9,0,8.7,1,4,2,2,44.9,1
5275,21,2,0,4.62,90.4,0,4.5,1,2,1,2,72.8,1
5276,18,2,3,3.02,73.0,0,7.9,1,2,1,2,75.4,1
5277,18,2,1,0.64,84.1,1,5.1,1,4,2,2,47.7,1
5278,23,0,0,2.3,47.4,1,5.2,0,1,1,2,40.7,1
5279,20,1,1,2.61,49.3,1,8.6,0,4,0,1,47.6,1
5280,18,0,5,4.6,92.7,1,9.9,1,1,0,2,85.9,1
5281,22,0,1,3.23,68.0,1,5.9,0,0,2,0,59.5,1
5282,22,0,5,0.86,57.8,1,7.1,1,4,1,1,45.1,1
5283,23,0,2,5.08,71.1,1,8.2,0,2,0,2,86.0,1
5284,23,0,0,5.83,62.3,1,9.7,0,3,2,2,74.9,1
5285,24,0,1,4.06,98.4,1,7.9,1,4,1,2,78.5,1
5286,21,1,3,0.51,51.8,1,8.2,2,0,2,2,37.7,1
5287,19,0,5,0.83,71.8,1,5.7,1,4,0,2,52.3,1
5288,23,1,6,7.56,59.9,0,6.2,1,4,0,1,89.0,1
5289,19,0,5,1.51,49.9,1,9.4,2,4,1,2,20.4,1
5290,19,0,3,2.46,80.9,1,4.3,1,1,2,2,35.9,1
5291,23,2,3,5.5,48.2,1,7.3,2,4,0,1,70.5,1
5292,24,2,6,6.33,56.5,1,4.8,2,1,0,2,65.7,1
5293,19,0,6,7.29,69.2,1,4.3,2,3,1,0,64.9,1
5294,22,1,5,3.16,65.4,0,4.9,2,4,2,2,40.1,1
5295,24,2,1,7.91,94.6,1,6.8,2,0,2,2,93.3,1
5296,23,1,1,0.83,79.1,1,7.7,0,0,0,2,66.5,1
5297,17,1,1,6.61,44.2,1,5.0,1,4,0,2,66.1,1
5298,22,1,1,2.18,48.6,1,7.1,0,2,2,2,44.3,1
5299,18,2,6,7.5,75.2,1,9.8,0,0,2,2,90.4,1
5300,23,0,1,6.95,53.5,1,7.2,0,4,2,1,85.2,1
5301,17,1,5,6.1,51.7,1,4.4,2,1,2,2,66.4,1
5302,24,1,5,4.83,99.3,1,5.5,1,4,0,2,100.0,1
5303,18,0,3,1.72,82.6,1,4.2,2,1,1,0,38.5,1
5304,20,2,0,3.7,58.1,1,7.5,1,1,1,2,55.8,1
5305,18,0,1,0.28,41.7,1,9.3,2,3,1,0,29.2,1
5306,23,1,4,5.68,87.7,1,8.7,1,0,1,2,79.7,1
5307,20,0,4,0.93,74.6,1,4.3,1,3,1,0,49.7,1
5308,22,0,3,2.07,58.7,0,8.7,2,4,1,0,38.7,1
5309,17,1,3,1.96,71.6,1,7.1,0,4,2,2,56.7,1
5310,20,1,5,6.3,93.8,1,9.1,2,0,1,0,78.9,1
5311,24,1,5,3.21,43.8,1,6.4,0,2,1,0,42.9,1
5312,24,0,5,4.28,83.9,1,6.4,2,1,1,0,60.8,1
5313,18,1,1,1.67,91.8,1,9.9,0,1,0,2,66.5,1
5314,20,1,2,2.67,71.2,1,6.1,1,2,1,0,52.3,1
5315,20,1,3,4.1,97.7,1,5.2,2,2,2,2,76.5,1
5316,21,2,0,1.55,53.9,1,9.8,1,4,0,0,54.9,1
5317,21,0,0,5.52,83.3,1,9.4,2,4,2,2,76.9,1
5318,17,2,3,3.59,65.5,1,4.7,0,2,0,2,46.9,1
5319,23,0,6,7.87,62.7,1,5.3,0,0,0,2,74.9,1
5320,18,1,5,1.97,78.2,1,9.1,0,3,2,2,46.4,1
5321,19,1,4,3.17,76.6,1,5.3,2,1,0,2,61.1,1
5322,23,2,4,7.4,62.0,1,5.9,0,4,0,0,82.7,1
5323,22,0,0,7.09,62.5,1,6.1,1,1,2,1,96.0,1
5324,20,1,3,3.87,68.8,1,6.0,2,0,0,2,60.6,1
5325,24,0,3,0.99,99.4,0,5.4,0,0,0,2,64.7,-1
5326,20,0,5,3.27,87.9,1,5.1,0,2,2,0,53.3,1
5327,21,1,6,4.7,62.0,1,6.2,0,1,1,0,68.8,1
5328,18,2,3,2.03,61.8,1,7.1,1,1,1,0,42.4,1
5329,18,1,5,1.53,93.8,1,4.1,2,1,0,2,57.9,1
5330,20,1,2,4.25,86.8,0,4.2,0,0,2,0,73.4,1
5331,21,2,0,1.41,79.2,1,7.3,1,0,2,0,57.1,1
5332,23,0,6,7.0,82.8,1,5.1,2,2,2,1,68.4,1
5333,20,1,4,0.59,43.4,1,5.0,0,2,1,2,32.9,1
5334,24,1,3,7.9,45.6,1,4.4,0,4,0,2,70.3,1
5335,21,0,1,4.3,58.9,1,8.8,1,0,2,2,54.0,1
5336,17,2,5,7.87,68.4,1,5.7,2,3,1,2,92.9,1
5337,22,1,6,6.01,82.7,1,7.0,2,2,1,1,76.4,1
5338,21,0,0,1.22,86.9,0,7.1,2,4,0,2,55.1,1
5339,20,0,5,1.82,93.1,1,5.5,0,2,2,0,50.9,1
5340,20,2,4,0.86,56.3,1,8.9,0,4,1,2,22.7,1
5341,19,2,0,5.83,84.9,1,9.8,0,0,0,0,89.5,1
5342,21,1,0,1.35,99.4,1,6.6,0,3,1,1,62.8,1
5343,21,0,3,5.72,52.5,1,9.9,0,2,2,2,63.0,1
5344,20,2,0,6.88,44.2,1,5.2,2,3,2,0,62.1,1
5345,19,0,4,3.29,93.8,0,8.6,0,1,0,2,64.2,1
5346,20,1,1,5.29,48.1,1,7.1,0,2,1,2,56.5,1
5347,20,1,3,7.16,83.2,1,7.3,1,1,0,2,100.0,1
5348,20,0,5,6.03,63.2,0,9.5,1,2,1,2,87.3,1
5349,19,2,5,1.05,61.3,1,9.7,2,0,0,2,56.6,1
5350,21,1,1,2.34,96.4,1,4.1,1,4,2,0,64.6,1
5351,18,1,4,4.29,61.1,0,5.4,0,0,2,0,57.0,1
5352,21,1,0,2.11,64.5,1,5.8,2,1,0,1,61.1,1
5353,17,0,5,4.05,40.9,1,6.8,2,1,0,2,46.7,1
5354,20,1,0,7.62,51.0,0,7.6,1,4,1,0,85.4,1
5355,23,1,4,3.63,61.7,1,9.1,0,0,0,2,89.9,1
5356,23,0,3,2.09,80.0,1,9.9,1,0,1,0,59.3,1
5357,22,2,1,1.17,43.8,0,6.8,0,1,2,1,22.3,1
5358,22,1,4,7.21,61.0,1,5.9,0,1,1,1,74.8,1
5359,17,0,4,1.84,61.9,0,8.6,1,1,0,2,57.4,1
5360,19,0,4,1.55,87.5,1,8.2,1,4,1,0,57.7,1
5361,22,2,5,4.41,56.5,1,4.7,2,3,0,2,47.0,1
5362,23,2,4,3.69,93.5,0,7.9,2,1,0,0,63.5,1
5363,21,2,5,3.09,96.6,1,9.0,0,0,1,2,68.2,1
5364,23,1,0,4.63,53.3,1,4.4,1,3,0,2,72.1,1
5365,19,2,3,4.56,62.7,1,7.3,2,2,1,2,63.7,1
5366,18,1,3,0.55,84.0,0,4.1,1,1,0,2,51.1,1
5367,17,2,4,3.32,56.1,1,5.7,2,4,0,2,75.1,1
5368,21,1,2,5.77,89.6,1,4.3,0,1,0,2,91.7,1
5369,22,1,5,3.05,98.4,1,9.8,0,0,0,0,73.9,1
5370,19,1,3,7.91,77.9,0,7.6,2,4,0,2,83.9,1
5371,23,1,3,1.88,49.7,1,9.9,0,1,0,2,68.6,1
5372,22,0,6,3.97,40.6,1,9.3,0,1,0,2,53.1,1
5373,19,0,3,5.39,64.6,1,6.4,2,0,2,2,98.1,1
5374,18,2,3,4.38,53.6,1,7.1,2,0,1,2,59.3,1
5375,22,1,3,0.31,86.4,1,8.3,0,3,1,0,49.7,1
5376,22,1,6,4.11,68.2,1,5.3,0,0,0,2,71.1,1
5377,18,1,1,7.73,77.9,1,4.4,0,0,0,0,79.6,1
5378,19,1,1,3.25,76.4,0,9.1,1,1,2,2,76.0,1
5379,20,2,2,0.93,42.2,1,7.7,1,1,0,0,36.9,1
5380,21,0,5,0.17,82.5,1,9.6,0,2,1,2,48.9,1
5381,18,1,2,3.3,89.5,1,8.2,2,0,1,2,77.1,1
5382,24,1,4,1.48,68.3,0,5.7,2,2,0,1,48.9,1
5383,20,2,6,6.68,74.9,1,5.6,2,4,0,2,62.4,1
5384,20,0,4,7.62,48.6,1,6.0,0,3,2,1,69.3,1
5385,17,1,1,7.52,79.5,1,5.1,1,1,0,2,72.5,1
5386,24,2,4,3.0,96.4,1,6.9,0,4,1,1,52.9,1
5387,18,1,3,3.64,82.7,1,5.6,0,3,1,0,58.0,1
5388,24,1,2,2.52,40.9,0,9.2,0,0,0,2,58.7,1
5389,20,2,1,1.03,58.6,1,8.7,2,0,1,2,42.1,1
5390,23,0,5,4.47,97.2,1,5.3,0,4,1,2,63.0,1
5391,18,1,3,1.49,80.1,1,7.1,1,2,2,2,59.5,1
5392,18,2,3,0.48,59.5,1,9.4,1,3,0,0,39.4,1
5393,23,1,5,6.8,76.0,1,4.7,2,0,2,2,72.2,1
5394,23,2,3,6.39,49.8,1,8.8,2,4,2,1,57.3,1
5395,21,0,6,7.41,95.5,1,5.5,1,1,0,0,100.0,1
5396,17,2,2,2.62,63.4,1,6.1,0,4,2,2,55.4,1
5397,24,2,0,6.97,51.5,1,7.3,1,3,1,2,93.9,1
5398,20,2,1,3.19,44.5,1,8.9,0,4,1,2,37.9,1
5399,24,2,0,0.58,42.1,1,5.2,2,0,2,2,22.1,1
5400,23,0,6,3.66,78.7,0,9.6,2,0,0,2,60.9,1
5401,23,1,0,4.43,80.9,1,6.8,1,2,1,2,63.6,1
5402,22,0,0,3.46,79.5,1,5.9,2,4,0,1,49.4,1
5403,22,0,2,6.28,58.8,1,5.3,0,2,2,0,66.2,1
5404,21,2,0,2.81,87.6,0,5.9,1,3,1,1,54.9,1
5405,17,1,1,7.37,90.4,1,5.9,0,0,2,2,98.7,1
5406,20,2,1,0.59,76.2,1,8.9,1,4,2,0,55.8,1
5407,22,0,2,5.76,76.9,1,6.5,0,4,1,2,74.4,1
5408,23,2,4,7.43,51.5,1,5.9,0,1,0,0,100.0,1
5409,21,0,4,4.43,91.5,1,4.9,0,2,2,0,68.8,1
5410,22,0,5,7.03,45.1,0,7.8,1,2,2,2,99.0,1
5411,17,1,2,5.53,88.1,1,6.3,2,0,2,0,88.7,1
5412,20,2,6,0.12,65.1,0,8.9,2,1,1,2,40.4,1
5413,21,1,3,5.37,45.9,1,4.9,0,2,1,2,60.2,1
5414,24,1,3,5.25,43.7,0,7.5,2,0,0,2,68.2,1
5415,19,0,6,0.08,99.3,1,4.4,2,4,0,0,59.2,1
5416,18,1,1,3.27,74.1,0,4.8,1,0,1,1,85.5,1
5417,19,2,3,0.31,66.7,0,9.9,2,3,2,2,38.2,1
5418,18,0,2,2.34,95.5,1,8.2,2,0,0,2,67.3,1
5419,21,1,3,7.89,67.8,1,7.1,1,2,2,1,88.7,1
5420,22,1,1,7.52,90.8,1,4.6,0,1,1,1,85.2,1
5421,23,1,1,5.48,91.2,1,4.1,0,0,2,2,69.3,1
5422,24,0,4,2.93,85.0,0,5.6,2,4,1,2,29.0,1
5423,17,0,2,3.17,45.7,1,6.9,2,4,0,0,40.7,1
5424,18,1,6,0.31,97.3,1,4.5,0,2,2,2,42.6,1
5425,19,2,1,2.71,77.6,1,6.1,0,2,0,0,55.2,1
5426,18,0,2,6.28,64.5,1,5.6,1,2,0,1,84.7,1
5427,23,0,3,4.15,86.0,1,9.5,0,3,2,2,79.7,1
5428,18,0,0,3.81,44.4,1,7.7,0,2,0,2,63.3,1
5429,17,0,4,0.73,50.7,1,7.3,1,4,2,1,45.8,1
5430,23,1,4,7.35,80.7,1,6.9,2,4,1,2,72.1,1
5431,24,2,4,2.26,77.8,1,4.9,0,1,1,0,48.6,1
5432,18,1,4,3.06,71.5,1,6.3,0,1,1,2,63.3,1
5433,19,1,5,2.65,80.5,1,7.7,2,0,1,0,47.0,1
5434,21,0,4,2.63,97.0,1,9.1,1,3,1,1,67.2,1
5435,21,2,2,4.79,47.8,1,9.7,2,1,0,2,63.2,1
5436,24,2,3,5.02,60.6,1,8.0,2,4,0,2,58.8,1
5437,20,1,4,4.79,57.6,1,8.5,1,0,0,2,82.4,1
5438,17,0,1,0.55,96.1,1,7.1,1,2,2,2,66.6,1
5439,20,0,6,7.76,51.2,0,5.2,0,2,2,2,69.0,1
5440,21,1,3,5.71,62.1,1,8.1,0,2,0,0,86.4,1
5441,21,2,0,7.06,94.4,1,8.4,2,3,1,1,87.5,1
5442,21,1,0,1.28,80.2,1,5.4,2,4,2,2,20.5,1
5443,24,1,4,7.46,41.9,1,9.4,2,4,1,2,55.4,1
5444,23,1,4,5.77,97.6,1,7.1,1,3,1,2,89.4,1
5445,19,2,1,4.01,43.6,1,8.1,0,1,0,0,74.2,1
5446,19,1,1,0.19,71.3,1,7.1,2,1,1,0,32.3,1
5447,22,2,2,2.03,54.5,1,7.5,2,0,2,2,48.0,1
5448,20,2,3,6.71,77.9,1,8.4,1,3,0,2,88.7,1
5449,20,1,6,3.03,57.0,1,5.4,2,2,0,2,58.1,1
5450,18,1,6,5.43,89.1,1,8.7,2,3,0,2,68.8,1
5451,19,2,3,5.85,73.9,1,6.0,2,0,2,0,80.7,1
5452,22,1,3,6.21,58.8,1,7.3,1,1,1,2,68.3,1
5453,23,0,3,3.06,91.9,1,7.6,0,3,0,0,51.5,1
5454,23,2,1,7.28,86.6,1,9.6,2,3,1,0,72.9,1
5455,19,1,0,2.34,69.6,1,5.1,2,0,0,2,50.9,1
5456,18,0,6,6.69,69.5,0,6.5,1,1,0,2,75.7,1
5457,18,0,4,3.4,68.1,1,4.6,0,2,2,1,74.6,1
5458,20,0,1,1.87,72.4,1,6.6,1,0,1,0,54.2,1
5459,21,2,2,2.75,91.5,1,8.4,2,2,0,0,53.9,1
5460,24,0,5,6.4,44.4,1,5.9,2,1,0,1,75.4,1
5461,24,1,6,4.92,63.3,1,7.8,1,0,2,2,67.3,1
5462,17,2,2,1.09,85.0,1,8.4,1,4,1,0,34.8,1
5463,22,0,0,0.99,97.8,1,7.3,2,2,1,1,62.0,1
5464,19,1,5,5.5,49.2,1,9.0,1,0,2,0,73.0,1
5465,18,0,1,1.92,42.6,1,4.4,0,3,2,0,42.8,1
5466,21,1,1,1.67,88.3,1,8.3,0,4,1,0,65.8,1
5467,17,0,0,6.0,98.2,1,9.1,0,3,1,2,64.8,1
5468,19,2,0,2.58,82.9,0,8.6,1,4,1,2,49.9,1
5469,21,1,3,0.55,73.2,1,6.5,1,1,0,2,48.9,1
5470,19,2,6,3.4,54.0,0,5.9,1,2,0,2,74.2,1
5471,21,2,6,4.55,97.5,0,5.1,2,0,1,2,76.3,1
5472,20,2,4,4.81,83.3,1,6.5,0,2,1,2,71.2,1
5473,23,0,2,0.47,81.6,0,5.8,2,1,1,1,38.5,1
5474,18,1,1,3.63,92.9,1,7.9,2,0,0,2,68.3,1
5475,17,1,1,2.88,92.5,1,5.2,1,4,1,0,65.0,1
5476,21,2,2,3.59,44.8,1,4.1,1,0,1,0,52.5,1
5477,19,0,0,0.33,41.2,1,8.6,1,1,2,2,42.6,1
5478,22,0,2,2.36,53.4,1,8.5,0,0,1,2,46.0,1
5479,17,2,4,5.15,94.6,1,5.5,2,2,0,1,76.5,1
5480,21,2,1,1.01,72.0,0,7.9,0,2,0,0,43.8,1
5481,24,2,5,7.67,78.9,1,8.8,2,1,1,0,82.0,1
5482,17,2,3,7.91,60.8,1,6.1,0,0,0,2,89.4,1
5483,19,2,6,2.88,65.5,1,7.2,2,4,0,2,45.4,1
5484,23,1,3,5.45,58.0,1,5.7,0,0,0,2,76.2,1
5485,21,1,1,5.08,96.4,0,5.7,2,3,1,2,46.9,1
5486,18,1,6,1.34,64.7,1,6.4,0,0,1,2,56.8,1
5487,18,0,0,3.11,90.2,1,7.4,1,2,1,2,56.3,1
5488,23,0,5,7.85,49.3,1,8.5,2,0,2,1,76.0,1
5489,23,2,5,1.02,59.0,1,5.9,0,2,2,0,33.6,1
5490,19,2,6,4.6,50.9,1,6.7,2,0,2,0,41.8,1
5491,20,2,4,4.79,57.6,1,9.8,0,0,0,2,86.3,1
5492,23,1,3,1.34,80.1,1,9.5,2,2,2,2,50.9,1
5493,18,2,0,4.28,48.5,1,4.7,1,4,1,1,51.3,1
5494,18,2,3,7.34,72.2,1,8.5,2,1,0,1,100.0,1
5495,23,2,5,0.93,40.6,1,7.7,2,4,2,2,19.9,1
5496,18,0,3,1.52,99.0,0,7.7,2,2,0,2,41.6,-1
5497,23,2,2,2.05,42.1,1,7.8,2,2,1,2,39.4,1
5498,20,0,0,6.01,85.3,1,6.6,1,0,2,1,97.0,1
5499,24,1,6,4.62,92.2,0,8.9,0,2,2,2,55.5,1
5500,17,0,1,4.03,99.4,1,7.9,1,1,2,1,61.9,1
5501,24,1,3,6.34,79.0,1,8.3,1,0,2,2,99.0,1
5502,18,2,5,7.83,76.4,1,9.0,0,4,0,2,89.6,1
5503,17,1,0,1.57,73.5,1,6.6,2,1,0,0,54.3,1
5504,22,1,4,6.5,85.9,1,4.7,2,2,2,2,76.8,1
5505,21,0,5,2.96,92.2,1,4.6,0,3,1,0,56.8,1
5506,23,0,0,1.17,71.7,1,7.9,1,0,2,2,63.5,1
5507,17,0,6,2.05,83.2,1,7.0,0,2,0,0,61.8,1
5508,17,1,3,3.19,97.7,1,8.8,2,3,0,2,63.6,1
5509,21,0,0,7.19,46.7,0,4.3,1,2,1,2,64.9,1
5510,24,2,1,3.83,75.4,0,4.3,1,3,1,1,67.5,1
5511,20,1,1,4.91,44.0,1,8.6,1,3,2,1,83.1,1
5512,23,2,3,0.27,66.1,0,9.9,0,4,0,0,52.6,1
5513,24,1,1,0.51,83.6,1,9.1,1,1,1,2,41.5,1
5514,23,1,0,7.51,62.8,1,6.5,2,4,0,2,65.3,1
5515,21,2,4,6.71,46.0,1,9.3,1,4,1,1,57.4,1
5516,22,1,6,3.92,89.8,1,4.2,2,3,2,2,55.9,1
5517,21,0,4,1.6,54.6,1,8.4,1,2,2,2,52.2,1
5518,22,0,3,0.32,70.1,1,5.0,1,0,1,2,40.4,1
5519,21,0,4,7.8,49.0,1,5.7,2,0,0,2,91.4,1
5520,21,0,0,0.08,99.4,1,6.1,2,1,2,2,39.3,1
5521,20,0,1,1.9,63.0,0,5.1,1,4,2,2,45.6,1
5522,22,2,5,5.47,89.3,1,7.0,0,1,1,2,63.4,1
5523,23,0,2,7.5,63.1,1,6.6,2,2,1,1,80.4,1
5524,24,0,6,0.94,61.0,1,7.2,1,2,2,0,43.8,1
5525,21,2,3,6.19,54.4,1,6.2,1,3,1,2,42.1,1
5526,17,0,5,2.65,64.3,1,4.6,2,4,2,1,50.4,1
5527,21,2,2,5.44,92.5,1,8.8,2,4,1,1,56.2,1
5528,19,2,3,0.77,79.7,1,8.8,2,2,0,2,37.0,1
5529,17,2,0,6.92,43.2,1,8.3,0,2,0,0,63.7,1
5530,17,0,0,5.66,72.5,1,7.9,0,3,1,0,72.7,1
5531,21,0,3,7.64,69.9,1,6.9,1,2,1,1,75.3,1
5532,24,1,4,4.02,81.2,1,8.4,2,1,0,2,68.3,1
5533,21,1,6,7.1,85.3,1,9.2,1,1,1,1,87.2,1
5534,20,1,5,4.32,73.9,0,8.5,0,0,0,2,81.2,1
5535,17,0,1,4.1,92.6,1,5.5,1,1,2,1,87.2,1
5536,22,1,6,0.76,78.5,1,5.2,1,3,0,1,62.5,1
5537,17,1,3,6.51,60.3,1,7.4,1,1,0,0,81.8,1
5538,23,0,3,3.3,62.6,1,6.4,0,1,1,1,71.3,1
5539,23,0,2,4.8,91.5,1,6.1,1,4,1,0,67.9,1
5540,24,1,4,5.21,55.6,1,9.6,0,3,2,2,54.2,1
5541,19,0,6,6.2,48.6,1,8.4,1,0,0,2,72.3,1
5542,18,0,0,4.6,85.1,1,7.0,0,0,1,0,79.2,1
5543,19,1,6,4.96,65.6,1,6.1,0,1,0,0,55.8,1
5544,23,1,2,4.17,53.6,1,5.6,0,1,1,0,54.2,1
5545,18,1,6,4.91,89.8,1,9.9,2,2,2,2,83.6,1
5546,24,2,1,3.55,51.1,1,5.8,1,2,0,2,64.0,1
5547,18,1,3,6.21,83.9,1,9.1,1,3,2,2,86.7,1
5548,17,1,2,6.48,60.4,1,4.8,2,4,2,2,63.0,1
5549,18,1,6,4.14,82.7,1,8.6,1,1,2,2,69.5,1
5550,23,0,3,1.17,86.4,1,7.0,1,3,1,1,61.1,1
5551,21,2,6,2.99,49.4,1,6.7,1,0,0,1,69.9,1
5552,19,1,0,6.72,89.5,1,8.9,1,0,1,2,86.5,1
5553,22,2,2,7.33,77.1,0,4.3,0,4,1,2,50.1,1
5554,22,1,4,2.14,91.5,1,4.1,0,1,0,2,73.2,1
5555,21,0,1,7.53,41.9,1,4.6,2,4,1,2,66.7,1
5556,21,1,4,2.21,85.4,0,4.3,1,4,0,2,68.2,1
5557,17,1,2,7.35,99.2,1,9.6,1,1,0,2,91.3,1
5558,19,0,1,7.48,82.2,1,4.7,2,0,1,2,71.6,1
5559,21,0,4,4.04,95.1,1,8.7,0,2,0,1,86.0,1
5560,18,2,4,7.6,64.9,1,8.5,2,3,1,0,70.0,1
5561,20,0,1,4.39,82.1,1,4.1,1,4,1,0,60.5,1
5562,17,1,1,3.03,74.0,0,5.7,1,2,0,1,79.7,1
5563,23,0,6,6.48,60.1,1,8.8,0,3,1,2,71.0,1
5564,17,2,2,0.87,77.4,1,7.9,1,2,1,1,52.3,1
5565,17,0,1,1.73,61.7,1,8.7,0,3,2,0,55.5,1
5566,22,0,6,1.71,97.0,1,9.0,1,4,2,2,53.0,1
5567,18,0,3,4.98,87.9,1,4.2,0,1,1,1,67.7,1
5568,19,0,2,5.67,92.3,1,8.0,1,3,2,2,100.0,1
5569,19,2,6,6.7,78.1,1,4.2,0,0,2,1,95.5,1
5570,18,0,0,7.2,90.4,1,9.6,2,4,1,1,76.2,1
5571,23,0,5,7.0,62.0,1,6.6,2,3,1,1,67.5,1
5572,22,0,4,5.46,79.7,1,5.9,1,3,2,2,68.2,1
5573,18,0,0,7.32,60.0,1,5.0,2,3,2,0,67.1,1
5574,22,2,0,2.2,75.7,1,8.1,0,3,1,0,43.6,1
5575,22,2,3,5.8,44.3,1,8.9,2,4,0,2,61.2,1
5576,21,2,0,0.61,87.5,1,4.7,1,4,0,2,59.0,1
5577,21,0,1,1.0,65.3,1,9.9,1,1,1,2,38.7,1
5578,24,2,5,1.81,99.0,1,4.5,0,4,0,1,67.9,1
5579,20,1,4,0.82,91.5,1,8.7,2,1,2,0,64.4,1
5580,20,1,4,7.73,76.9,0,4.4,1,2,0,0,78.8,1
5581,21,1,5,3.73,56.0,1,5.2,0,2,1,0,52.3,1
5582,23,0,3,7.25,77.8,1,4.9,2,4,0,0,78.6,1
5583,22,2,6,3.81,85.4,1,5.0,0,3,2,0,67.9,1
5584,17,1,6,5.6,68.3,1,9.1,0,1,2,0,74.3,1
5585,20,1,6,2.57,75.5,1,8.0,2,3,1,2,44.9,1
5586,22,0,2,7.61,92.6,1,9.8,2,3,0,0,100.0,1
5587,18,2,2,0.28,48.2,1,5.3,2,4,0,2,39.0,1
5588,24,1,3,5.58,70.0,1,5.1,1,0,2,2,77.6,1
5589,23,2,4,7.6,92.0,0,5.0,2,3,0,0,87.0,1
5590,23,1,1,6.31,63.5,0,9.0,0,1,1,1,77.7,1
5591,17,1,2,6.62,93.0,0,6.0,2,1,2,0,65.7,1
5592,21,0,2,2.39,73.5,1,7.6,2,2,0,2,63.7,1
5593,21,2,3,3.61,64.1,1,6.1,2,4,0,2,37.2,1
5594,22,2,6,1.09,99.4,1,7.2,2,3,0,0,61.1,1
5595,23,1,3,3.01,49.7,1,8.1,2,4,0,2,42.6,1
5596,19,1,5,0.08,60.8,1,4.7,2,0,2,2,23.4,1
5597,21,0,2,6.23,53.2,1,9.4,1,1,0,2,84.1,1
5598,22,0,1,7.62,99.0,1,5.9,1,2,1,1,97.1,1
5599,23,1,4,5.61,49.0,1,5.0,0,0,2,0,49.8,1
5600,23,0,0,6.48,47.2,1,8.7,2,2,0,0,54.1,1
5601,19,1,2,4.11,55.8,1,9.9,1,2,1,1,63.3,1
5602,24,2,1,1.53,76.5,1,6.0,0,0,2,2,36.2,1
5603,17,1,5,5.77,55.9,1,6.5,2,1,0,2,59.8,1
5604,20,0,4,2.39,59.6,1,5.1,1,3,2,0,57.2,1
5605,21,0,5,3.68,72.0,1,4.1,2,0,1,2,58.9,1
5606,17,1,0,7.21,78.2,1,4.8,2,1,2,1,69.4,1
5607,20,0,6,2.98,74.8,1,9.7,0,3,1,1,51.4,1
5608,21,1,6,2.31,76.9,1,9.3,0,4,1,0,55.4,1
5609,21,0,0,0.25,80.3,1,8.8,0,0,1,1,42.4,1
5610,17,0,1,5.61,92.6,1,9.6,0,1,2,2,64.9,1
5611,19,1,6,1.72,80.5,1,7.8,2,1,2,2,40.5,1
5612,18,1,0,5.12,83.3,1,6.4,2,2,2,2,73.6,1
5613,22,1,3,2.93,63.8,1,5.6,2,4,1,0,25.5,1
5614,19,2,6,6.3,96.7,1,8.5,2,1,2,2,91.1,1
5615,21,1,1,7.12,88.5,0,8.1,2,1,2,2,75.5,1
5616,22,2,6,1.89,75.0,1,6.9,1,4,0,1,77.1,1
5617,23,0,1,6.34,66.9,1,7.7,0,2,2,0,73.5,1
5618,18,2,0,1.22,41.1,1,7.9,1,0,0,1,65.1,1
5619,24,2,0,1.13,99.2,1,6.6,2,0,0,2,60.5,1
5620,18,1,3,3.43,48.5,1,5.2,2,1,2,0,27.5,1
5621,17,0,1,2.6,70.5,1,5.3,1,4,2,2,55.4,1
5622,17,2,6,7.9,60.5,1,4.8,1,0,1,2,73.0,1
5623,18,1,4,6.43,59.6,0,4.8,1,4,0,0,60.3,1
5624,23,0,4,7.12,65.2,1,6.4,2,2,0,1,87.0,1
5625,18,0,5,1.09,74.3,1,5.3,2,3,1,1,36.1,1
5626,22,1,4,5.71,40.6,1,4.3,0,3,2,2,49.2,1
5627,20,2,4,4.83,49.2,1,6.1,2,0,0,1,62.9,1
5628,17,1,4,0.79,76.8,1,4.8,2,4,2,2,30.5,1
5629,20,2,5,6.35,84.4,1,8.2,0,0,1,2,79.6,1
5630,17,1,6,6.83,80.5,1,7.0,0,2,0,0,82.6,1
5631,20,0,1,7.31,99.4,1,4.2,2,4,1,2,74.3,1
5632,21,0,3,7.52,42.9,1,5.0,0,4,0,2,68.7,1
5633,21,2,1,0.86,70.9,1,4.1,0,0,1,1,39.2,1
5634,19,2,1,7.06,65.1,0,5.5,2,1,2,2,72.5,1
5635,23,2,6,7.56,51.9,1,5.0,2,1,1,2,75.7,1
5636,21,2,3,5.53,93.4,1,4.6,1,0,1,2,97.0,1
5637,19,2,4,1.47,48.6,1,5.2,2,1,1,2,33.9,1
5638,20,1,5,3.21,70.3,0,8.1,1,3,0,2,71.5,1
5639,17,2,2,0.72,51.5,1,4.1,0,3,0,2,28.6,1
5640,24,0,3,0.08,66.2,1,5.1,2,2,1,2,19.599,1
5641,23,0,1,7.36,87.4,1,7.2,1,3,2,2,90.0,1
5642,19,1,0,7.78,82.0,1,5.9,1,0,0,0,100.0,1
5643,22,2,1,7.35,82.0,1,6.8,1,2,2,2,87.0,1
5644,22,1,4,2.03,52.9,0,9.9,0,0,2,2,40.0,1
5645,21,0,2,4.97,41.4,1,5.6,0,4,2,2,64.6,1
5646,17,1,3,4.0,83.2,1,9.2,2,3,0,0,65.3,1
5647,24,0,0,3.97,46.4,1,4.1,2,2,0,1,61.2,1
5648,24,0,6,3.43,63.4,1,6.2,2,4,2,2,45.7,1
5649,24,0,5,7.53,90.6,1,5.7,1,3,1,2,97.2,1
5650,24,0,0,6.33,64.6,1,7.9,2,3,0,0,77.0,1
5651,24,2,0,6.77,67.9,1,9.9,0,4,2,1,90.1,1
5652,22,2,5,0.28,97.5,1,7.6,2,1,1,2,47.2,1
5653,17,0,4,3.3,94.5,1,7.1,1,4,0,2,71.0,1
5654,20,2,3,4.78,45.5,1,8.3,0,1,0,0,63.0,1
5655,18,2,2,5.27,92.0,1,4.1,2,1,0,0,88.0,1
5656,18,1,2,7.16,69.7,0,8.6,1,1,1,1,80.5,1
5657,23,0,4,1.34,87.9,1,4.6,0,2,0,0,59.1,1
5658,23,2,3,0.72,61.1,0,9.6,0,4,1,0,41.3,1
5659,21,0,5,7.15,97.4,1,9.4,1,1,2,2,100.0,1
5660,22,1,2,4.05,87.8,1,6.2,0,1,2,2,64.4,1
5661,18,0,1,4.31,67.0,1,4.1,1,1,0,2,76.7,1
5662,18,0,5,7.12,61.6,1,5.6,1,3,2,1,79.2,1
5663,23,2,6,6.0,52.7,1,8.9,1,1,0,1,61.7,1
5664,20,0,5,5.85,56.5,1,6.0,1,2,0,1,78.6,1
5665,21,1,2,1.49,66.5,0,6.4,2,1,1,2,38.4,1
5666,20,1,2,4.97,61.3,0,8.0,0,1,1,2,58.1,1
5667,18,1,6,3.6,78.6,1,5.7,2,3,1,0,49.8,1
5668,23,1,3,4.89,78.1,1,7.8,0,0,2,2,79.7,1
5669,23,2,3,4.61,51.6,1,6.7,0,1,1,2,64.8,1
5670,22,1,6,0.21,55.6,1,9.9,2,0,2,0,44.9,1
5671,19,0,1,2.75,42.7,1,9.8,0,0,2,0,72.2,1
5672,22,1,1,3.66,62.9,1,7.1,2,0,1,2,46.4,1
5673,24,0,4,4.0,68.4,1,6.5,1,4,2,2,56.0,1
5674,22,2,6,0.8,46.3,1,4.1,0,2,2,2,38.6,1
5675,20,0,0,7.19,45.1,1,6.0,1,1,1,0,77.5,1
5676,19,1,1,2.67,56.1,1,8.4,1,3,0,1,67.8,1
5677,21,2,2,3.92,69.5,1,8.6,2,0,1,1,58.5,1
5678,19,0,2,5.31,99.0,1,5.0,1,2,2,2,75.9,1
5679,21,1,0,5.75,94.9,1,9.4,2,2,1,2,74.7,1
5680,17,2,3,3.02,63.9,1,5.0,0,3,1,1,21.8,1
5681,18,2,3,1.03,73.4,1,9.2,1,2,2,2,64.7,1
5682,23,0,1,1.66,73.6,1,6.5,2,4,2,2,34.7,1
5683,20,1,4,1.32,60.6,1,5.4,0,0,0,1,42.7,1
5684,20,0,6,1.95,91.4,1,8.3,1,4,2,2,62.5,1
5685,21,0,1,4.83,57.5,1,9.2,2,2,0,2,80.2,1
5686,20,2,4,4.29,65.6,1,9.8,0,3,2,2,70.5,1
5687,23,2,3,1.35,94.4,1,8.6,2,3,1,2,43.2,1
5688,18,1,4,5.45,60.8,0,9.8,0,2,0,0,83.8,1
5689,23,0,2,0.51,70.7,1,6.4,0,4,1,2,37.9,1
5690,18,1,4,7.28,92.2,1,9.4,2,3,2,2,100.0,1
5691,19,0,5,4.53,59.7,0,6.8,0,0,2,2,79.1,1
5692,21,0,4,4.72,97.7,1,4.7,0,1,0,0,72.4,1
5693,24,0,5,2.29,52.2,1,9.8,0,3,1,2,44.1,1
5694,18,0,5,4.09,81.1,1,4.9,2,0,2,0,67.4,1
5695,21,0,6,3.41,43.6,1,4.6,2,3,1,2,19.599,1
5696,17,2,4,7.61,72.2,1,5.9,1,1,0,2,60.4,1
5697,17,0,3,0.61,49.6,1,7.3,2,4,0,2,32.3,1
5698,23,1,5,3.67,77.7,1,5.9,1,1,1,1,68.9,1
5699,22,2,4,6.33,77.0,1,7.6,2,4,1,2,95.2,1
5700,20,0,3,4.36,65.0,1,7.6,2,2,0,0,62.9,1
5701,21,2,4,4.52,95.5,0,8.5,2,4,0,2,69.8,1
5702,20,2,0,7.29,93.5,1,9.8,2,2,1,2,99.2,1
5703,19,1,4,3.01,84.1,1,7.8,0,0,1,0,54.7,1
5704,20,2,3,0.08,83.2,1,5.5,0,1,0,1,62.3,1
5705,19,2,2,7.41,44.1,0,4.2,1,4,2,2,62.1,1
5706,23,1,3,0.26,59.4,1,7.7,0,4,2,2,38.2,1
5707,20,1,6,6.38,52.2,0,6.2,0,0,0,2,80.9,1
5708,19,1,0,1.12,63.3,1,6.2,1,4,0,0,34.0,1
5709,21,2,4,0.17,46.6,1,6.0,1,4,0,2,31.3,1
5710,23,2,0,2.84,59.1,1,6.5,2,1,2,0,34.6,1
5711,19,1,1,6.91,74.3,1,6.9,0,2,1,2,74.0,1
5712,24,0,0,0.3,50.0,0,8.0,1,3,0,2,52.4,1
5713,20,1,6,2.1,46.3,1,8.6,0,3,0,0,28.2,1
5714,22,1,2,2.23,82.4,0,6.8,1,1,1,2,35.1,1
5715,24,1,4,0.76,54.8,1,4.5,2,3,2,2,25.5,1
5716,20,1,5,0.74,68.7,1,6.7,0,2,1,0,26.7,1
5717,18,2,1,7.27,90.3,1,9.4,0,1,2,1,98.8,1
5718,22,2,5,5.56,62.7,1,9.4,2,4,1,1,60.1,1
5719,17,1,4,2.49,45.9,1,9.8,2,4,1,1,45.8,1
5720,20,0,0,1.91,87.1,1,8.8,1,0,0,1,56.2,1
5721,24,1,1,0.34,84.3,1,8.2,0,2,2,1,50.8,1
5722,20,0,6,2.87,76.6,1,7.3,2,3,0,2,81.5,1
5723,22,2,1,2.41,72.3,1,6.0,2,4,2,0,50.6,1
5724,21,2,6,7.34,85.1,1,8.9,2,1,0,1,94.5,1
5725,18,2,4,1.76,61.2,1,5.1,2,3,0,0,49.6,1
5726,19,1,5,3.24,59.8,1,8.4,2,3,1,2,39.8,1
5727,21,1,0,5.46,77.6,1,7.3,1,1,1,1,69.2,1
5728,17,1,2,2.57,50.0,0,7.5,1,0,0,1,50.9,1
5729,20,1,4,6.25,78.0,1,6.3,2,0,2,2,81.2,1
5730,20,0,0,5.81,92.0,1,7.4,0,3,0,0,100.0,1
5731,23,0,3,0.28,70.9,1,8.7,0,0,0,2,60.0,1
5732,17,2,3,6.85,45.0,1,6.9,1,1,0,1,62.6,1
5733,23,1,0,2.91,79.8,1,8.8,1,3,1,2,54.1,1
5734,20,1,5,0.77,92.2,1,4.1,1,2,2,2,60.1,1
5735,22,2,3,5.59,51.8,1,8.8,1,4,2,0,72.7,1
5736,21,2,4,5.98,76.7,1,9.3,2,4,0,2,73.8,1
5737,19,0,4,0.57,51.8,1,9.6,2,3,2,2,24.4,1
5738,24,1,4,2.83,89.2,1,6.8,1,1,1,2,50.0,1
5739,18,0,0,7.16,55.2,1,6.6,0,3,0,2,63.1,1
5740,17,1,5,5.36,77.8,1,6.2,1,1,2,2,90.7,1
5741,23,0,1,4.27,75.4,1,4.5,0,2,1,1,62.3,1
5742,21,2,6,4.03,62.5,1,9.2,1,4,2,1,75.3,1
5743,24,1,5,4.87,94.0,1,5.5,2,2,1,2,68.2,1
5744,20,1,3,5.22,94.1,1,4.9,1,1,1,2,76.7,1
5745,17,2,1,0.55,60.4,1,8.6,1,4,0,1,44.8,1
5746,17,1,6,2.67,60.9,0,4.8,2,2,0,2,44.7,1
5747,20,2,3,4.21,79.3,1,8.6,1,3,1,0,55.4,1
5748,18,2,5,5.84,57.0,0,9.0,2,3,0,0,61.4,1
5749,24,0,2,5.94,58.2,0,5.5,0,4,0,2,51.7,1
5750,17,0,0,4.84,41.2,0,4.6,0,2,0,0,47.7,1
5751,24,0,0,4.69,45.6,1,6.2,2,2,0,2,57.7,1
5752,18,0,5,2.94,79.5,1,4.8,2,0,0,2,57.2,1
5753,17,2,3,6.68,59.2,1,7.5,1,3,1,0,73.3,1
5754,19,2,2,7.33,44.9,1,9.4,2,0,1,1,86.9,1
5755,18,1,4,6.77,95.8,1,7.1,0,1,1,1,89.9,1
5756,20,1,1,6.98,57.7,0,5.4,2,4,0,2,71.5,1
5757,19,0,3,7.27,52.5,1,7.6,2,2,1,1,56.4,1
5758,21,0,6,1.62,71.3,1,4.5,0,1,2,2,32.1,1
5759,21,2,3,4.11,89.8,1,5.8,1,4,1,2,59.1,1
5760,17,1,3,4.28,92.4,1,9.5,2,2,1,0,60.7,1
5761,17,0,2,3.88,58.3,1,9.1,0,2,1,0,37.8,1
5762,18,1,3,6.79,84.5,1,8.6,1,2,0,2,100.0,1
5763,18,0,6,2.6,71.4,1,8.1,0,4,0,2,59.1,1
5764,17,2,6,1.29,75.7,1,8.4,1,3,1,1,54.8,1
5765,19,1,6,2.19,66.4,1,7.8,0,2,2,2,49.4,1
5766,21,1,0,1.15,50.6,1,7.4,1,1,0,2,49.6,1
5767,19,0,2,3.24,89.2,1,4.3,1,0,0,2,75.0,1
5768,19,2,1,0.93,72.6,1,4.6,0,2,2,0,53.0,1
5769,20,0,1,0.7,64.1,1,5.4,0,3,2,1,43.0,1
5770,21,2,2,3.61,80.5,1,7.3,0,3,1,0,55.2,1
5771,19,1,4,4.81,65.5,1,5.3,2,3,0,1,45.5,1
5772,18,2,3,4.86,90.9,1,6.8,2,1,0,2,60.1,1
5773,20,1,5,0.74,48.1,0,7.5,1,0,0,0,46.4,1
5774,17,1,1,7.77,41.8,1,8.5,2,0,2,2,79.9,1
5775,20,0,4,0.97,74.2,1,7.3,0,2,1,0,31.8,1
5776,24,1,2,5.28,55.4,1,8.1,0,0,2,2,70.2,1
5777,20,2,5,7.11,47.1,1,6.7,0,0,2,2,89.1,1
5778,17,2,5,7.08,41.8,1,9.5,2,2,2,1,80.0,1
5779,22,0,1,4.1,86.2,0,8.6,0,2,0,1,73.0,1
5780,18,0,0,2.22,97.6,1,6.7,0,4,2,2,57.4,1
5781,18,2,3,6.62,76.9,1,5.1,0,4,2,1,86.2,1
5782,18,2,4,4.9,86.4,0,8.3,2,4,0,1,85.0,1
5783,24,0,3,6.33,90.3,1,6.7,0,0,1,2,88.7,1
5784,24,2,2,3.2,88.3,1,5.3,1,4,0,0,75.6,1
5785,21,1,0,7.31,59.6,1,7.6,1,3,0,2,95.1,1
5786,21,1,3,7.44,40.6,1,6.3,1,2,2,1,75.8,1
5787,22,1,4,5.9,77.7,1,8.7,0,3,2,2,70.8,1
5788,21,1,4,7.54,96.9,1,5.7,2,4,0,1,95.4,1
5789,21,1,4,3.63,93.3,1,6.8,0,2,0,1,87.2,1
5790,24,0,3,1.56,40.6,0,6.1,0,1,1,2,24.5,-1
5791,22,2,3,5.25,94.3,1,9.1,1,0,2,0,86.2,1
5792,17,0,0,5.23,40.7,1,6.6,1,1,1,2,53.3,1
5793,20,0,1,3.93,71.9,1,5.4,2,3,1,0,30.9,1
5794,24,1,0,2.08,91.2,1,9.2,0,1,2,2,43.2,1
5795,20,1,3,4.99,65.0,1,9.6,1,3,2,2,58.2,1
5796,18,0,2,1.45,81.0,1,6.2,1,2,0,2,58.1,1
5797,23,1,1,6.03,53.9,0,9.3,1,1,0,0,74.4,1
5798,21,2,2,7.25,98.2,1,6.9,2,2,0,0,85.6,1
5799,21,0,0,1.33,42.6,1,8.4,0,0,2,2,43.0,1
5800,20,0,3,6.56,77.9,1,5.6,0,1,2,1,90.5,1
5801,17,1,1,1.59,42.1,1,5.0,2,1,0,0,35.0,1
5802,20,1,2,4.0,42.5,1,7.1,1,0,1,2,59.5,1
5803,20,1,3,7.43,56.2,0,6.4,1,3,1,2,81.2,1
5804,24,2,1,0.66,40.9,1,4.1,1,1,0,2,27.5,1
5805,19,0,6,0.72,52.4,1,4.3,1,0,0,2,47.6,1
5806,18,2,1,7.67,49.2,1,7.8,0,2,1,0,67.4,1
5807,20,0,3,1.27,94.7,1,6.1,2,3,0,1,31.1,1
5808,24,2,5,2.74,42.5,1,4.2,0,1,0,0,40.7,1
5809,20,2,2,3.67,76.7,0,6.6,0,4,2,2,57.8,1
5810,20,1,3,0.08,80.2,0,4.7,2,2,1,0,26.5,1
5811,22,1,3,1.5,89.3,1,4.9,0,4,1,1,54.7,1
5812,22,2,3,6.63,62.0,0,8.6,2,4,1,1,65.8,1
5813,19,1,6,4.15,50.9,0,4.5,1,0,1,1,66.2,1
5814,24,2,4,3.15,47.3,0,6.8,1,1,1,0,35.3,1
5815,21,0,0,5.46,48.6,1,6.0,1,4,2,0,75.2,1
5816,17,2,0,2.6,71.4,1,9.9,1,4,0,1,68.8,1
5817,20,1,4,3.51,75.8,0,4.1,2,4,1,2,60.8,1
5818,24,1,0,7.91,87.3,1,6.7,1,0,0,0,100.0,1
5819,20,0,4,6.19,88.3,1,8.2,2,0,1,2,62.3,1
5820,21,1,0,4.43,90.6,1,9.7,1,4,0,1,70.1,1
5821,21,1,2,4.21,49.6,1,5.9,1,2,2,1,50.6,1
5822,22,0,3,6.75,84.7,1,7.8,1,4,1,0,84.3,1
5823,23,1,1,4.81,44.4,1,5.5,2,1,2,2,59.4,1
5824,18,1,0,2.71,92.8,1,7.8,2,1,2,2,54.9,1
5825,21,2,0,3.34,71.5,0,4.5,0,1,1,0,52.8,1
5826,21,1,2,1.47,78.5,1,5.7,2,2,0,1,39.5,1
5827,18,2,0,7.68,77.2,1,6.7,1,1,2,2,83.3,1
5828,22,2,6,5.22,73.5,1,4.4,0,1,2,2,69.8,1
5829,17,2,0,3.19,71.4,1,5.2,2,0,2,0,66.1,1
5830,20,1,5,2.88,95.3,1,4.6,1,4,2,2,67.8,1
5831,19,1,0,7.26,60.9,1,9.7,0,3,0,2,77.6,1
5832,18,2,2,2.88,86.7,1,7.1,1,3,0,2,60.7,1
5833,23,1,5,6.05,61.7,0,7.5,2,4,0,1,61.5,1
5834,18,0,6,6.68,42.8,1,8.9,2,3,2,2,66.0,1
5835,19,0,1,7.28,62.7,1,6.1,2,3,0,2,91.1,1
5836,23,2,1,2.98,49.1,1,4.6,1,2,1,1,46.1,1
5837,24,2,6,6.12,66.4,1,5.0,0,1,1,2,66.2,1
5838,17,1,2,2.62,44.9,1,8.1,2,2,1,1,49.7,1
5839,19,0,6,7.55,87.1,1,9.7,0,4,1,2,91.9,1
5840,22,0,1,0.09,75.5,1,6.7,1,2,1,2,49.7,1
5841,23,2,6,4.56,42.3,1,5.8,1,0,2,1,66.0,1
5842,24,0,6,4.08,78.7,1,9.3,0,3,0,1,75.0,1
5843,21,1,1,7.02,97.3,1,6.4,2,2,2,2,87.6,1
5844,17,2,1,1.73,43.8,1,4.8,0,2,1,1,19.599,1
5845,23,0,2,0.7,61.4,1,5.5,2,2,1,2,20.0,1
5846,18,1,5,6.77,93.7,1,8.7,2,3,0,0,82.3,1
5847,17,1,0,2.8,42.0,0,9.2,1,3,2,0,44.3,1
5848,22,1,4,2.6,95.1,1,8.7,1,0,2,0,69.9,1
5849,21,2,4,0.84,99.3,1,9.9,0,3,0,0,79.9,1
5850,17,2,3,7.36,63.4,1,4.8,2,4,1,2,67.7,1
5851,18,0,1,5.06,67.9,1,6.9,1,3,0,0,86.5,1
5852,21,1,0,5.54,99.3,1,8.0,0,0,2,0,67.4,1
5853,19,2,3,7.18,43.6,1,9.9,0,0,0,0,100.0,1
5854,22,0,2,6.75,59.1,1,9.7,0,3,1,2,61.8,1
5855,20,0,0,3.61,43.8,1,6.1,1,2,0,2,76.1,1
5856,21,1,4,1.28,84.8,1,9.3,2,0,2,2,50.4,1
5857,20,2,0,5.38,79.1,1,7.1,2,1,1,1,52.3,1
5858,19,1,0,5.21,91.8,1,4.6,0,2,0,2,85.2,1
5859,19,0,5,0.38,51.4,1,4.3,0,4,2,1,19.599,1
5860,22,0,3,7.2,72.7,0,9.9,0,2,0,1,90.4,1
5861,21,0,5,2.68,82.8,1,9.7,2,0,2,2,49.5,1
5862,21,0,2,3.43,56.9,1,7.8,0,1,0,1,82.4,1
5863,21,0,6,4.11,93.4,1,8.2,1,3,0,2,70.4,1
5864,18,0,5,7.3,51.9,1,7.5,1,0,2,1,94.8,1
5865,24,0,5,1.36,47.1,1,8.8,1,0,1,0,51.7,1
5866,21,0,4,2.95,56.9,1,5.7,0,1,2,2,54.1,1
5867,22,2,3,4.01,87.9,1,5.5,2,4,0,2,57.7,1
5868,24,2,3,7.91,82.9,1,7.0,0,0,1,2,96.8,1
5869,24,1,4,3.52,93.5,1,5.2,1,4,0,0,91.3,1
5870,22,2,3,3.19,77.0,1,7.1,0,4,1,1,52.1,1
5871,23,1,5,7.48,95.1,1,9.7,1,3,1,2,88.9,1
5872,20,1,0,5.29,72.6,1,5.8,1,3,1,0,59.0,1
5873,22,0,5,1.31,95.1,1,7.6,0,0,0,1,68.8,1
5874,19,1,0,1.41,92.2,1,9.4,2,2,0,1,54.8,1
5875,22,0,3,5.16,68.4,1,7.4,2,1,1,0,53.7,1
5876,17,1,2,3.74,40.6,1,4.6,1,1,0,2,54.6,1
5877,24,0,6,0.08,99.1,1,7.7,1,4,0,2,47.7,1
5878,18,2,4,3.59,69.8,1,7.6,1,4,2,0,62.1,1
5879,22,2,1,7.52,84.5,1,5.9,2,1,0,2,75.6,1
5880,17,0,2,5.98,67.1,1,7.7,2,4,1,1,72.7,1
5881,18,1,5,4.47,61.7,1,8.6,2,2,0,0,52.1,1
5882,24,2,2,1.56,61.5,1,8.9,2,0,1,2,39.0,1
5883,23,1,3,2.69,61.3,1,8.7,1,3,1,1,70.4,1
5884,18,0,2,7.91,74.8,1,7.0,1,3,2,2,84.2,1
5885,18,1,4,5.27,88.5,1,8.6,0,2,0,2,78.7,1
5886,23,0,1,2.21,74.1,1,4.3,2,4,0,0,42.1,1
5887,24,1,0,5.9,71.6,1,8.4,0,0,1,0,86.9,1
5888,18,2,3,0.73,58.4,1,5.5,2,0,0,1,26.0,1
5889,22,1,0,2.96,67.8,1,4.5,2,1,2,1,49.1,1
5890,19,0,4,1.83,50.8,1,6.9,1,3,1,0,25.7,1
5891,22,0,3,7.17,84.7,1,5.1,2,0,1,2,97.6,1
5892,20,0,0,5.88,87.0,1,9.9,0,3,1,2,72.6,1
5893,18,0,0,3.98,54.3,1,5.1,0,1,1,1,19.7,1
5894,19,1,0,3.26,74.0,1,9.6,0,3,2,1,76.8,1
5895,21,2,0,6.87,57.1,0,9.0,1,1,1,1,87.6,1
5896,23,0,4,1.56,98.6,1,9.1,2,2,0,1,54.1,1
5897,17,1,5,0.6,57.9,1,6.6,0,4,0,2,26.6,1
5898,24,1,4,6.81,91.8,1,5.6,1,2,1,1,76.1,1
5899,22,0,2,6.85,82.0,1,6.9,1,3,2,2,76.1,1
5900,24,2,5,1.94,97.9,0,9.7,1,1,1,2,68.0,-1
5901,24,2,5,1.56,83.2,0,5.8,0,3,2,0,55.7,1
5902,18,0,5,5.77,76.6,1,4.8,2,1,2,0,42.6,1
5903,17,0,2,1.15,67.6,1,8.6,1,1,2,0,47.7,1
5904,23,1,5,4.98,68.3,1,6.9,1,4,0,2,75.5,1
5905,18,0,3,5.61,40.6,1,5.5,1,4,0,0,52.7,1
5906,18,1,5,4.98,99.4,1,4.3,0,2,1,2,80.8,1
5907,20,2,5,3.42,74.1,1,8.8,2,2,2,2,38.3,1
5908,24,0,6,6.53,75.2,1,5.5,1,3,2,2,73.4,1
5909,23,1,2,7.44,50.8,1,4.1,2,4,1,2,67.4,1
5910,21,2,3,5.65,65.9,0,9.9,0,2,1,2,70.6,1
5911,18,2,5,3.35,53.1,1,9.1,0,3,0,0,46.6,1
5912,19,1,4,7.91,53.1,1,7.7,0,4,0,0,85.3,1
5913,22,1,5,3.6,72.9,1,7.5,0,4,1,0,42.2,1
5914,18,1,5,0.93,54.5,1,5.3,2,0,2,1,46.3,1
5915,21,0,2,1.46,80.0,0,6.5,0,0,1,1,39.4,1
5916,17,0,1,2.78,62.6,1,7.7,2,2,2,2,61.7,1
5917,19,2,4,1.37,62.6,1,5.8,2,3,0,0,48.7,1
5918,18,2,0,6.23,82.1,1,8.1,2,0,2,2,100.0,1
5919,22,2,0,0.11,80.2,1,7.8,1,4,1,2,36.0,1
5920,24,2,6,3.25,64.2,1,9.4,0,3,1,2,55.2,1
5921,18,1,2,7.03,95.8,1,4.5,0,0,0,2,83.5,1
5922,23,1,3,0.94,59.7,1,4.2,0,2,0,2,56.0,1
5923,22,2,0,4.61,83.1,1,4.1,2,2,2,2,60.5,1
5924,24,0,2,7.47,87.6,1,9.9,0,1,2,0,100.0,1
5925,24,1,0,0.57,53.1,1,7.6,1,3,0,0,54.3,1
5926,17,2,0,2.8,68.5,1,8.5,0,1,1,0,49.6,1
5927,22,1,3,0.3,41.3,1,7.9,1,1,0,0,39.1,1
5928,21,2,1,5.46,59.8,0,5.4,0,2,1,0,61.9,1
5929,17,2,5,3.34,56.2,0,8.0,0,3,1,0,48.4,1
5930,19,0,0,7.58,86.3,0,8.0,0,3,0,0,92.7,1
5931,24,0,4,5.53,53.2,1,9.5,2,3,1,2,47.2,1
5932,21,2,3,4.82,41.5,0,6.1,2,1,0,1,55.4,1
5933,19,2,3,7.28,41.4,1,7.8,0,3,2,1,74.5,1
5934,19,0,3,1.04,85.8,1,6.4,1,4,1,0,31.6,1
5935,23,1,0,6.27,48.6,1,5.0,1,3,0,1,87.2,1
5936,19,1,3,5.84,78.6,1,8.6,0,3,0,2,58.7,1
5937,18,0,3,5.39,52.1,1,6.8,1,0,0,2,83.4,1
5938,21,1,2,5.1,53.3,1,6.4,2,3,0,2,52.5,1
5939,24,2,5,0.99,88.4,0,6.8,0,0,2,0,46.6,1
5940,18,0,3,6.51,80.9,0,9.5,2,4,2,0,73.2,1
5941,19,2,0,5.08,79.3,1,7.6,1,0,1,0,73.5,1
5942,20,1,2,6.17,95.7,1,5.3,1,0,1,0,100.0,1
5943,18,1,0,7.01,92.2,1,6.6,0,0,2,2,73.8,1
5944,22,0,0,4.34,90.8,0,4.6,2,1,1,2,47.6,1
5945,19,1,5,7.66,48.2,1,5.9,2,4,0,2,71.0,1
5946,18,2,4,0.87,50.0,1,6.1,0,3,2,2,21.1,1
5947,19,0,0,0.08,98.9,1,4.9,2,1,2,1,37.2,1
5948,24,2,2,2.64,74.6,1,9.2,0,2,2,0,65.4,1
5949,24,2,1,1.73,73.0,1,7.7,0,4,2,2,35.9,1
5950,21,1,6,4.43,70.3,1,4.1,0,1,2,0,47.9,1
5951,20,2,2,2.24,84.1,1,4.6,1,2,1,2,41.1,1
5952,23,1,4,5.51,75.7,1,9.9,2,4,0,0,60.9,1
5953,18,2,3,7.56,49.0,1,4.6,2,1,2,2,73.1,1
5954,22,2,1,6.15,46.1,0,8.1,1,4,2,0,67.5,1
5955,22,2,6,3.36,58.2,1,8.5,1,3,2,2,50.4,1
5956,22,0,0,7.88,92.2,1,9.3,2,2,1,2,73.8,1
5957,18,1,4,6.17,64.1,1,9.2,1,1,2,0,73.3,1
5958,22,1,2,6.49,92.3,1,8.0,1,3,0,0,87.8,1
5959,21,1,6,1.64,74.4,0,8.0,1,0,0,2,46.7,1
5960,24,2,2,5.5,95.8,1,6.9,1,0,2,0,93.8,1
5961,18,0,0,0.57,93.1,1,4.4,2,1,2,0,29.5,1
5962,21,1,6,1.88,62.6,0,7.6,0,0,1,1,41.3,1
5963,23,1,4,0.13,73.1,1,6.3,1,3,1,2,35.4,1
5964,19,1,4,5.64,82.6,1,7.0,1,0,2,2,92.5,1
5965,22,1,0,0.17,42.7,1,7.9,1,0,0,1,28.8,1
5966,17,2,5,3.59,49.6,1,7.7,2,2,2,2,41.3,1
5967,22,2,6,5.19,83.8,0,8.6,2,0,0,0,74.0,1
5968,21,0,4,2.44,94.9,0,8.1,1,3,2,2,49.4,1
5969,18,2,1,2.94,58.2,1,9.1,2,2,1,0,55.7,1
5970,17,0,6,6.95,63.6,1,9.9,1,3,1,1,86.3,1
5971,22,1,2,7.21,92.5,1,6.3,0,3,2,1,80.8,1
5972,18,2,6,6.87,56.0,0,7.0,2,4,0,2,66.0,1
5973,20,1,2,6.0,95.6,1,4.1,1,0,1,1,100.0,1
5974,17,2,2,2.22,48.5,1,5.5,1,2,2,1,37.7,1
5975,24,2,2,0.6,55.1,1,7.1,1,4,1,2,22.5,1
5976,21,1,1,3.91,42.1,1,6.2,2,0,0,2,60.8,1
5977,24,1,5,7.4,45.6,1,6.6,1,4,1,0,60.0,1
5978,18,0,0,1.79,55.3,0,7.1,2,4,2,1,36.3,1
5979,18,2,2,1.68,79.3,0,9.0,0,3,1,2,39.5,1
5980,21,1,0,6.24,52.1,1,4.3,1,3,0,2,65.9,1
5981,21,2,6,4.74,96.4,1,7.8,0,3,0,1,76.5,1
5982,23,0,3,3.23,60.9,1,7.5,0,3,2,2,35.7,1
5983,24,2,5,6.9,71.1,1,6.1,1,4,0,0,98.0,1
5984,23,0,1,4.66,79.9,1,8.5,0,3,0,2,75.9,1
5985,18,0,3,7.36,48.2,0,9.9,2,1,1,2,62.3,1
5986,19,0,5,2.95,81.3,1,8.0,0,1,2,0,47.5,1
5987,24,1,4,3.55,47.2,1,8.0,2,0,2,2,34.1,1
5988,21,1,2,0.59,89.6,1,5.4,1,0,2,1,66.2,1
5989,23,1,4,2.94,69.3,1,9.2,1,4,2,2,59.7,1
5990,21,2,5,1.44,45.4,1,4.7,1,3,0,2,19.599,1
5991,17,0,2,0.26,82.5,1,8.7,1,3,0,0,57.0,1
5992,20,0,0,2.05,44.6,1,9.4,2,4,1,0,34.4,1
5993,23,2,4,3.93,98.5,0,8.3,1,3,0,2,98.4,-1
5994,22,2,2,1.98,67.2,1,5.9,2,1,2,2,65.6,1
5995,18,1,4,0.87,63.0,1,7.2,0,0,2,0,51.0,1
5996,18,0,5,3.61,58.9,0,9.2,2,2,0,2,75.9,1
5997,23,0,3,1.18,67.0,1,4.4,1,2,1,0,48.1,1
5998,24,2,3,0.69,86.9,1,5.5,0,4,2,1,43.9,1
5999,23,2,2,7.68,71.2,1,5.3,2,1,0,1,70.4,1
6000,17,0,5,3.81,78.6,1,7.8,1,1,0,2,79.8,1
6001,21,1,6,6.42,43.4,1,4.6,2,1,1,2,54.6,1
6002,23,0,6,1.37,91.1,1,5.6,0,4,2,2,47.2,1
6003,22,1,3,3.69,71.7,1,9.1,1,0,0,1,85.4,1
6004,21,2,2,0.72,71.4,0,7.7,0,1,0,0,43.5,1
6005,20,2,0,3.29,55.1,0,7.2,1,0,2,2,50.1,1
6006,18,2,1,6.61,44.6,1,4.6,0,0,1,2,57.9,1
6007,19,1,2,7.14,60.2,0,5.0,2,1,2,0,65.4,1
6008,22,0,2,4.15,89.1,1,4.7,0,2,2,1,66.4,1
6009,17,2,4,2.29,72.8,1,5.2,0,4,1,1,46.9,1
6010,17,0,2,5.87,55.8,1,5.4,0,3,1,1,57.5,1
6011,20,2,2,5.11,75.6,1,6.6,1,1,0,1,84.2,1
6012,23,0,6,3.76,61.1,1,6.0,1,0,2,1,73.0,1
6013,22,0,4,3.8,53.4,1,4.2,0,0,0,2,70.4,1
6014,21,0,5,3.95,84.4,1,8.9,1,3,2,2,50.1,1
6015,21,1,1,2.71,50.0,1,9.0,1,2,0,0,64.9,1
6016,17,0,0,4.15,75.1,1,6.2,0,0,2,2,85.0,1
6017,19,1,4,0.46,84.0,1,9.4,0,4,0,1,53.3,1
6018,17,2,4,4.56,43.7,1,9.8,0,4,1,0,47.9,1
6019,23,0,0,3.97,81.7,1,6.3,2,0,2,2,75.2,1
6020,23,0,6,3.36,40.7,1,8.0,1,0,2,2,76.1,1
6021,19,2,4,2.59,88.7,1,9.2,0,3,0,0,73.4,1
6022,19,0,1,4.97,56.7,1,8.7,1,3,2,2,45.9,1
6023,19,2,2,3.88,49.2,1,5.4,2,3,1,1,47.7,1
6024,24,0,2,0.81,47.8,1,7.3,1,3,1,1,37.3,1
6025,20,2,5,3.0,66.1,1,6.6,0,3,2,0,45.3,1
6026,23,2,5,0.61,57.3,0,5.7,2,4,2,2,41.6,1
6027,20,1,3,3.03,68.1,1,7.8,1,1,1,1,42.7,1
6028,22,1,5,4.26,90.7,1,4.1,1,3,0,0,79.0,1
6029,21,2,6,3.13,46.3,1,5.0,0,4,2,0,48.3,1
6030,19,1,1,2.73,55.6,1,4.6,0,4,2,2,39.5,1
6031,24,2,6,2.25,46.8,1,9.9,2,4,2,2,43.7,1
6032,22,1,3,3.05,78.2,0,4.9,2,4,0,2,71.4,1
6033,23,2,3,0.55,77.4,1,9.0,0,4,1,2,39.7,1
6034,24,2,1,7.91,90.9,1,9.2,1,4,0,2,100.0,1
6035,18,0,4,4.44,83.8,1,7.0,1,0,2,0,79.5,1
6036,17,0,4,5.09,82.0,1,4.3,2,0,0,0,64.0,1
6037,21,0,2,1.47,49.6,1,8.6,0,3,1,0,37.0,1
6038,19,0,4,7.39,89.2,1,7.6,0,4,1,2,71.1,1
6039,20,0,2,4.57,40.6,1,7.9,2,2,0,0,54.6,1
6040,18,1,1,3.31,82.9,1,7.4,1,4,1,2,66.7,1
6041,20,1,4,5.71,88.9,0,6.0,1,4,0,2,83.8,1
6042,20,2,5,2.43,53.6,1,9.9,1,0,0,2,52.9,1
6043,19,2,2,7.48,58.7,1,8.2,1,0,2,0,90.8,1
6044,22,0,3,1.35,54.5,1,8.3,1,2,2,1,56.5,1
6045,21,2,1,6.66,89.2,1,7.3,2,2,2,1,75.2,1
6046,20,0,4,7.73,65.3,1,4.4,2,2,0,1,85.2,1
6047,17,0,5,3.93,61.8,1,7.5,1,3,1,2,51.3,1
6048,21,1,4,7.01,70.1,1,6.9,1,0,2,2,100.0,1
6049,18,0,5,0.57,83.8,1,6.5,0,4,2,2,41.8,1
6050,19,1,3,4.96,79.6,1,6.8,2,4,2,2,72.2,1
6051,20,2,4,2.85,82.5,1,9.1,1,3,1,2,67.3,1
6052,18,1,0,2.91,96.8,1,9.2,1,0,0,2,100.0,1
6053,20,0,6,3.6,55.3,1,9.2,1,2,0,2,79.6,1
6054,19,0,1,4.77,52.4,1,7.4,0,4,1,1,57.0,1
6055,23,1,6,4.93,79.0,1,8.5,0,3,2,1,68.8,1
6056,23,0,5,2.23,48.8,0,5.6,1,4,0,1,36.9,1
6057,17,1,6,3.07,78.6,1,4.9,2,4,1,1,31.8,1
6058,21,1,4,2.0,97.4,1,7.8,0,4,0,2,53.8,1
6059,22,2,0,5.06,67.5,1,9.4,1,1,0,2,65.4,1
6060,20,0,1,0.82,52.9,1,8.1,2,0,0,2,38.4,1
6061,20,0,1,3.39,99.4,1,9.6,1,3,0,2,72.6,1
6062,23,1,6,7.83,63.0,1,6.6,2,1,0,0,87.5,1
6063,20,1,2,7.91,46.8,1,6.5,2,2,1,2,77.9,1
6064,17,0,5,4.14,65.0,1,9.3,0,0,2,0,59.0,1
6065,19,2,4,1.98,45.3,0,7.4,1,2,1,2,27.4,1
6066,19,1,2,4.67,45.0,1,5.4,1,0,1,0,56.6,1
6067,20,2,6,3.91,42.9,1,4.2,0,3,1,2,44.7,1
6068,18,1,1,0.34,67.3,1,5.6,2,2,0,0,19.599,1
6069,18,0,1,7.91,67.5,1,4.1,1,0,1,0,100.0,1
6070,24,1,3,2.62,84.0,1,9.9,0,4,0,0,67.6,1
6071,18,2,2,3.19,72.6,1,4.9,2,4,1,2,40.5,1
6072,22,2,2,4.11,91.6,0,5.0,0,1,2,2,54.1,1
6073,22,2,4,7.04,92.4,1,8.3,2,1,1,1,88.2,1
6074,21,2,6,6.39,50.3,1,9.7,2,2,2,0,64.8,1
6075,24,2,2,1.64,42.5,0,5.0,0,3,2,1,19.599,-1
6076,17,0,4,5.73,82.4,1,5.3,2,1,2,0,63.3,1
6077,19,2,4,7.0,40.6,1,6.1,1,0,2,0,84.7,1
6078,18,1,2,5.71,63.6,1,7.0,1,0,1,0,80.9,1
6079,21,0,1,1.11,43.2,1,4.5,0,4,0,2,44.5,1
6080,22,2,3,4.31,67.5,1,4.3,1,2,2,2,60.4,1
6081,24,0,4,6.71,67.0,0,4.1,1,0,2,0,78.6,1
6082,20,2,1,1.56,90.7,1,9.9,1,3,0,0,64.0,1
6083,18,0,3,4.31,78.7,1,7.9,0,3,2,1,59.9,1
6084,24,0,3,5.36,64.2,1,9.4,1,3,0,1,82.3,1
6085,22,1,4,5.08,70.6,1,8.6,0,2,2,0,65.1,1
6086,23,1,1,0.85,72.9,1,9.4,0,1,1,0,33.9,1
6087,20,2,4,2.22,53.6,1,6.4,0,1,0,1,48.0,1
6088,20,2,5,4.42,86.5,0,8.8,2,3,0,0,73.1,1
6089,20,0,4,1.67,68.0,1,9.8,1,1,0,0,49.0,1
6090,22,2,5,2.67,78.3,1,7.1,0,3,1,2,49.6,1
6091,18,1,1,3.32,41.9,0,8.9,2,2,0,2,63.1,1
6092,24,2,6,0.11,46.7,1,9.8,1,0,2,1,70.2,1
6093,18,0,0,4.08,75.4,1,8.4,0,0,2,2,84.0,1
6094,20,0,1,7.91,84.7,0,4.1,2,2,0,2,85.3,-1
6095,19,1,3,3.27,59.2,1,8.8,0,2,0,0,59.6,1
6096,22,0,0,2.19,96.7,1,4.6,2,0,0,2,70.4,1
6097,22,2,3,2.02,91.0,1,9.7,1,3,0,2,72.4,1
6098,24,2,5,4.12,71.5,0,9.3,0,3,2,2,64.3,1
6099,23,0,3,3.65,78.4,1,5.9,1,3,0,0,51.8,1
6100,18,1,0,6.9,75.6,1,7.8,1,4,1,0,83.9,1
6101,18,1,5,5.11,58.3,1,9.8,0,3,0,2,72.7,1
6102,24,1,0,3.19,43.8,1,6.0,1,4,1,2,40.1,1
6103,20,1,6,3.09,88.3,1,8.5,2,2,0,0,73.2,1
6104,17,2,6,4.38,67.6,1,6.0,2,2,1,0,62.7,1
6105,23,1,3,2.03,90.5,1,7.1,2,0,1,1,43.9,1
6106,22,1,5,3.38,62.5,0,9.6,2,4,2,0,56.7,1
6107,17,1,4,2.28,40.9,1,6.8,2,4,2,2,45.7,1
6108,23,0,6,4.12,47.6,1,4.1,0,4,2,0,52.3,1
6109,21,0,3,4.37,49.4,1,7.0,0,4,2,0,61.0,1
6110,21,1,0,6.77,83.9,1,5.9,1,2,1,2,78.1,1
6111,23,0,1,2.01,41.9,1,9.1,2,4,0,1,35.6,1
6112,20,1,4,7.24,89.2,1,8.8,0,4,1,0,86.8,1
6113,20,2,4,4.28,81.4,1,8.6,1,0,1,2,80.7,1
6114,21,1,3,5.81,59.4,1,8.2,2,0,0,2,65.8,1
6115,18,1,0,4.89,71.3,1,9.9,1,2,1,0,77.9,1
6116,18,0,3,6.63,95.9,0,5.7,2,0,0,0,93.0,1
6117,23,2,3,5.31,44.2,1,4.5,2,1,2,1,40.7,1
6118,18,0,2,0.09,61.8,1,8.2,0,0,1,1,46.1,1
6119,21,1,4,3.12,63.5,1,7.8,0,0,0,0,59.0,1
6120,19,0,5,7.51,97.8,1,6.2,0,3,2,2,91.5,1
6121,18,1,0,3.61,98.5,1,4.1,0,1,0,2,60.5,1
6122,21,1,0,6.63,90.5,1,6.2,2,4,0,1,76.5,1
6123,23,2,2,6.95,62.9,1,5.0,2,4,0,2,67.5,1
6124,20,2,4,2.66,93.4,1,4.9,0,2,0,2,65.4,1
6125,18,1,0,6.86,69.0,0,9.3,2,2,2,0,61.3,1
6126,18,0,5,3.02,78.6,1,7.0,2,3,1,2,53.1,1
6127,18,0,6,0.2,95.7,1,7.1,1,4,1,1,56.0,1
6128,24,2,5,5.56,54.9,1,4.9,1,3,0,2,54.9,1
6129,19,2,1,6.56,91.6,1,9.6,1,3,2,0,100.0,1
6130,19,0,1,3.61,64.0,1,6.2,2,3,2,2,65.8,1
6131,17,1,3,1.39,92.3,1,7.5,0,0,0,0,40.5,1
6132,20,1,4,4.92,72.9,1,4.5,2,0,0,2,55.4,1
6133,24,1,2,5.91,54.8,1,7.2,0,4,1,2,77.7,1
6134,20,2,3,5.24,85.9,0,4.5,2,4,1,0,53.3,1
6135,22,2,2,2.85,46.9,1,6.7,1,2,1,2,38.4,1
6136,18,2,1,2.95,48.6,0,9.2,2,0,2,2,59.1,1
6137,18,1,0,4.39,48.9,1,4.3,0,4,1,2,35.8,1
6138,22,1,2,1.55,90.4,1,6.4,1,3,2,2,58.5,1
6139,17,1,1,6.77,92.3,1,5.5,1,1,0,2,100.0,1
6140,20,0,4,0.82,74.4,1,5.2,1,0,2,1,36.9,1
6141,19,1,6,3.89,56.8,1,6.4,0,1,1,0,52.3,1
6142,17,0,5,6.88,63.7,1,9.5,0,4,0,1,70.1,1
6143,21,2,0,4.24,51.0,1,6.8,0,4,2,2,64.5,1
6144,24,1,6,6.09,40.6,1,7.7,1,2,0,2,76.9,1
6145,17,2,3,1.92,90.4,1,9.0,2,1,0,2,62.9,1
6146,23,0,0,3.56,51.7,1,4.7,2,4,1,0,34.1,1
6147,21,2,5,5.7,44.7,1,6.1,2,0,1,2,72.6,1
6148,22,1,0,7.11,47.9,1,4.2,1,1,0,1,64.0,1
6149,17,1,5,5.14,95.6,1,4.6,2,0,1,0,81.0,1
6150,23,1,1,1.94,61.8,1,5.6,0,2,1,2,58.7,1
6151,17,2,0,1.17,78.9,1,7.7,1,4,1,0,60.2,1
6152,24,2,6,6.73,41.9,1,6.6,2,4,2,0,73.8,1
6153,22,1,1,4.43,71.7,1,5.2,2,0,2,2,58.9,1
6154,19,0,5,1.47,84.8,1,4.3,1,3,1,2,50.7,1
6155,17,2,3,3.89,43.9,0,6.9,2,3,1,1,61.8,1
6156,21,2,6,1.01,57.9,1,4.2,2,0,0,2,54.6,1
6157,17,2,0,0.84,59.3,1,5.1,1,4,0,2,52.7,1
6158,21,2,3,7.36,93.2,1,4.4,0,4,0,2,91.9,1
6159,23,2,0,4.36,79.9,1,7.4,1,0,0,1,69.5,1
6160,19,2,1,1.99,91.9,1,4.9,0,0,0,2,44.5,1
6161,18,2,5,7.05,62.5,0,6.2,1,1,2,2,90.3,1
6162,18,0,4,7.91,75.5,0,5.3,1,0,2,2,93.1,1
6163,18,0,3,7.07,71.1,0,9.4,0,0,1,2,96.4,1
6164,17,0,0,5.98,56.6,1,7.8,2,2,0,0,68.7,1
6165,18,2,5,7.7,65.3,1,6.5,0,1,1,1,74.1,1
6166,22,1,0,1.58,54.7,1,8.9,2,4,0,2,30.5,1
6167,19,2,1,7.02,41.0,1,8.9,2,2,0,2,59.6,1
6168,23,0,2,2.87,98.1,1,8.3,1,1,0,1,99.5,1
6169,23,1,6,0.26,97.5,1,7.1,2,1,0,0,44.8,1
6170,23,0,2,0.26,89.5,1,7.1,0,3,1,2,42.6,1
6171,21,1,5,1.5,50.5,1,8.9,1,1,0,0,65.8,1
6172,19,2,0,6.24,41.2,1,4.9,0,3,2,0,74.1,1
6173,24,0,2,7.17,51.8,1,7.4,0,4,1,0,63.9,1
6174,18,0,6,1.02,92.3,1,9.5,0,0,1,2,56.9,1
6175,20,1,5,6.76,49.2,1,9.0,1,0,2,2,82.0,1
6176,20,1,5,6.04,54.0,0,6.6,2,2,1,1,58.8,1
6177,22,2,3,0.42,81.5,1,8.6,1,3,2,0,52.2,1
6178,21,2,5,5.85,68.6,1,4.9,0,2,1,0,70.0,1
6179,23,1,2,0.31,79.2,0,9.5,1,0,2,1,68.8,1
6180,24,2,1,2.1,73.8,1,7.1,2,1,2,2,39.8,1
6181,20,0,3,4.25,74.3,1,8.8,1,1,0,2,68.7,1
6182,23,0,5,7.27,92.4,1,7.2,1,1,2,1,87.0,1
6183,18,0,4,0.84,53.1,1,7.7,2,3,2,2,42.0,1
6184,24,2,0,2.79,48.4,1,6.3,1,1,0,2,54.9,1
6185,18,2,4,4.62,64.3,0,5.0,0,1,2,2,76.1,1
6186,23,0,2,5.92,72.1,0,7.1,2,2,2,2,73.9,1
6187,20,0,3,7.32,69.4,0,9.9,1,4,0,2,100.0,-1
6188,24,2,0,3.75,72.4,1,4.2,0,4,1,1,61.2,1
6189,18,0,3,6.73,69.2,1,6.1,2,2,1,0,68.5,1
6190,20,0,2,4.94,71.1,1,4.6,2,0,2,0,68.1,1
6191,24,0,6,1.63,95.9,1,8.1,2,2,2,2,49.1,1
6192,17,0,5,4.64,43.0,1,6.0,1,4,2,0,50.5,1
6193,19,1,6,2.51,96.5,1,9.9,0,1,1,2,60.4,1
6194,17,1,5,5.63,75.2,1,5.0,0,4,1,0,68.3,1
6195,19,0,4,2.28,42.9,1,6.8,0,3,2,2,36.2,1
6196,20,1,0,2.1,43.2,1,9.9,2,0,1,2,43.1,1
6197,21,0,2,7.56,74.3,1,5.2,2,4,0,0,69.2,1
6198,19,2,4,7.27,81.3,1,4.7,0,3,2,0,88.4,1
6199,18,1,6,3.61,71.2,0,7.9,0,4,0,2,53.3,1
6200,18,0,0,6.12,66.9,1,4.5,2,2,1,0,75.6,1
6201,24,2,6,7.86,56.6,1,6.4,0,0,1,2,76.0,1
6202,24,1,1,0.71,76.4,1,5.7,0,0,0,1,59.1,1
6203,18,2,1,4.85,93.9,0,6.9,0,0,0,2,84.9,1
6204,18,1,4,2.03,65.3,1,4.6,1,3,1,0,40.2,1
6205,17,2,3,6.4,81.7,1,9.3,0,2,0,0,87.8,1
6206,24,0,5,0.81,41.0,1,4.5,1,2,2,2,42.1,1
6207,22,1,0,6.31,67.0,1,9.5,1,3,1,1,68.2,1
6208,23,2,5,1.6,85.7,1,8.8,1,4,2,0,53.5,1
6209,19,1,0,3.65,90.5,1,9.1,2,2,2,0,89.4,1
6210,22,0,1,6.51,72.2,0,8.3,1,3,1,2,99.2,1
6211,17,0,3,0.54,74.0,1,9.9,1,3,0,0,59.6,1
6212,22,2,3,7.43,48.3,0,8.8,0,4,0,2,77.5,1
6213,21,0,3,1.74,57.7,1,6.5,2,2,2,2,49.8,1
6214,19,2,2,4.01,80.0,1,8.9,2,4,2,2,53.9,1
6215,22,0,0,5.88,86.0,0,9.7,0,2,0,0,100.0,1
6216,22,0,2,0.99,44.9,1,9.2,2,4,0,2,53.9,1
6217,20,0,5,4.87,97.7,1,7.8,1,4,0,1,94.3,1
6218,18,2,2,4.12,97.2,1,9.5,1,0,1,0,83.9,1
6219,17,0,6,4.69,51.3,1,7.3,0,3,2,2,48.9,1
6220,24,1,2,5.3,42.7,0,5.3,1,2,2,2,53.1,1
6221,19,2,4,3.37,60.5,1,5.1,2,4,2,2,52.2,1
6222,19,0,0,2.39,97.5,1,8.2,0,4,2,2,64.4,1
6223,22,0,2,1.47,66.6,1,6.1,1,0,1,1,62.4,1
6224,19,1,0,7.51,58.8,1,4.6,0,3,0,2,82.9,1
6225,20,2,2,3.21,93.7,1,4.4,0,0,1,0,85.0,1
6226,22,1,4,2.26,48.1,1,4.8,2,2,1,2,40.4,1
6227,21,2,6,0.42,96.5,1,8.6,2,2,0,0,44.7,1
6228,22,1,0,6.01,88.5,1,4.3,2,1,0,2,69.3,1
6229,17,0,3,4.22,63.0,1,8.6,0,4,1,2,71.8,1
6230,20,1,2,1.53,87.2,1,4.1,1,4,2,0,53.3,1
6231,20,0,3,7.15,85.4,1,4.5,2,0,1,0,83.8,1
6232,22,2,6,7.47,74.8,1,9.2,0,0,1,0,78.0,1
6233,18,0,3,7.05,86.9,1,9.0,0,3,0,1,85.3,1
6234,18,0,6,4.49,70.0,1,7.5,1,4,0,0,92.2,1
6235,23,1,5,2.99,90.5,1,5.4,2,2,0,1,69.3,1
6236,22,2,2,1.3,87.6,1,4.3,2,0,1,1,54.4,1
6237,23,0,2,3.02,94.4,1,6.3,1,1,2,1,60.9,1
6238,19,0,0,4.9,87.9,1,8.7,1,2,0,2,78.1,1
6239,24,2,6,1.81,95.3,1,7.3,0,2,2,0,58.2,1
6240,19,0,1,3.71,50.7,1,8.9,1,2,2,2,67.3,1
6241,22,2,2,4.58,56.6,1,8.1,0,2,1,1,53.6,1
6242,18,1,6,5.85,67.1,1,9.4,2,3,2,1,67.3,1
6243,24,0,1,0.73,54.6,0,8.6,1,1,0,2,49.5,1
6244,19,0,0,6.94,93.8,1,5.1,2,1,1,2,58.0,1
6245,23,1,5,3.65,50.8,1,5.3,2,0,2,1,59.2,1
6246,19,0,2,4.66,67.5,1,5.8,0,0,2,2,59.8,1
6247,23,2,1,7.52,71.3,1,5.6,2,0,2,2,94.1,1
6248,20,2,5,1.34,92.4,1,4.8,0,1,2,0,43.4,1
6249,17,2,2,7.08,55.5,1,8.8,2,1,2,2,58.4,1
6250,18,2,4,6.44,98.2,1,5.8,0,4,2,1,68.0,1
6251,22,2,3,7.91,57.5,1,7.0,1,2,2,1,73.0,1
6252,18,1,1,3.14,49.8,1,9.7,2,3,0,0,38.8,1
6253,19,2,4,1.01,55.2,1,5.8,2,3,1,2,20.7,1
6254,21,0,0,0.11,92.9,1,7.6,1,1,1,0,57.0,1
6255,19,2,6,6.34,49.1,1,7.1,1,4,1,1,41.3,1
6256,18,0,0,1.09,41.9,1,9.4,0,1,1,2,23.1,1
6257,21,1,5,2.45,57.5,1,9.7,0,2,2,1,75.8,1
6258,22,0,1,7.9,72.7,0,9.9,1,3,2,0,88.8,1
6259,22,2,5,3.54,61.4,1,5.4,2,3,2,2,52.1,1
6260,24,1,0,1.85,49.6,1,9.6,0,3,2,1,49.0,1
6261,17,0,3,6.03,61.9,1,9.1,2,2,2,0,64.4,1
6262,20,0,5,2.17,81.6,0,7.0,1,1,2,2,54.3,1
6263,18,0,6,4.25,66.2,1,7.6,1,3,1,0,72.5,1
6264,24,2,5,1.26,74.4,0,4.1,0,4,1,2,50.8,1
6265,21,1,4,3.69,96.8,1,9.2,0,0,1,2,60.0,1
6266,17,0,4,0.87,84.9,1,5.4,0,4,0,1,58.6,1
6267,22,2,0,6.18,88.2,1,7.1,1,3,0,2,70.1,1
6268,17,0,4,2.92,57.3,1,8.1,0,2,1,2,60.5,1
6269,19,1,4,2.55,70.7,1,8.8,1,4,2,0,69.3,1
6270,22,1,3,7.91,60.7,1,8.8,2,4,2,2,80.3,1
6271,21,0,0,6.64,69.1,0,7.8,0,0,0,2,88.6,1
6272,23,2,0,4.43,46.7,1,5.9,0,2,0,0,76.0,1
6273,21,1,2,7.55,71.1,1,9.1,2,3,0,2,79.2,1
6274,23,1,5,1.69,71.5,1,5.8,0,1,2,2,48.9,1
6275,21,0,2,4.59,74.5,0,9.0,0,1,0,2,66.5,1
6276,17,1,2,7.43,54.1,1,5.6,1,1,0,2,97.1,1
6277,17,1,0,4.56,53.3,0,6.4,0,4,0,2,59.7,1
6278,23,1,2,2.46,62.1,1,6.3,1,0,2,2,67.7,1
6279,17,0,5,6.49,72.3,1,8.2,1,2,2,2,63.8,1
6280,20,2,2,1.11,60.2,1,7.9,0,3,1,0,31.9,1
6281,17,1,3,1.22,82.4,1,5.4,2,2,0,2,39.9,1
6282,19,2,5,5.85,75.1,0,5.9,2,4,0,2,60.2,1
6283,21,2,4,0.55,46.8,1,8.4,1,2,0,2,53.9,1
6284,18,1,4,0.41,53.4,1,4.4,0,2,2,1,22.6,1
6285,20,2,0,3.03,76.3,1,9.4,1,3,1,0,61.1,1
6286,24,1,3,3.18,71.9,1,9.3,0,3,2,2,80.7,1
6287,17,2,5,3.76,60.4,0,4.1,2,4,2,2,43.9,1
6288,17,2,3,5.93,50.3,1,8.6,1,0,1,2,63.0,1
6289,19,2,4,4.55,95.2,1,4.1,0,1,2,2,79.8,1
6290,23,0,5,5.71,67.0,1,5.8,0,0,0,2,75.7,1
6291,20,0,1,0.4,52.8,1,5.6,0,1,0,2,33.5,1
6292,22,1,2,2.53,83.3,1,8.7,1,4,1,2,44.5,1
6293,17,0,3,7.73,55.4,1,4.9,1,4,2,0,92.3,1
6294,22,2,0,3.42,55.9,1,5.8,0,0,1,2,66.7,1
6295,17,1,1,1.78,89.6,1,8.4,1,3,1,2,64.5,1
6296,22,1,5,7.91,94.5,1,4.2,2,1,0,2,100.0,1
6297,18,2,4,3.29,68.1,1,5.7,1,2,2,2,67.1,1
6298,23,0,4,3.83,77.9,1,9.9,2,1,2,0,52.7,1
6299,19,0,4,1.79,61.7,1,9.1,2,2,0,2,39.9,1
6300,18,1,3,5.25,78.0,1,7.9,0,2,1,2,71.4,1
6301,19,1,3,1.66,83.7,1,6.6,1,0,2,2,65.0,1
6302,17,2,1,4.88,83.3,1,8.4,2,2,1,2,66.3,1
6303,18,0,5,6.06,42.4,1,6.5,1,1,0,2,51.6,1
6304,21,2,6,5.22,45.9,1,4.4,2,0,0,1,66.1,1
6305,19,0,6,0.72,82.5,1,7.0,0,0,2,2,39.5,1
6306,19,0,0,0.64,71.9,1,7.9,1,1,0,1,60.5,1
6307,23,1,2,6.74,96.6,1,7.5,0,0,2,1,82.8,1
6308,17,0,6,7.24,46.2,1,7.1,0,1,2,0,82.2,1
6309,20,1,4,1.09,99.4,1,9.9,1,2,2,1,68.2,1
6310,18,2,5,3.0,48.0,1,4.1,2,3,0,2,31.9,1
6311,20,0,0,5.23,41.9,1,6.4,0,3,2,2,61.4,1
6312,19,2,6,6.68,93.9,1,4.9,0,2,2,0,99.3,1
6313,17,0,5,7.27,70.2,1,6.3,2,0,1,1,81.8,1
6314,17,0,2,5.59,57.2,1,6.1,0,4,1,2,48.1,1
6315,23,0,3,1.18,74.3,1,4.3,0,3,1,1,32.0,1
6316,17,0,3,6.15,62.7,0,4.9,0,2,0,0,71.3,1
6317,23,0,4,6.87,99.3,1,8.6,0,3,0,2,86.1,1
6318,24,2,1,2.81,86.4,1,6.4,0,0,2,2,49.4,1
6319,20,2,2,3.95,79.4,1,9.5,2,1,1,1,77.7,1
6320,19,1,1,1.33,59.3,1,9.9,2,4,1,2,27.4,1
6321,23,1,3,2.44,41.6,1,9.3,1,2,2,2,35.9,1
6322,24,1,1,6.96,87.8,1,7.9,2,4,2,0,66.4,1
6323,17,2,3,0.71,42.9,1,7.3,0,2,0,2,31.0,1
6324,24,1,0,6.1,46.8,0,8.4,0,3,0,2,38.2,1
6325,24,0,4,0.78,75.3,1,4.1,1,4,0,2,53.7,1
6326,18,2,0,2.34,85.4,0,4.7,2,0,0,2,65.6,1
6327,17,1,1,4.66,64.5,1,4.3,1,0,2,2,74.0,1
6328,22,1,4,0.08,75.3,1,8.9,1,1,0,2,38.3,1
6329,17,1,1,5.4,98.4,1,4.9,2,2,1,0,78.1,1
6330,21,1,0,2.53,56.9,1,9.5,0,3,0,1,51.2,1
6331,17,1,4,5.99,42.6,0,7.6,1,0,2,1,90.8,1
6332,22,0,1,7.8,53.3,1,9.9,0,3,0,2,63.9,1
6333,18,2,2,3.33,66.8,1,8.3,1,3,1,2,48.4,1
6334,17,1,0,0.24,86.6,1,4.5,1,2,2,2,37.5,1
6335,17,0,0,6.79,65.2,1,6.9,0,4,0,1,65.2,1
6336,18,1,4,2.2,75.3,1,5.0,2,1,1,0,45.2,1
6337,21,1,4,1.19,73.9,1,4.5,2,4,2,2,46.6,1
6338,17,0,2,7.03,69.3,1,7.6,1,3,1,0,87.4,1
6339,23,2,5,1.86,49.5,1,6.1,1,1,1,0,40.7,1
6340,21,1,5,4.84,44.1,1,6.7,1,0,2,0,72.1,1
6341,19,2,1,2.03,52.2,1,6.7,0,0,2,2,56.0,1
6342,24,2,0,5.7,56.2,0,4.7,1,3,2,2,57.9,1
6343,22,1,5,5.19,51.3,1,4.1,2,3,0,2,57.0,1
6344,22,1,4,4.07,51.5,0,9.5,0,2,2,2,60.2,1
6345,18,1,0,4.44,76.5,1,6.1,2,3,1,0,37.2,1
6346,22,2,5,1.82,67.3,1,4.4,0,4,0,2,67.1,1
6347,21,1,4,0.18,55.0,1,6.2,0,3,0,2,38.4,1
6348,24,0,3,6.41,54.1,1,8.1,2,0,0,0,68.3,1
6349,20,0,2,7.11,48.6,1,7.3,2,2,0,2,70.0,1
6350,22,1,4,6.22,81.5,0,5.7,2,1,2,2,76.5,1
6351,19,1,1,5.66,68.6,1,5.6,1,1,1,2,71.9,1
6352,17,1,6,3.78,79.9,1,7.8,2,3,2,0,56.6,1
6353,18,1,1,4.67,62.7,1,6.3,0,3,0,2,79.3,1
6354,23,0,2,5.53,45.1,1,7.6,0,3,1,2,54.1,1
6355,22,2,0,0.21,89.4,0,5.4,2,4,1,1,39.4,1
6356,19,0,0,3.39,42.5,1,6.1,1,2,1,0,60.7,1
6357,22,1,0,1.8,62.0,1,9.0,0,0,0,0,69.1,1
6358,17,1,6,2.92,75.1,1,7.3,1,3,1,1,53.5,1
6359,17,2,1,5.99,79.9,0,6.4,2,4,1,0,51.5,1
6360,21,2,5,2.91,68.9,1,5.3,1,3,1,0,29.3,1
6361,21,0,1,5.91,87.9,1,7.6,1,4,0,0,86.8,1
6362,24,0,4,7.77,68.8,0,6.4,0,1,2,0,84.7,1
6363,23,1,2,7.39,90.1,1,5.9,2,0,1,2,78.2,1
6364,19,2,1,6.62,54.8,0,7.8,2,3,2,2,67.7,1
6365,23,1,1,6.82,68.4,1,7.5,1,1,2,2,92.9,1
6366,20,1,0,3.15,41.9,1,5.3,0,1,2,0,32.9,1
6367,23,2,3,5.85,74.7,1,8.6,1,0,2,0,81.7,1
6368,18,1,6,5.34,64.2,1,8.7,1,0,2,0,66.1,1
6369,17,1,5,7.86,80.9,1,7.7,2,2,2,2,82.1,1
6370,17,0,4,4.6,84.5,1,7.7,0,2,2,2,79.7,1
6371,24,1,3,3.44,66.0,1,5.8,2,3,2,0,43.8,1
6372,17,1,1,6.7,76.5,1,6.4,1,0,0,0,94.2,1
6373,24,0,0,6.0,83.9,0,9.2,1,1,1,1,70.0,1
6374,22,1,2,1.0,90.2,1,9.0,2,3,1,0,56.7,1
6375,18,2,4,4.77,46.3,1,9.2,0,1,1,2,65.2,1
6376,23,1,5,4.74,72.9,1,9.1,2,2,0,2,61.2,1
6377,18,0,3,5.05,95.5,1,9.0,1,2,1,2,84.5,1
6378,18,1,4,7.53,57.0,1,6.8,1,1,1,2,83.1,1
6379,21,2,0,4.82,77.7,0,6.1,1,4,1,0,86.1,1
6380,19,2,6,6.96,56.9,0,9.7,0,1,2,1,86.8,1
6381,19,2,6,2.87,88.2,1,8.6,1,4,2,2,77.5,1
6382,18,1,0,0.46,84.6,1,4.1,2,3,0,2,37.7,1
6383,21,1,5,3.0,97.0,1,4.9,2,3,0,0,59.5,1
6384,17,2,0,4.26,81.9,1,8.1,2,0,2,1,74.3,1
6385,18,2,2,6.67,69.3,1,8.6,2,2,2,2,73.0,1
6386,21,1,0,5.05,72.5,1,4.7,1,3,0,0,83.6,1
6387,20,1,5,3.54,86.8,1,7.4,2,3,1,2,51.8,1
6388,22,0,3,3.69,84.3,1,7.4,2,2,0,2,71.0,1
6389,18,0,6,7.91,47.1,0,6.4,1,4,1,2,61.9,1
6390,22,0,0,1.13,57.9,1,7.3,0,2,2,2,33.5,1
6391,23,2,3,1.64,80.9,1,4.3,0,3,1,0,35.2,1
6392,20,0,2,5.0,46.1,1,6.5,2,1,2,2,56.9,1
6393,19,2,5,5.61,79.6,0,5.0,1,0,2,2,95.5,1
6394,21,2,0,3.16,91.8,1,7.7,2,0,1,0,51.2,1
6395,21,0,2,0.26,62.1,1,7.3,1,1,0,2,39.4,1
6396,17,2,1,4.18,53.1,1,4.1,0,0,1,2,58.6,1
6397,21,0,4,1.15,91.2,1,9.8,0,4,2,2,56.7,1
6398,18,1,5,0.45,68.9,1,6.4,2,2,0,2,55.2,1
6399,21,1,6,2.76,89.9,1,5.3,2,1,1,2,54.8,1
6400,24,0,1,1.09,44.7,1,7.0,2,1,0,0,35.0,1
6401,21,2,4,3.51,52.7,0,7.7,2,4,0,2,50.9,1
6402,23,2,3,6.09,40.6,1,9.7,2,4,0,2,71.7,1
6403,19,1,5,0.38,66.9,1,9.7,2,1,2,2,67.8,1
6404,24,1,4,4.0,92.9,1,8.3,0,3,1,2,74.1,1
6405,23,0,2,3.98,78.7,1,8.5,1,2,2,2,87.7,1
6406,24,0,1,0.08,41.1,1,6.1,2,2,0,2,38.2,1
6407,22,2,4,5.91,41.5,0,5.9,0,2,1,2,60.6,1
6408,22,1,3,0.72,83.2,1,6.1,0,4,0,1,28.2,1
6409,21,2,6,7.46,45.6,1,6.3,0,3,1,2,63.2,1
6410,24,0,5,5.11,53.2,1,7.6,1,4,1,0,62.6,1
6411,23,0,2,2.3,81.9,1,7.1,2,4,0,2,57.8,1
6412,20,0,4,7.4,54.9,1,6.1,2,3,0,2,80.5,1
6413,17,2,0,3.2,69.4,1,8.6,0,0,2,2,73.5,1
6414,17,0,3,2.08,63.7,1,9.9,0,2,1,2,26.0,1
6415,18,0,2,3.08,60.6,1,7.2,0,3,1,0,46.9,1
6416,17,2,5,4.89,55.2,0,6.1,0,0,2,0,65.2,1
6417,18,1,1,5.79,64.5,0,8.5,1,2,2,0,69.1,1
6418,17,0,6,5.29,51.0,1,5.1,0,0,1,0,66.1,1
6419,24,2,6,7.37,97.3,1,7.6,0,3,0,2,99.3,1
6420,17,2,5,7.65,59.0,1,5.7,2,0,2,2,71.8,1
6421,22,1,2,1.58,83.7,1,5.1,2,0,0,2,64.3,1
6422,19,2,0,7.3,57.6,1,7.2,1,3,1,2,61.0,1
6423,18,2,2,0.85,55.7,1,4.7,1,2,0,2,37.0,1
6424,22,0,4,7.66,69.0,0,7.2,0,3,1,2,86.7,1
6425,24,2,6,2.07,84.0,1,9.2,0,1,1,1,60.7,1
6426,23,0,3,2.13,40.6,1,8.4,2,4,1,2,38.9,1
6427,24,0,2,3.37,50.3,0,7.8,0,1,2,2,56.1,1
6428,21,0,0,1.45,86.5,1,4.4,2,0,2,2,49.9,1
6429,22,1,1,6.62,61.2,0,4.5,2,2,0,0,64.6,1
6430,18,2,3,1.0,91.3,0,8.9,1,1,1,2,51.9,1
6431,23,1,0,3.51,48.0,1,8.7,2,4,1,0,60.0,1
6432,22,1,5,7.26,88.8,1,4.9,2,1,0,0,100.0,1
6433,19,2,1,5.08,77.3,1,6.9,0,2,0,0,73.8,1
6434,19,2,0,4.86,50.1,1,9.8,0,0,2,0,89.4,1
6435,21,0,1,7.91,40.7,1,8.8,0,1,1,1,100.0,1
6436,17,0,6,0.18,92.9,1,6.7,2,1,1,0,23.4,1
6437,23,0,0,2.56,57.3,1,6.5,2,1,0,2,45.5,1
6438,19,0,6,1.0,54.5,1,6.9,2,4,1,2,19.599,1
6439,17,0,4,1.48,51.0,1,4.2,0,3,1,0,48.1,1
6440,19,0,0,1.73,61.3,0,7.9,0,1,0,2,39.8,1
6441,23,0,4,5.02,71.4,1,6.6,1,4,0,2,71.2,1
6442,19,0,2,2.18,68.7,1,4.7,1,3,2,2,53.5,1
6443,21,2,6,5.31,91.1,1,4.1,2,1,1,2,62.4,1
6444,23,2,6,5.9,51.8,1,7.7,2,3,2,1,50.3,1
6445,17,0,0,3.22,84.8,1,7.6,0,1,1,2,50.6,1
6446,23,0,1,4.29,94.6,1,8.6,1,1,0,2,76.1,1
6447,19,1,0,1.06,42.2,1,4.7,1,4,2,2,21.4,1
6448,22,1,5,6.02,85.1,1,4.4,2,2,2,0,79.1,1
6449,18,2,4,3.35,56.5,1,9.0,1,1,2,0,66.0,1
6450,18,0,2,6.68,66.9,0,4.7,2,2,0,2,70.6,1
6451,23,1,2,4.21,43.7,1,4.7,1,1,2,1,51.8,1
6452,23,0,1,5.57,57.7,0,9.6,1,1,2,1,70.4,1
6453,24,2,5,2.87,46.7,0,4.7,2,0,0,1,35.8,1
6454,22,0,1,2.97,54.0,1,6.8,0,3,1,0,44.1,1
6455,20,2,6,3.49,42.0,0,9.3,0,3,2,1,55.4,1
6456,18,0,0,5.09,96.3,1,5.6,1,4,1,2,59.6,1
6457,19,1,6,4.05,93.7,1,6.7,0,2,0,2,68.2,1
6458,22,1,6,6.43,79.1,1,9.9,2,2,1,2,91.8,1
6459,19,1,5,0.44,59.5,0,5.8,0,1,2,0,41.1,1
6460,20,2,1,7.2,96.6,1,8.6,0,4,0,0,93.9,1
6461,18,2,2,7.41,98.3,0,7.8,1,1,1,0,94.4,-1
6462,20,0,1,1.95,87.7,1,8.3,0,2,0,2,62.1,1
6463,18,2,4,0.81,80.9,1,6.2,1,2,2,2,62.6,1
6464,17,0,4,4.57,59.7,1,8.3,1,0,2,2,69.4,1
6465,18,2,6,0.51,93.0,1,7.5,2,2,1,2,37.4,1
6466,21,2,6,1.84,70.0,1,9.2,1,1,1,2,49.3,1
6467,19,0,0,4.06,77.9,1,5.7,1,4,0,0,72.4,1
6468,17,0,0,4.91,50.4,0,4.5,2,2,2,2,68.9,1
6469,21,1,5,1.55,41.3,1,6.0,2,1,2,0,19.599,1
6470,18,2,5,7.46,99.3,1,8.5,0,3,0,1,96.6,1
6471,17,2,0,1.45,77.3,1,7.1,1,0,1,0,47.3,1
6472,18,1,2,1.23,81.1,1,7.2,1,3,2,0,61.8,1
6473,20,2,2,1.3,43.0,1,4.9,1,2,0,1,33.8,1
6474,24,1,5,7.44,65.3,1,4.9,1,3,2,0,95.9,1
6475,18,0,0,7.03,57.1,1,4.9,1,1,1,1,77.6,1
6476,19,2,5,0.26,90.1,1,6.7,2,3,1,1,50.3,1
6477,18,1,5,5.81,69.1,1,7.2,1,0,2,0,84.5,1
6478,19,1,6,0.59,63.1,1,9.7,1,3,1,0,37.1,1
6479,22,0,3,0.6,48.9,0,5.9,0,4,2,2,34.2,1
6480,19,1,4,0.61,63.0,1,4.6,0,2,2,0,36.8,1
6481,22,0,1,6.64,61.7,0,6.8,0,3,0,0,76.3,1
6482,24,1,6,3.42,87.2,1,7.2,2,1,2,2,72.5,1
6483,24,1,6,4.46,90.9,1,7.6,2,3,2,2,56.3,1
6484,21,1,0,0.25,62.8,1,9.3,0,4,2,2,42.7,1
6485,22,2,0,7.21,64.6,1,6.6,0,2,0,2,96.2,1
6486,24,2,5,7.86,98.5,1,4.3,2,0,1,2,85.5,1
6487,23,1,0,1.88,62.7,1,9.4,0,0,1,0,71.6,1
6488,19,1,5,5.25,77.7,1,6.4,2,2,1,2,48.0,1
6489,18,2,2,5.43,48.1,1,4.1,2,4,2,0,47.1,1
6490,17,1,1,7.73,65.7,1,5.7,2,3,2,0,66.1,1
6491,24,0,5,3.87,54.5,1,6.7,2,0,0,2,42.4,1
6492,21,2,6,1.9,54.6,1,9.6,1,3,2,2,59.3,1
6493,19,1,2,2.88,54.0,1,4.3,2,4,0,2,55.6,1
6494,19,2,5,5.12,68.5,1,9.2,0,3,0,0,79.6,1
6495,19,1,2,3.78,57.6,0,4.5,2,3,2,2,55.2,1
6496,23,1,6,0.64,89.0,0,7.9,0,3,2,2,48.8,1
6497,21,0,1,6.46,66.9,1,4.9,0,3,2,1,55.9,1
6498,24,2,0,6.91,43.3,1,6.0,1,4,1,1,61.2,1
6499,19,0,5,3.83,66.3,1,9.2,2,1,2,0,56.9,1
6500,20,1,5,4.19,46.0,1,7.6,1,1,2,0,55.4,1
6501,17,1,0,3.93,48.8,1,9.0,0,3,2,0,63.1,1
6502,24,2,0,4.24,48.1,1,5.5,1,1,2,0,35.4,1
6503,21,0,6,0.82,87.6,0,6.9,1,1,0,2,85.0,1
6504,21,1,6,3.47,65.8,0,5.2,2,2,0,0,49.1,1
6505,20,0,3,3.58,40.6,1,9.1,1,0,2,2,74.4,1
6506,19,0,2,7.91,70.7,1,7.3,1,3,0,1,93.5,1
6507,24,1,6,0.39,52.1,0,7.2,1,0,1,2,33.5,1
6508,20,1,4,2.5,83.0,1,5.7,0,3,2,0,52.1,1
6509,22,2,3,3.97,96.5,1,4.6,1,3,1,0,68.8,1
6510,17,2,2,6.78,50.2,1,7.2,2,1,2,1,92.4,1
6511,19,1,6,3.69,56.6,1,4.9,1,1,0,2,53.3,1
6512,23,1,5,2.33,82.7,1,4.4,1,3,1,2,52.7,1
6513,17,0,1,4.28,77.9,1,8.3,0,1,2,2,59.9,1
6514,17,0,0,2.38,89.7,1,8.3,1,3,1,2,66.3,1
6515,23,0,0,4.39,79.0,0,4.2,0,0,2,2,60.9,1
6516,19,2,6,5.52,51.5,1,8.9,1,3,1,0,70.2,1
6517,19,1,3,4.25,90.1,1,9.5,1,4,0,0,71.2,1
6518,21,1,6,4.88,49.6,1,9.2,0,2,0,2,70.7,1
6519,18,2,4,0.31,45.0,1,5.3,2,1,2,2,19.599,1
6520,17,2,0,5.27,96.4,0,8.6,1,2,0,2,94.6,-1
6521,17,1,0,7.76,75.0,1,8.1,0,0,2,0,84.0,1
6522,17,0,5,3.93,59.9,1,8.0,2,3,0,0,78.0,1
6523,18,0,3,6.42,55.4,1,4.5,1,3,1,2,66.5,1
6524,22,1,4,4.39,45.1,0,6.6,0,0,0,0,45.3,1
6525,19,2,2,5.63,73.6,0,4.1,1,1,2,1,87.5,1
6526,17,1,0,2.48,92.2,1,9.9,2,2,0,0,59.2,1
6527,17,0,4,7.73,80.8,1,5.4,0,0,2,0,100.0,1
6528,20,0,0,1.72,85.7,0,9.8,2,1,1,2,41.5,1
6529,23,2,5,1.27,75.9,1,8.6,0,2,1,2,33.0,1
6530,19,1,1,0.36,40.6,1,5.3,2,0,2,2,25.1,1
6531,17,1,5,4.33,66.7,1,6.6,0,3,0,2,65.8,1
6532,18,0,2,4.95,42.1,1,7.6,1,1,2,1,47.5,1
6533,20,2,0,5.2,44.9,1,4.3,0,4,1,0,50.2,1
6534,18,0,3,1.38,50.5,1,7.3,2,3,0,2,37.3,1
6535,24,2,1,5.21,93.4,1,6.1,2,2,2,2,61.4,1
6536,23,0,3,1.32,52.9,1,4.5,0,0,2,2,27.8,1
6537,19,1,6,6.04,67.1,1,8.2,2,0,2,0,77.0,1
6538,24,0,3,2.2,92.6,0,7.4,1,0,1,0,79.7,1
6539,19,2,3,3.38,80.7,1,8.9,2,1,2,2,55.5,1
6540,18,2,6,2.94,48.0,1,9.4,0,1,2,2,56.5,1
6541,24,2,6,2.94,67.7,1,5.2,1,2,2,2,57.3,1
6542,24,1,2,5.77,86.3,1,7.9,2,0,0,2,87.6,1
6543,19,0,5,7.91,66.6,1,5.9,0,3,2,1,94.4,1
6544,21,0,5,4.22,53.0,1,7.4,2,3,0,2,55.1,1
6545,18,0,6,3.21,78.6,1,4.9,0,0,1,2,64.1,1
6546,22,2,5,2.35,64.5,1,5.5,2,3,1,1,19.599,1
6547,22,2,2,5.0,70.8,1,8.9,1,3,2,2,64.1,1
6548,22,1,5,3.61,47.5,1,5.3,2,2,2,1,32.2,1
6549,21,1,5,6.18,94.3,1,6.3,1,1,1,0,86.2,1
6550,22,0,3,4.85,95.3,1,9.1,1,0,2,2,83.4,1
6551,21,2,2,3.3,58.2,1,5.6,0,0,0,1,69.2,1
6552,23,2,1,7.62,57.6,1,7.2,0,1,2,0,69.3,1
6553,18,0,1,0.09,50.2,1,5.1,1,4,2,0,24.1,1
6554,20,0,6,5.52,75.1,1,5.2,2,3,2,2,71.3,1
6555,20,2,2,3.29,51.9,1,5.4,0,1,1,0,44.5,1
6556,21,2,5,0.97,76.9,1,5.7,0,0,1,0,43.5,1
6557,18,1,1,0.74,96.7,1,4.7,1,4,1,2,47.8,1
6558,19,1,5,5.19,50.9,1,7.5,0,3,2,0,67.9,1
6559,24,0,2,1.18,53.6,1,6.6,0,2,2,2,30.1,1
6560,17,0,1,6.85,45.5,1,4.1,1,3,1,2,58.4,1
6561,22,1,2,2.49,58.9,1,4.2,0,4,0,2,52.7,1
6562,22,1,3,2.75,92.9,1,8.5,0,4,2,0,49.8,1
6563,20,1,5,5.28,41.0,0,9.0,2,0,0,0,81.3,1
6564,17,1,0,1.76,78.2,1,9.9,1,3,2,2,58.1,1
6565,17,0,3,0.08,63.0,1,4.3,2,4,0,2,28.5,1
6566,19,2,4,3.57,59.1,1,7.0,1,2,1,2,66.7,1
6567,17,1,3,4.22,50.3,1,4.5,0,3,1,2,47.5,1
6568,17,1,5,3.57,90.0,1,7.4,0,4,1,2,44.9,1
6569,18,1,1,3.66,89.4,1,7.8,2,4,0,2,61.9,1
6570,18,2,1,5.33,42.5,1,7.2,0,3,1,2,56.9,1
6571,23,0,1,6.77,74.6,1,5.4,1,3,1,1,85.0,1
6572,22,0,1,2.92,64.9,0,6.7,1,0,0,1,57.1,1
6573,17,1,2,6.32,40.6,1,6.8,0,4,2,2,53.1,1
6574,22,2,2,0.5,58.3,1,9.5,1,1,0,2,35.0,1
6575,18,1,2,3.84,51.3,1,5.5,0,1,2,2,49.8,1
6576,20,2,1,3.01,85.8,1,7.0,0,4,1,2,52.0,1
6577,17,2,4,3.73,66.8,1,9.3,2,1,0,0,51.8,1
6578,17,0,1,0.73,87.9,1,6.3,1,4,1,0,47.2,1
6579,18,2,4,1.11,98.1,1,6.5,2,0,2,1,34.9,1
6580,20,2,2,2.35,64.1,1,5.4,1,4,1,1,42.0,1
6581,20,0,5,2.19,73.3,1,7.8,0,3,0,2,62.6,1
6582,19,2,0,3.08,98.4,1,6.4,2,1,2,1,65.9,1
6583,21,0,3,3.66,50.0,0,8.7,0,0,2,2,76.1,1
6584,22,0,4,1.77,43.3,1,7.7,0,0,1,2,53.1,1
6585,22,0,6,4.95,68.2,1,7.5,0,1,1,2,64.9,1
6586,21,0,5,3.01,69.3,0,8.2,1,0,2,0,56.8,1
6587,21,1,0,0.48,95.7,0,4.3,2,2,2,2,37.9,-1
6588,20,1,0,1.95,67.3,1,5.4,2,2,2,1,38.7,1
6589,18,1,0,4.48,66.6,1,6.2,0,1,2,0,74.1,1
6590,20,1,2,4.86,69.9,1,8.8,0,4,2,0,76.6,1
6591,17,2,0,6.4,66.7,0,4.4,1,2,1,2,64.3,1
6592,24,1,5,1.96,93.9,1,5.9,2,3,2,2,72.6,1
6593,19,2,1,4.5,77.1,1,8.2,2,3,0,2,64.7,1
6594,23,0,0,3.81,87.8,1,7.7,1,2,2,0,69.0,1
6595,24,0,2,6.79,49.3,0,8.8,1,1,1,2,68.5,1
6596,20,1,1,5.84,92.6,0,6.5,2,2,1,2,58.8,1
6597,23,2,2,1.06,98.2,1,5.5,1,1,2,1,48.3,1
6598,20,0,3,7.67,97.4,1,6.8,1,1,0,2,100.0,1
6599,18,0,0,2.84,99.0,1,6.1,0,0,1,2,77.5,1
6600,17,0,6,7.64,81.8,0,6.1,0,0,2,1,95.7,-1
6601,18,2,4,2.28,80.3,1,7.2,0,2,1,2,65.8,1
6602,24,0,0,3.75,44.0,1,6.1,0,0,1,0,49.6,1
6603,20,0,3,4.4,57.0,1,4.8,1,0,1,2,69.5,1
6604,19,2,6,0.51,87.2,1,4.2,2,3,0,2,46.4,1
6605,20,2,1,5.73,61.7,1,7.2,0,2,0,1,92.2,1
6606,19,2,1,0.84,77.2,1,5.7,0,4,1,0,44.6,1
6607,23,1,3,1.31,75.2,1,8.6,2,0,2,0,37.9,1
6608,24,2,2,2.32,74.8,1,7.7,0,1,2,1,67.2,1
6609,17,1,3,7.69,62.2,1,8.8,1,4,2,2,84.1,1
6610,22,0,1,7.78,93.1,1,5.9,1,0,0,0,100.0,1
6611,19,0,6,3.91,54.9,0,7.6,1,0,1,0,38.7,1
6612,17,1,5,4.27,86.2,1,9.8,1,3,2,0,59.6,1
6613,24,1,2,1.69,41.5,1,5.4,0,4,2,2,36.2,1
6614,17,2,3,3.34,90.3,1,9.7,2,3,0,2,59.9,1
6615,18,2,1,7.88,85.5,1,5.1,2,1,2,1,71.4,1
6616,17,1,4,6.33,98.7,1,4.9,1,0,2,1,97.5,1
6617,20,0,3,5.58,47.2,1,8.4,0,1,0,2,68.6,1
6618,21,1,6,2.23,88.2,0,9.9,1,3,2,1,61.7,1
6619,19,0,1,6.1,58.5,1,8.9,2,0,2,0,55.0,1
6620,17,1,3,7.73,54.9,1,4.4,2,4,1,2,57.3,1
6621,17,2,6,7.9,52.3,1,5.1,2,2,2,0,60.5,1
6622,24,0,2,4.8,83.1,1,8.2,2,0,2,2,78.8,1
6623,23,0,1,1.29,96.5,1,9.2,0,2,1,2,49.7,1
6624,24,2,5,7.71,79.1,1,6.7,0,3,1,2,72.8,1
6625,21,0,2,4.33,55.9,1,8.0,0,2,1,1,79.1,1
6626,21,1,1,0.31,64.0,0,6.6,0,4,1,2,22.1,1
6627,23,0,6,0.65,54.5,0,6.9,1,4,1,1,39.1,1
6628,21,2,4,4.62,44.2,0,9.1,0,3,1,0,34.9,1
6629,20,0,2,6.68,86.0,0,8.8,1,1,0,0,95.8,1
6630,19,1,5,7.53,46.3,1,7.5,0,3,2,1,78.9,1
6631,20,1,3,7.56,79.0,1,5.2,1,1,2,0,79.3,1
6632,17,1,3,4.63,65.7,1,6.7,2,3,1,2,51.5,1
6633,18,2,6,7.85,44.4,1,8.2,2,0,1,0,75.5,1
6634,22,1,0,1.2,58.1,1,4.3,0,2,1,1,39.9,1
6635,23,2,0,0.76,44.5,1,7.7,2,1,2,0,34.8,1
6636,17,1,4,0.24,77.8,0,7.7,1,2,2,2,54.7,1
6637,17,0,1,6.19,80.0,1,7.5,2,3,0,2,77.7,1
6638,17,2,2,7.33,93.7,1,7.0,2,2,2,2,79.7,1
6639,23,0,2,6.72,57.2,1,6.7,1,3,2,0,62.2,1
6640,19,1,0,7.52,50.6,1,8.0,0,4,2,2,95.3,1
6641,19,1,2,4.38,68.5,1,6.2,2,2,0,2,67.2,1
6642,17,1,3,6.1,88.9,1,9.4,2,2,0,0,74.6,1
6643,24,2,6,2.69,74.0,1,4.3,0,2,0,1,74.6,1
6644,20,1,1,6.13,96.6,1,9.4,0,2,0,0,80.7,1
6645,23,1,2,6.02,45.3,1,9.4,0,4,1,2,61.7,1
6646,22,2,2,3.48,83.2,1,8.1,2,0,1,2,59.7,1
6647,18,0,1,0.35,79.8,1,8.9,0,3,1,0,47.9,1
6648,23,2,4,2.13,54.6,0,6.7,1,3,2,0,46.3,1
6649,21,1,3,7.08,52.5,1,5.5,2,4,0,2,64.0,1
6650,21,0,0,4.7,62.9,1,6.6,1,3,2,1,74.7,1
6651,18,1,5,3.24,59.4,1,9.0,0,4,2,2,43.7,1
6652,23,0,0,7.58,60.1,1,7.5,0,2,0,2,79.4,1
6653,24,1,4,2.93,83.3,1,9.2,2,2,0,2,59.9,1
6654,20,2,6,2.62,45.4,1,8.7,0,3,1,1,39.7,1
6655,17,0,1,6.16,84.9,1,5.1,1,1,0,1,63.6,1
6656,23,1,2,2.84,70.0,1,8.9,2,3,0,2,57.4,1
6657,24,2,1,3.57,50.4,1,4.1,1,1,0,2,51.3,1
6658,21,1,1,5.78,80.2,1,9.8,2,0,1,2,100.0,1
6659,21,2,5,3.44,62.4,0,5.6,1,4,1,0,34.7,1
6660,18,0,6,2.58,48.0,1,5.8,2,3,1,2,26.0,1
6661,17,2,3,0.12,75.3,1,6.0,2,1,1,0,19.599,1
6662,24,1,2,6.88,59.2,1,9.7,1,2,2,0,88.6,1
6663,20,2,5,4.21,57.0,1,8.0,1,4,0,2,75.1,1
6664,19,0,6,6.81,68.7,0,5.7,0,0,0,1,100.0,1
6665,22,0,0,4.94,71.2,0,5.9,1,2,2,0,84.0,1
6666,17,0,4,1.61,82.2,1,9.0,1,0,0,2,65.1,1
6667,17,1,4,2.91,69.5,1,4.5,0,0,1,2,55.5,1
6668,18,1,3,3.34,72.0,1,8.8,2,2,2,1,48.7,1
6669,20,1,0,5.92,74.2,1,8.5,2,4,0,2,86.6,1
6670,19,0,1,4.39,95.6,1,6.1,1,1,2,2,74.4,1
6671,18,0,1,5.09,46.1,1,7.7,1,2,0,0,86.7,1
6672,19,0,0,6.02,79.8,1,8.8,0,4,1,2,72.1,1
6673,19,2,5,2.19,42.2,0,4.8,0,0,2,2,49.6,1
6674,21,1,5,7.06,55.5,1,9.7,0,4,2,1,70.6,1
6675,21,2,2,3.63,87.5,1,5.4,0,3,1,0,59.8,1
6676,24,2,2,5.29,61.7,1,7.9,1,0,0,2,92.0,1
6677,23,1,3,1.75,41.6,1,8.0,2,3,0,0,34.1,1
6678,19,2,5,1.87,70.8,1,5.2,2,4,1,0,28.6,1
6679,24,1,3,5.88,66.3,1,4.7,0,4,1,1,59.7,1
6680,21,1,5,2.8,95.6,1,8.6,0,2,2,2,63.3,1
6681,18,2,4,7.01,96.5,1,6.5,2,2,2,2,89.7,1
6682,19,1,4,5.32,56.7,1,8.0,1,3,0,0,92.7,1
6683,22,1,3,5.32,89.2,1,4.3,2,0,1,0,51.9,1
6684,23,1,2,3.04,70.9,1,8.7,2,1,2,2,39.6,1
6685,19,1,1,7.22,72.4,0,8.7,2,1,2,2,78.9,1
6686,18,1,5,7.56,46.8,0,6.6,0,1,1,2,74.8,1
6687,18,2,0,2.06,90.2,1,5.6,0,4,0,2,42.5,1
6688,17,1,5,4.12,76.4,1,4.3,1,0,2,2,83.4,1
6689,22,2,0,7.26,97.3,0,5.7,1,3,0,0,100.0,-1
6690,21,1,2,0.81,87.0,1,6.4,2,4,1,2,50.7,1
6691,20,2,4,2.38,68.0,1,5.5,2,2,1,2,46.1,1
6692,22,2,6,7.64,91.4,0,4.2,2,1,0,0,97.8,-1
6693,23,0,3,3.88,59.1,0,4.7,2,3,0,1,59.4,1
6694,23,2,2,7.61,91.8,1,7.8,1,4,0,2,100.0,1
6695,18,1,0,3.04,47.0,0,5.6,2,4,2,2,32.8,1
6696,21,2,6,4.22,60.2,1,9.0,2,3,2,1,63.7,1
6697,24,1,0,3.63,92.1,1,5.2,2,4,2,2,52.3,1
6698,23,0,2,3.66,41.4,1,4.9,1,4,0,0,52.3,1
6699,19,2,5,7.34,92.1,0,6.3,1,2,0,2,70.8,1
6700,20,2,1,5.56,42.4,1,7.8,1,1,2,2,63.7,1
6701,24,1,2,7.57,79.5,1,9.2,2,4,2,2,84.5,1
6702,17,2,4,2.64,78.3,0,8.5,1,3,0,1,66.8,1
6703,21,2,0,7.91,43.5,0,7.8,0,1,2,0,81.9,1
6704,17,2,2,5.66,90.3,1,6.1,0,0,1,1,88.3,1
6705,24,2,2,1.05,45.2,0,9.9,1,1,2,2,36.7,-1
6706,17,2,1,3.3,91.1,1,5.6,0,0,0,2,89.5,1
6707,17,2,1,1.99,99.0,1,5.3,2,1,2,0,34.7,1
6708,19,2,2,1.88,80.3,1,7.6,2,3,2,1,49.9,1
6709,18,1,0,7.44,95.8,1,8.8,0,2,0,2,72.7,1
6710,20,2,5,7.68,77.5,1,9.8,1,2,1,0,100.0,1
6711,19,1,0,0.11,98.9,1,6.3,1,4,0,1,46.6,1
6712,19,0,2,1.1,87.8,1,6.3,0,1,1,2,61.6,1
6713,21,0,6,2.22,80.8,1,8.9,0,2,1,2,36.9,1
6714,21,1,4,6.78,99.3,0,9.4,2,0,2,1,100.0,-1
6715,24,1,6,4.89,69.0,1,7.5,1,3,2,0,69.2,1
6716,20,1,4,4.52,69.0,1,4.1,2,3,1,0,44.4,1
6717,21,0,3,4.79,91.1,0,7.0,1,4,0,2,76.9,1
6718,22,0,3,7.6,80.5,1,6.4,1,0,1,1,100.0,1
6719,18,0,2,2.21,48.7,1,6.8,2,4,1,1,19.599,1
6720,22,1,0,0.99,58.5,1,5.1,1,4,0,0,49.8,1
6721,23,0,3,4.86,75.1,1,8.1,0,2,0,0,86.4,1
6722,19,1,0,7.75,41.0,1,9.9,1,4,1,0,76.3,1
6723,18,2,5,5.68,70.6,0,8.0,1,2,2,1,77.0,1
6724,19,1,6,7.14,54.0,1,5.6,1,3,1,1,71.3,1
6725,19,1,3,7.17,54.2,0,6.6,1,4,2,1,72.6,1
6726,21,1,5,1.75,93.7,1,7.8,2,4,2,2,39.1,1
6727,23,0,1,5.48,56.9,1,8.6,2,0,0,2,80.4,1
6728,21,2,6,6.9,93.9,1,9.3,1,3,2,0,100.0,1
6729,18,0,4,0.81,72.0,1,6.7,1,2,0,2,52.1,1
6730,19,0,5,5.21,95.7,1,9.6,0,3,1,2,73.2,1
6731,22,2,4,2.18,83.8,1,9.5,1,0,0,0,80.3,1
6732,19,1,5,6.57,64.8,1,8.4,0,2,2,2,80.8,1
6733,21,2,3,1.79,42.1,1,9.3,0,4,2,2,30.3,1
6734,22,0,6,2.99,93.5,1,7.5,2,0,1,2,42.5,1
6735,19,1,4,5.41,82.4,1,4.1,1,0,0,2,84.2,1
6736,22,1,3,4.45,48.1,1,7.0,2,2,2,2,48.8,1
6737,20,1,1,0.96,96.1,1,7.0,1,2,2,1,47.5,1
6738,18,2,6,1.8,69.3,1,4.4,2,1,1,1,45.3,1
6739,19,0,2,7.09,41.8,1,5.9,1,2,1,2,58.2,1
6740,20,0,2,7.91,57.8,1,6.4,2,2,0,2,73.3,1
6741,17,0,2,5.55,91.6,1,8.0,0,4,0,2,90.5,1
6742,24,1,2,0.08,65.1,1,7.1,0,4,1,2,38.7,1
6743,21,2,1,5.95,88.5,1,4.1,1,1,1,2,57.1,1
6744,17,0,3,5.14,64.2,1,9.9,1,0,0,2,86.1,1
6745,23,2,1,3.29,48.0,1,6.0,1,3,1,1,40.3,1
6746,23,1,3,1.82,51.7,1,6.5,1,2,0,1,71.3,1
6747,17,2,3,1.33,92.9,1,7.6,0,2,1,2,71.0,1
6748,18,2,3,0.67,50.9,1,9.8,1,0,1,0,40.6,1
6749,19,0,2,5.11,96.1,1,6.1,0,3,0,2,72.1,1
6750,21,2,3,2.7,57.3,1,6.3,0,2,1,0,47.4,1
6751,22,0,0,4.14,98.3,1,7.3,0,0,2,0,90.8,1
6752,20,2,3,4.2,45.8,1,5.3,0,0,0,2,69.4,1
6753,21,2,2,4.86,72.9,1,4.7,2,2,1,0,46.7,1
6754,17,1,6,4.76,42.1,1,7.1,1,0,2,0,79.8,1
6755,22,2,5,4.15,55.4,1,9.7,1,1,2,2,62.5,1
6756,24,2,0,1.24,91.3,0,6.9,0,0,1,2,43.4,1
6757,21,1,0,0.22,51.2,1,6.3,0,2,1,2,45.4,1
6758,20,2,0,4.61,93.5,1,4.5,2,2,0,2,84.1,1
6759,19,0,6,3.39,75.4,1,7.4,0,3,1,2,43.6,1
6760,24,2,4,3.28,83.6,0,7.0,0,2,0,2,75.4,1
6761,17,1,3,3.44,61.6,1,6.5,2,1,2,1,62.0,1
6762,19,1,4,0.91,99.1,1,8.5,2,3,1,2,55.1,1
6763,18,0,2,1.43,89.6,1,5.4,1,1,2,0,49.1,1
6764,23,0,5,5.3,94.7,1,8.9,1,0,0,1,86.9,1
6765,20,0,4,4.11,48.8,1,8.7,2,1,0,0,51.1,1
6766,24,1,0,4.88,56.0,1,4.5,1,0,2,2,64.5,1
6767,22,2,4,1.03,90.5,1,9.8,0,4,0,0,29.0,1
6768,21,1,2,6.51,80.2,1,5.3,0,0,2,0,89.0,1
6769,21,1,3,2.98,63.1,0,7.0,1,0,2,2,52.6,1
6770,18,0,6,4.9,67.9,1,6.2,2,2,0,0,62.7,1
6771,21,1,5,3.73,66.3,1,7.6,0,0,1,0,71.3,1
6772,22,0,2,3.75,73.5,1,7.2,0,3,0,2,73.0,1
6773,24,0,4,6.23,69.3,1,9.9,0,2,0,2,92.6,1
6774,21,1,4,0.88,67.3,1,9.5,1,1,0,2,63.4,1
6775,24,2,3,0.6,59.7,1,5.6,1,4,1,1,42.7,1
6776,24,2,0,0.81,66.9,1,6.1,1,2,2,0,58.0,1
6777,21,2,4,7.91,50.6,1,9.3,2,3,0,0,77.1,1
6778,20,0,0,7.42,51.5,1,7.8,2,4,1,2,62.9,1
6779,18,0,6,5.6,81.3,0,8.7,0,0,1,2,64.0,1
6780,19,2,5,3.58,97.9,1,7.4,2,4,2,2,59.5,1
6781,24,2,6,0.68,52.7,1,9.7,0,4,0,0,24.8,1
6782,18,2,0,6.57,94.8,1,7.1,1,3,0,0,83.5,1
6783,20,1,4,1.52,77.5,1,7.1,0,2,0,2,71.4,1
6784,22,2,1,2.18,97.2,1,5.1,0,0,2,2,54.2,1
6785,18,0,5,6.73,63.7,1,5.6,2,4,1,2,65.6,1
6786,24,2,5,2.06,81.4,1,9.7,2,1,0,2,38.4,1
6787,22,2,5,6.76,72.6,1,7.8,1,2,2,0,100.0,1
6788,17,1,2,6.29,98.6,1,6.9,1,0,0,0,100.0,1
6789,18,1,3,6.7,43.6,0,8.8,2,2,0,2,56.8,1
6790,22,1,1,5.39,43.5,0,9.4,0,0,0,1,86.9,1
6791,23,0,6,2.82,91.8,1,7.4,2,0,1,2,53.9,1
6792,24,2,3,5.23,43.2,1,8.8,1,3,2,0,54.6,1
6793,23,1,4,6.63,94.4,0,5.4,2,1,2,0,73.9,1
6794,17,1,3,6.0,45.6,0,5.3,0,1,2,1,60.7,1
6795,22,0,2,6.9,46.7,1,4.1,0,1,0,1,83.7,1
6796,17,0,4,7.87,59.8,1,5.2,1,3,2,1,79.1,1
6797,17,1,4,5.52,83.6,0,8.7,0,0,2,1,90.6,1
6798,22,0,0,7.43,74.6,0,7.6,1,3,1,1,86.3,1
6799,20,2,4,2.17,94.5,1,8.7,2,3,2,0,48.4,1
6800,22,1,0,7.79,77.8,1,7.0,1,4,0,2,83.0,1
6801,23,1,4,7.28,75.7,1,6.2,1,3,2,0,94.6,1
6802,17,1,0,0.33,74.2,1,4.7,0,0,2,0,68.8,1
6803,21,1,5,4.72,64.4,1,6.3,2,4,0,2,56.0,1
6804,23,0,6,4.02,78.4,1,9.3,1,4,1,2,56.8,1
6805,20,1,3,6.52,98.4,1,6.4,1,2,0,2,95.8,1
6806,21,0,2,1.01,98.3,1,7.4,1,0,2,2,77.4,1
6807,20,1,4,4.22,46.7,1,9.5,1,4,2,2,56.3,1
6808,24,2,6,4.01,67.3,0,7.9,2,1,1,2,42.8,1
6809,17,0,4,3.16,75.5,1,7.6,2,1,1,2,46.4,1
6810,24,1,0,7.91,83.0,1,9.6,1,0,2,2,100.0,1
6811,23,1,3,4.32,58.0,1,5.9,2,3,0,1,53.9,1
6812,23,0,0,3.31,99.0,1,9.9,0,1,0,1,86.1,1
6813,20,0,5,6.85,64.9,1,9.2,2,2,1,1,81.3,1
6814,21,1,5,1.11,57.1,1,7.4,0,0,0,2,53.0,1
6815,19,1,4,2.3,86.8,1,6.4,0,3,0,0,40.7,1
6816,19,0,0,2.23,75.3,1,4.7,0,1,0,0,29.9,1
6817,24,0,1,7.47,94.3,1,6.3,0,1,0,2,91.9,1
6818,21,1,4,7.04,46.4,1,6.3,0,3,0,2,72.3,1
6819,22,0,0,4.85,43.3,1,5.6,2,0,2,2,65.4,1
6820,17,1,6,2.56,96.6,1,6.9,0,1,0,0,83.2,1
6821,23,2,2,3.74,66.8,1,9.9,2,0,2,1,62.9,1
6822,22,2,5,4.57,53.0,1,6.3,2,0,1,2,50.3,1
6823,24,1,5,4.32,84.6,1,5.9,0,2,1,1,51.3,1
6824,18,1,3,2.05,99.4,1,5.7,0,3,0,2,72.5,1
6825,21,1,6,1.04,99.4,0,4.2,0,1,0,1,48.5,1
6826,21,2,5,7.26,97.8,0,4.9,1,3,0,2,93.2,-1
6827,21,2,2,5.13,49.4,1,5.4,2,2,0,2,67.4,1
6828,17,1,0,1.16,91.0,1,9.1,1,4,2,1,44.9,1
6829,20,0,5,7.91,47.5,1,8.6,0,3,0,0,72.3,1
6830,19,1,5,3.29,61.4,1,8.4,0,3,0,0,53.5,1
6831,21,2,1,5.86,50.7,1,5.0,0,3,2,2,49.6,1
6832,18,1,1,1.41,61.4,0,9.9,1,3,0,2,39.6,1
6833,20,1,6,7.46,54.9,1,9.7,0,3,0,2,85.2,1
6834,21,2,2,0.63,93.8,1,7.9,2,0,2,2,57.5,1
6835,17,2,6,7.65,99.3,0,9.7,2,3,2,0,96.8,-1
6836,23,0,3,5.82,50.4,1,8.7,1,0,2,1,90.9,1
6837,22,2,5,1.82,47.8,1,4.8,2,3,2,2,42.2,1
6838,17,1,1,1.45,49.9,1,7.4,2,0,0,0,44.4,1
6839,17,1,0,6.7,73.9,1,5.8,2,2,2,0,77.4,1
6840,23,0,5,0.32,92.9,1,5.9,1,0,0,2,70.0,1
6841,19,0,1,0.91,84.7,1,8.4,1,4,1,0,50.4,1
6842,23,0,2,5.38,65.3,1,7.8,0,4,2,2,76.7,1
6843,20,2,4,0.62,97.5,1,7.4,0,3,1,0,37.4,1
6844,19,2,2,4.33,72.3,1,9.9,2,0,1,2,68.9,1
6845,19,1,6,4.59,87.1,1,5.6,2,2,2,0,85.2,1
6846,22,2,4,0.14,70.0,0,9.2,1,4,1,2,31.8,1
6847,17,1,4,3.02,80.0,1,8.1,0,1,0,0,55.3,1
6848,20,0,3,0.23,62.6,1,4.2,1,2,1,1,33.5,1
6849,19,0,4,7.74,43.2,1,6.8,1,4,0,1,87.1,1
6850,18,0,6,1.72,76.8,1,4.9,1,2,1,1,28.6,1
6851,19,1,2,5.52,57.3,1,4.7,1,3,1,2,47.5,1
6852,21,0,1,5.39,73.0,1,8.2,2,2,2,0,88.5,1
6853,22,1,4,6.18,79.1,1,9.3,2,1,0,2,95.9,1
6854,17,2,2,2.68,67.1,1,8.1,1,2,2,1,68.9,1
6855,23,1,1,1.48,49.4,0,6.0,2,4,1,2,35.1,1
6856,24,0,2,4.24,88.3,1,4.3,1,4,0,2,70.0,1
6857,22,1,2,5.55,50.3,1,6.8,2,1,2,2,56.9,1
6858,24,1,3,6.04,47.8,1,5.2,0,1,1,2,56.4,1
6859,20,0,4,0.39,59.0,0,9.0,1,0,2,2,42.5,1
6860,23,2,2,6.02,43.5,1,6.1,1,1,1,0,51.9,1
6861,22,0,6,0.9,61.2,1,9.4,2,3,2,0,40.1,1
6862,21,2,5,4.2,85.5,1,4.7,1,0,0,2,70.3,1
6863,18,2,4,4.44,87.4,1,4.4,0,0,2,0,68.8,1
6864,21,0,2,1.02,67.4,1,4.1,2,3,2,2,32.8,1
6865,24,2,3,7.71,51.0,1,9.9,2,2,0,0,69.6,1
6866,24,0,6,5.1,98.4,1,6.8,2,1,1,0,83.1,1
6867,20,0,1,1.79,89.4,1,8.3,1,1,1,0,50.6,1
6868,18,2,3,0.41,40.6,1,4.6,0,0,0,2,38.2,1
6869,22,0,3,6.2,76.4,1,4.6,1,2,2,1,85.5,1
6870,17,2,4,6.73,96.7,1,5.6,2,3,2,0,91.5,1
6871,18,1,6,0.73,95.8,1,4.7,0,2,2,2,61.9,1
6872,21,0,2,2.06,64.0,1,4.3,1,1,1,1,54.6,1
6873,24,0,2,5.14,76.7,1,4.4,2,4,1,2,46.2,1
6874,19,1,2,3.35,77.0,0,6.6,2,2,2,0,50.6,1
6875,20,2,1,2.74,83.8,1,6.6,0,0,0,0,57.9,1
6876,19,1,0,3.4,96.5,0,7.0,1,0,1,0,81.3,1
6877,20,1,6,4.04,68.0,1,7.7,1,1,2,2,59.9,1
6878,17,1,3,1.48,43.7,1,5.7,0,2,2,2,23.8,1
6879,21,2,5,3.1,83.3,1,7.2,1,3,1,1,43.9,1
6880,21,1,4,0.56,96.8,0,9.9,1,0,1,1,76.0,-1
6881,19,1,6,0.08,92.2,0,7.9,2,4,2,2,19.599,-1
6882,19,2,0,7.8,41.5,1,8.9,2,0,1,2,97.9,1
6883,23,1,4,0.44,93.0,1,9.3,1,3,0,0,69.1,1
6884,18,1,1,0.35,48.8,1,5.3,2,2,0,2,22.5,1
6885,17,1,1,7.12,98.7,1,5.3,2,0,2,1,87.3,1
6886,17,0,6,7.81,84.5,0,5.3,2,1,2,2,82.3,-1
6887,24,1,2,6.76,47.6,1,6.4,1,3,2,2,72.9,1
6888,19,2,1,1.12,46.0,1,9.6,1,4,1,0,34.6,1
6889,17,1,0,5.12,56.7,1,9.2,1,0,1,1,73.5,1
6890,24,0,2,5.58,53.8,1,6.6,1,2,2,2,85.5,1
6891,18,1,5,6.17,40.6,1,6.8,2,1,1,2,66.2,1
6892,19,1,0,0.9,93.4,0,9.2,1,0,0,0,81.5,-1
6893,17,1,3,3.13,47.6,1,7.3,1,2,2,2,65.9,1
6894,22,2,0,2.21,99.4,1,6.3,0,1,2,0,50.8,1
6895,22,2,6,5.24,55.8,0,4.3,1,4,1,0,50.3,1
6896,23,1,0,2.75,74.5,1,6.6,2,0,1,0,52.0,1
6897,19,1,5,4.07,81.9,1,5.2,1,3,2,0,65.8,1
6898,19,2,4,5.01,58.1,1,4.3,1,0,1,1,61.3,1
6899,24,0,6,6.93,67.4,0,4.4,2,0,2,0,82.4,1
6900,23,1,4,7.37,86.4,1,7.5,0,3,1,2,89.4,1
6901,17,1,6,5.55,43.9,1,6.6,2,4,1,2,37.0,1
6902,22,0,4,1.25,61.7,1,9.0,1,2,0,2,66.6,1
6903,23,0,2,7.11,87.4,1,7.8,2,3,1,2,77.8,1
6904,21,0,1,1.64,59.9,1,4.4,2,1,1,0,35.8,1
6905,22,1,5,0.43,43.6,1,6.9,2,4,2,0,34.9,1
6906,17,0,2,3.5,51.3,1,7.6,1,0,1,2,70.1,1
6907,17,1,1,5.48,80.6,1,9.0,2,2,2,2,80.9,1
6908,17,0,5,1.19,98.0,1,9.8,2,4,0,1,65.3,1
6909,18,1,0,2.39,53.7,1,6.6,1,4,1,2,40.2,1
6910,24,1,1,0.64,71.1,1,5.5,1,3,2,0,52.9,1
6911,22,2,1,4.95,54.4,1,7.0,0,2,0,2,58.1,1
6912,23,0,0,5.67,95.4,1,5.3,1,1,1,1,74.1,1
6913,19,0,5,4.16,94.0,0,5.6,0,4,0,2,52.2,1
6914,24,1,3,3.56,63.5,1,4.9,0,1,1,2,62.7,1
6915,18,1,6,6.78,42.2,1,7.9,2,1,2,0,62.6,1
6916,24,2,5,3.35,76.5,1,8.2,0,3,2,2,54.4,1
6917,17,2,1,3.53,77.7,0,6.2,0,0,1,2,65.3,1
6918,17,0,1,4.62,77.1,1,4.1,0,3,0,2,66.7,1
6919,17,1,6,5.63,57.8,0,7.6,0,0,0,1,58.8,1
6920,23,0,6,6.22,41.4,1,5.4,2,4,2,0,57.7,1
6921,19,1,2,0.33,41.9,0,4.7,2,4,2,0,32.8,1
6922,20,1,0,6.81,86.7,1,7.0,2,2,0,0,88.4,1
6923,20,1,5,3.61,71.9,1,6.0,1,3,2,2,57.5,1
6924,23,0,6,7.25,56.3,1,6.3,1,1,0,0,81.7,1
6925,19,0,6,4.29,94.9,1,8.6,2,4,2,2,68.0,1
6926,17,0,1,3.81,93.1,1,9.3,0,3,2,2,76.7,1
6927,20,2,6,1.56,89.0,0,9.0,2,2,0,0,60.7,1
6928,19,1,5,3.76,77.3,1,7.5,0,0,0,2,61.5,1
6929,22,1,3,3.94,76.9,1,4.9,2,2,0,0,61.3,1
6930,23,2,0,7.16,71.8,1,6.2,1,1,1,2,89.3,1
6931,17,1,5,7.1,51.0,1,6.8,0,4,0,2,76.6,1
6932,23,1,5,3.89,83.6,1,7.3,2,2,1,2,43.6,1
6933,17,2,6,6.94,71.2,0,4.9,1,1,1,0,74.0,1
6934,21,1,3,6.84,72.8,0,5.8,1,1,1,1,70.7,1
6935,20,1,1,7.59,81.3,1,9.0,1,3,1,0,89.3,1
6936,19,2,6,2.89,62.3,1,9.9,1,2,0,1,70.5,1
6937,20,0,0,1.7,82.3,1,5.4,1,4,0,2,54.1,1
6938,19,1,5,7.55,54.9,1,8.5,2,2,2,2,72.6,1
6939,23,2,3,4.68,91.9,1,5.6,0,2,0,2,91.3,1
6940,24,1,4,3.73,99.2,1,4.9,2,0,2,0,64.0,1
6941,23,2,1,3.29,75.5,1,4.9,2,2,1,2,49.4,1
6942,20,0,1,0.68,62.9,1,9.0,1,3,2,2,27.6,1
6943,21,2,4,1.63,57.3,1,6.8,0,0,0,2,64.0,1
6944,20,2,1,2.33,93.6,1,7.8,1,3,0,1,64.8,1
6945,23,2,4,4.41,59.6,1,9.3,1,2,0,2,67.1,1
6946,21,1,6,4.13,88.8,1,7.6,2,4,2,2,48.3,1
6947,20,2,2,4.34,64.5,1,4.1,1,1,1,1,55.8,1
6948,20,1,6,0.61,92.8,1,7.7,2,0,1,2,62.4,1
6949,20,1,1,0.08,65.9,1,4.4,0,3,0,2,42.6,1
6950,21,0,2,3.71,74.7,1,6.7,0,0,1,0,62.4,1
6951,22,1,5,1.55,47.4,1,8.6,1,2,2,2,42.6,1
6952,20,0,1,7.13,98.5,1,9.0,1,4,1,1,100.0,1
6953,23,1,4,3.45,73.8,1,6.5,2,4,2,0,42.7,1
6954,23,0,2,2.82,77.2,1,7.5,2,2,2,0,56.8,1
6955,20,0,2,4.35,47.5,1,8.7,0,2,2,0,59.4,1
6956,24,0,1,5.03,81.4,1,5.8,1,1,2,0,90.0,1
6957,18,0,3,0.66,65.6,1,7.5,2,1,2,2,33.7,1
6958,24,2,0,5.93,65.4,1,5.3,2,2,2,2,90.2,1
6959,19,1,1,1.1,68.4,1,5.3,0,3,2,0,42.3,1
6960,21,2,5,3.09,72.2,1,5.5,0,1,0,0,45.2,1
6961,19,0,1,2.85,88.2,1,6.8,2,4,1,2,59.4,1
6962,20,0,2,4.55,60.5,1,4.6,2,4,0,2,69.4,1
6963,19,0,2,5.52,92.8,1,8.6,1,4,2,2,85.7,1
6964,22,1,6,6.41,46.6,1,5.9,2,0,2,0,77.3,1
6965,17,2,3,4.22,71.8,1,8.8,1,2,1,2,90.4,1
6966,23,1,6,1.24,80.7,1,4.7,2,3,0,2,49.4,1
6967,24,2,5,5.57,98.2,1,8.1,1,4,0,0,73.4,1
6968,21,1,1,3.83,63.9,1,9.6,1,3,2,2,56.2,1
6969,21,2,5,4.71,80.7,1,9.4,0,4,2,2,70.6,1
6970,22,0,3,3.55,87.2,1,9.4,1,4,1,2,64.6,1
6971,18,0,3,3.33,90.0,1,5.4,1,0,2,2,66.5,1
6972,22,2,3,5.61,95.0,1,7.1,2,3,1,1,82.0,1
6973,18,1,5,4.19,60.8,1,9.8,0,0,0,2,71.8,1
6974,22,0,1,6.94,90.5,1,4.7,1,3,0,0,100.0,1
6975,19,2,2,5.95,97.4,1,9.1,1,1,2,2,87.7,1
6976,22,1,5,3.81,68.2,1,7.9,2,1,0,0,66.6,1
6977,23,1,6,1.71,81.5,0,5.7,1,0,1,0,74.9,1
6978,18,0,4,0.14,59.4,1,5.4,0,3,2,2,38.7,1
6979,21,1,2,1.64,55.4,1,9.8,0,0,0,0,62.5,1
6980,20,2,2,2.25,56.7,1,4.3,0,4,1,2,46.0,1
6981,19,2,3,0.94,43.1,1,7.6,1,0,0,0,62.4,1
6982,21,1,6,5.35,74.7,0,6.0,2,3,2,1,67.7,1
6983,24,1,4,2.61,91.7,1,8.4,0,1,2,2,67.5,1
6984,17,2,0,0.24,57.2,1,9.2,0,1,2,0,48.1,1
6985,24,0,4,3.5,41.9,1,8.9,2,2,2,0,47.8,1
6986,23,2,1,6.27,57.0,1,9.0,0,0,0,2,77.0,1
6987,21,2,3,2.72,86.3,1,9.6,1,4,0,2,89.6,1
6988,21,0,6,7.22,66.9,1,8.8,1,1,0,2,91.1,1
6989,19,1,4,6.82,86.0,0,7.6,1,3,0,1,83.8,1
6990,18,0,2,7.12,53.0,1,5.4,2,0,0,0,83.5,1
6991,21,0,1,5.34,78.5,1,5.7,1,0,1,2,62.5,1
6992,23,0,2,6.45,83.9,1,5.1,1,3,1,2,83.8,1
6993,18,1,0,3.11,88.6,1,8.0,1,2,0,1,73.4,1
6994,22,1,1,5.55,81.0,1,4.4,0,4,1,0,44.8,1
6995,22,0,6,1.79,94.6,1,4.6,0,1,1,2,49.5,1
6996,23,0,0,1.64,47.6,1,7.1,1,2,0,0,41.8,1
6997,19,0,2,7.55,73.0,1,6.0,0,3,1,0,79.1,1
6998,20,1,3,4.39,67.0,1,9.5,0,0,0,2,75.0,1
6999,20,2,5,0.57,99.4,1,9.0,1,1,0,2,54.0,1
7000,23,2,4,1.58,73.0,1,6.4,0,0,0,0,63.6,1
7001,24,2,6,3.69,81.1,1,9.4,0,1,1,2,47.8,1
7002,20,2,0,6.77,95.1,1,7.5,2,0,1,2,77.7,1
7003,24,0,3,7.17,48.5,1,6.8,2,1,2,1,68.0,1
7004,21,1,3,0.91,60.4,1,8.9,1,2,1,0,45.5,1
7005,20,0,2,0.5,59.4,1,9.9,1,1,0,0,44.7,1
7006,17,0,2,0.97,47.0,1,8.4,2,3,1,2,19.599,1
7007,21,2,5,5.37,73.6,1,8.2,1,3,2,2,67.3,1
7008,22,1,0,4.26,58.4,1,8.7,1,2,0,2,79.1,1
7009,24,1,4,5.9,49.9,1,6.6,0,2,1,2,65.3,1
7010,22,1,6,4.75,41.3,1,8.5,0,1,2,1,67.3,1
7011,17,1,1,0.77,41.5,1,7.0,1,4,1,2,19.599,1
7012,21,0,5,2.06,63.4,1,9.4,1,2,0,0,68.9,1
7013,22,1,1,2.65,76.7,1,9.2,1,3,2,2,62.3,1
7014,20,1,5,5.66,52.8,0,4.6,0,0,1,1,62.3,1
7015,20,0,1,4.77,94.6,1,6.6,2,0,0,0,81.9,1
7016,23,2,0,7.57,52.6,1,8.2,0,2,0,2,87.3,1
7017,21,0,3,1.16,56.2,1,4.6,1,2,1,1,39.8,1
7018,22,1,3,7.51,58.2,1,6.0,0,4,0,1,66.6,1
7019,20,1,2,1.76,49.5,1,6.1,0,0,0,2,44.2,1
7020,19,2,5,2.75,99.4,1,8.0,0,2,2,0,71.5,1
7021,21,0,2,0.28,83.0,1,4.5,1,3,2,2,44.4,1
7022,24,0,6,2.37,58.0,1,9.1,0,4,0,1,44.0,1
7023,21,2,1,1.6,98.4,1,6.5,1,2,0,2,76.6,1
7024,22,0,4,1.74,78.1,1,4.1,1,0,2,0,59.3,1
7025,17,0,4,4.58,86.2,1,9.6,1,3,0,1,85.9,1
7026,24,2,3,6.25,60.6,1,7.7,0,4,2,2,84.6,1
7027,18,1,3,5.96,53.0,1,5.1,1,1,0,0,76.1,1
7028,24,0,2,6.63,67.0,1,9.0,2,3,0,0,72.6,1
7029,20,0,6,5.85,65.0,1,8.9,2,4,1,2,44.5,1
7030,24,1,2,7.81,99.1,1,9.2,1,1,1,1,86.4,1
7031,24,1,4,0.15,48.7,1,7.5,1,3,0,0,25.8,1
7032,23,2,2,7.9,48.1,1,7.6,0,1,0,2,66.0,1
7033,24,1,5,3.28,77.3,1,9.1,1,4,1,0,60.6,1
7034,21,0,0,3.82,73.7,0,7.8,0,1,0,2,43.2,1
7035,23,0,3,4.62,72.8,1,4.1,2,2,0,0,61.4,1
7036,18,1,2,0.08,64.7,1,8.0,0,2,0,1,43.6,1
7037,17,1,1,1.45,61.7,1,9.7,1,4,1,2,48.2,1
7038,21,0,3,3.57,45.2,0,7.2,1,2,1,1,59.3,1
7039,23,2,5,6.16,87.5,1,4.9,1,3,2,1,84.2,1
7040,23,0,4,6.96,66.8,1,9.9,0,0,2,2,96.2,1
7041,21,0,1,1.18,93.8,1,6.8,1,3,1,2,43.6,1
7042,21,0,4,2.1,69.7,1,6.0,0,3,2,2,41.1,1
7043,21,2,1,4.86,94.2,0,9.4,1,1,0,1,100.0,1
7044,23,2,3,2.89,95.4,1,8.1,0,1,0,0,78.0,1
7045,23,1,3,2.38,73.6,1,6.7,1,3,2,1,66.4,1
7046,17,0,1,3.07,87.8,1,6.2,1,0,1,1,53.7,1
7047,21,0,1,5.61,46.2,0,9.4,1,1,2,2,82.8,1
7048,20,1,3,1.59,47.0,1,5.9,1,0,0,2,34.8,1
7049,23,2,4,0.5,82.0,1,6.7,1,1,0,2,35.4,1
7050,21,1,6,0.08,43.1,1,6.4,0,1,1,0,31.1,1
7051,24,2,3,4.21,82.7,1,9.8,2,2,1,2,80.5,1
7052,20,1,3,2.0,53.8,0,9.3,0,0,0,1,46.4,1
7053,22,0,3,4.49,54.1,1,8.2,0,0,2,1,56.3,1
7054,17,2,6,7.05,61.6,1,7.5,2,4,2,0,64.6,1
7055,24,0,0,2.35,95.5,1,7.0,2,4,1,2,23.9,1
7056,18,1,0,1.47,82.6,1,4.6,0,4,1,0,42.5,1
7057,20,1,0,0.08,85.1,1,9.4,0,2,0,2,58.2,1
7058,23,0,4,7.85,87.0,1,9.9,1,3,2,2,91.1,1
7059,24,2,4,4.13,89.9,1,8.5,2,4,0,2,44.6,1
7060,20,0,3,6.42,50.2,1,5.7,1,1,1,2,59.9,1
7061,20,1,1,6.86,96.5,0,6.3,1,0,0,2,100.0,1
7062,17,2,4,7.91,63.8,1,8.9,1,4,0,1,100.0,1
7063,24,0,1,6.88,73.7,1,9.0,1,0,2,0,95.0,1
7064,17,1,6,2.35,88.6,1,5.8,0,0,2,0,62.6,1
7065,17,0,4,4.51,91.2,1,8.1,0,4,0,2,71.6,1
7066,20,1,3,7.7,70.4,1,9.7,1,1,1,1,96.7,1
7067,17,2,1,5.07,72.7,1,8.4,0,2,1,2,76.9,1
7068,18,2,5,6.15,64.6,0,6.4,1,4,1,0,56.3,1
7069,22,1,4,7.25,43.0,1,7.0,1,1,2,0,73.2,1
7070,22,0,6,4.91,78.9,0,8.6,1,2,0,2,79.3,1
7071,19,1,4,5.54,80.6,0,4.2,0,3,2,2,80.0,1
7072,23,0,5,4.71,68.4,1,9.2,2,3,0,1,76.8,1
7073,21,1,2,2.71,42.9,1,4.9,0,4,2,0,30.5,1
7074,18,2,2,1.99,74.0,1,9.3,1,2,0,1,70.9,1
7075,22,1,4,5.07,46.2,1,9.9,2,2,1,0,64.2,1
7076,21,2,2,7.85,67.2,0,4.3,0,2,2,2,81.0,1
7077,23,1,6,7.33,87.9,1,9.8,1,3,1,1,91.8,1
7078,18,1,6,1.68,53.6,1,5.4,0,4,0,2,54.4,1
7079,18,2,4,6.74,95.1,1,6.8,1,2,1,2,84.8,1
7080,19,2,5,0.17,82.5,1,4.5,0,2,0,2,57.7,1
7081,19,1,0,4.72,55.4,1,5.4,0,4,2,1,66.7,1
7082,24,1,6,7.44,53.8,1,5.5,1,0,2,2,89.1,1
7083,22,2,2,7.67,44.5,1,5.1,2,4,2,1,56.0,1
7084,21,2,0,4.82,92.4,1,9.1,0,1,2,1,82.0,1
7085,21,0,4,5.05,43.8,1,9.9,2,3,0,2,63.3,1
7086,24,1,5,3.12,77.6,1,5.8,2,2,1,2,33.8,1
7087,20,1,1,5.79,85.1,0,8.4,2,2,0,1,87.1,1
7088,18,1,5,1.97,55.3,0,4.9,1,2,1,2,37.8,1
7089,18,2,3,0.27,62.8,1,9.7,0,2,0,1,52.1,1
7090,19,1,6,6.68,57.6,1,8.2,0,0,0,0,100.0,1
7091,22,0,1,0.48,88.1,1,8.2,0,3,1,2,24.5,1
7092,20,2,4,5.32,99.4,1,5.5,2,1,2,2,61.3,1
7093,20,1,1,3.5,98.2,1,7.2,0,2,0,1,62.9,1
7094,20,2,2,0.35,44.2,0,6.4,0,1,1,0,19.599,-1
7095,24,2,4,1.28,80.7,1,9.2,1,1,2,0,58.0,1
7096,24,1,4,0.81,75.1,0,7.9,1,0,0,1,57.6,1
7097,18,1,0,1.72,95.8,1,5.7,1,2,2,0,46.8,1
7098,17,1,4,5.08,74.7,0,4.6,0,0,0,0,61.0,1
7099,18,1,6,4.56,67.4,1,8.8,0,3,0,0,44.4,1
7100,23,1,0,3.46,66.9,1,4.4,2,0,2,1,61.7,1
7101,20,2,3,6.74,91.2,1,6.8,2,2,0,1,79.2,1
7102,23,1,1,6.02,80.3,1,7.9,1,0,2,2,78.0,1
7103,22,1,3,5.46,44.4,1,7.6,1,1,0,2,62.9,1
7104,21,2,6,4.79,96.0,1,4.7,1,1,1,2,71.9,1
7105,19,1,4,5.57,80.7,0,7.9,2,4,0,2,66.3,1
7106,19,1,2,1.81,49.3,1,5.4,2,2,1,2,40.5,1
7107,18,1,5,2.08,68.2,1,7.3,1,3,1,2,52.3,1
7108,21,2,0,2.38,55.0,1,5.5,1,0,2,0,53.4,1
7109,19,2,2,5.93,75.5,1,6.3,2,1,0,0,60.5,1
7110,19,2,4,3.46,73.4,1,8.5,1,1,1,1,72.6,1
7111,17,2,0,7.68,98.2,0,5.5,0,1,2,1,97.3,-1
7112,23,1,6,0.32,43.3,1,9.1,2,2,2,0,19.599,1
7113,24,0,6,3.07,67.0,0,6.7,0,0,1,2,66.2,1
7114,20,0,4,1.24,51.0,1,9.9,1,3,2,2,51.4,1
7115,21,1,4,6.53,41.3,1,7.7,0,4,1,0,65.5,1
7116,24,2,0,3.84,86.7,1,5.0,2,3,1,0,59.7,1
7117,21,0,2,4.96,85.5,1,8.5,0,4,2,0,74.8,1
7118,21,2,2,4.78,96.1,1,7.7,2,4,0,2,87.6,1
7119,20,1,3,0.63,75.3,1,4.7,1,2,0,0,48.7,1
7120,21,2,0,6.27,55.3,1,4.4,0,1,0,1,39.0,1
7121,21,1,6,6.58,61.8,1,8.9,2,3,0,2,79.0,1
7122,22,1,0,4.86,76.3,1,6.9,2,0,2,0,80.7,1
7123,21,0,1,2.25,77.7,0,8.2,0,3,2,2,53.8,1
7124,21,1,5,5.79,42.6,1,7.0,0,4,0,2,57.8,1
7125,17,1,5,5.61,94.6,1,9.0,2,3,0,1,90.2,1
7126,24,2,0,7.3,95.6,0,5.0,2,4,0,2,86.1,1
7127,24,0,2,0.94,87.9,1,4.7,2,2,0,0,27.3,1
7128,18,0,2,7.28,55.0,1,6.3,2,1,0,0,69.7,1
7129,19,1,3,7.1,60.9,1,7.1,0,0,0,0,75.8,1
7130,24,2,6,2.38,82.1,1,7.7,0,0,2,1,65.0,1
7131,19,2,0,5.73,58.3,1,5.4,2,0,1,0,54.4,1
7132,23,2,2,2.11,63.3,1,8.5,0,1,2,1,65.5,1
7133,23,0,0,1.88,80.1,1,8.4,2,3,1,0,24.0,1
7134,23,0,2,5.13,42.0,1,6.9,1,2,0,0,91.7,1
7135,17,1,0,0.4,48.3,1,6.8,0,2,0,2,61.8,1
7136,20,1,3,0.77,42.2,1,8.3,1,3,1,0,26.6,1
7137,21,1,5,5.28,55.9,1,9.9,2,2,2,2,59.2,1
7138,23,0,2,7.61,68.9,1,6.3,1,3,2,0,91.9,1
7139,18,2,3,0.27,90.6,1,5.6,2,0,0,0,63.4,1
7140,19,2,1,0.18,50.7,1,6.9,2,4,0,2,19.599,1
7141,18,1,3,0.6,61.4,1,5.5,0,3,1,0,25.2,1
7142,23,1,6,0.08,40.6,1,4.4,1,2,1,0,42.4,1
7143,24,1,5,7.43,67.8,1,9.7,1,3,2,2,95.5,1
7144,18,1,5,3.79,41.5,1,6.1,1,2,2,2,54.7,1
7145,18,0,2,5.54,59.3,1,7.1,2,0,1,2,63.2,1
7146,19,2,5,3.33,89.9,1,4.6,1,0,0,0,94.9,1
7147,24,1,6,7.91,96.2,0,8.4,0,1,0,0,97.3,-1
7148,20,2,4,3.84,62.0,1,6.9,2,0,1,2,47.6,1
7149,19,0,5,7.51,57.0,1,5.1,1,0,2,2,90.3,1
7150,19,0,2,5.2,85.5,1,5.6,1,0,0,0,95.3,1
7151,21,2,5,7.58,81.9,1,7.7,0,1,0,2,81.6,1
7152,20,2,5,3.96,62.7,0,9.2,1,1,0,2,72.3,1
7153,18,2,1,7.03,94.3,1,4.6,1,1,1,2,84.6,1
7154,23,0,3,2.67,67.2,0,5.1,0,1,1,2,49.5,1
7155,20,1,0,5.29,96.2,0,9.2,0,3,2,0,92.1,1
7156,19,2,2,4.94,93.0,1,8.4,1,1,2,2,84.6,1
7157,22,2,2,3.89,96.9,1,9.6,1,2,1,0,86.1,1
7158,22,2,0,4.01,46.5,1,4.9,2,1,1,2,33.4,1
7159,18,0,2,1.36,56.0,1,7.9,0,4,2,2,40.7,1
7160,17,1,3,7.25,62.3,1,5.4,0,4,1,0,59.2,1
7161,17,1,2,3.63,84.6,1,5.8,1,0,1,2,59.7,1
7162,23,0,2,1.21,57.6,1,7.2,0,4,1,2,42.0,1
7163,22,0,4,5.63,52.4,1,6.3,1,2,0,0,74.7,1
7164,23,1,1,5.82,60.6,1,7.4,0,3,2,2,73.9,1
7165,22,2,0,0.36,58.7,1,6.3,2,0,1,0,30.7,1
7166,20,0,0,2.66,88.9,1,8.5,2,3,1,2,42.6,1
7167,21,1,3,4.67,99.4,1,5.4,2,4,2,2,88.6,1
7168,22,0,3,6.57,58.2,1,4.4,0,4,1,0,53.0,1
7169,20,2,2,2.48,43.1,1,8.7,2,0,2,0,44.6,1
7170,24,0,2,2.4,83.3,1,9.4,2,1,0,2,80.4,1
7171,24,2,3,5.89,68.8,1,8.9,1,2,2,0,80.7,1
7172,23,2,3,1.75,66.0,1,6.7,2,0,0,2,49.7,1
7173,24,0,5,7.17,61.1,1,6.7,2,3,2,2,67.4,1
7174,20,0,1,6.32,68.2,1,5.9,1,3,1,0,54.2,1
7175,17,1,2,7.14,48.2,1,6.8,0,0,1,1,67.6,1
7176,20,2,4,2.83,76.7,1,4.2,2,2,2,2,57.7,1
7177,22,2,6,1.33,95.8,0,8.0,2,0,1,1,47.8,1
7178,23,0,1,4.68,95.2,1,8.2,2,2,2,0,52.3,1
7179,20,1,2,1.52,84.3,1,8.9,1,4,1,0,39.0,1
7180,19,0,0,2.13,63.4,1,7.9,1,1,2,1,58.9,1
7181,20,2,3,3.2,95.3,1,5.1,0,4,0,2,62.6,1
7182,23,1,4,3.7,79.6,0,9.2,2,1,1,2,78.6,1
7183,17,0,2,2.58,70.2,0,6.3,1,1,2,0,42.3,1
7184,19,0,4,2.28,57.0,1,7.8,0,1,0,2,51.4,1
7185,18,0,0,1.97,85.3,1,5.3,1,2,1,2,50.0,1
7186,23,0,2,5.52,87.8,1,6.5,1,2,0,1,85.2,1
7187,20,2,6,2.45,73.5,1,7.8,1,0,2,2,51.7,1
7188,17,1,3,5.56,57.2,1,7.9,1,1,0,0,67.3,1
7189,19,0,0,5.94,63.3,1,5.8,0,1,0,2,83.8,1
7190,17,2,5,5.71,77.4,1,7.6,1,3,2,2,76.1,1
7191,20,2,5,7.32,53.4,1,4.1,1,4,0,2,88.9,1
7192,24,0,1,7.64,68.3,1,7.6,1,1,0,2,88.4,1
7193,21,2,6,1.17,42.5,1,9.4,2,2,1,2,36.6,1
7194,23,1,3,2.56,88.3,1,7.2,2,0,1,0,52.9,1
7195,22,0,1,6.3,62.9,1,6.6,1,0,0,0,86.5,1
7196,24,2,3,6.25,66.7,1,6.8,1,0,1,1,72.1,1
7197,19,0,1,0.57,93.1,1,4.5,2,2,0,2,47.8,1
7198,24,0,5,7.7,63.8,1,6.5,1,3,2,2,100.0,1
7199,18,0,1,6.85,68.5,1,9.0,2,1,1,2,73.1,1
7200,20,0,3,7.19,57.7,1,9.6,2,3,2,0,89.7,1
7201,22,2,2,1.64,88.4,1,5.1,1,3,1,1,56.8,1
7202,19,0,6,4.01,66.2,0,8.2,0,0,0,2,74.7,1
7203,19,1,0,3.52,68.9,1,7.1,0,4,1,0,41.1,1
7204,18,1,4,2.88,69.5,1,9.6,2,0,1,0,52.2,1
7205,17,2,0,1.82,80.6,1,6.7,0,1,2,1,59.9,1
7206,21,0,3,1.12,72.5,1,5.3,2,3,0,2,26.8,1
7207,24,1,3,6.96,66.1,1,4.3,1,3,0,1,78.1,1
7208,18,1,0,4.24,79.3,1,8.5,2,2,0,0,76.7,1
7209,20,1,3,4.81,78.2,1,8.3,0,2,0,1,79.6,1
7210,24,1,4,2.09,82.6,0,9.6,0,1,2,2,86.9,1
7211,23,2,1,7.48,68.2,1,4.4,2,0,2,2,86.2,1
7212,17,0,2,7.49,98.8,0,9.9,0,0,1,1,100.0,-1
7213,21,0,1,5.37,74.5,1,5.1,2,1,2,2,57.5,1
7214,18,1,0,2.56,87.9,1,7.4,1,3,0,2,61.7,1
7215,18,2,1,1.86,67.9,1,7.4,1,2,2,2,51.4,1
7216,18,2,1,4.76,60.2,1,4.2,0,2,1,0,60.7,1
7217,21,2,4,6.66,71.5,1,7.7,2,4,0,1,100.0,1
7218,18,0,4,7.74,74.6,1,6.0,2,3,0,0,79.5,1
7219,19,0,6,0.55,58.5,1,9.0,2,1,0,1,38.8,1
7220,18,1,5,2.67,85.3,1,7.2,2,3,2,1,50.1,1
7221,19,2,0,3.13,65.7,0,4.4,2,1,1,2,37.9,1
7222,22,2,6,2.95,79.6,1,7.4,2,4,0,2,40.0,1
7223,20,1,6,5.34,57.3,1,9.8,0,0,0,2,73.3,1
7224,19,0,1,4.38,69.1,1,8.9,0,3,0,1,63.0,1
7225,21,1,1,7.13,61.1,1,8.5,0,4,2,2,92.8,1
7226,21,0,6,1.78,65.1,1,9.4,1,4,1,2,35.7,1
7227,17,1,6,3.19,80.6,1,8.2,1,3,2,2,66.4,1
7228,24,2,5,4.33,49.4,1,5.0,0,4,2,0,57.4,1
7229,24,2,3,6.53,54.7,1,6.3,0,0,2,2,79.8,1
7230,21,2,6,6.59,61.6,1,4.6,1,0,1,2,67.9,1
7231,21,1,5,6.87,56.4,1,7.0,2,4,2,1,65.1,1
7232,22,1,5,4.15,50.5,1,5.5,0,3,2,1,24.4,1
7233,20,2,4,1.93,89.0,1,8.3,1,4,2,0,70.5,1
7234,19,1,1,5.81,49.7,0,4.5,0,3,1,2,60.4,1
7235,19,0,5,7.64,78.5,1,4.5,0,2,2,2,74.0,1
7236,18,2,6,2.28,67.1,1,9.7,1,1,2,1,69.1,1
7237,23,0,6,1.59,49.8,1,9.1,1,2,1,2,44.4,1
7238,19,1,4,0.18,57.8,1,6.1,2,1,0,0,34.8,1
7239,19,2,2,5.33,46.6,1,4.1,0,3,0,1,59.5,1
7240,24,2,5,4.36,45.8,1,5.7,2,2,1,2,42.6,1
7241,21,1,1,1.08,61.5,1,5.5,0,3,2,0,30.3,1
7242,21,0,1,1.6,85.3,1,8.5,2,3,1,1,56.8,1
7243,18,0,2,5.3,63.9,1,6.8,2,3,2,0,59.1,1
7244,19,0,1,3.49,74.1,1,7.4,0,3,2,2,52.8,1
7245,22,2,3,1.87,47.7,1,9.3,2,2,1,0,34.9,1
7246,20,2,1,4.85,92.9,1,6.5,2,4,2,2,69.6,1
7247,18,1,0,0.42,59.8,1,4.1,1,1,1,0,34.2,1
7248,23,2,3,0.13,51.4,1,9.7,2,2,0,0,46.4,1
7249,20,2,3,2.09,61.2,1,7.2,0,4,2,0,48.9,1
7250,22,1,0,2.32,98.2,1,4.7,1,2,0,1,71.1,1
7251,19,1,3,0.83,77.8,1,9.0,2,4,1,2,40.6,1
7252,21,0,6,0.92,47.3,0,5.2,2,1,0,2,37.6,1
7253,23,2,1,1.34,49.7,1,8.2,0,4,2,2,23.3,1
7254,24,2,2,5.8,85.8,1,6.0,1,3,0,0,80.2,1
7255,18,0,5,6.45,90.7,1,9.6,1,3,1,2,73.1,1
7256,22,1,2,1.45,44.9,1,7.4,1,2,1,1,33.4,1
7257,24,1,5,5.25,57.6,1,5.7,2,3,2,2,54.4,1
7258,22,2,0,1.87,42.8,0,6.2,0,3,1,2,30.2,1
7259,18,0,5,7.04,47.5,1,6.8,1,0,0,2,83.8,1
7260,18,0,1,2.15,48.3,1,9.4,1,0,1,2,50.2,1
7261,18,2,1,1.04,66.2,0,6.6,1,3,1,1,28.9,1
7262,17,1,0,3.51,40.8,1,7.5,1,4,0,1,46.3,1
7263,23,1,0,1.23,82.8,1,5.1,2,4,2,0,19.599,1
7264,24,2,5,1.59,64.2,1,5.1,1,1,0,2,43.9,1
7265,21,1,4,2.71,64.1,1,4.7,0,2,0,0,52.4,1
7266,21,2,6,5.29,97.7,1,5.1,1,1,1,2,74.2,1
7267,23,2,4,0.93,59.9,1,6.0,1,1,1,0,46.2,1
7268,20,1,1,2.27,42.5,1,5.9,0,4,0,0,50.4,1
7269,20,0,2,6.87,64.3,1,8.5,1,0,1,2,83.9,1
7270,21,2,1,2.19,68.0,1,7.8,2,3,1,2,36.0,1
7271,19,0,6,1.35,68.2,1,5.6,2,2,2,0,55.9,1
7272,17,1,5,4.27,67.8,1,5.5,2,1,1,0,49.7,1
7273,21,1,5,0.27,60.1,1,5.7,1,1,0,2,38.1,1
7274,23,1,1,6.43,72.8,1,6.3,1,4,0,1,84.7,1
7275,17,1,3,1.78,92.2,0,7.1,2,1,0,2,64.1,1
7276,18,1,4,1.06,61.5,0,8.1,0,1,1,0,43.8,1
7277,19,1,6,6.47,72.1,0,7.5,0,1,0,0,85.4,1
7278,23,2,4,6.74,90.9,1,5.9,2,4,2,2,75.2,1
7279,21,0,2,5.88,63.9,0,7.0,2,3,2,2,59.9,1
7280,21,1,5,1.88,48.2,1,9.2,1,3,1,2,68.3,1
7281,22,1,6,4.22,65.9,1,7.4,2,4,1,2,27.0,1
7282,19,1,2,7.75,70.3,1,4.6,0,3,0,2,79.3,1
7283,22,1,0,3.82,92.1,1,7.1,1,1,1,0,70.3,1
7284,17,2,6,7.6,91.2,1,9.8,2,3,0,2,87.1,1
7285,17,1,6,5.41,86.1,0,7.3,2,3,0,1,63.4,1
7286,23,0,6,6.76,63.0,1,4.8,1,4,1,2,63.5,1
7287,22,0,6,1.54,56.6,1,8.9,1,1,1,2,39.1,1
7288,18,1,2,7.41,66.5,1,5.7,2,4,1,1,74.2,1
7289,20,1,1,6.83,59.2,1,6.2,0,3,1,1,66.7,1
7290,17,1,3,6.28,98.8,1,9.8,0,2,1,0,83.9,1
7291,22,1,4,7.53,45.1,1,5.2,2,4,1,2,62.8,1
7292,23,2,0,6.31,70.3,1,6.2,0,3,1,1,51.0,1
7293,19,2,1,4.61,63.0,0,9.8,1,0,2,2,74.5,1
7294,19,0,1,5.19,86.3,1,9.4,0,1,2,2,68.6,1
7295,18,2,4,6.57,75.8,0,4.1,1,2,2,2,78.4,1
7296,20,2,6,5.99,43.6,1,8.7,1,3,2,2,57.7,1
7297,19,2,5,4.73,80.4,1,4.6,1,0,2,0,86.3,1
7298,18,1,1,4.78,69.6,1,7.5,2,4,1,2,45.7,1
7299,20,2,1,7.04,77.0,1,8.2,0,2,0,0,76.1,1
7300,23,0,1,0.08,45.5,0,7.0,0,3,0,2,26.9,-1
7301,23,0,5,5.74,70.6,1,9.9,0,0,1,0,75.5,1
7302,19,2,2,4.53,71.7,1,7.0,2,2,1,2,61.3,1
7303,24,0,4,6.71,48.8,1,4.8,1,3,1,2,79.7,1
7304,18,1,4,1.64,76.9,1,4.2,2,4,0,2,41.8,1
7305,24,1,4,4.2,94.5,1,8.0,2,4,0,0,74.2,1
7306,19,1,6,1.02,41.5,1,6.5,1,0,2,0,38.3,1
7307,21,1,4,5.27,55.2,1,8.1,2,2,2,2,49.5,1
7308,18,0,4,6.11,59.7,0,7.9,0,1,0,2,80.0,1
7309,23,2,3,4.99,72.7,1,6.3,2,0,0,2,89.7,1
7310,19,0,4,4.44,84.4,1,6.3,2,1,0,1,61.9,1
7311,23,0,0,2.75,79.7,1,6.9,0,3,1,2,48.5,1
7312,17,1,2,5.12,67.7,1,6.7,1,0,0,2,91.7,1
7313,21,0,2,7.2,97.6,1,5.3,1,4,2,2,96.6,1
7314,18,2,5,5.77,60.5,1,4.1,1,2,2,2,67.0,1
7315,24,1,4,0.18,87.0,1,9.0,1,3,0,2,66.7,1
7316,20,0,0,4.07,89.6,0,9.0,0,0,2,0,70.1,1
7317,22,2,5,5.89,46.1,1,8.4,1,4,2,2,69.9,1
7318,24,0,3,4.03,42.6,1,6.3,2,4,0,2,35.8,1
7319,21,0,1,4.73,99.2,1,7.1,2,4,0,0,72.4,1
7320,17,1,4,7.29,61.5,1,4.2,0,3,0,2,81.1,1
7321,18,2,0,6.99,80.1,1,9.7,2,3,2,2,75.2,1
7322,18,0,6,0.65,41.8,1,5.9,1,3,2,1,31.3,1
7323,24,1,5,4.08,85.8,1,8.1,2,4,0,1,66.8,1
7324,24,0,5,4.98,61.1,1,6.7,1,3,1,2,65.8,1
7325,20,2,4,6.82,74.9,1,4.4,0,0,0,0,81.4,1
7326,24,2,4,2.12,42.9,1,8.1,1,2,0,2,70.2,1
7327,18,1,5,1.12,46.5,1,5.5,0,3,2,0,32.4,1
7328,22,0,3,4.78,89.4,0,7.8,2,2,0,1,80.0,1
7329,20,2,5,3.74,73.2,0,9.0,2,1,1,2,41.3,1
7330,18,2,2,2.06,86.6,1,6.1,1,0,0,1,73.6,1
7331,19,0,4,7.54,49.7,0,9.2,2,4,1,2,56.0,1
7332,20,1,3,2.54,59.7,1,6.2,0,0,0,2,69.2,1
7333,19,2,2,0.44,91.1,1,6.2,0,1,0,2,52.0,1
7334,18,0,4,0.47,75.2,1,9.4,2,4,1,0,27.6,1
7335,19,0,2,1.61,80.1,1,8.3,0,1,1,0,46.9,1
7336,18,2,4,0.93,52.4,1,7.6,2,3,0,1,42.7,1
7337,24,0,3,3.16,73.3,1,4.8,0,3,0,0,55.6,1
7338,20,0,4,0.64,84.0,1,4.3,1,1,1,0,37.9,1
7339,17,1,4,4.49,50.4,1,8.3,0,2,2,1,66.6,1
7340,21,2,0,3.27,58.0,1,6.5,2,3,1,2,41.5,1
7341,24,0,4,4.78,40.6,1,4.4,2,2,0,0,66.5,1
7342,19,2,1,7.91,97.8,1,4.5,0,0,1,2,100.0,1
7343,23,1,5,7.91,93.7,1,4.1,1,2,2,2,82.0,1
7344,21,2,2,3.34,45.5,1,7.1,0,0,2,2,53.3,1
7345,22,0,2,2.94,89.9,1,8.7,1,1,2,2,93.6,1
7346,19,1,4,5.45,72.8,1,8.5,1,0,0,2,95.4,1
7347,17,1,2,2.94,97.9,1,5.6,1,4,0,0,77.6,1
7348,19,1,6,6.23,70.6,1,8.1,0,1,2,0,79.2,1
7349,24,1,2,4.81,52.4,1,9.7,0,3,1,2,61.6,1
7350,23,0,3,1.6,91.4,1,8.8,1,0,2,0,46.3,1
7351,23,2,6,3.32,96.3,1,6.5,0,2,1,2,70.1,1
7352,24,2,4,6.91,71.8,1,8.4,2,1,0,1,95.8,1
7353,19,2,4,4.43,64.5,1,5.0,2,1,1,0,38.3,1
7354,19,0,4,5.68,86.5,1,8.7,2,2,1,0,65.5,1
7355,24,0,4,5.68,45.0,1,5.3,2,2,2,2,56.6,1
7356,21,1,1,3.86,90.6,0,6.3,1,4,1,2,48.6,1
7357,19,1,0,2.36,91.6,1,7.6,2,1,2,2,50.5,1
7358,19,0,1,4.77,57.7,1,7.4,1,3,1,0,49.9,1
7359,24,2,1,0.9,40.7,1,7.4,1,4,0,0,44.3,1
7360,17,1,1,4.78,40.6,1,8.7,0,4,0,0,61.7,1
7361,17,1,4,0.82,98.7,1,5.4,0,4,1,0,40.2,1
7362,22,1,6,7.21,86.8,1,9.2,1,0,0,0,100.0,1
7363,17,1,3,5.95,61.5,1,4.2,0,1,0,0,70.3,1
7364,18,1,2,1.45,93.4,0,4.9,2,1,1,2,52.2,1
7365,24,1,4,6.28,93.5,1,9.8,2,4,2,2,74.4,1
7366,20,1,3,5.81,94.5,1,8.6,0,2,2,2,86.3,1
7367,22,0,5,5.83,70.1,1,4.9,2,4,1,2,71.7,1
7368,20,2,0,2.68,89.2,1,6.7,2,0,1,0,50.1,1
7369,17,1,3,4.18,42.3,1,4.1,1,3,1,2,58.3,1
7370,18,1,4,4.69,49.6,1,7.1,2,0,2,2,58.4,1
7371,23,2,4,3.02,77.9,1,9.9,1,2,2,2,88.5,1
7372,17,1,1,4.48,46.2,1,7.9,0,3,1,2,25.5,1
7373,21,2,4,1.95,42.6,1,7.7,1,0,0,0,49.8,1
7374,19,0,6,7.0,46.5,1,9.0,0,3,2,2,75.0,1
7375,19,2,2,7.68,67.3,1,7.5,1,1,2,2,90.1,1
7376,24,1,0,2.61,69.3,0,7.9,1,4,0,0,68.8,1
7377,21,1,3,2.74,95.6,1,5.8,1,1,0,2,68.1,1
7378,21,0,6,1.73,65.3,1,7.4,0,0,2,2,67.3,1
7379,19,1,6,6.92,70.9,1,8.4,1,1,2,2,93.7,1
7380,20,1,4,1.31,89.0,1,7.1,0,2,2,0,44.7,1
7381,22,2,3,6.39,88.9,1,6.4,0,2,2,2,95.8,1
7382,17,1,0,6.66,59.6,1,5.3,1,2,1,2,78.3,1
7383,18,0,3,2.53,83.5,1,5.5,1,4,2,2,64.4,1
7384,21,2,5,6.21,93.2,1,9.5,2,4,2,0,93.1,1
7385,21,1,3,3.62,89.4,1,4.8,1,0,2,1,57.5,1
7386,17,1,3,2.79,59.7,1,7.8,1,4,2,0,37.8,1
7387,23,0,5,7.15,84.4,1,8.4,1,3,0,0,100.0,1
7388,21,1,2,3.63,84.3,1,5.2,1,2,0,2,48.6,1
7389,18,2,6,0.44,54.5,1,5.0,2,3,1,2,19.6,1
7390,23,1,4,5.08,80.2,1,5.3,1,4,0,0,77.3,1
7391,24,1,4,5.26,45.3,0,7.3,2,4,2,2,49.4,1
7392,20,1,4,5.08,56.4,1,5.1,1,4,1,2,70.7,1
7393,19,1,4,2.88,41.7,1,5.7,2,1,2,0,39.4,1
7394,19,1,3,5.43,47.9,1,6.1,0,3,2,0,83.8,1
7395,21,0,0,2.33,46.4,1,4.2,0,4,0,1,29.1,1
7396,17,0,5,3.71,96.8,1,4.2,1,1,1,0,73.0,1
7397,20,0,1,1.73,49.8,1,4.1,1,2,1,1,46.8,1
7398,17,1,4,4.91,44.4,1,9.3,0,2,1,1,58.2,1
7399,17,1,3,6.48,85.0,1,9.5,1,3,1,0,89.7,1
7400,20,1,0,0.78,78.9,1,7.4,2,4,0,1,42.0,1
7401,22,1,5,0.22,78.2,1,4.3,1,4,0,2,30.0,1
7402,24,2,0,6.09,93.5,0,7.2,2,0,0,1,91.0,1
7403,17,1,4,2.58,80.0,1,9.3,2,3,1,2,66.5,1
7404,18,1,1,2.59,80.1,1,9.1,0,4,2,2,73.8,1
7405,20,0,1,4.52,67.4,1,7.5,0,0,2,2,62.3,1
7406,21,1,4,3.89,73.9,1,4.7,0,3,2,2,58.2,1
7407,24,0,6,0.97,86.0,1,6.1,0,1,0,1,65.5,1
7408,22,0,0,6.08,61.5,1,9.9,1,2,2,0,70.6,1
7409,21,2,2,1.41,42.2,1,9.0,1,1,1,2,41.3,1
7410,17,1,2,6.61,65.6,1,8.3,1,3,0,0,76.2,1
7411,17,1,3,6.11,62.6,1,5.9,0,1,0,2,83.4,1
7412,18,2,5,1.34,50.9,1,5.1,0,1,1,2,34.2,1
7413,22,0,4,6.07,82.5,1,6.6,1,0,2,2,82.4,1
7414,19,1,1,5.29,88.3,0,5.4,2,4,2,2,61.4,1
7415,18,0,5,7.85,49.5,1,6.0,1,3,0,2,94.2,1
7416,22,0,1,5.69,68.9,1,8.9,0,4,2,0,69.7,1
7417,23,2,3,3.12,59.6,1,5.0,1,0,1,0,49.2,1
7418,20,2,5,4.96,74.1,1,5.5,0,3,2,2,71.8,1
7419,24,0,5,5.29,45.6,1,5.5,0,3,0,0,63.8,1
7420,22,1,4,5.97,96.0,1,9.5,0,3,2,1,84.2,1
7421,22,2,0,3.75,43.8,1,4.6,1,0,0,2,59.8,1
7422,23,1,5,6.62,89.4,1,6.8,2,3,0,2,84.1,1
7423,18,2,0,2.3,51.7,1,9.6,1,3,1,0,56.1,1
7424,23,0,0,7.71,86.3,1,9.2,0,2,1,0,82.7,1
7425,24,0,3,2.48,56.9,1,8.0,1,2,2,1,49.7,1
7426,24,2,4,0.3,87.4,1,8.2,1,4,1,2,48.9,1
7427,21,0,1,1.6,94.9,1,8.2,2,0,0,0,63.4,1
7428,23,0,6,7.42,96.1,1,4.7,0,2,2,2,90.1,1
7429,24,1,6,6.32,91.8,1,4.4,2,4,0,2,68.2,1
7430,23,0,1,3.51,65.5,1,4.1,0,3,1,2,53.3,1
7431,24,1,1,7.24,65.7,1,6.9,1,1,1,0,71.2,1
7432,23,1,2,1.97,97.1,1,8.2,2,0,1,2,70.3,1
7433,20,1,0,1.87,93.5,0,6.9,2,4,1,2,57.8,1
7434,22,0,1,1.03,69.1,1,4.1,0,4,0,0,54.7,1
7435,20,2,6,3.54,63.9,1,8.2,0,0,1,2,82.6,1
7436,23,1,6,4.11,45.7,1,6.4,0,0,0,0,60.1,1
7437,23,1,5,1.16,61.7,1,8.8,0,4,1,0,50.4,1
7438,24,0,1,0.92,68.3,1,9.6,2,1,0,0,38.7,1
7439,21,1,4,3.12,89.8,1,6.8,1,1,2,0,53.3,1
7440,20,1,3,1.86,59.4,1,6.8,1,2,1,0,36.4,1
7441,18,0,1,4.59,58.2,1,6.4,2,0,0,1,58.3,1
7442,22,0,3,4.19,41.6,1,6.5,2,3,1,2,25.2,1
7443,21,1,1,1.3,42.4,1,7.7,2,4,0,2,53.3,1
7444,21,1,6,0.11,88.5,1,8.4,1,0,1,2,53.1,1
7445,22,1,1,5.16,49.8,1,6.4,0,2,2,0,75.3,1
7446,23,2,0,6.18,98.0,1,5.4,1,3,1,0,94.4,1
7447,18,0,1,3.91,43.6,1,4.6,0,1,0,2,44.1,1
7448,20,2,3,4.6,88.4,1,8.4,0,1,1,0,70.3,1
7449,22,1,4,7.69,46.9,1,6.5,1,4,1,2,59.4,1
7450,23,2,6,6.14,78.1,0,8.3,2,0,0,2,89.7,1
7451,23,1,0,2.67,85.4,1,6.2,1,1,0,2,71.9,1
7452,23,2,1,6.8,53.6,1,7.9,0,4,0,2,92.2,1
7453,23,2,2,4.39,73.7,1,6.6,1,4,1,2,61.9,1
7454,24,0,4,4.18,86.8,1,9.6,1,0,1,0,89.3,1
7455,21,2,6,5.53,50.2,1,6.9,1,4,2,0,59.8,1
7456,18,2,2,3.44,71.3,1,8.0,1,2,2,1,83.6,1
7457,21,2,6,7.05,72.0,0,7.4,2,0,2,2,90.4,1
7458,22,1,1,1.34,86.1,1,9.0,0,2,1,0,38.7,1
7459,17,1,6,3.38,61.7,1,8.3,2,1,0,2,44.4,1
7460,23,2,2,0.52,78.7,1,6.5,2,0,2,2,46.4,1
7461,21,2,6,5.64,97.0,1,4.9,1,1,2,0,84.4,1
7462,24,0,0,2.16,82.5,1,6.6,1,0,2,2,61.9,1
7463,18,1,1,3.4,41.1,1,9.5,0,3,2,1,52.1,1
7464,24,0,1,7.09,49.1,1,8.5,0,1,2,1,52.9,1
7465,20,0,2,1.49,63.9,1,6.5,2,2,2,2,31.9,1
7466,21,0,5,0.08,64.3,1,6.3,1,2,0,1,37.5,1
7467,22,0,2,4.62,59.8,1,4.3,0,1,0,0,72.2,1
7468,21,2,3,3.5,66.6,1,5.8,0,4,2,2,44.5,1
7469,24,0,6,0.44,96.6,1,7.9,0,3,1,1,26.0,1
7470,18,2,0,2.37,88.3,1,9.4,1,2,2,2,76.9,1
7471,22,1,5,1.91,48.3,1,8.0,0,0,2,1,59.7,1
7472,24,2,4,2.08,66.7,1,4.2,2,3,1,2,19.599,1
7473,18,2,5,6.32,80.9,1,6.0,1,0,1,2,84.9,1
7474,19,0,6,2.44,49.8,1,8.7,0,1,0,2,36.2,1
7475,20,0,2,3.92,43.0,1,9.0,0,1,2,2,51.1,1
7476,22,0,0,2.12,97.5,0,4.6,2,3,0,2,50.0,1
7477,24,0,0,7.6,87.1,0,5.6,2,2,1,0,94.4,1
7478,23,2,2,6.19,93.1,1,5.9,2,2,1,1,86.1,1
7479,23,1,2,3.39,86.9,1,9.4,0,0,1,0,65.1,1
7480,20,0,2,5.82,80.7,1,7.5,1,3,2,1,84.6,1
7481,22,2,6,2.52,85.9,1,5.1,0,4,2,0,48.1,1
7482,18,0,6,0.66,71.5,1,7.5,1,4,1,1,46.5,1
7483,20,0,4,3.44,55.4,1,8.4,2,3,0,2,52.7,1
7484,18,0,5,4.52,45.7,0,6.2,2,0,0,1,57.0,1
7485,17,0,0,2.79,75.9,1,9.6,2,0,1,2,69.6,1
7486,23,0,3,3.21,53.2,1,9.0,1,0,1,2,61.0,1
7487,23,2,6,5.72,89.4,1,7.7,1,0,1,0,100.0,1
7488,21,2,1,7.16,72.1,0,6.3,0,0,0,2,86.2,1
7489,17,2,1,7.15,99.4,1,4.1,0,1,2,2,92.4,1
7490,17,0,3,4.61,63.1,0,4.4,2,4,2,2,41.8,1
7491,17,2,1,5.04,65.2,1,8.8,2,4,0,2,71.6,1
7492,22,2,4,4.26,56.2,1,9.4,1,4,0,0,85.0,1
7493,18,1,4,2.97,57.2,1,4.7,1,3,2,2,58.3,1
7494,19,2,0,5.91,68.6,0,4.5,0,2,2,2,88.5,1
7495,23,2,2,0.89,43.9,1,8.1,1,4,1,0,23.7,1
7496,24,0,2,7.15,90.0,1,7.3,2,4,1,1,82.9,1
7497,23,2,3,2.27,45.9,1,6.2,1,4,0,2,46.4,1
7498,19,1,0,1.75,94.4,1,5.9,0,1,0,1,47.1,1
7499,21,2,2,2.19,63.9,1,5.5,2,1,2,2,40.1,1
7500,18,0,4,6.49,67.6,0,5.2,0,1,0,1,89.1,1
7501,23,2,6,2.15,97.9,1,5.4,2,3,1,2,46.7,1
7502,17,0,6,4.88,84.3,1,6.0,1,2,2,0,84.0,1
7503,22,0,2,2.75,56.7,1,7.1,2,1,0,1,39.5,1
7504,21,0,1,5.25,58.3,0,9.9,2,1,1,0,68.6,1
7505,23,0,3,4.73,49.0,1,4.2,1,3,0,2,62.3,1
7506,20,2,6,7.91,78.3,0,8.6,1,1,2,1,94.6,1
7507,18,2,4,2.49,79.7,1,4.6,0,4,0,2,56.5,1
7508,23,1,3,2.8,93.4,1,7.3,2,2,1,0,78.8,1
7509,22,0,6,1.59,57.0,1,5.1,1,0,0,0,70.4,1
7510,20,1,4,3.71,44.0,1,4.1,1,2,0,0,48.3,1
7511,19,1,6,6.7,53.2,1,4.8,1,2,2,0,79.4,1
7512,19,2,6,1.69,97.8,1,5.3,2,4,2,2,43.7,1
7513,20,2,6,7.69,99.3,0,5.8,2,0,0,2,99.0,-1
7514,19,2,3,0.11,61.2,1,5.1,1,0,2,2,40.3,1
7515,19,0,0,6.44,69.4,1,5.8,1,0,0,2,93.1,1
7516,19,0,2,5.53,90.8,1,5.8,0,0,1,2,94.9,1
7517,17,2,5,7.24,68.7,1,9.4,2,1,1,1,61.4,1
7518,24,1,1,4.17,97.5,0,8.6,0,0,0,0,82.7,1
7519,18,1,2,5.45,90.3,1,5.1,1,2,2,2,79.8,1
7520,18,0,5,0.4,84.5,1,7.9,1,1,0,2,47.2,1
7521,18,0,0,3.15,77.7,1,6.5,2,1,0,0,52.2,1
7522,24,0,3,6.17,52.4,1,6.8,0,3,2,2,54.9,1
7523,20,1,5,0.87,51.0,1,6.0,2,0,0,0,50.3,1
7524,19,0,0,6.26,92.0,1,7.9,1,1,2,2,74.1,1
7525,20,2,5,2.47,54.5,1,4.2,2,1,0,2,63.2,1
7526,17,1,4,2.82,54.6,1,6.3,1,3,1,1,45.3,1
7527,19,0,3,5.18,90.8,1,8.6,2,4,2,2,61.7,1
7528,18,1,1,0.63,42.8,1,9.9,1,4,2,1,28.2,1
7529,23,1,5,5.0,83.1,1,4.8,1,1,1,0,75.2,1
7530,17,0,1,7.31,77.0,0,6.0,2,1,2,2,73.7,1
7531,20,0,4,0.75,42.3,1,6.3,1,3,2,0,55.4,1
7532,23,0,5,2.02,50.9,1,7.3,0,1,2,1,39.0,1
7533,23,1,2,0.11,58.0,1,6.9,2,2,0,0,45.6,1
7534,21,0,0,4.14,53.6,1,9.0,1,4,0,2,63.6,1
7535,18,1,4,5.85,50.2,1,7.8,1,1,1,0,59.3,1
7536,19,0,1,7.41,91.2,0,8.9,0,1,2,0,99.4,-1
7537,18,2,2,2.94,95.5,0,8.3,0,4,1,2,74.0,1
7538,22,0,0,1.19,50.5,1,9.7,2,3,0,2,28.2,1
7539,19,2,3,0.23,74.7,1,8.4,1,1,0,1,36.3,1
7540,22,0,6,2.6,66.0,1,4.6,0,4,1,2,38.7,1
7541,22,2,5,4.1,62.6,1,8.1,1,2,1,0,34.1,1
7542,24,2,1,7.21,97.2,0,4.2,2,3,0,1,84.7,-1
7543,19,2,1,1.73,42.7,0,5.1,1,3,0,2,31.9,1
7544,24,0,1,6.25,98.5,1,9.6,0,2,0,0,90.2,1
7545,20,1,6,3.85,59.1,1,9.7,1,2,0,0,72.2,1
7546,22,0,0,6.94,74.2,1,4.6,0,0,1,2,97.0,1
7547,22,2,6,6.9,95.9,1,6.4,1,3,2,0,93.1,1
7548,23,0,2,6.86,78.7,1,9.9,2,4,2,0,99.3,1
7549,20,2,3,3.21,86.0,1,4.4,1,2,1,0,72.1,1
7550,23,2,2,2.77,45.8,1,9.5,0,0,2,2,60.8,1
7551,19,2,3,1.66,74.2,0,9.9,2,3,1,0,64.1,1
7552,20,0,2,1.83,58.6,1,9.3,0,1,2,2,52.3,1
7553,20,1,1,4.93,65.2,1,8.9,0,0,2,0,78.8,1
7554,22,0,1,7.7,54.2,1,7.4,2,4,1,1,74.2,1
7555,21,0,4,4.85,76.9,1,9.5,2,0,0,0,100.0,1
7556,17,2,4,3.3,72.2,1,4.6,2,0,0,2,64.7,1
7557,23,1,3,1.94,47.7,1,4.7,0,2,2,0,40.1,1
7558,23,1,1,5.22,83.8,1,8.1,1,3,0,2,64.9,1
7559,17,1,1,1.69,57.1,1,4.1,1,2,0,0,54.2,1
7560,24,0,0,0.75,75.2,1,7.8,1,4,2,0,37.6,1
7561,22,1,6,0.75,92.1,1,7.7,2,4,1,1,22.1,1
7562,17,0,4,6.8,63.9,1,7.7,0,1,2,2,74.4,1
7563,20,1,2,3.06,78.4,1,5.0,2,4,1,0,59.5,1
7564,23,2,2,7.52,91.7,1,9.5,1,0,1,0,100.0,1
7565,19,0,0,3.97,77.3,1,8.4,2,4,0,2,70.1,1
7566,24,2,1,5.53,99.0,1,5.7,2,1,0,2,88.9,1
7567,20,0,0,6.62,44.9,1,7.6,2,3,2,2,45.2,1
7568,18,1,6,7.0,61.8,0,6.4,0,3,1,0,63.1,1
7569,19,1,1,1.3,82.2,1,8.6,1,0,2,0,67.3,1
7570,21,2,4,1.73,69.3,1,7.0,0,4,1,0,29.9,1
7571,22,0,3,1.2,55.5,1,5.7,2,2,0,0,42.9,1
7572,24,2,4,3.56,60.1,1,8.9,2,0,1,0,52.3,1
7573,18,2,3,1.24,83.5,1,6.4,0,0,2,0,71.9,1
7574,24,0,3,5.21,87.2,1,9.9,1,2,2,2,70.4,1
7575,21,0,1,2.9,78.1,0,6.4,0,1,0,2,41.5,1
7576,18,1,6,7.71,93.3,0,7.4,0,2,1,1,100.0,-1
7577,24,1,1,6.53,71.3,1,6.4,1,2,2,1,85.4,1
7578,19,1,1,5.79,89.4,1,7.2,2,2,1,2,84.7,1
7579,21,1,2,5.51,46.4,1,9.9,1,2,1,2,60.7,1
7580,22,0,2,0.32,99.1,0,4.7,2,4,2,0,59.1,1
7581,17,2,0,0.67,92.5,0,8.9,2,4,0,2,56.8,-1
7582,18,0,5,3.46,93.6,1,9.3,0,4,1,2,61.4,1
7583,22,0,1,7.32,92.8,1,8.0,2,2,1,2,84.4,1
7584,19,2,2,0.75,90.5,1,7.0,0,3,0,2,48.5,1
7585,17,2,3,3.36,45.1,1,7.3,1,3,0,2,48.7,1
7586,17,1,3,6.35,94.6,1,8.1,1,3,1,2,82.5,1
7587,23,1,3,2.56,50.1,1,9.7,1,4,2,2,54.6,1
7588,18,0,2,7.44,92.1,1,6.1,0,1,2,1,86.4,1
7589,17,1,1,7.48,73.5,0,9.5,2,4,2,0,63.3,1
7590,21,1,0,0.46,57.0,1,5.7,1,1,0,0,51.4,1
7591,17,0,5,4.93,58.9,1,6.7,2,2,2,0,34.7,1
7592,22,0,4,1.16,56.2,1,6.6,2,3,0,2,19.599,1
7593,21,1,5,3.53,83.5,1,5.0,2,4,0,0,61.9,1
7594,22,1,3,7.18,84.1,1,5.1,0,1,1,2,75.4,1
7595,20,2,0,0.59,65.7,1,9.2,1,0,0,0,66.8,1
7596,23,0,3,7.5,65.6,1,9.9,0,3,0,2,85.6,1
7597,22,0,0,7.91,52.8,1,9.7,1,1,0,2,100.0,1
7598,20,1,1,5.36,63.9,0,5.3,1,0,2,1,68.0,1
7599,17,1,4,2.85,79.8,1,5.7,0,0,1,0,64.3,1
7600,19,0,0,2.01,77.5,1,4.8,1,2,2,0,70.5,1
7601,18,1,1,3.46,47.8,1,8.2,0,0,0,2,68.0,1
7602,17,1,4,1.44,83.9,1,4.1,1,3,0,2,63.1,1
7603,19,2,2,0.16,99.4,1,8.1,2,0,2,2,56.4,1
7604,18,2,2,0.5,88.7,0,5.6,0,3,0,2,55.7,1
7605,17,0,0,5.31,40.6,1,8.3,2,1,2,0,44.1,1
7606,19,1,4,0.17,89.3,1,5.1,2,4,0,2,41.8,1
7607,21,1,5,2.41,41.8,1,9.6,1,0,1,2,52.2,1
7608,18,0,3,5.41,48.1,1,4.7,0,2,1,0,54.2,1
7609,19,2,1,1.4,54.6,1,4.2,1,3,1,0,19.599,1
7610,17,0,0,2.66,69.5,1,4.7,0,0,1,0,61.3,1
7611,17,0,0,0.25,90.7,1,5.5,0,4,2,2,49.2,1
7612,18,1,0,0.9,88.8,1,8.1,2,4,1,0,50.7,1
7613,20,1,4,1.81,62.3,1,6.6,2,0,1,1,39.1,1
7614,22,1,5,1.01,68.4,1,6.8,2,3,0,2,30.1,1
7615,23,0,4,3.78,50.2,1,7.5,2,1,0,1,62.0,1
7616,22,1,0,1.02,97.1,0,8.1,0,3,2,2,47.2,1
7617,21,1,0,2.44,56.4,1,8.3,2,4,0,1,40.8,1
7618,24,0,2,5.79,52.3,1,6.5,0,2,1,2,66.8,1
7619,19,0,5,5.23,99.3,1,4.8,1,4,2,2,68.6,1
7620,23,2,6,3.06,52.7,1,4.6,1,1,0,0,47.8,1
7621,24,0,2,7.45,50.9,1,5.5,0,1,1,1,67.8,1
7622,21,1,2,6.3,99.0,1,5.0,2,1,0,1,93.5,1
7623,23,2,1,4.86,44.6,1,6.3,0,2,2,0,52.1,1
7624,18,2,5,3.49,42.0,1,9.9,2,3,2,0,43.4,1
7625,24,2,1,0.48,67.4,1,5.8,1,1,2,2,57.2,1
7626,21,2,2,3.3,57.8,1,9.7,1,2,0,1,69.5,1
7627,18,0,0,4.36,92.2,1,7.9,2,1,1,0,66.5,1
7628,17,2,0,7.91,84.1,1,4.3,1,2,1,2,95.8,1
7629,22,2,0,7.61,72.4,1,8.5,1,1,2,0,85.0,1
7630,20,0,3,0.9,40.6,1,8.3,1,0,1,2,56.9,1
7631,19,2,1,7.83,55.9,0,8.2,1,3,2,0,90.2,1
7632,20,2,2,6.04,93.4,0,4.8,1,1,1,2,79.2,1
7633,24,2,2,5.46,54.9,1,4.1,1,0,2,1,70.1,1
7634,20,0,5,7.23,41.7,1,9.0,0,4,1,1,58.1,1
7635,17,0,4,2.6,53.9,1,8.5,1,3,2,1,53.4,1
7636,19,2,1,3.19,85.4,1,7.5,0,4,1,0,57.1,1
7637,18,2,6,6.97,91.6,1,8.6,0,3,0,0,88.0,1
7638,22,1,3,0.83,57.1,1,7.5,2,2,2,0,46.3,1
7639,23,1,5,5.67,53.9,1,7.6,0,4,1,2,61.0,1
7640,23,2,5,6.48,90.2,1,9.8,1,2,1,2,97.3,1
7641,22,1,0,7.08,51.8,1,4.9,1,4,0,1,75.9,1
7642,23,2,4,1.75,61.8,1,5.8,1,3,2,2,54.8,1
7643,20,1,4,5.43,62.8,1,4.7,0,0,2,2,70.8,1
7644,22,2,3,0.69,63.8,1,5.4,1,3,1,0,41.9,1
7645,17,2,4,6.89,44.5,1,9.1,0,2,2,2,58.9,1
7646,21,1,0,3.85,90.6,1,8.3,1,3,0,2,73.2,1
7647,21,1,2,4.99,52.9,0,7.4,1,1,2,2,65.5,1
7648,17,2,2,6.81,62.0,1,5.3,1,2,2,0,87.7,1
7649,21,1,3,4.05,78.2,1,6.9,0,3,1,2,57.4,1
7650,22,1,6,4.07,88.2,1,7.4,2,1,2,2,58.7,1
7651,19,2,1,3.72,75.2,0,4.8,2,2,0,2,64.2,1
7652,21,2,4,4.81,61.7,1,4.4,1,0,1,1,65.2,1
7653,19,1,1,5.74,40.6,1,5.1,1,1,2,2,75.9,1
7654,19,0,4,6.44,69.7,1,8.8,1,4,2,0,85.5,1
7655,18,0,1,0.24,73.7,1,7.4,1,2,2,0,48.7,1
7656,19,0,3,2.78,61.6,0,7.9,1,3,2,2,48.5,1
7657,23,0,5,3.46,77.8,0,4.6,0,3,0,1,47.6,1
7658,24,0,0,0.79,87.3,1,5.9,1,2,1,2,46.1,1
7659,22,1,6,6.01,42.1,1,5.4,1,0,2,1,79.5,1
7660,21,1,2,4.18,88.7,1,8.7,0,4,0,2,78.6,1
7661,21,2,2,0.08,75.4,1,4.9,1,3,2,1,44.4,1
7662,20,1,1,5.05,59.5,1,5.6,0,1,1,2,55.5,1
7663,20,2,1,2.71,81.6,1,8.2,2,0,0,2,75.4,1
7664,21,1,0,5.81,82.2,1,7.9,2,3,1,2,63.3,1
7665,23,2,6,1.44,85.5,1,9.2,0,1,2,2,43.7,1
7666,20,0,1,0.08,64.8,1,9.1,2,4,0,2,28.2,1
7667,21,2,0,0.69,74.6,1,9.0,2,4,1,2,36.5,1
7668,20,2,2,3.52,68.6,1,8.5,1,1,1,0,61.4,1
7669,19,0,5,5.98,61.8,0,4.9,0,3,1,1,75.8,1
7670,19,2,3,4.83,47.8,0,7.3,1,4,2,2,71.9,1
7671,17,0,2,0.12,95.1,0,4.7,0,2,1,0,31.1,-1
7672,20,2,3,4.73,47.6,1,7.0,2,1,0,2,50.7,1
7673,22,2,1,3.86,78.9,0,8.7,2,1,1,1,56.7,1
7674,22,2,0,6.37,64.0,0,7.1,2,2,1,2,54.7,1
7675,24,2,1,2.05,89.3,1,6.1,1,4,2,1,52.9,1
7676,17,0,5,5.75,68.3,1,9.9,2,0,0,2,87.2,1
7677,23,1,2,5.05,51.2,1,5.9,0,2,1,0,62.4,1
7678,23,0,4,4.98,49.0,1,5.1,2,0,2,2,63.9,1
7679,20,1,5,3.24,63.5,1,7.1,1,0,1,1,63.6,1
7680,19,0,2,0.1,72.1,0,6.7,1,2,1,2,55.7,1
7681,19,2,6,1.5,77.8,1,6.1,2,4,1,2,23.0,1
7682,22,1,5,6.75,90.9,1,5.6,0,3,2,2,91.2,1
7683,23,2,1,4.93,62.5,0,9.9,0,0,0,2,85.0,1
7684,22,0,3,4.63,86.9,1,6.2,0,4,2,2,69.5,1
7685,21,1,4,4.21,53.5,1,7.3,1,4,0,2,64.1,1
7686,22,2,3,0.62,92.7,0,4.5,2,2,2,2,43.7,1
7687,17,1,5,2.78,45.8,1,6.8,1,2,0,0,37.3,1
7688,21,0,6,4.95,88.2,1,7.0,2,3,2,2,63.9,1
7689,17,0,0,1.0,56.1,1,6.1,0,4,1,0,38.0,1
7690,24,2,2,7.37,79.4,1,4.2,0,3,1,2,61.0,1
7691,24,0,3,0.58,72.6,1,7.2,1,3,1,2,52.6,1
7692,21,1,4,5.44,74.7,1,4.3,0,3,1,2,66.8,1
7693,19,0,5,2.41,98.8,1,5.3,2,1,0,2,74.9,1
7694,22,2,1,6.91,75.9,1,9.6,0,1,2,2,81.8,1
7695,22,2,6,6.61,52.9,1,6.1,2,2,1,2,63.5,1
7696,22,1,2,2.67,64.6,0,6.5,2,2,1,0,41.6,1
7697,21,0,4,3.7,45.8,1,7.2,0,4,2,2,36.0,1
7698,18,2,3,7.67,60.1,1,9.3,0,3,0,2,88.0,1
7699,17,1,4,4.86,57.6,1,5.6,0,0,2,2,73.9,1
7700,19,1,1,0.08,78.6,1,9.7,2,4,1,2,53.7,1
7701,21,2,6,6.22,94.8,1,8.5,0,2,0,2,91.1,1
7702,20,0,2,2.89,56.9,1,4.8,1,0,1,2,46.2,1
7703,21,0,5,2.21,90.9,1,8.5,1,4,0,0,64.3,1
7704,19,0,3,6.66,92.6,1,8.4,0,4,0,2,85.0,1
7705,24,0,3,7.74,78.0,0,7.7,2,4,0,2,100.0,1
7706,19,1,0,0.5,81.9,1,6.4,1,4,2,0,39.6,1
7707,23,2,0,3.12,87.9,1,8.8,2,4,1,2,63.4,1
7708,20,0,3,2.24,62.3,1,9.2,1,3,2,0,58.2,1
7709,20,0,0,7.18,99.2,0,4.4,2,0,0,2,100.0,-1
7710,21,1,2,6.94,62.9,1,6.2,1,1,2,0,76.4,1
7711,19,1,0,7.21,45.1,1,7.2,1,1,0,0,69.1,1
7712,18,0,0,0.34,84.0,1,9.9,0,1,0,2,71.9,1
7713,20,1,5,0.4,60.1,1,7.0,1,4,1,1,39.8,1
7714,23,2,3,4.41,41.7,1,5.9,2,3,2,2,62.4,1
7715,18,2,3,1.34,50.7,1,4.6,2,1,0,0,50.9,1
7716,20,1,3,0.9,62.2,1,7.7,0,0,1,0,39.3,1
7717,22,1,0,2.08,52.8,1,8.8,1,2,2,2,60.2,1
7718,22,0,5,5.68,48.2,1,9.9,0,3,1,2,70.3,1
7719,20,1,4,5.37,49.8,0,7.8,1,4,0,2,70.7,1
7720,17,2,6,6.28,77.6,1,7.7,0,3,1,1,82.2,1
7721,17,1,3,0.5,47.7,1,7.4,1,2,1,2,49.2,1
7722,20,0,2,6.13,87.0,1,8.6,1,3,0,2,83.1,1
7723,23,1,4,3.92,90.5,1,7.0,0,3,1,0,80.2,1
7724,17,2,0,2.5,83.4,1,5.7,1,0,0,2,73.9,1
7725,24,1,2,4.88,54.7,0,6.1,2,3,2,0,52.7,1
7726,22,0,5,6.4,74.6,1,8.2,1,0,1,0,84.9,1
7727,17,2,4,0.83,43.7,1,8.9,1,2,0,0,35.5,1
7728,19,0,4,6.46,96.6,1,7.7,0,0,1,1,100.0,1
7729,18,1,4,4.56,40.6,0,8.4,0,2,1,2,54.2,1
7730,24,1,6,4.96,53.3,0,4.1,1,1,2,2,50.3,1
7731,21,0,4,7.03,45.0,0,9.8,2,2,1,2,77.8,1
7732,19,1,4,5.68,99.4,1,5.1,0,4,0,1,69.9,1
7733,19,0,5,4.67,42.4,1,5.6,1,4,0,1,56.1,1
7734,21,0,5,2.69,40.6,1,5.6,0,4,1,2,35.7,1
7735,17,0,4,4.08,46.0,1,5.7,1,2,0,1,41.6,1
7736,19,2,2,6.69,92.9,1,5.1,1,4,0,1,96.5,1
7737,18,2,0,7.91,64.0,1,4.1,2,2,0,0,83.3,1
7738,21,1,1,6.05,96.7,0,9.7,1,1,1,2,76.7,1
7739,22,2,6,6.32,97.6,0,6.5,0,1,1,2,100.0,1
7740,20,2,4,5.6,83.6,1,4.9,0,0,2,2,73.4,1
7741,18,1,3,6.14,50.1,1,6.7,2,3,0,2,43.5,1
7742,19,0,3,1.95,98.3,1,7.4,2,3,0,0,54.1,1
7743,23,0,4,3.39,66.3,1,8.5,0,4,1,2,46.1,1
7744,18,0,5,4.45,67.9,1,7.1,2,1,2,0,61.3,1
7745,18,0,1,4.4,78.2,1,7.9,2,3,2,2,54.9,1
7746,17,2,6,4.78,83.0,1,5.2,2,1,0,1,66.0,1
7747,23,0,5,7.79,97.7,1,9.2,1,0,1,1,100.0,1
7748,17,2,1,6.84,98.3,1,9.1,2,2,1,2,83.7,1
7749,21,0,4,6.62,64.8,0,4.5,1,0,0,2,79.7,1
7750,24,0,0,6.64,48.5,1,6.2,0,0,2,0,77.8,1
7751,22,1,0,6.35,94.9,1,9.0,2,4,0,2,79.5,1
7752,20,1,6,5.43,47.1,0,5.7,0,0,0,1,77.5,1
7753,18,0,1,2.05,73.2,1,4.6,0,1,0,0,40.7,1
7754,17,1,5,6.85,50.0,1,4.3,0,3,0,2,66.5,1
7755,18,2,4,2.24,61.5,1,5.2,0,1,2,1,48.5,1
7756,24,1,5,5.8,71.8,1,5.3,0,3,2,2,72.9,1
7757,18,1,5,0.89,82.3,1,8.5,1,2,1,2,62.3,1
7758,17,2,4,4.38,98.5,0,4.1,1,1,2,1,67.3,-1
7759,23,1,1,2.55,95.1,1,7.3,0,4,1,1,42.6,1
7760,20,1,6,5.64,71.2,0,9.5,0,0,0,2,100.0,1
7761,19,1,4,6.84,58.7,1,9.6,2,4,1,2,57.5,1
7762,22,2,0,0.12,72.2,1,7.6,1,1,0,0,43.0,1
7763,21,2,1,0.91,62.0,1,6.4,1,2,1,2,47.6,1
7764,24,1,2,7.4,67.6,0,6.0,2,3,0,2,78.7,1
7765,20,0,0,1.91,94.9,1,7.2,0,0,1,1,63.7,1
7766,22,0,2,5.85,70.9,1,9.1,2,2,0,2,68.3,1
7767,24,2,6,6.5,42.5,1,5.4,2,3,2,1,51.2,1
7768,20,0,3,5.92,81.0,1,5.1,2,1,0,1,74.7,1
7769,19,0,4,0.26,56.9,0,5.1,0,2,2,1,41.6,1
7770,24,0,5,5.88,52.8,1,7.0,2,2,1,2,52.0,1
7771,18,1,6,7.69,86.0,1,6.1,0,3,1,2,80.1,1
7772,17,0,3,2.95,49.9,0,9.6,1,3,1,0,50.0,1
7773,21,0,2,5.68,76.6,1,6.4,0,4,0,0,70.7,1
7774,24,2,4,2.21,89.0,1,8.0,0,2,0,2,53.7,1
7775,17,0,6,7.91,58.0,1,9.1,2,4,2,2,81.0,1
7776,23,2,0,1.67,68.3,1,8.9,0,0,0,2,51.5,1
7777,23,0,2,2.44,74.7,0,5.1,1,4,0,2,66.2,1
7778,24,2,5,1.34,78.5,1,8.4,2,3,0,0,40.3,1
7779,20,2,4,7.64,98.3,1,7.8,2,0,1,2,100.0,1
7780,19,1,1,4.57,93.3,1,6.7,2,3,2,0,70.7,1
7781,21,0,2,1.98,52.5,1,9.0,0,4,2,2,29.8,1
7782,18,2,3,1.08,72.7,1,6.2,2,0,0,0,49.6,1
7783,23,0,1,7.0,49.5,1,4.4,1,4,0,1,73.5,1
7784,22,2,1,0.5,43.6,1,4.1,0,3,0,1,27.5,1
7785,20,0,0,5.15,62.1,1,7.8,2,1,2,1,77.4,1
7786,21,2,3,4.88,59.2,1,6.8,0,3,2,2,78.3,1
7787,22,0,5,6.17,74.2,1,8.6,0,1,2,2,74.4,1
7788,21,0,3,5.45,78.5,1,9.4,0,3,2,1,90.5,1
7789,23,1,5,6.69,63.1,1,7.8,2,2,0,0,72.3,1
7790,24,1,4,0.3,92.0,1,7.3,2,0,2,2,38.9,1
7791,24,1,0,3.44,90.5,0,5.1,2,1,2,0,66.6,1
7792,21,2,3,0.65,83.3,0,7.4,2,1,2,0,36.0,1
7793,22,0,2,3.24,61.0,0,7.0,1,4,2,2,62.4,1
7794,19,0,6,4.49,54.5,1,7.6,0,2,1,2,62.4,1
7795,17,0,0,4.75,47.0,1,6.9,0,3,1,2,46.7,1
7796,20,0,6,7.4,55.0,1,7.4,0,2,1,2,80.9,1
7797,23,2,4,7.37,97.5,1,8.5,0,3,0,2,100.0,1
7798,18,0,0,2.48,65.1,1,9.3,1,4,2,0,54.7,1
7799,21,0,3,5.59,64.9,1,7.1,0,0,1,1,76.7,1
7800,18,0,2,5.7,68.2,1,9.2,1,1,0,1,76.6,1
7801,20,0,4,7.66,78.9,1,7.6,0,3,2,0,93.2,1
7802,18,0,2,0.67,95.2,0,6.1,1,4,0,2,44.4,1
7803,22,1,4,4.94,46.8,1,6.2,2,2,1,2,54.4,1
7804,23,2,1,3.26,89.2,0,8.6,1,1,0,0,67.2,1
7805,23,0,2,2.78,66.9,1,6.9,1,4,2,0,51.8,1
7806,22,0,1,4.94,56.5,1,8.7,0,4,1,1,40.0,1
7807,18,0,2,2.24,72.6,1,7.4,2,1,1,1,32.7,1
7808,21,0,6,0.29,72.4,0,4.3,0,1,1,0,19.599,-1
7809,17,2,6,6.22,48.0,0,6.9,1,1,2,2,66.0,1
7810,19,1,6,0.69,45.8,1,7.0,2,3,1,2,25.8,1
7811,21,1,5,2.63,77.6,1,8.3,0,4,1,2,42.4,1
7812,22,2,1,4.76,84.1,1,8.8,1,4,1,0,60.5,1
7813,17,2,5,4.99,76.9,0,4.7,0,4,0,2,61.2,1
7814,23,0,5,5.33,61.2,0,7.7,1,2,2,2,77.6,1
7815,20,0,1,7.91,73.4,1,8.2,2,2,0,2,76.1,1
7816,24,0,5,3.21,94.4,1,9.0,0,0,2,2,72.1,1
7817,21,2,6,1.1,95.4,1,7.0,0,0,0,2,78.4,1
7818,21,0,0,1.1,53.9,0,4.2,1,0,1,0,39.1,1
7819,22,2,4,4.08,45.7,1,4.5,2,0,2,1,60.2,1
7820,23,0,6,3.07,79.2,1,6.6,2,4,1,0,35.9,1
7821,18,0,1,7.31,50.5,1,8.3,1,3,0,0,99.1,1
7822,21,2,6,4.09,88.1,1,9.7,1,0,0,2,66.5,1
7823,17,0,0,3.62,56.8,1,6.2,0,2,0,2,35.5,1
7824,20,1,6,6.9,49.0,1,7.8,2,3,1,2,66.4,1
7825,23,1,1,6.37,89.0,1,8.3,0,2,1,1,80.2,1
7826,23,2,5,5.71,52.5,1,4.4,1,0,2,0,74.6,1
7827,19,0,3,4.22,40.6,0,7.1,0,1,1,2,41.0,1
7828,20,1,0,1.88,89.3,0,4.5,0,3,1,0,52.6,1
7829,21,2,3,4.54,45.6,1,6.8,2,4,2,2,33.6,1
7830,20,2,1,0.93,65.2,1,9.3,1,1,1,1,55.8,1
7831,18,0,4,4.29,63.7,1,8.8,2,0,1,2,82.7,1
7832,19,0,6,6.81,48.6,1,8.1,2,1,2,1,47.4,1
7833,20,2,4,4.12,42.1,1,9.4,0,1,0,2,66.0,1
7834,21,1,1,0.55,45.1,1,5.8,0,1,0,0,52.4,1
7835,24,1,4,0.25,65.7,1,6.7,1,4,0,2,47.0,1
7836,21,0,3,6.88,97.4,1,5.7,0,4,1,2,75.1,1
7837,20,0,6,1.79,83.5,1,6.0,0,2,0,1,48.8,1
7838,22,1,1,4.21,82.9,1,8.0,1,0,2,2,84.6,1
7839,23,1,3,6.21,80.2,1,8.1,1,1,1,1,86.5,1
7840,20,2,3,2.03,86.1,0,4.7,1,2,0,2,53.0,1
7841,20,0,6,5.9,71.8,1,9.1,1,0,1,2,93.6,1
7842,18,2,2,0.6,99.1,1,5.5,2,2,0,1,52.4,1
7843,23,0,4,5.99,76.5,1,5.4,2,2,2,1,48.0,1
7844,23,0,5,0.51,77.9,1,6.1,1,0,1,2,55.5,1
7845,18,0,0,2.22,41.3,0,6.3,2,3,0,1,19.599,-1
7846,19,0,3,2.05,85.3,1,7.9,1,0,0,2,67.9,1
7847,19,2,0,7.13,61.4,1,8.1,2,4,2,2,83.5,1
7848,24,2,0,4.28,86.4,1,8.1,1,1,1,2,73.9,1
7849,17,2,6,6.74,90.8,1,7.2,2,0,1,0,76.3,1
7850,18,2,0,4.66,41.3,1,5.4,0,0,1,1,63.2,1
7851,19,1,1,6.46,63.1,1,5.5,2,0,1,2,65.3,1
7852,21,0,4,4.41,94.3,0,9.7,0,0,0,1,98.2,1
7853,18,2,3,3.6,47.7,0,5.0,2,2,0,2,42.6,1
7854,21,0,5,5.26,84.7,1,6.7,2,0,0,1,75.4,1
7855,22,0,2,2.29,59.4,0,8.9,2,4,1,2,42.0,1
7856,23,1,6,7.35,70.6,1,7.1,1,3,0,2,100.0,1
7857,17,1,4,7.27,94.2,1,9.7,0,1,0,2,98.2,1
7858,18,2,5,0.58,78.0,1,9.8,0,2,1,2,50.7,1
7859,17,1,0,7.33,66.0,1,9.0,0,0,1,2,86.3,1
7860,24,0,3,1.45,81.8,1,6.4,2,0,2,1,65.5,1
7861,22,0,0,5.45,53.4,1,9.1,1,0,0,2,66.6,1
7862,21,2,5,6.58,40.7,1,8.2,1,0,1,0,61.9,1
7863,23,2,2,1.93,77.1,0,9.3,1,3,2,0,49.0,1
7864,21,0,3,0.9,91.7,1,5.5,1,0,2,1,69.8,1
7865,18,1,1,6.05,82.0,1,4.6,0,4,2,0,76.3,1
7866,21,0,4,3.54,71.2,1,7.3,1,0,0,0,87.0,1
7867,22,2,6,3.89,48.6,1,6.8,0,1,0,0,60.2,1
7868,17,0,4,6.09,45.1,1,7.5,2,2,0,2,78.1,1
7869,21,0,2,2.03,56.8,1,9.2,1,1,1,1,53.7,1
7870,20,2,0,0.78,97.8,1,9.0,2,1,0,1,59.6,1
7871,17,0,2,7.66,67.7,1,4.5,0,2,2,2,64.4,1
7872,19,0,3,5.6,88.3,1,4.9,2,2,0,2,89.4,1
7873,20,0,1,5.22,40.8,0,8.1,1,2,1,0,64.9,1
7874,19,2,4,2.66,68.4,1,7.2,0,1,2,1,65.7,1
7875,19,0,3,7.91,54.8,1,5.0,0,3,1,0,84.0,1
7876,22,1,0,1.78,97.2,1,4.1,1,2,0,2,66.8,1
7877,20,0,6,1.42,51.9,1,5.8,2,2,1,0,25.3,1
7878,20,2,5,2.55,43.0,1,5.5,1,1,0,2,60.6,1
7879,23,2,4,5.91,49.7,0,4.7,1,4,1,0,51.8,1
7880,17,2,0,1.9,43.8,0,9.9,0,4,1,2,40.9,-1
7881,19,2,1,2.5,58.9,1,9.6,0,0,2,1,39.5,1
7882,17,2,4,4.24,99.4,1,5.1,0,3,2,2,72.5,1
7883,24,0,5,5.2,95.8,1,8.1,0,3,2,1,86.5,1
7884,18,0,5,1.19,74.3,1,8.7,1,2,1,2,59.0,1
7885,23,0,5,5.24,89.9,1,7.0,0,4,2,1,69.5,1
7886,18,2,2,3.05,64.0,1,7.1,1,3,2,2,50.7,1
7887,19,0,6,2.77,93.5,1,5.7,2,4,2,2,60.1,1
7888,21,1,1,0.63,52.6,1,8.3,1,4,1,0,48.1,1
7889,23,1,2,7.79,64.2,1,4.1,1,0,0,0,74.8,1
7890,18,1,3,5.54,47.2,0,7.2,2,1,2,0,55.2,1
7891,18,0,3,0.8,96.2,1,6.4,0,1,1,2,46.5,1
7892,24,2,2,2.93,60.3,1,9.1,1,4,2,0,49.3,1
7893,19,2,1,0.64,54.8,1,9.1,2,2,1,1,43.9,1
7894,18,2,1,4.33,53.3,0,7.5,1,2,0,2,72.6,1
7895,22,2,3,5.6,68.4,1,5.8,2,3,2,2,62.7,1
7896,17,1,5,0.45,70.2,1,7.6,2,4,2,0,29.8,1
7897,23,2,4,7.38,80.4,1,7.5,2,0,1,2,88.1,1
7898,24,2,2,2.99,88.5,1,7.4,2,2,0,2,60.5,1
7899,23,2,1,1.88,82.2,0,6.8,2,4,0,0,40.5,1
7900,19,0,4,1.04,69.6,1,4.9,1,4,2,1,37.6,1
7901,17,1,5,1.17,72.1,1,7.4,2,3,1,0,27.1,1
7902,20,2,2,6.8,98.5,1,6.2,0,4,1,0,79.6,1
7903,19,1,0,3.84,66.8,1,7.0,2,3,0,2,65.6,1
7904,24,2,2,6.39,59.3,0,8.6,0,2,2,1,61.9,1
7905,22,2,3,1.82,78.7,1,7.8,2,3,1,0,43.6,1
7906,24,2,0,2.54,80.4,1,9.1,0,0,2,2,89.7,1
7907,23,0,1,3.3,96.2,1,5.9,1,2,1,0,73.0,1
7908,22,2,6,3.64,61.1,1,6.2,0,0,2,2,64.6,1
7909,17,2,5,0.78,70.6,1,6.3,2,0,1,2,55.9,1
7910,17,2,3,0.36,77.5,1,4.7,1,3,2,0,20.6,1
7911,17,0,5,7.91,82.5,1,4.8,0,1,0,0,100.0,1
7912,21,0,0,5.33,42.4,1,9.2,2,4,1,1,43.4,1
7913,18,2,6,0.44,94.0,1,9.6,1,1,0,2,64.3,1
7914,24,1,0,6.18,50.7,1,4.8,1,0,2,2,63.7,1
7915,18,1,0,2.89,53.5,1,4.5,1,0,0,0,47.1,1
7916,24,0,3,6.37,81.7,1,5.7,0,4,1,1,68.3,1
7917,22,0,4,7.6,51.9,1,8.8,1,4,2,2,83.0,1
7918,17,2,4,0.21,48.0,1,8.3,0,1,0,2,38.8,1
7919,17,2,5,7.71,97.0,1,9.9,0,2,1,1,100.0,1
7920,20,1,1,1.33,78.6,1,9.9,0,3,2,1,31.5,1
7921,19,1,4,2.38,96.8,1,5.9,2,4,2,2,49.3,1
7922,19,2,1,5.02,43.8,1,5.5,1,0,1,0,48.2,1
7923,21,0,1,5.73,42.1,1,4.7,0,4,1,2,52.2,1
7924,18,1,3,1.36,56.8,1,7.1,0,4,1,2,56.5,1
7925,18,0,3,1.09,42.3,1,8.9,1,2,0,2,61.9,1
7926,22,2,4,2.29,66.3,1,8.4,2,0,0,2,47.6,1
7927,24,0,2,2.6,97.7,1,5.3,0,0,1,0,65.1,1
7928,19,0,5,2.55,61.4,1,6.4,2,4,0,0,39.6,1
7929,24,0,3,1.37,83.9,1,8.8,0,0,0,2,81.0,1
7930,19,2,4,7.77,78.8,1,6.1,1,0,0,2,100.0,1
7931,19,0,5,6.38,41.9,0,5.9,2,3,2,0,45.5,1
7932,17,2,4,7.84,53.9,1,8.7,0,0,1,0,88.1,1
7933,20,2,3,0.83,77.8,1,6.6,1,4,1,1,45.4,1
7934,20,0,3,0.6,45.5,1,4.1,1,4,2,0,33.7,1
7935,22,0,1,4.29,67.4,1,9.1,1,0,2,2,79.4,1
7936,18,2,3,4.92,80.7,1,9.5,0,0,0,2,96.8,1
7937,18,1,1,5.08,60.4,1,8.9,0,0,1,2,78.1,1
7938,20,1,4,0.75,58.7,0,7.0,2,4,2,0,32.6,1
7939,17,1,0,6.75,83.4,1,8.7,1,4,2,2,84.0,1
7940,18,2,1,3.92,65.1,1,8.4,2,4,0,2,57.4,1
7941,22,2,3,2.95,71.9,1,6.7,1,3,0,2,58.7,1
7942,24,2,6,4.04,52.0,1,6.1,1,0,1,1,54.5,1
7943,21,1,3,0.32,87.4,1,9.7,2,1,2,0,32.2,1
7944,18,1,0,1.72,76.0,1,6.6,0,4,1,2,46.9,1
7945,24,1,3,7.91,98.4,0,4.8,0,4,0,2,100.0,-1
7946,21,1,4,4.42,85.4,1,4.8,1,2,1,1,73.7,1
7947,22,1,1,0.63,76.0,1,6.3,2,4,2,2,24.6,1
7948,18,0,3,2.34,76.9,1,6.5,1,1,0,2,52.5,1
7949,21,2,2,1.48,60.0,1,4.8,2,0,1,0,45.6,1
7950,17,1,5,7.4,66.7,1,6.7,0,1,2,2,73.4,1
7951,22,2,4,6.45,80.4,1,5.3,1,4,2,2,78.8,1
7952,18,2,2,4.38,70.9,0,9.5,1,2,1,2,68.1,1
7953,24,1,3,7.61,97.3,0,7.8,2,0,2,2,82.3,1
7954,17,1,6,2.98,73.2,1,6.5,1,4,2,2,63.4,1
7955,22,0,6,6.92,40.8,1,8.2,1,1,0,0,73.8,1
7956,18,2,2,3.74,47.6,1,9.5,0,4,1,2,34.4,1
7957,22,2,1,6.79,42.8,1,4.2,2,4,0,2,62.2,1
7958,20,2,1,7.21,94.2,1,8.1,0,2,1,2,89.5,1
7959,24,1,0,3.7,58.9,1,6.1,2,0,1,0,69.5,1
7960,22,2,6,1.42,90.2,1,7.7,0,4,0,2,55.0,1
7961,19,2,4,1.54,66.7,1,7.6,1,3,2,1,28.9,1
7962,17,0,1,2.31,95.2,0,4.5,2,4,2,0,62.3,-1
7963,21,1,0,1.78,68.9,1,8.0,1,4,0,0,61.7,1
7964,20,1,4,3.11,91.6,1,5.1,0,3,2,2,52.0,1
7965,17,1,4,4.05,80.3,1,8.9,1,1,0,2,100.0,1
7966,21,2,3,0.7,56.0,1,5.2,1,2,2,2,37.3,1
7967,18,1,0,7.28,74.6,1,6.1,0,1,1,2,91.5,1
7968,18,2,6,0.08,56.1,0,8.9,2,1,0,2,36.0,1
7969,17,1,3,1.11,52.0,1,5.5,0,3,0,2,53.1,1
7970,19,2,5,0.08,59.2,1,7.6,1,3,1,2,27.4,1
7971,18,2,6,7.89,57.8,1,4.1,0,1,0,0,77.6,1
7972,17,0,0,3.29,69.8,1,4.5,0,2,2,1,52.2,1
7973,20,0,5,1.57,78.2,1,9.5,1,2,2,2,48.8,1
7974,18,1,5,0.95,98.0,0,4.3,2,0,2,2,41.0,-1
7975,18,1,1,2.96,68.2,1,5.5,0,2,0,2,40.5,1
7976,20,2,1,7.81,85.7,1,9.0,0,2,2,2,100.0,1
7977,17,2,1,4.39,69.5,1,7.4,0,4,2,0,70.9,1
7978,24,2,4,2.83,66.0,1,5.6,1,4,1,2,60.7,1
7979,20,0,5,2.92,64.7,1,5.5,2,1,0,2,43.7,1
7980,24,1,5,0.94,92.5,1,5.6,2,1,1,1,24.9,1
7981,24,1,0,4.14,48.8,1,5.9,0,4,0,2,43.8,1
7982,24,2,4,3.39,57.4,1,5.9,1,3,1,0,55.2,1
7983,21,1,2,5.83,83.3,1,6.8,0,4,1,1,65.3,1
7984,20,1,4,1.54,57.7,1,6.4,0,4,1,0,22.6,1
7985,22,1,3,1.1,40.6,1,8.7,2,3,1,2,40.9,1
7986,17,0,5,4.65,53.0,0,9.0,1,4,1,1,53.1,1
7987,23,2,6,5.94,41.8,1,7.2,1,0,2,0,90.8,1
7988,19,0,3,3.98,57.5,1,4.2,1,4,2,2,49.0,1
7989,17,2,4,6.32,59.6,1,7.5,2,3,0,0,64.7,1
7990,18,0,6,6.73,97.2,1,6.1,0,2,0,1,91.5,1
7991,18,2,0,7.33,88.5,1,5.2,1,4,1,2,82.8,1
7992,17,1,1,3.03,47.3,1,7.0,1,0,2,0,65.6,1
7993,22,0,3,7.23,47.4,1,9.9,1,3,1,0,80.0,1
7994,17,1,0,5.67,99.4,1,5.8,0,2,2,2,92.9,1
7995,23,2,4,5.0,80.3,1,4.7,2,4,2,1,47.3,1
7996,20,0,5,4.43,77.5,1,4.7,0,1,0,1,57.0,1
7997,22,1,3,0.16,75.3,1,5.9,2,3,1,0,37.2,1
7998,19,1,0,4.48,49.0,0,7.4,2,0,2,2,50.1,1
7999,18,0,3,6.23,55.9,1,4.8,0,2,0,2,71.6,1
8000,18,0,3,7.91,65.9,1,8.5,0,4,0,1,74.5,1
8001,22,1,1,3.46,66.8,1,9.6,0,3,1,2,64.2,1
8002,22,0,5,7.91,98.2,0,9.9,2,1,0,1,82.9,-1
8003,19,2,0,1.37,42.6,1,7.3,1,3,1,1,31.9,1
8004,19,2,3,7.67,40.9,1,4.6,1,2,1,0,62.8,1
8005,24,1,6,4.72,94.9,1,9.0,0,0,1,1,84.3,1
8006,23,2,1,5.3,92.7,1,9.2,1,3,0,0,91.7,1
8007,20,2,0,4.59,57.4,1,5.7,2,4,2,2,64.6,1
8008,18,1,1,7.86,59.3,1,7.5,2,2,1,1,77.9,1
8009,19,1,3,0.35,75.5,1,5.9,0,2,2,2,34.7,1
8010,21,1,0,3.28,52.1,0,8.1,0,2,2,0,56.1,1
8011,21,2,6,7.0,92.5,1,8.6,2,4,0,0,91.7,1
8012,18,2,0,1.34,56.2,1,6.0,2,0,0,1,54.1,1
8013,17,0,4,4.56,43.6,0,4.1,2,0,1,2,49.6,1
8014,20,2,2,4.19,72.0,1,6.4,0,2,2,2,74.4,1
8015,23,0,3,6.46,84.0,0,5.3,2,0,1,2,76.3,1
8016,18,2,5,7.35,97.4,1,6.5,0,1,2,0,79.0,1
8017,20,2,4,2.07,77.5,1,9.9,0,1,2,0,46.7,1
8018,18,2,1,5.55,46.1,1,4.2,1,0,2,2,68.8,1
8019,18,0,6,4.38,79.7,1,6.0,1,2,1,0,67.0,1
8020,21,0,5,5.3,45.6,1,7.0,2,3,2,1,53.8,1
8021,19,1,0,1.6,51.7,1,6.9,0,4,1,0,49.8,1
8022,19,2,6,2.18,57.8,1,5.3,1,0,2,2,57.4,1
8023,24,1,1,4.4,43.3,1,8.6,0,1,2,2,64.9,1
8024,18,0,0,0.08,62.0,1,5.8,1,3,1,0,37.0,1
8025,18,0,6,5.73,86.0,0,5.0,0,3,0,0,83.8,1
8026,24,2,6,1.29,43.2,1,9.1,2,0,0,2,35.7,1
8027,21,2,5,7.45,69.8,1,8.8,2,2,0,2,90.0,1
8028,17,2,1,6.88,53.6,1,7.4,0,2,2,2,90.7,1
8029,20,2,1,4.99,74.0,1,5.3,2,4,0,2,56.5,1
8030,21,2,4,7.13,69.5,1,9.7,2,3,0,0,75.9,1
8031,19,0,2,7.9,50.0,1,5.7,1,1,2,2,75.8,1
8032,21,0,6,6.2,91.2,1,6.9,2,3,2,2,83.7,1
8033,22,2,6,5.01,70.0,1,9.4,1,4,1,2,61.7,1
8034,19,0,5,3.59,99.1,1,8.6,0,1,1,1,62.5,1
8035,23,0,6,6.51,99.1,1,6.9,2,4,0,0,77.4,1
8036,20,1,1,5.64,55.1,1,6.7,2,1,0,0,54.8,1
8037,24,0,6,3.78,93.0,1,5.7,2,4,1,2,41.0,1
8038,17,0,1,4.0,83.2,1,8.8,1,0,2,2,80.5,1
8039,19,1,2,1.83,65.9,1,9.7,2,0,2,2,62.6,1
8040,22,2,1,6.31,88.9,1,9.2,2,1,2,0,64.8,1
8041,24,2,5,7.03,65.2,0,6.7,1,4,1,0,77.7,1
8042,18,2,6,0.13,69.5,0,9.8,1,2,0,0,74.5,1
8043,24,1,4,0.9,62.3,1,4.1,2,1,0,0,28.9,1
8044,18,1,1,7.91,90.6,1,5.9,2,0,2,0,96.8,1
8045,20,1,4,1.42,94.4,1,8.8,0,3,2,0,59.4,1
8046,19,2,3,5.89,49.1,1,9.8,0,3,0,0,63.0,1
8047,20,2,3,3.85,75.4,1,9.8,2,2,0,2,68.9,1
8048,24,0,0,4.17,47.0,1,7.1,2,0,1,0,38.9,1
8049,22,1,2,0.87,93.1,1,9.7,0,4,2,2,51.8,1
8050,23,0,0,1.1,53.2,1,7.6,0,0,0,0,70.1,1
8051,19,2,6,4.62,42.2,1,8.4,0,2,2,1,82.5,1
8052,24,0,0,3.02,84.7,1,7.3,1,4,2,2,49.0,1
8053,20,1,2,6.38,80.0,1,5.7,2,2,0,0,66.3,1
8054,22,0,0,7.78,64.7,1,5.1,2,2,1,2,82.4,1
8055,22,2,3,6.5,77.1,0,7.9,1,0,0,0,96.4,1
8056,22,2,4,3.25,86.3,1,9.2,0,1,0,1,76.6,1
8057,21,0,4,3.86,50.2,0,7.7,1,0,0,0,74.5,1
8058,20,2,0,1.25,58.3,1,7.5,0,0,2,2,42.2,1
8059,22,1,1,5.57,69.1,0,6.6,0,4,1,2,77.8,1
8060,24,2,3,3.58,78.0,0,6.2,1,2,0,0,56.2,1
8061,20,1,2,6.86,76.8,0,9.6,0,3,2,2,80.5,1
8062,21,0,3,5.22,69.6,1,4.4,0,1,2,0,62.5,1
8063,18,0,3,1.36,79.7,0,7.4,0,4,1,2,33.5,1
8064,19,2,0,3.29,41.3,1,4.9,0,4,2,2,37.3,1
8065,23,1,4,5.42,59.4,1,7.5,0,0,2,0,76.7,1
8066,22,1,5,6.86,74.3,1,6.1,1,4,2,0,83.5,1
8067,18,2,1,2.81,58.4,1,4.6,2,3,2,2,48.1,1
8068,21,0,3,5.36,96.5,1,4.4,1,3,0,2,100.0,1
8069,23,2,3,1.39,97.8,1,8.8,2,1,1,0,50.3,1
8070,17,0,3,7.24,62.3,1,4.3,1,0,1,1,81.0,1
8071,17,0,0,4.6,53.9,1,9.8,1,4,1,2,60.6,1
8072,20,2,1,6.15,53.5,1,5.9,2,0,2,0,55.9,1
8073,22,2,1,3.17,66.6,1,9.9,1,0,2,1,78.6,1
8074,19,2,2,7.52,97.5,1,6.4,1,2,2,0,93.6,1
8075,23,2,2,5.76,54.2,1,8.8,2,3,0,1,82.0,1
8076,23,1,5,1.23,59.9,1,5.0,0,2,0,0,37.5,1
8077,21,1,2,4.4,73.6,1,5.2,1,2,2,0,71.7,1
8078,20,2,5,2.17,74.2,1,7.7,1,4,0,0,71.1,1
8079,17,0,6,6.67,79.8,1,9.7,1,3,1,0,86.0,1
8080,23,1,1,6.26,83.7,1,9.4,1,0,1,0,96.2,1
8081,24,1,3,3.96,87.5,1,8.6,2,3,0,0,74.7,1
8082,20,0,0,2.42,69.5,1,8.8,2,3,2,0,41.7,1
8083,21,0,0,6.82,44.3,0,9.9,1,0,1,0,100.0,-1
8084,23,2,0,6.8,80.6,1,8.6,1,4,2,1,69.6,1
8085,22,2,0,4.04,75.6,1,6.3,2,0,2,2,63.9,1
8086,18,2,4,5.74,52.8,1,6.0,2,1,1,0,53.6,1
8087,22,0,0,2.28,91.2,1,7.0,2,3,2,0,62.4,1
8088,24,2,1,2.79,84.5,1,9.6,0,4,1,0,54.1,1
8089,23,2,0,7.55,65.3,1,4.1,0,1,2,2,62.8,1
8090,20,2,6,5.89,98.1,1,9.5,2,0,2,1,89.4,1
8091,21,0,6,0.58,80.6,0,9.6,2,3,0,1,50.6,1
8092,19,1,2,3.66,95.8,0,4.7,1,3,1,0,57.6,1
8093,22,1,4,3.17,83.7,1,4.2,2,1,2,2,43.0,1
8094,18,2,6,1.85,82.6,1,7.7,0,3,1,0,47.6,1
8095,19,2,1,7.91,53.1,1,4.4,2,4,2,1,55.3,1
8096,19,2,2,1.09,65.1,1,8.4,1,4,2,1,50.8,1
8097,19,2,1,2.51,78.2,1,6.2,2,0,1,2,50.0,1
8098,19,0,0,6.79,89.7,1,5.8,1,1,0,2,86.6,1
8099,17,1,6,1.06,94.7,1,5.5,0,0,2,2,68.9,1
8100,22,1,1,3.01,44.9,1,9.0,1,3,1,1,57.0,1
8101,20,2,0,5.07,82.9,1,9.6,2,2,0,1,66.3,1
8102,24,1,1,2.7,56.0,0,4.6,1,1,0,0,50.8,1
8103,18,0,0,3.27,82.6,0,4.8,0,1,0,2,59.4,1
8104,22,2,6,4.4,59.0,1,8.4,1,2,1,2,75.4,1
8105,18,0,2,7.62,74.3,1,9.5,2,2,2,0,86.2,1
8106,21,2,3,6.97,71.6,0,9.6,0,0,0,0,96.7,1
8107,20,0,4,0.9,92.3,0,9.3,1,1,0,1,62.2,1
8108,20,2,2,4.56,79.2,1,6.4,0,4,1,2,66.3,1
8109,22,1,2,5.23,54.6,1,4.1,2,1,1,0,33.5,1
8110,23,0,6,2.61,77.7,1,4.1,0,0,0,0,75.0,1
8111,19,1,1,2.11,78.4,1,4.1,2,3,0,0,47.9,1
8112,23,1,1,4.78,61.9,1,7.0,2,2,1,2,44.4,1
8113,18,2,0,3.32,55.8,1,5.7,0,0,2,2,43.7,1
8114,19,0,2,7.24,94.6,1,9.9,1,3,0,1,100.0,1
8115,19,0,1,1.31,49.2,1,7.9,2,0,2,0,39.5,1
8116,24,0,2,0.33,48.5,1,8.9,2,3,2,2,25.4,1
8117,17,1,3,7.2,75.3,0,9.4,0,4,0,2,89.0,1
8118,20,1,3,7.17,58.5,1,6.3,2,1,1,0,73.7,1
8119,20,2,1,3.33,70.3,1,4.7,2,0,0,0,53.4,1
8120,23,1,6,6.03,56.1,1,4.2,1,2,1,0,47.3,1
8121,20,0,0,6.77,62.1,1,8.8,0,4,0,1,80.0,1
8122,24,1,2,2.04,64.5,1,4.2,0,4,1,2,37.5,1
8123,22,2,2,5.24,73.7,1,7.4,2,2,1,1,65.8,1
8124,22,1,5,5.9,44.7,0,7.1,1,1,2,2,62.8,1
8125,23,0,3,2.86,65.9,1,7.0,1,0,2,2,66.5,1
8126,18,2,1,7.57,81.2,1,9.8,0,0,1,2,100.0,1
8127,20,0,1,7.74,82.6,1,4.6,1,0,1,2,88.3,1
8128,21,0,1,3.89,56.3,0,7.7,0,1,0,2,55.5,1
8129,18,0,0,0.61,72.6,1,5.1,0,3,2,0,38.8,1
8130,17,0,4,7.35,63.1,1,4.7,2,2,2,1,83.6,1
8131,18,1,4,4.18,42.2,0,7.7,2,2,2,0,43.2,1
8132,23,0,5,1.11,65.9,1,6.6,1,3,2,1,47.9,1
8133,22,0,2,5.86,80.4,1,4.4,1,4,1,1,59.5,1
8134,19,2,3,5.5,96.7,1,7.5,0,1,2,1,92.0,1
8135,22,0,5,1.12,46.7,1,9.8,0,3,1,1,23.5,1
8136,22,2,1,2.2,65.6,1,4.1,2,0,0,2,42.0,1
8137,23,1,4,6.91,96.5,1,5.8,2,3,2,2,72.8,1
8138,24,0,2,7.76,68.2,1,8.1,1,1,2,1,88.1,1
8139,24,0,6,3.24,93.6,1,9.0,1,0,0,1,69.7,1
8140,18,2,5,1.08,80.9,1,7.4,2,1,2,0,55.3,1
8141,23,0,4,2.82,92.0,0,6.2,0,3,1,2,54.3,1
8142,20,2,4,4.06,85.5,1,4.9,2,3,0,0,57.3,1
8143,20,1,4,2.4,44.3,1,5.0,1,1,0,2,49.5,1
8144,22,2,0,4.89,85.8,0,9.7,1,1,2,2,87.2,1
8145,21,2,6,0.08,47.7,1,4.1,1,1,0,1,26.5,1
8146,20,0,1,6.53,84.9,1,8.0,2,0,1,1,94.2,1
8147,24,1,5,6.76,65.1,1,7.4,2,4,0,2,72.4,1
8148,18,0,5,6.27,81.1,1,8.6,2,0,1,0,70.2,1
8149,17,2,5,2.43,43.6,1,4.8,2,4,1,1,19.599,1
8150,17,0,2,5.06,46.8,1,7.7,2,2,1,0,48.1,1
8151,23,1,3,2.92,46.4,1,7.7,2,0,0,0,37.8,1
8152,20,0,4,3.11,62.5,1,9.0,2,1,0,1,40.8,1
8153,20,2,4,5.67,50.2,0,9.9,2,2,0,0,60.9,1
8154,22,1,4,6.75,40.6,1,8.1,2,4,1,0,72.1,1
8155,20,0,4,6.65,92.7,0,7.9,1,0,2,2,100.0,1
8156,21,0,1,1.85,85.1,1,5.1,2,2,1,2,45.3,1
8157,17,2,5,5.26,74.1,1,6.8,1,0,1,0,72.1,1
8158,18,0,3,2.14,83.5,1,8.5,1,0,1,2,73.9,1
8159,24,0,6,5.03,58.1,1,9.7,0,3,0,1,73.1,1
8160,20,0,3,2.94,82.3,1,5.2,0,4,2,0,57.6,1
8161,18,0,3,6.32,71.2,1,4.3,1,4,2,2,76.7,1
8162,19,0,4,7.5,45.3,1,8.6,2,2,2,2,83.8,1
8163,19,1,6,2.32,79.9,1,4.9,0,4,1,0,39.9,1
8164,19,1,6,6.95,99.4,1,7.9,1,4,1,2,90.8,1
8165,19,2,4,5.92,55.4,1,5.5,2,4,0,2,66.7,1
8166,22,0,3,4.53,40.6,1,9.7,0,3,2,2,47.5,1
8167,17,0,2,4.2,85.0,1,8.9,2,1,2,1,79.9,1
8168,19,0,2,2.55,56.7,1,7.6,0,0,0,2,52.7,1
8169,20,2,5,1.63,64.3,1,4.7,2,1,1,2,30.1,1
8170,21,2,0,0.67,40.6,0,7.5,2,2,2,1,30.7,1
8171,24,0,3,5.7,43.9,0,4.3,2,1,1,0,47.6,-1
8172,24,1,4,1.78,82.5,0,4.5,0,2,1,2,36.1,-1
8173,19,2,1,3.96,97.8,1,8.2,0,4,2,2,74.1,1
8174,21,1,0,7.12,75.4,1,4.9,0,4,0,1,68.5,1
8175,17,1,2,5.37,90.5,1,4.5,1,4,1,1,77.9,1
8176,21,1,5,1.35,52.3,1,6.7,0,4,2,0,54.4,1
8177,18,0,3,5.88,44.1,1,9.9,2,1,2,1,68.4,1
8178,17,0,1,1.72,60.8,1,8.5,1,3,0,1,50.2,1
8179,22,1,4,6.24,52.5,1,7.0,1,1,0,2,92.3,1
8180,18,1,1,0.62,77.0,1,5.0,1,3,0,2,36.4,1
8181,20,1,5,1.13,97.4,1,5.4,0,3,2,0,44.5,1
8182,17,0,1,7.47,53.9,1,8.8,1,4,2,2,91.1,1
8183,22,1,1,2.24,94.1,1,4.4,0,3,2,0,56.5,1
8184,23,0,6,1.21,72.2,1,7.4,2,1,2,2,46.8,1
8185,21,0,5,1.72,46.1,1,9.4,2,0,0,2,41.5,1
8186,23,2,4,2.89,72.2,0,6.7,0,1,0,2,45.7,1
8187,20,2,4,6.7,68.0,0,9.6,2,4,2,0,71.1,1
8188,18,0,3,1.22,84.9,0,8.4,2,1,2,2,42.6,1
8189,18,0,1,0.13,84.9,1,8.2,0,3,2,0,45.4,1
8190,18,1,0,6.92,78.5,1,6.5,0,0,2,2,97.8,1
8191,18,0,6,2.4,80.1,1,5.0,1,3,2,0,49.4,1
8192,19,0,6,0.62,76.4,1,5.4,0,1,2,2,37.8,1
8193,18,1,5,0.22,54.2,1,4.9,1,3,0,2,41.4,1
8194,21,2,6,7.2,95.5,0,8.3,2,4,0,2,67.4,1
8195,18,1,5,4.19,52.7,0,7.5,1,0,1,2,73.4,1
8196,21,1,0,4.88,75.7,1,7.6,0,2,0,0,57.4,1
8197,19,2,5,4.93,86.4,1,5.9,2,0,0,1,67.4,1
8198,22,2,5,4.18,45.0,1,5.5,2,1,2,2,62.3,1
8199,21,0,2,6.15,67.0,1,8.6,1,4,2,2,82.8,1
8200,24,0,6,7.25,41.8,1,5.4,1,4,2,1,79.1,1
8201,20,2,3,5.13,53.6,1,4.7,2,1,1,0,40.6,1
8202,19,1,0,6.75,78.2,1,6.9,2,2,0,2,76.6,1
8203,21,0,3,0.08,94.8,1,8.3,0,1,1,1,40.5,1
8204,22,1,0,3.84,58.3,0,4.1,2,2,2,2,53.6,1
8205,20,0,0,4.83,90.1,1,5.6,0,2,2,0,80.9,1
8206,21,2,3,1.61,71.5,1,8.0,2,2,2,2,52.4,1
8207,20,0,6,1.28,85.7,1,6.5,2,4,0,0,47.8,1
8208,19,2,0,1.09,88.6,1,4.1,1,4,2,0,49.2,1
8209,19,0,1,2.28,78.2,0,8.2,2,1,2,1,49.4,1
8210,24,2,5,6.59,65.4,0,5.2,0,2,2,1,71.0,1
8211,22,1,0,0.22,75.0,1,5.6,2,3,1,2,19.599,1
8212,17,1,3,4.82,81.5,1,7.0,2,0,1,2,64.0,1
8213,24,1,1,0.55,91.7,1,9.5,1,3,0,1,76.3,1
8214,22,2,1,4.75,72.9,0,6.6,2,1,2,0,58.0,1
8215,17,0,1,2.02,92.4,1,4.4,0,0,0,1,61.7,1
8216,22,1,0,1.26,63.3,1,6.7,2,1,0,1,38.1,1
8217,21,1,6,3.73,85.6,1,6.2,1,3,2,2,62.7,1
8218,24,0,4,1.85,76.6,0,4.7,2,4,1,2,33.1,-1
8219,20,1,4,3.03,44.7,1,4.9,1,4,0,0,41.5,1
8220,21,2,2,5.06,70.1,1,7.6,2,1,2,2,64.5,1
8221,19,2,2,7.49,85.8,1,9.9,1,1,0,2,100.0,1
8222,19,2,0,4.94,80.3,1,9.3,1,3,2,0,68.2,1
8223,21,1,6,4.06,73.8,1,9.0,1,4,2,0,76.4,1
8224,23,0,2,4.46,87.6,1,5.5,2,4,2,2,64.2,1
8225,24,0,5,3.78,94.2,1,7.5,0,0,1,2,60.4,1
8226,23,0,5,4.5,48.6,0,4.9,2,1,1,2,53.3,1
8227,21,0,1,4.56,55.3,1,6.6,0,1,2,2,61.5,1
8228,21,1,2,3.94,99.3,1,8.4,2,4,0,2,60.0,1
8229,19,1,1,6.31,54.5,1,5.3,2,2,1,1,58.1,1
8230,23,0,2,3.13,89.6,1,9.1,0,0,1,2,79.5,1
8231,19,1,5,0.87,71.9,1,8.4,1,1,1,2,47.2,1
8232,19,1,5,5.14,63.1,1,8.0,1,2,1,2,65.8,1
8233,23,0,4,6.37,83.6,1,9.3,2,3,0,0,83.5,1
8234,21,2,2,6.24,85.2,1,5.6,2,3,0,1,69.5,1
8235,19,0,6,2.02,56.3,1,9.7,1,1,0,0,54.7,1
8236,23,1,4,5.18,40.7,1,6.4,0,4,0,2,58.4,1
8237,24,2,5,7.91,86.7,1,6.4,1,2,2,2,100.0,1
8238,19,2,0,0.84,81.4,0,8.9,2,3,1,0,31.3,1
8239,21,1,1,4.18,47.2,1,9.2,1,0,1,2,78.2,1
8240,20,1,5,2.44,42.2,1,8.3,2,0,1,2,19.599,1
8241,22,2,2,6.33,79.6,1,6.4,0,0,2,0,83.8,1
8242,24,0,1,2.6,76.1,1,9.3,0,0,1,0,65.3,1
8243,21,1,1,5.87,85.8,0,8.7,1,1,0,2,97.5,1
8244,23,1,2,1.28,92.4,1,6.6,1,2,2,0,64.9,1
8245,21,1,3,0.54,79.8,1,6.3,2,3,0,2,19.599,1
8246,24,0,1,0.83,78.1,1,7.1,1,4,0,2,64.3,1
8247,20,0,6,2.08,71.2,1,9.3,1,4,0,1,50.3,1
8248,20,0,6,6.8,74.0,1,9.0,0,4,2,0,71.5,1
8249,20,1,1,1.2,98.4,1,4.3,2,3,1,2,24.4,1
8250,24,0,5,0.27,42.8,1,8.1,0,3,2,0,35.2,1
8251,21,0,2,6.83,72.6,1,7.0,1,1,2,0,88.3,1
8252,18,2,0,3.0,54.9,1,4.9,0,2,0,2,49.6,1
8253,17,2,4,4.71,83.5,1,4.1,2,1,0,0,53.6,1
8254,21,1,1,0.67,84.9,1,6.5,0,3,0,2,50.7,1
8255,23,1,2,7.26,55.9,1,5.4,1,0,2,0,68.9,1
8256,20,0,1,4.04,85.5,1,5.5,0,1,1,0,89.0,1
8257,21,0,4,0.72,78.6,1,7.7,2,0,0,1,53.3,1
8258,23,2,1,5.07,96.8,1,7.0,0,0,0,0,100.0,1
8259,21,0,1,2.92,88.9,1,5.3,1,2,2,2,73.7,1
8260,24,1,1,2.83,86.3,1,9.4,2,3,0,0,59.2,1
8261,22,0,6,3.27,48.4,1,7.0,1,1,2,1,47.0,1
8262,22,2,6,4.06,99.2,1,4.6,1,2,0,1,89.6,1
8263,23,1,5,4.95,87.8,1,5.2,1,4,1,1,69.4,1
8264,22,2,2,1.17,90.6,0,9.8,0,2,2,2,68.7,1
8265,17,1,1,6.03,85.1,1,6.9,1,2,0,0,89.3,1
8266,20,2,6,0.22,91.3,1,8.4,0,2,2,2,68.3,1
8267,18,0,3,5.59,76.5,1,9.9,2,2,1,2,75.9,1
8268,21,0,2,1.47,40.8,1,6.0,0,3,1,2,21.4,1
8269,18,1,1,3.57,67.8,0,4.2,1,0,2,0,76.3,1
8270,21,2,5,4.49,54.9,1,7.6,1,2,0,2,74.6,1
8271,19,0,6,5.18,58.7,1,4.1,0,4,0,2,56.3,1
8272,17,0,0,6.33,56.5,0,6.4,2,0,0,0,73.1,1
8273,17,0,1,4.13,77.9,0,5.2,0,2,1,1,53.0,1
8274,21,0,2,7.04,87.3,1,9.2,0,2,2,2,84.0,1
8275,17,0,1,7.64,92.2,1,4.5,1,1,1,2,94.5,1
8276,23,2,5,7.81,92.4,0,9.3,2,4,1,1,98.8,-1
8277,23,1,5,2.56,41.2,1,6.5,1,1,2,2,50.7,1
8278,22,1,1,0.26,85.3,0,6.8,2,1,0,0,41.2,1
8279,18,2,6,5.73,95.8,1,4.1,2,4,2,2,66.9,1
8280,23,2,6,2.02,86.4,1,8.3,1,3,2,0,63.2,1
8281,22,0,6,6.14,47.0,1,8.2,0,0,2,2,79.6,1
8282,20,0,5,0.08,97.4,1,8.0,1,1,0,2,47.0,1
8283,17,1,4,6.22,70.1,1,5.1,1,1,2,0,74.1,1
8284,21,1,6,0.56,74.5,0,6.6,1,4,0,2,52.1,1
8285,23,2,4,7.03,57.0,1,9.0,0,1,1,2,64.3,1
8286,17,0,5,5.21,90.8,1,4.1,2,3,1,0,76.2,1
8287,17,1,0,1.29,92.6,1,8.5,1,1,1,2,82.7,1
8288,20,2,1,4.06,89.0,1,8.5,1,4,0,1,88.0,1
8289,21,0,4,4.04,52.4,1,9.6,2,4,0,1,46.9,1
8290,20,0,0,7.03,47.6,1,7.4,0,0,1,0,81.7,1
8291,20,2,0,4.26,98.6,1,5.9,0,4,1,2,71.2,1
8292,19,2,4,4.4,92.3,1,4.4,0,4,0,0,62.1,1
8293,17,1,4,2.55,91.4,1,9.2,0,1,1,2,52.9,1
8294,17,0,0,5.83,86.8,1,7.3,0,3,2,1,69.2,1
8295,17,1,1,0.4,46.4,1,5.9,0,2,2,2,28.5,1
8296,22,2,3,7.74,70.9,1,9.1,2,4,0,2,72.0,1
8297,23,2,0,4.85,46.9,1,8.2,0,4,2,2,52.6,1
8298,20,0,1,6.77,65.4,0,4.5,0,4,2,2,76.8,1
8299,17,1,1,6.25,49.7,0,7.9,1,2,1,1,64.4,1
8300,20,2,4,1.75,68.8,0,9.0,0,3,1,2,54.5,1
8301,24,0,0,2.31,80.3,1,5.5,1,3,0,2,49.7,1
8302,18,1,0,2.22,90.5,1,5.3,0,4,2,2,59.8,1
8303,20,0,2,1.8,44.8,1,9.7,2,1,2,0,43.5,1
8304,21,0,2,0.13,93.5,1,8.3,1,0,1,0,56.8,1
8305,19,1,4,6.62,51.4,0,9.3,0,3,2,0,69.6,1
8306,20,2,6,4.3,96.6,0,6.2,0,0,2,2,79.6,1
8307,20,2,0,4.73,68.9,1,9.5,0,3,2,1,75.8,1
8308,20,1,5,3.93,43.4,1,7.5,1,0,1,2,51.4,1
8309,22,2,4,0.99,87.5,1,7.4,2,0,2,2,52.8,1
8310,21,0,0,3.49,42.8,1,5.6,0,0,0,1,54.0,1
8311,17,2,3,2.35,77.6,1,4.1,0,2,0,2,57.3,1
8312,17,2,2,7.14,87.8,1,7.2,1,4,1,1,82.1,1
8313,20,0,0,5.61,67.8,1,9.9,0,4,0,1,84.5,1
8314,24,2,5,1.3,80.9,1,6.4,0,3,1,0,28.7,1
8315,17,2,5,5.62,74.4,1,9.6,0,1,0,1,77.8,1
8316,17,2,1,4.39,44.2,1,4.4,0,1,2,1,50.8,1
8317,22,0,6,0.65,81.6,1,5.3,2,4,2,0,26.3,1
8318,20,2,4,0.56,97.2,1,5.7,2,3,2,0,26.3,1
8319,18,2,1,1.18,60.6,1,6.2,2,4,2,2,41.6,1
8320,18,2,5,6.48,47.6,0,7.3,1,0,0,2,81.5,1
8321,22,1,6,6.64,55.4,1,9.0,1,1,2,1,70.9,1
8322,21,0,1,4.87,78.1,0,7.4,0,0,1,0,74.9,1
8323,22,0,2,0.13,99.0,0,4.7,0,0,2,1,46.2,-1
8324,19,0,1,2.54,88.7,1,4.2,2,2,2,2,45.7,1
8325,21,0,5,3.21,86.9,1,8.2,1,1,1,2,63.2,1
8326,23,2,2,2.28,61.6,1,8.3,0,1,0,2,49.9,1
8327,19,0,0,4.65,76.6,1,4.1,1,3,2,1,79.5,1
8328,20,2,0,0.5,64.3,1,4.5,1,4,1,2,36.9,1
8329,18,2,2,0.16,43.5,0,9.3,2,4,2,2,19.599,-1
8330,22,1,4,4.7,69.5,1,7.5,1,2,0,2,90.8,1
8331,17,0,5,2.12,72.9,1,6.8,2,0,0,2,54.6,1
8332,18,0,1,5.49,90.9,1,4.5,2,1,0,2,88.8,1
8333,22,2,6,6.22,85.8,1,5.7,0,0,2,1,76.4,1
8334,17,0,6,4.89,67.2,1,8.3,2,3,1,1,51.4,1
8335,24,0,6,7.91,69.9,1,7.4,0,1,1,0,65.8,1
8336,20,2,5,5.14,87.6,1,7.3,2,2,1,0,62.5,1
8337,20,1,3,6.18,57.3,1,8.8,2,4,0,2,100.0,1
8338,21,0,1,5.13,61.6,0,8.4,0,2,2,2,67.5,1
8339,22,2,6,6.44,94.2,1,5.7,2,2,0,0,89.6,1
8340,20,2,3,3.12,85.6,1,9.5,0,1,2,1,58.3,1
8341,24,1,3,3.47,96.6,1,7.6,1,4,2,2,69.4,1
8342,24,2,0,2.68,92.7,1,4.8,1,3,2,0,62.7,1
8343,18,1,1,4.61,85.7,0,7.1,1,0,0,2,95.8,1
8344,22,1,0,3.0,55.7,1,6.5,1,0,0,2,63.2,1
8345,19,2,5,7.9,71.3,1,8.8,1,3,2,1,100.0,1
8346,24,0,3,4.82,65.0,1,9.6,2,3,1,1,50.7,1
8347,19,0,0,2.69,63.4,0,5.3,2,3,1,0,37.0,1
8348,19,0,2,4.07,86.7,1,8.3,2,0,2,1,68.5,1
8349,22,2,0,6.24,63.3,0,7.2,1,1,0,2,85.3,1
8350,23,1,1,6.45,48.9,1,9.4,1,2,1,2,79.0,1
8351,18,1,0,5.1,60.9,1,4.4,0,4,0,0,78.4,1
8352,21,0,1,0.08,88.4,0,8.3,1,2,2,2,63.1,1
8353,19,2,6,6.95,70.5,1,9.8,2,0,2,0,86.7,1
8354,21,0,1,7.28,40.8,0,7.5,1,3,0,2,74.2,1
8355,21,2,2,6.97,77.4,1,5.8,1,4,0,1,83.6,1
8356,24,2,4,5.37,50.5,1,8.0,1,3,1,2,57.9,1
8357,24,2,0,0.22,46.5,1,4.1,0,0,1,0,28.9,1
8358,22,0,6,7.61,58.3,1,7.3,1,4,0,0,99.1,1
8359,22,0,0,0.54,86.2,1,6.3,0,0,2,2,64.0,1
8360,24,1,4,1.2,43.0,1,4.7,0,4,0,2,47.9,1
8361,18,1,5,5.02,52.4,1,9.5,1,4,2,2,57.4,1
8362,22,0,6,3.69,52.2,0,6.9,0,0,1,1,66.1,1
8363,23,2,5,6.04,89.4,1,9.3,2,0,2,0,78.0,1
8364,18,2,4,5.07,55.0,1,5.5,1,4,1,0,63.0,1
8365,24,0,5,0.08,74.8,0,5.9,0,1,1,2,30.4,-1
8366,22,0,1,5.14,47.6,1,9.9,1,4,0,2,76.2,1
8367,19,2,6,6.87,87.5,1,7.3,1,1,1,2,98.5,1
8368,20,1,6,6.82,55.6,1,6.3,2,1,2,2,64.7,1
8369,20,1,0,1.26,67.7,0,8.5,0,2,0,0,46.3,1
8370,24,2,2,2.78,59.9,0,4.3,0,1,0,1,44.3,1
8371,24,0,4,0.96,79.4,1,8.6,2,4,0,2,57.3,1
8372,23,1,2,6.01,55.5,1,4.9,2,0,2,2,71.3,1
8373,22,1,2,5.02,40.6,1,4.1,0,0,0,1,54.8,1
8374,17,1,6,3.88,71.5,1,9.9,2,4,2,0,62.2,1
8375,24,1,3,2.4,98.5,1,5.2,2,0,2,0,69.5,1
8376,18,0,4,6.3,89.9,1,9.4,1,3,2,0,100.0,1
8377,18,2,6,6.33,99.4,1,7.0,1,4,0,2,81.3,1
8378,17,2,6,3.93,66.7,0,5.0,2,2,0,2,59.6,1
8379,24,2,6,1.0,74.1,0,7.1,1,0,1,1,46.5,1
8380,20,2,2,3.72,87.9,1,5.2,2,2,2,0,73.4,1
8381,18,1,0,7.17,60.2,1,4.5,1,2,2,2,74.9,1
8382,17,1,5,4.67,46.8,0,5.8,2,1,1,0,40.6,1
8383,20,1,2,6.03,50.1,1,6.9,1,3,1,0,69.8,1
8384,22,2,1,2.36,97.8,1,8.0,2,4,1,2,47.0,1
8385,24,0,3,2.75,87.4,1,6.0,2,2,2,1,69.6,1
8386,21,2,0,0.94,57.3,1,5.8,2,1,1,2,48.0,1
8387,21,0,1,2.74,86.8,1,6.7,2,0,2,2,50.6,1
8388,23,2,6,1.36,82.3,1,6.7,0,0,1,2,61.0,1
8389,24,0,3,4.31,68.2,1,9.0,0,3,1,1,71.7,1
8390,19,2,0,3.15,41.4,1,4.6,2,2,1,0,30.8,1
8391,24,1,4,6.69,83.7,1,4.5,1,1,1,2,86.2,1
8392,21,2,4,3.06,57.4,1,7.1,1,2,2,2,71.4,1
8393,24,0,3,1.7,56.3,1,7.5,0,4,0,1,38.0,1
8394,17,1,6,0.67,71.6,1,5.8,2,2,0,0,34.7,1
8395,17,1,0,2.02,56.0,1,5.3,2,2,1,0,33.4,1
8396,24,1,6,5.58,83.0,1,9.2,1,4,2,2,81.2,1
8397,22,1,6,5.01,57.5,1,5.3,2,4,2,1,48.1,1
8398,18,2,2,4.96,88.4,1,7.9,1,1,2,2,99.5,1
8399,24,1,5,6.87,66.2,0,8.2,2,2,0,2,82.9,1
8400,17,0,1,2.02,71.0,1,7.5,0,3,1,2,39.8,1
8401,22,0,3,3.77,42.1,1,6.4,2,1,2,2,50.4,1
8402,18,0,6,1.35,41.2,1,8.9,0,3,2,0,31.3,1
8403,17,0,1,1.75,52.7,1,6.6,0,2,1,1,31.9,1
8404,23,2,3,2.97,60.9,1,4.5,0,1,2,2,51.4,1
8405,23,2,5,5.66,50.6,0,4.1,2,4,2,2,37.8,-1
8406,17,2,3,6.67,70.1,1,9.5,0,2,2,2,81.8,1
8407,17,0,2,2.46,76.1,1,9.0,1,0,2,0,59.5,1
8408,21,2,2,3.18,88.2,1,9.3,2,1,0,1,69.5,1
8409,17,1,3,7.1,70.8,1,5.5,1,4,1,2,74.8,1
8410,22,2,2,6.24,62.0,0,5.6,0,2,2,2,70.8,1
8411,24,1,2,5.52,95.4,1,7.6,0,1,1,2,61.9,1
8412,23,1,6,3.26,66.1,1,9.4,1,0,0,0,87.0,1
8413,18,2,3,2.73,56.9,0,9.3,1,0,2,2,62.3,1
8414,18,2,3,5.79,44.6,1,5.9,2,0,1,2,57.2,1
8415,22,1,2,0.75,51.1,1,9.2,1,2,1,1,25.1,1
8416,17,2,5,4.35,81.5,1,6.3,0,4,1,0,72.6,1
8417,21,1,3,0.49,51.9,1,5.1,2,4,2,2,20.8,1
8418,20,1,1,4.99,61.9,1,4.9,1,2,1,0,61.7,1
8419,22,2,5,4.55,41.6,1,7.5,0,3,0,2,73.8,1
8420,18,1,1,0.48,62.7,0,4.4,0,0,0,2,37.0,1
8421,23,1,3,3.36,78.9,1,7.4,2,2,2,2,59.6,1
8422,22,2,3,1.54,53.2,1,4.1,0,0,1,2,49.5,1
8423,18,0,1,6.38,40.6,1,5.4,0,1,0,1,68.0,1
8424,19,0,6,7.31,90.0,0,9.3,0,3,2,0,90.1,1
8425,17,2,4,2.52,83.3,1,9.4,1,2,0,2,76.7,1
8426,20,1,0,0.23,99.4,1,8.1,0,1,0,2,58.6,1
8427,19,2,1,7.18,48.1,0,4.6,0,1,1,0,62.8,1
8428,17,1,0,6.76,80.6,0,9.5,1,4,2,2,93.9,1
8429,21,0,3,6.37,55.4,1,5.6,0,0,2,2,86.0,1
8430,21,1,3,2.85,70.1,1,4.5,1,4,2,1,50.9,1
8431,17,1,0,0.64,84.8,1,6.1,2,3,0,1,50.1,1
8432,18,1,2,7.8,50.1,1,5.0,2,3,2,2,89.6,1
8433,17,0,4,3.95,67.9,1,8.2,2,4,1,2,59.2,1
8434,22,2,0,2.85,56.1,0,6.0,1,3,2,0,51.2,1
8435,19,1,0,6.22,49.3,1,7.6,1,3,1,0,58.5,1
8436,17,0,3,5.37,83.4,0,9.8,2,1,2,2,68.4,1
8437,18,2,5,0.33,55.5,1,6.7,0,1,1,0,21.5,1
8438,24,2,2,7.67,71.8,1,5.9,0,4,0,2,80.3,1
8439,19,2,6,4.45,81.6,1,7.6,0,3,1,0,76.8,1
8440,22,1,4,1.51,66.6,1,7.7,1,4,2,0,61.4,1
8441,20,0,3,0.13,48.0,1,7.4,2,1,1,0,40.6,1
8442,18,0,2,4.42,40.7,1,4.6,1,2,0,2,54.1,1
8443,19,0,4,4.75,62.9,1,4.1,1,3,1,1,57.0,1
8444,17,1,5,0.8,99.4,1,9.2,0,2,2,1,41.3,1
8445,22,1,3,4.36,98.4,1,5.2,1,1,0,1,89.4,1
8446,19,2,5,3.45,66.9,0,4.2,2,0,1,0,69.8,1
8447,20,1,5,3.5,65.0,1,7.5,0,0,2,0,54.9,1
8448,18,2,5,7.8,78.8,0,4.9,0,4,1,0,98.6,-1
8449,23,1,0,2.37,90.0,1,9.8,2,2,2,2,63.5,1
8450,18,0,4,7.07,74.7,1,8.1,1,2,2,0,99.2,1
8451,21,0,2,2.76,83.4,1,9.9,2,0,1,2,50.4,1
8452,23,2,3,1.44,41.4,1,8.9,1,0,0,0,62.1,1
8453,22,2,1,1.22,92.7,1,5.9,1,1,0,0,72.2,1
8454,21,1,0,7.53,72.3,1,8.1,2,0,0,2,84.8,1
8455,24,2,4,0.19,69.5,1,6.6,2,1,0,0,41.0,1
8456,18,1,0,1.75,53.0,1,5.4,0,3,2,0,41.4,1
8457,24,2,6,2.72,48.2,1,7.3,0,3,1,1,41.9,1
8458,21,2,2,5.25,62.1,1,9.6,0,3,2,0,83.0,1
8459,20,1,6,3.01,95.2,1,4.1,1,1,1,2,60.9,1
8460,19,0,4,0.16,73.6,1,9.5,1,1,1,2,52.3,1
8461,22,2,3,4.14,64.7,1,5.5,2,0,0,2,76.1,1
8462,24,2,2,7.08,48.4,1,4.5,2,0,0,2,57.2,1
8463,22,0,2,7.09,43.7,0,9.9,0,2,1,2,73.5,1
8464,17,1,0,7.91,76.4,0,4.7,1,4,2,0,81.2,-1
8465,20,0,4,2.74,97.5,1,9.8,2,2,1,2,57.6,1
8466,22,2,3,0.98,66.9,1,7.6,0,2,2,1,38.9,1
8467,20,0,0,0.56,54.2,0,9.1,2,0,1,0,32.3,1
8468,23,1,4,6.94,62.6,1,7.8,2,0,2,0,62.2,1
8469,22,1,4,5.99,70.6,1,4.2,2,1,0,2,61.9,1
8470,17,1,0,5.02,85.2,1,8.6,2,0,1,2,62.4,1
8471,21,0,0,3.97,67.2,1,8.4,1,2,2,2,62.2,1
8472,18,0,3,3.66,95.6,1,5.0,0,2,0,1,79.1,1
8473,20,0,5,3.95,78.4,0,4.5,1,1,0,0,82.1,1
8474,20,2,4,2.91,47.2,1,6.3,2,0,0,2,57.0,1
8475,23,0,2,3.8,46.9,1,4.1,0,2,2,2,55.3,1
8476,23,0,6,1.68,73.1,1,4.1,2,0,2,2,38.6,1
8477,20,0,1,0.94,88.2,1,9.0,1,0,1,2,53.4,1
8478,21,0,4,1.69,72.0,1,8.9,1,3,2,2,54.3,1
8479,22,2,2,7.77,88.2,1,6.8,1,0,1,1,98.3,1
8480,22,1,1,7.91,44.8,1,6.7,2,0,0,2,88.4,1
8481,22,0,3,6.01,59.7,1,6.2,2,1,0,2,71.7,1
8482,23,1,5,6.7,42.9,1,4.9,2,0,0,1,75.8,1
8483,24,1,3,0.83,61.4,1,7.9,2,3,1,2,48.9,1
8484,23,1,2,0.98,74.1,1,6.0,2,4,1,2,32.0,1
8485,18,0,6,0.74,95.5,1,5.8,1,0,2,1,68.2,1
8486,20,2,1,0.51,67.6,1,4.5,1,3,2,0,55.0,1
8487,20,2,0,5.98,62.5,1,7.3,0,4,2,2,71.6,1
8488,21,1,2,0.45,80.8,1,9.9,0,0,2,0,54.5,1
8489,21,2,4,7.59,83.1,1,9.5,2,4,1,1,68.3,1
8490,22,1,3,5.23,50.3,1,5.1,1,4,0,1,53.4,1
8491,20,1,1,1.37,82.0,1,6.8,0,4,2,1,55.1,1
8492,19,0,4,6.54,72.4,1,6.8,1,4,0,2,86.2,1
8493,20,2,1,6.59,70.6,1,6.2,2,0,0,1,90.5,1
8494,23,0,3,4.51,98.9,1,5.5,1,4,0,2,77.2,1
8495,19,1,4,0.73,86.3,1,8.5,0,2,0,2,49.7,1
8496,17,0,5,3.21,88.9,1,6.3,0,1,2,2,51.4,1
8497,24,1,4,4.39,89.3,1,8.7,1,2,0,2,86.8,1
8498,18,1,3,5.95,78.9,1,4.4,0,1,1,0,63.0,1
8499,21,1,2,2.39,41.5,1,9.4,2,3,0,2,37.6,1
8500,23,0,1,6.99,62.1,1,8.5,2,2,2,0,96.5,1
8501,19,1,4,2.01,86.0,1,6.0,0,4,1,2,59.5,1
8502,19,2,3,7.91,50.8,1,8.3,1,3,1,2,75.2,1
8503,19,1,3,0.92,97.4,1,7.5,1,4,2,2,66.3,1
8504,18,1,5,6.66,40.6,1,5.6,2,1,2,2,55.0,1
8505,18,2,6,1.06,73.5,1,6.1,2,3,1,1,41.1,1
8506,18,2,3,6.07,45.1,1,7.4,1,2,2,2,81.2,1
8507,20,0,2,6.9,85.6,1,7.0,1,1,2,2,66.2,1
8508,21,1,3,2.5,77.0,1,5.3,1,3,2,2,54.4,1
8509,17,1,1,0.81,64.3,0,9.1,2,1,1,2,36.5,1
8510,23,2,3,7.91,46.1,1,9.7,0,0,2,2,83.0,1
8511,22,2,4,7.77,67.1,1,8.1,1,2,1,2,83.9,1
8512,17,2,3,6.05,61.0,1,7.6,0,2,0,2,75.9,1
8513,23,2,4,3.09,51.3,0,8.3,1,1,1,0,49.9,1
8514,17,1,0,1.08,51.0,1,5.3,2,4,2,0,19.599,1
8515,21,2,1,3.34,90.8,1,5.7,0,3,0,0,63.6,1
8516,20,0,5,5.76,59.7,1,4.1,0,0,2,2,61.5,1
8517,21,2,0,1.22,46.0,1,4.4,0,2,0,0,41.8,1
8518,24,0,1,0.13,49.5,1,5.7,0,3,1,2,19.599,1
8519,24,2,6,7.23,79.7,0,4.8,0,1,0,2,71.9,1
8520,19,2,2,5.6,62.2,1,6.3,2,2,2,2,81.1,1
8521,21,2,0,5.55,43.4,1,5.8,2,2,2,2,70.1,1
8522,24,0,5,7.58,43.3,1,9.1,1,3,2,1,93.7,1
8523,22,1,0,4.17,43.6,1,9.9,2,2,2,2,60.0,1
8524,24,0,5,2.54,84.2,1,5.6,2,0,2,2,65.7,1
8525,20,0,0,7.28,91.0,1,5.1,0,0,2,1,100.0,1
8526,19,1,4,7.89,90.7,1,5.5,2,0,2,2,73.5,1
8527,21,2,0,0.16,72.7,0,4.4,1,2,0,1,51.6,1
8528,23,1,3,2.65,63.5,1,7.2,0,0,2,0,73.5,1
8529,24,0,3,2.9,59.0,1,9.1,2,3,0,0,40.6,1
8530,22,2,6,0.89,84.7,1,5.9,1,3,1,1,41.7,1
8531,22,2,5,1.77,88.5,0,8.6,0,4,0,0,49.1,1
8532,21,0,0,0.2,96.3,1,9.5,1,1,2,0,44.9,1
8533,19,2,0,5.57,99.1,1,4.1,2,0,2,0,62.2,1
8534,20,2,0,0.86,82.3,1,7.5,0,0,1,2,54.6,1
8535,20,1,5,7.1,51.5,1,5.6,1,1,2,2,86.5,1
8536,23,2,4,4.67,97.7,1,7.7,1,0,0,2,96.7,1
8537,21,0,3,2.85,47.4,1,4.3,0,0,2,0,47.3,1
8538,23,0,3,6.47,56.8,1,4.1,2,3,2,2,60.8,1
8539,17,1,0,5.21,89.9,1,4.5,1,2,2,2,78.3,1
8540,23,0,3,6.02,70.9,1,8.6,2,3,0,1,88.4,1
8541,21,2,5,7.02,54.7,1,6.2,2,0,1,2,67.1,1
8542,24,2,6,6.46,71.4,1,9.2,0,2,1,2,86.3,1
8543,20,2,2,6.23,86.2,1,5.4,1,0,2,1,100.0,1
8544,20,2,1,5.84,56.4,1,5.5,1,1,2,2,71.9,1
8545,18,0,4,3.02,70.1,1,4.9,0,3,1,2,31.0,1
8546,23,2,1,5.21,57.2,1,9.3,2,1,1,2,82.4,1
8547,22,1,4,4.53,63.9,0,8.5,0,4,1,1,47.1,1
8548,23,2,0,7.71,52.7,0,4.3,1,3,2,0,88.2,1
8549,17,1,1,4.01,82.5,1,8.7,2,3,0,2,74.5,1
8550,18,0,3,1.77,58.8,1,8.8,1,4,1,1,41.7,1
8551,24,2,3,3.66,70.4,1,4.5,0,3,2,1,44.6,1
8552,17,2,4,3.32,88.3,1,4.7,2,3,2,1,69.3,1
8553,21,2,5,3.75,48.5,1,8.0,0,4,2,0,49.2,1
8554,20,2,6,4.65,79.7,1,5.2,1,0,0,2,69.3,1
8555,24,0,3,7.58,59.8,1,4.1,0,3,1,2,79.1,1
8556,23,1,4,2.25,69.3,1,8.3,0,4,1,0,51.2,1
8557,24,2,5,7.75,83.0,1,8.2,1,2,1,2,76.3,1
8558,19,0,6,6.24,95.4,1,4.5,2,3,0,1,86.6,1
8559,21,2,4,1.46,91.6,1,5.0,1,2,0,2,65.1,1
8560,22,0,1,2.24,94.0,1,5.2,1,0,2,2,77.2,1
8561,24,2,0,7.27,43.0,1,8.0,1,1,2,0,100.0,1
8562,17,0,1,6.41,65.3,1,5.8,1,1,1,2,63.1,1
8563,24,1,1,1.15,88.1,1,5.7,0,0,1,2,54.8,1
8564,19,1,0,4.68,88.7,1,6.8,1,1,1,0,71.9,1
8565,18,2,3,2.22,65.2,1,5.7,2,0,2,2,57.5,1
8566,21,2,5,5.04,57.1,1,7.8,1,0,2,2,70.9,1
8567,23,1,0,1.39,72.9,1,4.2,0,1,1,1,42.2,1
8568,18,2,1,2.82,84.8,1,7.6,0,2,2,2,77.1,1
8569,17,2,2,3.11,81.5,1,4.9,2,0,1,2,75.0,1
8570,24,0,1,4.3,55.0,1,4.2,1,2,1,1,62.4,1
8571,24,2,3,1.91,40.6,1,6.1,0,4,2,2,22.8,1
8572,18,1,0,5.82,93.2,1,9.0,1,4,2,2,97.3,1
8573,24,0,0,6.47,66.7,1,5.3,1,4,1,2,54.9,1
8574,24,0,0,5.12,89.9,1,5.1,0,0,0,0,64.1,1
8575,24,0,3,7.22,92.3,0,7.2,0,0,1,2,85.0,1
8576,18,1,4,6.32,96.3,1,7.4,0,1,1,0,71.1,1
8577,21,0,2,0.35,61.2,1,7.6,2,4,1,0,28.3,1
8578,24,0,6,0.68,79.6,1,7.7,2,1,0,2,54.9,1
8579,24,1,0,5.28,75.8,1,7.5,0,2,1,2,75.3,1
8580,21,0,2,5.78,49.8,1,4.9,2,3,0,2,41.4,1
8581,18,0,1,7.74,66.2,1,7.1,1,3,0,1,75.6,1
8582,17,2,3,0.08,65.8,1,5.3,1,4,0,0,38.5,1
8583,19,0,3,1.9,51.5,1,7.0,0,2,0,0,48.5,1
8584,17,0,2,6.65,62.5,0,4.8,0,2,0,2,86.5,1
8585,18,0,3,7.13,66.2,1,7.4,0,0,1,2,91.1,1
8586,17,0,1,3.72,88.0,0,8.7,0,0,2,2,81.4,1
8587,23,1,6,3.87,91.5,1,9.4,2,4,2,1,55.0,1
8588,21,2,0,6.83,83.0,1,9.2,1,3,1,2,57.7,1
8589,21,0,6,3.68,88.3,0,5.1,0,0,2,0,58.3,1
8590,23,0,4,6.3,45.9,1,6.7,1,4,2,1,81.8,1
8591,20,1,6,7.59,73.4,1,4.1,0,3,0,2,100.0,1
8592,20,2,3,2.09,55.5,1,6.3,2,3,2,1,19.599,1
8593,18,0,2,2.2,65.1,1,7.2,2,3,2,2,28.7,1
8594,20,1,4,7.51,82.2,1,8.4,2,2,1,1,98.3,1
8595,18,1,3,3.39,96.8,1,5.7,2,0,1,0,64.5,1
8596,21,0,5,0.13,61.4,1,6.4,0,0,2,0,50.9,1
8597,24,2,0,4.02,74.6,1,9.2,1,4,0,1,60.6,1
8598,21,1,1,4.93,46.4,1,7.9,0,3,0,0,62.0,1
8599,19,1,2,1.96,81.0,1,7.4,0,4,0,2,73.7,1
8600,22,0,5,5.82,54.3,1,7.0,2,3,1,2,54.9,1
8601,23,0,1,1.86,68.1,1,7.1,1,3,2,2,51.1,1
8602,20,2,4,0.96,59.5,0,5.8,2,0,0,0,52.1,1
8603,19,2,2,1.99,43.0,0,4.4,2,2,2,2,49.3,1
8604,22,0,2,4.27,84.4,1,7.5,1,3,1,0,73.9,1
8605,18,0,4,6.85,77.2,1,9.2,1,0,1,0,97.4,1
8606,24,0,0,4.23,89.1,1,9.9,2,0,1,2,65.8,1
8607,19,0,3,6.79,96.8,1,4.6,1,3,2,2,95.3,1
8608,19,1,2,0.51,64.7,1,5.2,1,3,0,2,49.6,1
8609,22,0,1,2.98,85.4,0,8.2,1,0,1,2,79.3,1
8610,17,2,2,3.48,58.6,1,7.3,2,4,1,2,53.8,1
8611,18,0,1,6.41,66.0,1,9.2,1,1,2,0,93.2,1
8612,18,0,1,4.89,90.2,1,6.2,1,0,2,0,90.5,1
8613,20,2,0,6.28,93.9,0,7.5,1,1,2,0,82.0,1
8614,21,1,1,2.71,62.6,1,9.4,0,0,1,0,66.8,1
8615,18,1,3,7.47,88.2,1,8.0,0,3,1,2,96.3,1
8616,19,2,6,6.51,86.0,1,5.3,2,0,1,2,81.7,1
8617,23,2,2,7.32,51.2,1,8.6,1,2,2,2,81.3,1
8618,24,0,6,2.1,77.5,1,4.9,0,4,2,2,51.9,1
8619,17,2,0,0.08,69.8,1,4.6,1,2,1,0,32.1,1
8620,22,0,4,4.92,43.8,1,6.0,0,0,0,1,60.2,1
8621,17,2,4,3.94,72.8,0,6.9,2,4,2,1,55.9,1
8622,21,1,5,6.23,98.8,1,8.1,1,2,1,1,91.3,1
8623,24,2,6,0.78,86.8,1,8.7,1,1,2,2,47.3,1
8624,23,1,6,4.76,52.1,1,7.8,0,1,2,1,66.9,1
8625,18,1,2,1.59,53.3,0,8.5,0,4,0,0,49.3,1
8626,19,2,0,4.12,59.1,1,9.9,0,2,2,1,55.8,1
8627,23,1,3,1.27,41.1,1,4.2,0,4,1,2,30.7,1
8628,23,0,3,7.3,44.4,1,9.2,2,3,0,0,69.2,1
8629,19,2,6,1.47,83.2,1,7.3,0,1,2,2,63.0,1
8630,17,2,4,4.6,72.8,1,6.3,2,1,2,1,49.1,1
8631,20,0,0,0.08,81.8,1,5.0,2,0,1,0,37.0,1
8632,21,1,6,1.25,82.9,1,9.9,0,3,2,0,53.5,1
8633,20,1,5,3.99,44.4,1,7.7,0,4,0,2,56.1,1
8634,24,0,5,0.33,96.8,0,7.7,0,4,1,0,62.7,1
8635,23,0,4,4.34,98.2,1,4.9,2,1,0,2,78.0,1
8636,23,2,2,1.47,42.0,0,8.9,1,4,2,2,45.4,1
8637,17,2,6,5.81,44.1,1,6.9,1,4,0,2,70.7,1
8638,23,0,4,6.95,89.2,1,4.7,0,3,0,2,95.2,1
8639,23,0,1,6.07,76.5,1,4.4,2,3,0,0,57.1,1
8640,20,0,1,0.51,99.4,1,9.9,2,3,1,0,54.1,1
8641,21,1,0,3.97,54.8,1,4.1,0,1,2,2,47.4,1
8642,23,0,1,0.89,87.7,1,9.2,0,0,0,1,52.9,1
8643,24,2,4,3.27,71.5,1,4.8,1,2,1,2,59.9,1
8644,21,2,3,6.72,73.3,1,8.2,0,3,2,0,76.1,1
8645,17,2,1,0.33,52.5,1,5.3,2,1,1,0,30.6,1
8646,21,2,4,2.01,76.4,1,7.2,0,0,1,2,53.7,1
8647,22,0,0,6.61,64.6,0,4.2,1,2,2,2,88.0,1
8648,17,0,1,3.25,53.2,1,9.1,2,3,0,2,57.8,1
8649,23,2,6,1.88,90.2,1,5.5,2,4,1,1,37.7,1
8650,18,0,0,7.6,52.9,1,8.7,0,4,1,2,66.0,1
8651,24,2,1,1.25,58.0,1,9.3,0,4,0,0,53.8,1
8652,21,0,5,6.31,45.2,0,6.8,2,3,2,2,64.7,1
8653,19,1,5,1.42,80.6,1,9.8,0,3,2,0,49.6,1
8654,17,1,1,7.7,57.0,1,7.9,0,2,0,0,95.6,1
8655,17,1,2,6.29,97.5,1,5.2,0,2,2,0,78.4,1
8656,22,1,5,2.21,84.5,1,6.6,0,4,0,2,57.3,1
8657,20,2,3,7.87,94.1,1,5.7,2,4,1,1,72.0,1
8658,23,2,3,0.92,51.8,1,8.4,0,2,0,2,42.7,1
8659,18,2,0,6.88,78.4,1,8.9,0,3,1,1,83.2,1
8660,24,1,4,5.6,92.8,0,4.7,2,1,2,0,57.1,1
8661,24,0,4,1.39,97.7,1,5.3,2,4,1,2,47.7,1
8662,17,1,2,4.37,79.0,1,4.2,2,1,1,2,58.8,1
8663,22,1,1,0.1,96.9,1,8.2,1,0,1,2,68.7,1
8664,24,0,6,4.59,48.9,1,7.8,2,3,0,2,69.4,1
8665,19,2,1,4.66,42.4,1,5.4,0,1,1,2,56.4,1
8666,17,1,6,3.27,67.9,0,7.8,0,2,0,2,72.1,1
8667,24,0,0,6.6,59.0,1,6.6,0,2,1,1,59.5,1
8668,20,1,1,7.45,95.6,1,8.2,2,4,0,0,96.7,1
8669,17,2,4,4.27,41.0,1,8.9,1,4,1,2,68.0,1
8670,23,1,4,5.39,59.0,1,5.1,1,0,2,2,88.7,1
8671,22,0,0,1.17,61.0,1,7.9,1,4,1,0,46.5,1
8672,17,1,5,7.91,82.8,1,7.6,2,4,2,1,95.1,1
8673,19,0,2,6.86,40.6,1,6.4,0,2,2,1,90.3,1
8674,17,0,2,7.59,91.0,1,6.2,1,1,0,2,94.4,1
8675,24,0,4,6.22,96.1,1,9.8,0,2,0,2,100.0,1
8676,17,2,4,2.58,69.0,1,4.3,2,0,2,0,60.5,1
8677,23,2,4,1.77,46.5,1,8.0,0,4,2,1,31.4,1
8678,21,0,5,4.09,43.0,1,9.2,2,2,0,1,62.9,1
8679,21,2,6,0.66,55.5,1,9.5,0,2,2,1,50.1,1
8680,23,0,3,4.41,48.1,1,8.3,2,1,2,2,47.6,1
8681,24,1,3,2.96,70.2,1,6.4,0,3,1,2,39.8,1
8682,18,0,6,5.82,64.6,1,4.3,0,4,0,1,75.4,1
8683,17,2,6,5.01,51.5,0,8.0,0,0,0,0,75.6,1
8684,17,1,2,1.97,90.0,1,8.6,2,3,1,2,44.0,1
8685,22,0,3,5.87,76.0,0,5.9,1,0,1,1,67.1,1
8686,21,0,6,2.49,77.6,0,6.7,1,4,1,1,55.4,1
8687,17,1,2,1.99,81.0,1,5.0,0,0,2,0,54.2,1
8688,18,0,6,3.35,91.9,1,5.1,0,1,1,0,46.3,1
8689,21,0,5,1.26,80.5,1,8.7,0,0,2,0,64.4,1
8690,22,0,1,2.6,48.0,1,5.5,0,0,0,2,59.4,1
8691,19,2,4,2.08,63.0,1,7.7,2,1,1,2,30.0,1
8692,24,0,3,0.17,71.3,0,6.0,2,4,2,0,20.8,-1
8693,24,0,0,2.41,51.1,0,6.9,2,0,2,2,38.3,1
8694,23,1,4,3.73,96.4,1,7.6,1,3,1,0,74.1,1
8695,20,1,5,6.64,55.1,1,8.7,2,2,1,1,76.5,1
8696,24,2,6,1.44,86.3,0,5.9,1,1,1,1,29.6,1
8697,22,2,0,2.62,97.1,1,4.9,0,1,1,0,51.3,1
8698,21,2,1,0.23,56.5,1,6.4,2,4,2,0,25.1,1
8699,20,1,6,0.6,67.3,1,8.5,0,3,0,2,79.6,1
8700,23,2,0,2.85,54.9,1,4.9,0,4,2,2,43.9,1
8701,21,1,5,4.0,89.3,1,4.2,2,0,2,0,61.0,1
8702,18,1,5,5.99,87.7,1,5.2,2,2,0,2,90.2,1
8703,24,1,2,6.11,93.6,1,9.9,0,1,2,0,74.2,1
8704,17,2,0,7.31,43.8,1,5.6,1,4,2,0,57.9,1
8705,22,0,2,7.26,84.4,1,8.3,0,0,1,2,98.8,1
8706,22,0,4,0.81,74.8,1,9.9,2,2,2,2,51.2,1
8707,21,2,5,0.9,65.4,1,6.5,1,2,0,2,43.6,1
8708,17,1,3,3.97,93.4,1,5.8,2,4,2,2,65.9,1
8709,20,1,0,4.72,92.0,1,7.2,0,2,2,0,73.6,1
8710,24,2,6,4.78,82.0,1,9.4,0,1,0,2,68.0,1
8711,18,0,2,3.89,50.3,1,5.7,0,2,2,0,67.9,1
8712,22,2,2,7.85,55.6,1,8.5,2,2,0,2,77.2,1
8713,23,0,0,4.07,49.4,1,6.4,2,1,2,2,50.9,1
8714,24,1,6,7.48,55.4,1,6.4,0,0,0,0,100.0,1
8715,21,0,6,7.91,86.4,1,4.9,2,3,1,2,86.3,1
8716,19,2,3,3.55,60.0,0,7.4,0,4,1,0,42.6,1
8717,22,1,6,1.07,57.0,1,4.4,0,3,2,2,48.4,1
8718,20,1,6,2.61,54.9,1,7.9,0,4,2,0,44.0,1
8719,22,0,4,2.87,43.0,1,9.3,1,3,1,2,39.7,1
8720,22,0,2,7.11,60.4,1,5.7,1,0,0,2,91.7,1
8721,22,0,6,7.69,45.7,0,6.8,2,3,2,2,60.3,1
8722,18,1,4,1.36,73.7,0,6.4,2,2,2,2,34.0,1
8723,23,2,2,0.16,51.1,1,8.4,0,0,1,1,29.5,1
8724,21,1,5,6.65,56.3,1,8.9,0,4,2,0,98.9,1
8725,24,1,0,4.47,68.7,1,6.2,0,0,0,0,82.0,1
8726,22,2,5,6.01,62.9,1,8.1,2,2,2,2,53.9,1
8727,24,0,1,2.65,59.3,1,4.4,1,4,0,0,61.3,1
8728,24,0,2,1.27,97.4,1,7.5,0,0,0,0,77.1,1
8729,24,0,3,2.12,43.5,1,7.0,0,2,0,2,37.6,1
8730,22,1,3,0.39,92.8,1,4.3,0,0,0,0,51.5,1
8731,21,0,6,3.09,95.7,1,9.2,0,3,0,1,50.0,1
8732,17,2,2,0.79,98.1,1,6.6,0,0,1,2,51.5,1
8733,20,1,6,3.71,91.7,1,8.9,2,0,1,0,50.2,1
8734,20,2,1,6.39,88.6,1,6.6,0,0,1,0,87.2,1
8735,23,1,6,0.38,54.2,1,6.0,2,1,2,2,42.8,1
8736,21,2,4,7.17,50.8,1,6.8,1,3,0,2,90.1,1
8737,20,2,0,0.99,76.2,1,5.9,1,2,2,0,56.7,1
8738,18,2,6,5.25,72.1,0,4.9,0,0,2,0,77.9,1
8739,22,0,0,1.92,83.3,1,7.4,0,0,0,1,83.0,1
8740,20,2,4,6.76,47.0,1,4.3,0,3,2,2,75.8,1
8741,17,2,2,0.08,57.2,1,4.1,0,0,2,0,19.599,1
8742,19,0,2,3.37,80.3,1,6.9,1,1,2,2,65.1,1
8743,24,2,0,7.7,76.7,1,8.1,0,3,2,0,75.7,1
8744,17,0,1,0.9,60.9,0,9.3,0,2,2,2,57.6,1
8745,20,2,1,6.09,48.9,1,5.7,0,4,0,2,72.1,1
8746,21,2,0,5.81,91.5,1,7.3,1,3,2,2,75.9,1
8747,17,0,4,2.55,89.9,1,9.5,2,3,0,2,76.0,1
8748,18,1,2,0.48,48.8,1,4.6,1,4,0,2,41.8,1
8749,24,1,5,6.66,85.0,1,5.9,0,4,1,1,100.0,1
8750,21,1,5,7.24,48.5,1,5.0,1,1,2,0,67.8,1
8751,18,0,5,1.02,67.1,1,7.7,1,2,2,1,49.4,1
8752,18,0,1,6.78,68.0,1,9.9,1,1,2,2,72.9,1
8753,20,2,6,6.67,64.1,1,7.9,2,4,0,1,68.5,1
8754,22,1,2,4.62,60.5,1,9.3,2,4,0,1,55.7,1
8755,22,1,2,6.27,68.1,1,8.2,1,2,2,2,87.8,1
8756,18,0,5,0.32,82.7,1,7.8,2,3,1,2,28.2,1
8757,22,1,5,3.97,59.9,1,6.0,0,3,1,0,47.7,1
8758,24,2,2,7.74,74.8,1,8.3,2,2,1,0,76.2,1
8759,18,1,0,6.2,61.5,1,4.6,2,2,0,2,67.5,1
8760,17,0,0,2.15,98.3,1,4.1,1,4,2,2,64.4,1
8761,24,2,5,4.99,81.0,1,8.1,2,0,2,2,53.4,1
8762,21,0,3,1.7,91.1,1,9.4,1,4,1,0,63.5,1
8763,23,2,4,1.78,65.9,1,8.3,0,2,2,2,51.6,1
8764,19,0,2,1.51,55.4,1,5.3,0,0,0,0,45.1,1
8765,19,2,6,1.52,44.7,1,9.0,2,1,0,1,38.7,1
8766,18,2,3,3.99,89.0,1,7.2,0,2,0,1,79.1,1
8767,18,0,4,2.48,81.9,1,5.0,1,0,2,0,75.9,1
8768,20,1,3,6.22,89.3,1,7.7,2,2,2,2,77.6,1
8769,17,2,1,7.15,80.7,1,4.7,1,4,1,2,93.5,1
8770,23,1,4,3.9,42.3,1,5.4,0,0,2,1,73.1,1
8771,21,0,0,1.53,65.5,1,8.4,2,1,2,0,42.9,1
8772,24,0,1,7.91,59.9,0,9.8,2,1,2,0,100.0,-1
8773,21,2,3,0.38,66.0,1,6.1,0,1,1,0,19.599,1
8774,19,0,0,4.4,80.1,1,5.2,0,0,1,1,58.2,1
8775,21,0,6,1.76,74.0,1,4.9,0,1,1,2,52.2,1
8776,18,0,4,7.5,78.1,1,7.4,1,3,2,2,100.0,1
8777,23,2,0,2.6,52.6,1,4.1,0,1,1,2,28.0,1
8778,22,0,2,7.66,69.8,1,8.3,0,4,2,0,91.8,1
8779,18,2,0,7.78,54.1,1,7.6,1,0,2,0,100.0,1
8780,21,1,2,7.54,70.7,0,8.1,0,2,1,2,76.5,1
8781,21,0,1,6.34,57.7,1,6.2,1,4,1,0,58.3,1
8782,18,2,1,5.93,53.0,0,4.6,0,4,2,1,63.0,1
8783,17,2,4,7.62,96.4,1,9.8,2,1,2,1,83.6,1
8784,23,0,2,1.79,56.1,1,9.0,1,0,0,1,40.5,1
8785,19,2,1,6.48,77.6,1,7.3,2,1,0,1,86.9,1
8786,21,0,2,0.91,77.6,1,5.1,1,2,1,2,46.4,1
8787,18,0,6,2.9,74.6,1,9.8,2,2,0,1,57.0,1
8788,22,2,6,3.21,83.1,1,5.9,2,2,2,1,65.0,1
8789,17,2,0,7.91,76.5,1,9.3,2,4,1,2,79.0,1
8790,19,2,3,2.57,91.0,0,5.3,2,4,1,1,57.6,1
8791,21,2,0,4.44,41.5,1,5.7,1,3,1,2,57.5,1
8792,20,1,3,5.07,44.4,1,6.0,1,3,0,2,54.6,1
8793,21,0,3,5.42,73.2,1,6.5,1,4,2,2,83.6,1
8794,18,0,1,0.96,64.0,1,9.4,0,4,2,2,53.2,1
8795,20,2,4,4.47,52.7,1,9.6,0,4,1,1,54.5,1
8796,23,1,2,5.08,61.2,1,4.5,2,2,2,1,76.1,1
8797,19,2,4,7.23,79.0,1,9.0,0,1,2,0,89.6,1
8798,18,1,5,7.66,91.2,1,6.4,1,0,2,2,100.0,1
8799,23,0,2,1.88,50.9,1,7.6,0,4,2,0,40.5,1
8800,23,2,5,1.68,57.5,1,4.9,1,2,0,2,34.2,1
8801,22,1,5,5.47,48.4,1,4.7,2,3,1,0,58.8,1
8802,23,1,6,3.92,99.4,1,6.8,2,4,2,0,64.8,1
8803,23,2,5,5.95,41.2,1,8.2,1,2,0,0,64.2,1
8804,22,1,2,6.79,49.5,1,9.5,1,3,2,2,83.5,1
8805,21,2,2,0.09,63.1,0,9.9,1,1,0,0,53.2,1
8806,17,2,2,7.03,51.9,1,9.0,1,4,1,2,76.7,1
8807,21,0,4,2.12,80.8,1,8.9,1,1,2,2,60.0,1
8808,19,2,4,7.76,41.4,1,4.7,2,3,1,2,61.3,1
8809,23,1,4,3.44,70.9,1,6.6,2,0,1,0,52.9,1
8810,20,2,0,6.82,51.8,1,8.3,0,2,0,2,82.6,1
8811,24,1,1,1.6,77.9,1,7.1,2,1,0,2,44.1,1
8812,21,2,2,4.2,47.0,1,5.3,0,0,0,0,57.4,1
8813,21,2,0,0.51,51.8,1,5.2,2,1,0,0,25.7,1
8814,24,1,0,5.88,89.8,0,7.3,2,2,2,2,87.4,1
8815,20,2,0,7.54,94.0,1,9.2,1,3,2,1,94.3,1
8816,20,0,2,6.74,61.7,1,5.7,0,2,2,2,76.5,1
8817,19,2,0,5.44,75.3,1,5.6,0,2,0,2,61.6,1
8818,24,0,5,0.95,80.5,1,9.7,1,1,0,2,62.4,1
8819,23,1,1,7.87,85.7,1,5.7,0,0,1,2,100.0,1
8820,18,2,6,2.75,72.1,1,4.5,0,2,0,1,62.9,1
8821,20,1,2,5.06,74.7,1,6.4,2,1,1,2,52.5,1
8822,19,0,4,2.18,87.0,1,8.3,0,0,1,0,64.8,1
8823,22,1,2,6.62,72.8,0,9.9,1,1,0,1,85.9,1
8824,17,1,0,3.03,72.3,1,6.1,1,3,0,0,66.2,1
8825,22,1,6,3.13,57.0,0,4.1,1,0,0,2,55.8,1
8826,22,1,5,0.08,90.3,1,6.2,1,2,0,2,66.5,1
8827,18,2,3,4.6,66.5,1,7.3,1,4,1,0,75.8,1
8828,18,2,4,2.01,73.2,1,5.4,2,3,2,0,40.3,1
8829,22,2,4,7.37,77.9,1,7.8,0,2,2,2,82.1,1
8830,19,1,5,6.27,72.4,1,5.1,0,1,2,2,57.8,1
8831,24,2,4,7.62,66.5,1,9.8,0,1,1,2,100.0,1
8832,23,0,3,3.12,69.1,1,4.9,0,4,1,0,50.9,1
8833,24,2,2,5.29,46.0,1,8.4,1,1,0,1,69.0,1
8834,21,2,6,3.61,89.3,1,8.5,1,1,0,1,72.1,1
8835,24,1,3,7.27,44.9,1,7.3,2,4,0,2,58.8,1
8836,17,2,0,2.59,99.2,1,5.6,1,1,2,1,74.3,1
8837,19,0,2,2.63,98.2,1,6.5,2,1,0,0,65.4,1
8838,17,0,4,2.93,92.9,1,8.5,0,3,1,0,54.8,1
8839,22,0,5,3.98,44.6,0,6.4,0,0,0,2,67.3,1
8840,21,1,5,7.1,41.6,1,6.5,2,2,2,0,73.3,1
8841,19,1,6,1.66,77.0,1,7.2,0,4,1,0,46.9,1
8842,19,2,6,5.21,49.9,1,7.8,0,4,1,2,74.7,1
8843,22,2,4,2.45,96.4,1,8.9,2,3,2,0,54.7,1
8844,18,0,6,0.66,79.4,1,9.4,0,2,0,0,40.3,1
8845,21,2,2,7.63,91.5,1,4.2,0,3,0,2,93.4,1
8846,21,0,0,6.29,99.4,1,8.7,0,4,1,0,79.1,1
8847,18,1,3,7.62,96.3,1,8.0,1,3,2,2,97.5,1
8848,18,2,4,3.2,46.3,1,9.7,0,0,2,2,65.9,1
8849,19,2,0,6.06,99.0,1,6.1,1,3,1,0,71.8,1
8850,21,1,0,5.21,44.2,1,9.5,1,0,1,2,57.2,1
8851,19,2,6,4.95,86.7,1,4.7,2,2,0,0,79.3,1
8852,20,0,4,0.32,85.0,1,6.4,0,2,2,2,48.4,1
8853,21,2,4,0.57,52.8,0,6.5,1,3,0,2,57.5,1
8854,18,1,1,1.56,62.9,1,4.4,1,4,0,2,55.9,1
8855,21,0,3,6.0,77.8,0,6.2,0,1,0,0,81.1,1
8856,18,1,0,6.39,69.9,1,5.8,2,0,1,0,60.2,1
8857,18,2,4,5.18,82.2,0,9.0,0,3,1,1,89.9,1
8858,18,0,6,1.54,47.9,1,7.2,2,4,2,0,19.599,1
8859,19,1,1,6.22,64.4,0,4.4,2,0,1,0,66.9,1
8860,17,2,5,0.91,83.0,0,6.6,0,0,0,2,47.7,1
8861,24,2,4,7.15,40.6,1,5.7,1,2,2,1,76.0,1
8862,19,0,3,3.08,79.0,1,5.2,1,0,2,2,70.9,1
8863,23,2,6,5.82,72.5,1,6.8,1,3,2,0,68.5,1
8864,24,2,1,1.36,95.5,1,5.9,1,4,2,2,44.7,1
8865,23,0,4,2.51,97.7,1,6.8,1,2,2,2,65.4,1
8866,23,2,0,3.96,81.3,1,6.7,0,1,1,0,60.9,1
8867,17,1,4,3.97,72.3,1,5.5,0,4,2,0,62.9,1
8868,19,2,2,0.78,71.8,1,5.1,1,0,1,0,53.2,1
8869,22,0,5,4.39,66.7,1,7.8,0,4,1,2,52.6,1
8870,21,1,2,0.6,86.7,1,7.8,0,3,1,1,35.2,1
8871,17,2,0,7.39,60.1,0,5.3,1,4,0,2,96.5,-1
8872,21,2,6,3.37,54.5,1,4.7,1,0,0,2,50.6,1
8873,23,2,4,3.51,66.5,0,8.6,0,1,1,2,62.6,1
8874,23,1,3,4.62,60.0,1,8.7,1,3,2,1,60.5,1
8875,20,2,0,6.25,88.9,1,7.2,2,3,2,1,78.0,1
8876,18,2,2,0.56,56.5,1,7.2,0,3,1,0,44.3,1
8877,19,2,2,5.62,64.1,1,4.8,0,2,2,2,68.2,1
8878,19,0,5,7.28,56.2,1,9.1,2,2,0,0,86.7,1
8879,19,2,1,3.51,72.3,0,6.2,0,1,1,0,55.3,1
8880,19,2,2,0.11,58.4,1,5.4,1,0,0,0,50.8,1
8881,20,1,3,1.98,77.6,1,6.6,2,2,2,0,49.6,1
8882,17,1,0,7.53,88.4,1,4.9,2,0,1,1,89.0,1
8883,19,2,6,0.94,85.0,1,5.6,0,4,0,2,42.6,1
8884,19,0,1,0.11,58.1,1,6.4,0,2,2,0,31.5,1
8885,18,1,1,7.49,73.9,0,5.3,0,3,0,0,76.7,1
8886,24,1,1,6.9,63.0,1,5.5,1,1,1,2,83.3,1
8887,22,2,1,3.68,79.0,1,7.0,1,4,2,2,88.8,1
8888,24,1,3,0.08,92.3,1,8.3,1,3,1,2,57.9,1
8889,21,1,1,4.67,90.4,1,6.8,1,1,1,0,80.7,1
8890,17,0,5,6.53,93.2,1,9.9,0,2,2,2,85.4,1
8891,24,2,5,2.29,64.2,1,4.5,2,0,2,0,29.6,1
8892,20,0,3,1.38,88.7,1,7.1,2,4,0,2,26.6,1
8893,22,0,1,7.24,62.6,1,6.4,1,4,2,2,53.2,1
8894,20,2,5,6.14,46.1,1,5.2,1,4,2,2,66.1,1
8895,20,0,6,3.58,75.3,1,4.1,2,0,2,0,51.5,1
8896,20,2,6,7.24,75.8,1,4.1,0,0,2,2,89.1,1
8897,19,1,6,4.87,85.7,1,8.2,1,3,1,2,79.6,1
8898,21,0,5,7.55,90.4,1,7.6,1,3,1,2,86.2,1
8899,22,1,5,0.83,93.7,1,7.7,0,2,1,2,42.8,1
8900,17,2,6,3.49,82.1,1,5.6,2,0,2,2,76.1,1
8901,18,2,0,5.43,77.6,1,7.6,2,3,1,0,68.7,1
8902,23,2,6,3.26,40.9,1,6.0,0,4,1,0,39.8,1
8903,21,1,2,2.8,46.8,1,9.6,0,3,2,2,50.6,1
8904,24,2,5,5.56,48.4,1,4.2,0,0,2,1,75.9,1
8905,21,0,0,4.85,55.5,1,9.8,2,3,0,2,58.7,1
8906,22,1,0,2.26,93.6,1,9.9,2,1,1,2,64.5,1
8907,24,0,4,3.55,83.6,1,9.8,1,1,2,1,79.1,1
8908,22,0,1,5.66,78.0,1,9.2,1,1,1,1,93.6,1
8909,19,0,6,5.02,47.5,1,6.1,1,2,0,0,86.0,1
8910,21,2,5,3.62,79.3,1,9.3,0,4,0,2,74.7,1
8911,18,0,2,2.08,83.8,1,5.5,2,3,1,2,54.1,1
8912,19,1,5,0.92,58.5,1,6.1,2,2,2,1,35.7,1
8913,22,0,2,6.72,54.6,1,9.9,2,1,1,2,75.6,1
8914,18,1,5,6.56,81.2,1,5.4,1,3,1,2,65.2,1
8915,22,1,5,4.91,47.2,1,5.8,2,0,1,2,69.2,1
8916,21,1,4,4.57,74.9,1,8.6,1,4,1,2,69.7,1
8917,19,2,4,1.09,98.5,1,8.8,0,0,1,1,49.7,1
8918,17,0,5,3.57,41.5,1,6.1,2,0,0,1,63.1,1
8919,22,1,5,3.87,50.9,0,8.9,0,4,0,2,70.5,1
8920,23,0,4,3.69,71.8,1,7.3,0,4,0,1,64.9,1
8921,22,2,1,1.94,44.3,1,7.9,1,1,1,1,39.9,1
8922,20,0,4,0.99,82.5,1,9.3,2,0,0,2,38.7,1
8923,22,2,1,7.45,44.8,1,6.5,2,1,0,2,70.9,1
8924,20,0,2,4.45,51.5,1,4.8,2,1,1,2,61.5,1
8925,19,2,1,6.9,72.9,1,9.2,0,0,0,2,89.7,1
8926,19,0,3,5.38,88.9,1,7.4,0,4,0,2,73.6,1
8927,18,0,6,6.56,62.0,1,9.7,2,2,0,1,91.4,1
8928,24,1,2,1.73,43.4,1,7.6,0,2,1,2,23.6,1
8929,22,1,2,0.85,60.9,1,4.6,0,2,2,2,33.3,1
8930,18,2,2,4.91,44.4,1,5.9,1,1,1,0,64.3,1
8931,23,2,1,4.39,51.3,1,8.7,2,4,0,2,64.6,1
8932,18,0,3,0.77,68.1,1,5.7,1,2,2,2,35.7,1
8933,21,0,5,4.89,92.9,1,9.0,1,2,0,2,98.3,1
8934,18,1,2,1.46,93.6,1,9.5,1,1,0,2,75.5,1
8935,19,0,5,0.87,82.2,1,6.6,2,4,2,2,32.8,1
8936,22,1,6,7.88,90.5,1,8.9,1,2,2,2,100.0,1
8937,24,0,2,4.45,72.1,1,5.5,2,3,1,2,61.8,1
8938,24,1,3,2.64,97.3,1,6.5,1,4,0,2,66.7,1
8939,24,2,5,0.78,90.1,1,8.6,1,0,0,0,52.8,1
8940,18,2,4,7.33,79.4,1,5.1,0,0,2,1,97.2,1
8941,17,1,1,7.54,54.0,1,6.0,1,4,1,2,87.1,1
8942,24,1,1,2.06,85.7,1,5.9,0,2,0,1,63.5,1
8943,24,2,3,3.48,92.5,1,9.7,0,4,1,0,60.1,1
8944,19,1,5,5.16,68.7,1,7.0,2,1,1,2,59.1,1
8945,17,0,6,0.89,61.8,1,5.9,1,1,2,0,33.8,1
8946,22,1,3,4.3,61.9,1,5.9,0,4,2,2,37.9,1
8947,17,0,3,1.75,85.1,1,6.3,0,3,0,1,63.3,1
8948,17,1,3,1.8,97.0,1,5.7,0,0,1,2,69.4,1
8949,24,1,3,4.82,64.0,1,5.8,1,2,1,0,74.8,1
8950,20,0,4,2.48,46.4,1,6.6,1,1,2,1,49.2,1
8951,17,1,1,4.4,42.5,1,8.1,1,1,0,1,79.2,1
8952,22,2,3,2.1,89.9,0,5.4,2,4,1,0,44.5,1
8953,19,0,4,3.9,58.6,1,7.5,1,0,1,2,67.5,1
8954,21,0,3,7.46,89.4,0,8.5,0,4,1,0,52.6,1
8955,24,0,6,3.88,47.0,1,5.2,2,0,1,0,46.0,1
8956,18,2,5,4.01,42.4,1,8.3,1,2,0,2,45.5,1
8957,22,2,5,3.94,58.6,1,7.8,2,4,0,2,68.7,1
8958,23,1,5,6.85,58.9,1,5.9,0,2,2,2,76.3,1
8959,20,2,3,5.45,99.4,1,7.6,0,1,2,2,94.5,1
8960,24,0,0,0.25,54.3,1,9.9,1,4,0,1,33.2,1
8961,20,2,3,0.94,84.5,1,7.1,2,3,0,0,46.3,1
8962,20,2,6,4.62,95.3,1,9.0,1,2,1,0,76.4,1
8963,24,2,6,6.08,87.0,1,8.2,1,4,1,1,57.6,1
8964,22,2,0,0.94,98.5,1,8.6,1,4,1,2,67.4,1
8965,23,1,3,4.02,50.0,1,4.5,2,4,1,0,49.2,1
8966,23,2,1,5.14,81.0,1,9.4,0,4,1,0,72.0,1
8967,22,2,2,3.21,71.3,0,5.0,2,1,2,2,55.7,1
8968,18,1,0,5.55,92.2,0,5.9,2,3,2,2,62.6,1
8969,20,1,2,2.74,84.6,1,8.1,2,0,0,0,55.2,1
8970,23,0,0,4.98,86.7,1,6.0,2,0,2,1,66.8,1
8971,21,0,2,6.13,63.2,1,6.7,0,3,0,2,65.9,1
8972,19,2,0,7.65,80.6,1,6.3,2,1,0,2,81.9,1
8973,19,0,5,5.11,92.9,1,9.4,2,2,2,2,79.7,1
8974,23,1,5,2.81,51.8,1,5.9,2,4,2,0,36.5,1
8975,18,0,6,5.77,41.9,1,5.1,0,4,2,2,73.8,1
8976,17,2,3,6.44,58.7,1,4.8,0,3,1,2,47.2,1
8977,23,2,3,3.32,91.8,1,4.5,1,3,2,0,71.7,1
8978,19,1,6,2.9,67.9,1,9.5,1,1,2,2,54.5,1
8979,23,2,3,1.22,55.4,1,8.5,1,0,0,0,54.9,1
8980,21,1,2,5.42,94.6,1,7.6,0,2,1,0,94.7,1
8981,24,2,6,3.56,42.5,1,8.6,1,4,0,2,52.9,1
8982,21,2,4,1.06,88.4,1,7.5,0,4,2,2,42.6,1
8983,23,1,4,4.49,87.9,1,9.3,2,4,2,2,61.3,1
8984,23,2,2,7.91,71.1,1,5.6,1,1,0,2,89.5,1
8985,18,0,3,0.41,55.8,1,7.8,0,3,2,1,35.0,1
8986,24,2,3,4.12,66.1,1,8.9,1,0,0,0,78.7,1
8987,22,1,5,7.49,61.2,1,4.3,2,1,0,2,55.6,1
8988,17,2,0,7.67,48.5,1,4.9,1,0,2,1,76.0,1
8989,17,2,0,2.73,75.7,1,8.8,0,2,0,0,75.2,1
8990,19,1,4,1.37,51.7,1,4.2,2,3,1,2,33.5,1
8991,17,0,2,3.37,99.4,0,8.9,2,4,2,2,65.8,-1
8992,19,0,5,2.55,74.5,1,7.5,1,0,2,0,63.1,1
8993,24,1,2,3.86,47.0,1,7.5,0,1,1,0,49.3,1
8994,20,2,1,4.77,76.9,1,7.4,0,0,0,0,72.8,1
8995,17,1,3,6.15,62.8,0,8.7,2,4,2,2,79.3,1
8996,20,1,1,5.07,51.1,1,8.2,2,1,2,2,68.2,1
8997,18,0,2,7.14,57.8,1,5.5,2,4,0,2,72.1,1
8998,23,0,0,5.89,55.4,1,8.7,1,4,0,2,70.6,1
8999,17,1,4,4.15,75.0,1,8.2,2,0,1,0,68.6,1
9000,23,2,1,0.95,56.5,0,9.1,2,3,1,1,37.2,1
9001,20,1,1,6.43,42.9,0,9.0,2,2,2,0,68.1,1
9002,17,1,4,5.71,89.1,1,6.0,0,3,1,2,62.6,1
9003,22,0,6,2.69,57.1,1,7.4,2,2,2,2,57.4,1
9004,20,2,3,1.86,58.3,1,8.5,0,1,1,2,48.5,1
9005,23,1,3,5.26,66.0,1,6.2,2,2,1,0,49.6,1
9006,21,0,5,0.67,87.6,1,9.9,2,4,1,2,41.7,1
9007,23,2,2,6.3,76.9,0,7.7,0,3,1,2,64.5,1
9008,20,2,6,1.82,45.3,1,9.2,0,3,2,2,38.6,1
9009,17,1,3,4.75,67.6,1,7.9,1,4,1,2,62.5,1
9010,18,0,0,2.43,85.4,1,4.4,1,3,1,2,41.0,1
9011,20,2,4,3.82,42.4,1,8.5,0,0,1,2,47.7,1
9012,20,2,6,6.41,42.4,0,5.4,2,2,2,0,73.5,1
9013,23,0,6,2.3,82.1,1,8.7,0,0,0,2,51.5,1
9014,20,2,5,0.26,70.1,1,5.5,0,4,1,2,36.5,1
9015,23,0,3,0.62,49.8,1,4.7,1,3,0,0,40.2,1
9016,18,1,1,0.6,80.2,1,8.2,1,4,0,0,62.9,1
9017,20,0,1,3.67,44.9,1,6.4,2,0,1,2,35.1,1
9018,23,0,5,0.67,66.7,1,4.1,0,3,1,2,34.7,1
9019,17,2,2,3.3,89.2,1,9.4,0,1,2,0,78.2,1
9020,19,2,3,5.58,50.6,1,7.3,1,2,1,2,95.2,1
9021,23,0,0,7.04,75.4,1,7.6,0,4,2,2,84.0,1
9022,21,2,4,1.77,62.2,1,6.3,1,2,0,0,59.5,1
9023,23,1,0,7.01,93.6,1,6.1,0,0,0,1,94.8,1
9024,21,2,4,7.82,78.8,1,4.9,2,3,2,0,92.1,1
9025,23,1,3,5.01,61.6,1,4.5,0,1,1,0,48.9,1
9026,24,0,6,5.9,69.4,1,7.1,2,2,2,0,68.5,1
9027,24,2,1,3.86,71.6,1,8.0,1,0,2,1,58.1,1
9028,17,0,5,0.6,99.1,1,7.4,1,0,0,2,51.3,1
9029,21,2,5,7.68,84.7,1,9.9,1,3,2,0,90.4,1
9030,17,0,5,7.56,82.8,0,8.4,2,4,0,2,84.4,1
9031,18,1,3,2.58,99.0,1,9.2,2,0,2,2,69.7,1
9032,19,0,0,1.57,49.2,1,4.2,1,1,2,2,19.599,1
9033,22,1,3,0.52,68.0,1,4.4,0,2,0,0,50.7,1
9034,20,0,6,3.98,97.7,1,4.7,0,0,2,2,55.2,1
9035,23,0,1,7.4,91.1,1,7.9,0,3,2,0,77.9,1
9036,19,1,4,0.33,52.3,1,9.5,2,4,0,2,31.0,1
9037,21,0,1,4.89,65.3,1,5.2,2,2,2,0,62.7,1
9038,23,1,5,6.68,51.3,1,9.2,2,3,1,1,60.6,1
9039,24,1,0,3.04,82.0,1,5.3,2,3,2,2,49.7,1
9040,18,0,6,4.9,77.0,1,8.1,2,3,0,0,45.8,1
9041,22,2,1,3.55,74.9,0,4.3,1,0,2,2,76.3,1
9042,17,1,2,0.52,94.2,1,6.0,0,1,1,1,31.3,1
9043,21,1,6,4.04,46.0,1,7.1,0,4,2,2,54.2,1
9044,20,1,0,0.71,96.4,1,7.5,0,3,0,1,65.1,1
9045,24,0,2,5.48,69.1,1,5.9,0,4,2,0,58.6,1
9046,23,1,5,2.48,41.6,1,6.7,1,2,0,0,47.7,1
9047,24,0,0,6.42,94.9,1,4.5,0,3,1,2,84.3,1
9048,23,2,6,4.7,95.9,0,6.3,1,0,1,1,83.2,1
9049,20,1,3,7.48,96.6,1,6.2,0,4,0,2,98.2,1
9050,22,2,5,5.9,90.1,0,4.2,1,0,2,2,92.4,1
9051,17,0,4,5.8,56.7,0,7.3,1,2,1,2,72.3,1
9052,21,0,3,2.44,57.2,1,9.8,0,2,1,2,47.8,1
9053,17,0,3,3.54,59.7,1,7.2,2,3,0,2,53.6,1
9054,22,2,1,5.96,53.5,0,4.3,1,1,1,2,75.4,1
9055,24,0,5,5.78,94.5,1,4.4,2,0,1,2,81.1,1
9056,22,2,3,5.54,72.1,1,8.7,1,3,1,2,61.6,1
9057,23,1,2,0.08,56.0,1,7.7,1,4,2,1,21.6,1
9058,18,1,0,0.14,86.3,1,7.8,2,2,0,2,51.9,1
9059,24,0,0,0.54,77.7,1,9.0,0,0,0,1,31.2,1
9060,21,1,6,0.25,62.8,1,4.9,0,1,2,0,19.599,1
9061,22,1,0,6.18,94.9,1,9.9,2,3,2,2,71.0,1
9062,23,1,3,4.38,73.3,1,7.8,1,3,2,2,75.9,1
9063,22,1,2,4.04,77.7,1,9.9,2,4,2,2,71.6,1
9064,19,1,0,0.68,42.0,1,7.4,0,4,0,1,32.4,1
9065,21,2,1,6.2,77.8,1,8.9,1,3,0,0,80.5,1
9066,22,0,3,0.74,64.8,1,7.3,2,3,2,0,32.3,1
9067,23,1,6,1.77,84.9,1,5.4,2,2,0,1,83.1,1
9068,20,1,6,6.55,42.6,0,9.5,2,1,2,1,73.9,1
9069,21,2,0,5.54,63.2,1,6.9,1,4,1,0,58.8,1
9070,21,2,4,0.74,43.9,1,5.9,0,0,0,0,39.9,1
9071,17,1,6,0.59,95.9,1,9.2,2,1,0,0,36.9,1
9072,17,0,1,3.25,65.2,1,6.6,0,4,2,1,52.2,1
9073,17,1,3,4.83,48.4,1,5.9,1,4,1,0,50.2,1
9074,22,0,3,1.97,84.6,1,8.6,2,3,1,2,44.7,1
9075,20,0,2,4.68,92.9,1,6.2,2,4,1,0,46.8,1
9076,23,2,3,2.88,86.5,1,6.2,0,2,2,1,65.8,1
9077,22,0,2,4.71,91.0,1,9.2,2,4,0,2,75.8,1
9078,18,2,0,5.8,90.8,1,8.4,1,0,2,1,100.0,1
9079,17,2,2,6.75,99.4,1,5.3,2,2,2,1,70.8,1
9080,19,2,5,1.57,61.8,1,4.6,1,3,0,0,40.9,1
9081,24,2,5,0.68,60.9,1,6.6,0,0,1,2,50.6,1
9082,17,2,1,0.95,46.7,1,7.0,0,3,1,0,34.6,1
9083,18,1,2,1.32,91.5,1,5.3,1,2,0,2,66.0,1
9084,17,2,3,2.59,95.8,1,9.9,1,0,2,2,84.2,1
9085,20,2,2,0.23,56.9,0,5.7,1,3,1,2,39.3,1
9086,24,0,3,6.66,76.9,1,4.9,1,3,0,2,100.0,1
9087,22,2,3,6.79,54.7,1,4.7,1,3,0,2,94.3,1
9088,20,2,3,5.71,91.7,0,4.7,1,2,0,0,83.0,1
9089,18,1,3,2.85,40.6,1,5.9,1,0,2,2,62.8,1
9090,19,1,3,5.65,81.7,0,5.0,0,1,0,0,58.7,1
9091,21,2,1,4.6,72.6,1,8.0,2,3,1,1,61.3,1
9092,19,0,4,5.3,57.2,1,7.9,0,2,2,1,72.2,1
9093,22,2,4,0.7,95.4,1,4.7,1,1,1,0,51.1,1
9094,24,0,1,7.0,68.8,0,9.0,2,0,2,2,100.0,1
9095,18,0,3,2.79,71.5,1,8.6,2,1,2,1,61.2,1
9096,19,1,0,2.15,45.0,1,6.4,1,3,2,1,45.0,1
9097,18,1,0,3.13,64.7,1,6.1,1,2,1,0,38.3,1
9098,22,1,5,1.98,49.5,1,5.2,0,2,2,2,45.4,1
9099,20,0,4,7.91,73.3,0,6.7,1,1,1,0,100.0,1
9100,19,1,6,5.17,74.7,1,6.8,1,4,2,1,49.1,1
9101,18,2,3,7.17,54.6,1,6.4,1,0,1,2,89.1,1
9102,17,1,2,7.61,96.6,1,4.9,2,2,2,2,83.0,1
9103,20,2,4,4.65,58.2,0,4.7,1,4,2,2,69.0,1
9104,22,1,2,6.4,79.3,1,9.1,0,2,0,1,81.5,1
9105,18,1,0,7.24,98.7,1,4.9,2,4,1,1,71.9,1
9106,17,0,6,1.2,88.2,1,9.2,2,4,0,2,59.3,1
9107,20,2,6,2.15,84.8,1,7.8,0,1,2,1,57.2,1
9108,22,2,1,3.21,43.6,0,8.1,0,4,1,0,49.9,1
9109,19,0,6,4.98,71.4,1,6.3,0,1,1,2,70.1,1
9110,19,0,6,6.15,85.2,1,4.9,2,4,2,1,69.6,1
9111,18,2,6,2.76,79.6,1,6.6,1,0,2,2,94.2,1
9112,22,2,5,6.74,74.1,1,7.7,0,2,1,2,73.4,1
9113,23,2,2,5.23,95.3,1,7.0,1,1,2,2,87.5,1
9114,23,1,2,2.98,73.6,1,9.3,0,3,2,1,78.9,1
9115,21,0,4,5.45,90.3,1,4.7,1,2,1,2,67.0,1
9116,22,2,2,6.82,93.1,1,8.4,0,4,2,2,85.5,1
9117,20,0,1,2.69,87.2,0,7.2,1,1,2,0,70.1,1
9118,17,1,6,3.1,49.0,0,7.6,2,2,0,0,30.1,1
9119,19,0,6,5.53,86.5,1,5.1,1,3,0,2,76.0,1
9120,22,1,1,3.44,87.2,1,7.9,1,3,1,2,71.8,1
9121,22,0,3,1.42,80.4,1,7.1,1,4,0,0,67.2,1
9122,24,0,3,6.83,62.3,0,9.8,1,1,1,1,81.1,1
9123,24,2,1,1.61,57.3,1,7.7,2,4,2,0,45.6,1
9124,18,2,1,1.97,79.0,1,7.2,1,3,1,2,52.9,1
9125,17,2,3,6.94,83.8,1,5.2,1,1,1,0,74.4,1
9126,19,2,4,5.14,95.2,1,5.0,0,2,1,2,69.8,1
9127,24,1,5,3.45,60.5,1,6.8,2,4,1,2,40.6,1
9128,23,2,5,3.05,57.3,1,8.2,0,4,0,2,58.4,1
9129,17,0,2,1.47,84.5,1,4.7,1,0,0,2,67.1,1
9130,18,2,4,0.54,98.7,1,9.4,1,2,2,1,57.6,1
9131,21,1,4,7.28,57.4,1,9.1,2,0,1,1,64.9,1
9132,22,0,2,0.36,56.5,0,4.1,1,0,2,2,58.9,1
9133,24,1,5,0.49,93.6,1,8.7,1,2,0,0,69.9,1
9134,23,0,4,6.02,55.9,0,9.6,1,1,0,2,82.9,1
9135,18,1,5,7.15,64.9,1,7.7,2,4,1,0,76.8,1
9136,17,1,4,5.68,99.4,1,8.1,2,3,1,2,82.5,1
9137,22,1,0,1.94,88.0,1,5.1,2,4,2,2,48.8,1
9138,21,1,1,2.17,55.0,1,7.2,2,3,2,2,31.0,1
9139,24,2,0,7.69,97.1,1,6.7,1,1,1,0,88.0,1
9140,21,2,5,5.6,90.6,1,5.8,2,2,2,2,87.9,1
9141,21,1,4,6.62,98.4,1,6.9,0,4,0,0,76.5,1
9142,19,2,4,3.57,64.2,1,4.1,2,0,2,1,51.9,1
9143,17,0,2,6.21,80.0,0,5.5,0,0,2,2,93.4,1
9144,24,1,2,7.85,62.9,1,6.0,1,3,2,1,76.8,1
9145,23,2,4,2.85,66.5,1,5.1,1,3,1,2,49.9,1
9146,18,1,6,2.56,80.3,1,4.9,0,3,1,0,42.0,1
9147,22,1,0,0.34,64.9,1,7.3,0,3,2,0,41.1,1
9148,19,1,3,5.9,65.1,1,9.7,2,4,1,1,51.1,1
9149,20,1,6,1.93,72.5,1,7.2,2,3,0,0,56.2,1
9150,23,0,1,2.03,46.4,1,8.5,0,3,0,2,49.1,1
9151,23,1,3,5.06,99.2,1,6.1,2,3,1,0,57.4,1
9152,18,1,2,5.91,89.6,1,9.9,1,3,0,0,77.7,1
9153,19,0,1,3.26,68.9,1,6.1,2,3,2,0,59.1,1
9154,23,0,0,7.56,85.4,0,9.6,2,1,1,2,80.8,1
9155,24,2,4,1.29,99.4,1,9.2,2,0,2,0,38.9,1
9156,17,1,0,4.22,71.0,1,9.0,2,4,1,2,49.1,1
9157,23,0,3,4.94,83.4,1,9.7,0,0,2,1,100.0,1
9158,20,1,0,4.94,45.1,1,9.2,2,1,1,1,38.8,1
9159,21,2,2,5.25,97.4,0,9.6,0,3,0,1,85.4,1
9160,17,1,5,5.07,49.9,1,7.0,2,3,1,2,58.6,1
9161,22,2,4,6.33,88.1,1,5.4,0,1,0,1,77.0,1
9162,22,2,4,6.51,69.3,1,8.0,2,2,1,2,57.4,1
9163,22,1,4,7.82,78.7,0,6.8,0,3,1,0,82.7,1
9164,23,1,2,7.52,75.8,1,4.5,2,0,0,2,84.6,1
9165,24,1,3,4.16,64.9,1,9.2,2,4,2,2,50.1,1
9166,23,0,4,5.65,97.1,0,4.1,0,2,0,2,86.8,1
9167,22,0,3,3.22,58.6,1,5.9,2,4,0,2,63.5,1
9168,24,0,5,5.21,53.9,1,4.2,2,3,2,2,43.6,1
9169,22,0,0,0.08,93.7,1,6.3,1,2,0,1,56.9,1
9170,22,2,3,2.94,57.7,1,4.6,1,3,1,2,52.0,1
9171,21,0,0,7.32,46.5,1,8.5,2,3,2,2,70.5,1
9172,23,1,6,5.4,49.4,1,8.1,2,2,0,2,50.5,1
9173,17,1,1,0.14,61.4,1,4.1,1,4,1,0,23.4,1
9174,21,2,1,4.18,92.7,0,4.9,1,3,0,2,71.5,1
9175,20,1,4,2.93,79.8,1,4.8,2,1,2,1,46.9,1
9176,24,1,2,6.47,47.6,1,8.7,0,0,2,1,94.6,1
9177,17,1,3,0.92,72.1,0,7.6,0,4,1,0,19.599,-1
9178,22,0,2,4.83,77.4,1,7.0,2,0,2,1,87.7,1
9179,18,1,3,5.7,88.5,0,9.3,0,1,2,1,70.5,1
9180,24,0,0,4.76,73.8,1,5.6,2,1,0,2,53.0,1
9181,23,2,1,2.2,60.6,1,5.7,1,3,2,0,42.4,1
9182,18,2,3,6.35,99.4,1,8.8,0,4,1,0,92.1,1
9183,23,0,0,6.35,55.6,1,4.2,2,0,2,2,77.9,1
9184,20,2,2,2.89,97.9,1,8.2,1,0,1,2,71.8,1
9185,24,0,3,2.13,52.6,1,7.3,2,2,0,2,42.4,1
9186,22,2,3,5.31,71.1,1,6.8,1,0,1,2,76.1,1
9187,17,1,4,2.94,46.6,1,4.2,1,1,1,1,42.4,1
9188,18,2,6,2.76,93.6,1,5.0,2,1,0,2,56.9,1
9189,20,1,4,3.6,69.4,1,6.0,2,0,1,2,67.0,1
9190,18,1,5,3.66,93.0,1,7.8,1,1,0,0,80.2,1
9191,18,1,4,6.64,89.5,0,5.2,2,2,1,0,83.2,1
9192,24,0,4,7.62,51.4,0,9.9,0,3,1,0,67.4,1
9193,23,0,5,5.71,43.5,1,9.6,0,1,2,0,51.2,1
9194,20,1,4,0.71,95.0,1,8.6,1,2,0,0,63.4,1
9195,18,2,3,2.7,73.7,0,8.1,0,0,2,0,73.5,1
9196,18,1,5,1.52,91.2,1,8.6,0,1,1,2,53.6,1
9197,24,0,6,5.31,81.4,1,8.3,0,0,1,1,80.1,1
9198,19,0,3,4.79,86.2,1,6.8,0,4,1,2,65.4,1
9199,17,0,1,7.86,69.0,1,4.6,0,4,1,1,68.9,1
9200,20,2,0,3.58,84.0,1,5.0,1,0,2,1,85.1,1
9201,20,2,2,0.84,95.1,1,9.1,0,0,2,0,67.0,1
9202,21,2,0,4.79,82.6,0,9.5,2,0,1,0,68.0,1
9203,19,2,6,2.94,95.9,1,6.7,2,2,2,1,72.3,1
9204,24,2,2,1.42,54.5,0,8.3,0,3,2,0,34.4,1
9205,22,0,6,2.97,88.2,1,8.6,2,3,1,2,51.9,1
9206,24,0,3,1.91,71.8,1,7.5,2,4,2,0,26.1,1
9207,19,1,0,1.58,43.6,1,4.5,1,1,1,2,39.9,1
9208,22,2,3,3.87,78.7,0,4.2,1,0,0,0,75.5,1
9209,19,2,6,6.48,77.6,1,5.3,2,4,2,2,60.6,1
9210,22,2,2,7.09,99.4,1,5.6,1,2,1,0,100.0,1
9211,22,2,3,2.08,79.0,0,5.1,2,1,0,0,54.8,1
9212,19,2,1,3.59,47.8,1,6.7,0,2,1,1,66.8,1
9213,24,2,3,6.74,99.4,0,7.5,1,3,2,2,97.9,1
9214,23,1,5,7.91,58.9,1,5.0,1,1,1,1,77.3,1
9215,24,1,6,6.8,81.8,1,8.0,1,2,1,2,75.0,1
9216,18,0,1,3.95,75.9,1,8.7,1,4,0,2,70.8,1
9217,22,0,4,6.96,61.3,1,9.8,2,0,1,0,98.3,1
9218,17,2,0,5.65,64.4,1,8.7,2,3,2,2,64.6,1
9219,17,2,3,0.91,79.2,0,8.3,0,4,0,0,49.5,1
9220,24,2,1,0.67,92.3,1,4.7,0,1,1,0,43.0,1
9221,18,2,5,7.49,96.8,0,8.4,1,1,2,2,100.0,-1
9222,23,1,1,7.4,99.4,0,8.1,2,3,0,0,81.0,1
9223,20,0,2,3.67,47.0,1,6.5,2,4,0,2,46.1,1
9224,19,1,5,5.29,51.3,1,9.9,2,0,1,2,70.5,1
9225,17,0,0,2.44,52.3,0,5.4,0,2,1,1,51.5,1
9226,22,0,2,5.61,98.4,1,8.8,0,3,0,0,87.1,1
9227,22,2,4,3.57,45.8,0,7.8,1,1,0,2,44.2,1
9228,20,1,1,2.79,81.8,1,5.9,0,1,2,2,66.7,1
9229,23,0,6,3.52,97.5,1,9.4,2,0,0,2,80.5,1
9230,19,2,6,3.64,74.5,1,5.7,0,4,1,0,60.1,1
9231,21,0,3,7.54,40.6,1,4.7,1,4,0,1,70.4,1
9232,19,1,3,7.08,43.9,1,9.6,2,2,2,1,87.0,1
9233,21,1,3,1.56,82.6,1,6.2,0,2,0,0,57.9,1
9234,18,0,4,2.23,63.9,0,5.5,0,2,2,2,42.7,1
9235,20,0,6,2.39,70.3,1,5.6,2,0,1,2,67.4,1
9236,21,2,4,0.09,42.7,1,4.8,2,3,1,2,19.599,1
9237,21,0,2,4.24,93.9,1,8.6,2,4,1,2,65.2,1
9238,20,0,1,3.86,94.3,1,5.7,1,1,2,0,76.6,1
9239,22,0,4,1.0,76.1,1,4.1,0,3,2,2,46.9,1
9240,21,1,0,7.91,68.6,1,9.9,0,2,0,2,83.1,1
9241,19,1,3,6.09,63.6,1,8.2,1,3,0,0,100.0,1
9242,18,0,0,1.46,51.9,1,4.2,0,4,2,1,40.0,1
9243,22,2,4,5.64,96.4,1,9.8,2,1,2,2,94.3,1
9244,24,0,1,2.73,69.4,1,9.4,2,1,2,1,41.6,1
9245,23,1,2,5.06,46.5,1,7.5,0,4,1,1,52.9,1
9246,22,2,1,3.76,87.6,1,7.2,2,2,0,0,68.8,1
9247,24,1,4,1.11,98.3,1,6.6,0,2,2,2,58.4,1
9248,24,2,4,3.68,56.9,1,7.9,0,1,2,1,75.0,1
9249,21,2,5,7.69,81.2,1,4.4,1,0,0,2,100.0,1
9250,17,2,2,5.99,99.4,1,9.5,2,4,0,2,75.7,1
9251,22,1,2,5.01,46.9,1,4.1,2,4,2,1,66.8,1
9252,21,1,2,6.75,88.8,1,4.3,0,3,0,0,70.2,1
9253,19,0,3,6.63,69.9,1,9.1,1,2,0,0,92.4,1
9254,23,2,4,7.11,80.2,1,8.0,0,3,0,1,76.8,1
9255,23,2,1,0.87,50.8,1,6.6,1,0,2,1,59.4,1
9256,19,0,3,1.04,53.1,1,5.3,0,0,2,0,38.1,1
9257,20,1,2,6.39,73.4,1,7.3,2,1,2,2,65.5,1
9258,18,2,4,7.91,55.0,1,8.2,2,3,1,2,79.7,1
9259,18,2,3,4.5,75.8,0,4.9,1,3,0,1,76.2,1
9260,19,0,2,7.71,45.3,1,9.0,1,3,0,0,81.3,1
9261,19,0,2,5.3,86.9,1,4.4,0,3,1,2,69.1,1
9262,19,1,4,0.68,56.4,1,8.9,2,1,2,2,34.1,1
9263,18,2,6,7.41,84.2,1,7.8,1,0,2,1,100.0,1
9264,20,1,5,6.71,49.8,1,5.4,2,1,2,2,58.3,1
9265,21,2,3,4.29,88.0,0,6.3,0,2,1,1,73.6,1
9266,19,2,3,5.95,40.8,1,7.6,2,0,2,2,63.8,1
9267,21,2,5,2.81,50.2,1,5.5,1,3,2,2,54.9,1
9268,19,2,5,4.93,60.3,1,6.0,0,1,0,2,46.9,1
9269,22,2,6,3.31,86.8,1,8.5,2,3,1,2,50.3,1
9270,22,1,0,4.22,41.9,1,4.3,1,0,1,0,45.8,1
9271,24,0,3,5.09,84.4,1,8.1,2,4,0,0,58.0,1
9272,17,0,2,0.43,54.1,1,6.1,0,2,2,2,37.1,1
9273,23,2,1,0.77,99.4,1,5.5,0,3,1,2,49.6,1
9274,19,2,0,0.66,57.2,1,5.8,2,4,2,0,38.5,1
9275,17,0,5,4.76,48.7,1,9.4,2,0,1,0,68.4,1
9276,22,0,3,3.3,81.0,1,9.2,1,0,1,2,63.0,1
9277,18,1,4,4.0,56.6,1,7.0,0,2,1,2,57.3,1
9278,18,1,6,4.0,72.4,1,5.4,2,4,0,0,56.4,1
9279,24,0,3,0.32,86.3,0,9.3,1,4,2,0,42.2,-1
9280,18,2,0,6.37,88.0,1,5.5,0,4,2,1,73.3,1
9281,21,2,5,5.61,53.2,1,6.9,2,0,0,0,80.2,1
9282,18,0,0,5.5,52.6,1,6.9,0,2,1,0,66.8,1
9283,17,1,0,0.27,56.3,1,7.6,1,1,1,2,25.3,1
9284,17,2,6,5.21,63.7,1,7.9,0,3,2,2,59.8,1
9285,17,0,3,4.0,84.8,1,8.1,1,2,1,2,73.4,1
9286,20,0,1,6.08,72.5,1,8.5,0,4,2,1,53.7,1
9287,20,0,5,0.77,92.8,1,5.8,1,4,2,2,44.2,1
9288,17,2,4,5.97,81.9,1,9.0,2,1,2,0,78.7,1
9289,19,1,5,7.69,76.8,1,7.6,0,1,1,2,75.0,1
9290,19,1,0,6.81,71.2,1,9.9,2,4,1,2,75.0,1
9291,21,1,5,7.15,64.8,1,7.3,1,2,2,2,64.2,1
9292,24,2,6,0.61,60.8,1,8.9,1,0,0,2,63.6,1
9293,22,1,1,4.24,50.5,1,4.6,0,2,2,2,46.2,1
9294,24,1,1,1.97,56.2,1,4.2,2,2,0,2,47.5,1
9295,18,0,3,4.36,94.1,0,5.1,1,4,0,2,88.1,1
9296,18,2,5,5.65,89.8,0,5.5,1,1,1,0,80.2,1
9297,23,0,2,5.97,40.6,1,9.1,2,4,2,0,53.3,1
9298,19,2,3,7.91,53.4,1,5.6,2,0,2,1,92.9,1
9299,23,2,2,7.66,88.4,1,4.8,0,0,0,2,94.2,1
9300,20,0,6,1.98,75.1,1,4.5,2,1,1,2,33.6,1
9301,18,0,5,7.32,44.3,1,4.6,2,1,2,2,58.2,1
9302,23,0,6,7.07,88.4,0,8.0,0,2,2,2,86.3,1
9303,21,2,1,5.79,85.2,1,6.2,1,2,0,0,76.1,1
9304,23,1,5,2.06,56.9,1,5.1,0,2,1,2,31.5,1
9305,20,2,0,1.51,84.6,0,4.2,0,2,2,2,62.9,1
9306,18,0,2,3.48,93.2,1,9.7,0,0,1,1,90.5,1
9307,22,2,3,0.31,78.8,1,4.8,0,2,2,2,36.0,1
9308,17,0,3,2.27,84.6,1,7.3,1,4,0,1,70.5,1
9309,22,2,3,0.59,42.9,1,7.2,1,2,2,2,39.8,1
9310,20,1,5,4.2,73.9,1,6.5,0,3,1,0,51.2,1
9311,23,1,1,4.93,85.2,1,7.7,1,0,2,1,94.4,1
9312,23,1,4,0.89,67.8,1,6.1,2,3,1,0,26.6,1
9313,20,2,1,6.99,64.3,0,4.7,0,2,1,0,83.3,1
9314,24,2,6,0.77,73.8,1,5.8,2,4,0,1,35.3,1
9315,17,2,3,3.17,80.5,1,9.9,2,4,1,2,59.3,1
9316,17,1,5,4.01,89.0,0,8.1,1,2,0,0,78.8,1
9317,24,1,1,4.66,89.0,1,5.9,0,1,0,1,80.4,1
9318,21,0,0,2.55,82.2,1,4.9,0,2,1,2,40.4,1
9319,20,2,6,5.7,99.0,1,7.9,0,4,2,1,68.4,1
9320,18,1,1,2.73,72.3,1,6.2,1,4,2,1,64.0,1
9321,19,0,3,2.02,66.6,1,5.4,2,0,2,1,50.1,1
9322,22,0,0,3.63,59.8,1,6.6,0,4,2,0,48.7,1
9323,23,0,0,0.91,47.5,1,5.6,1,3,2,0,39.6,1
9324,24,0,4,7.73,53.3,1,5.8,0,2,1,1,62.3,1
9325,20,0,5,4.4,58.4,1,5.6,2,4,2,2,60.9,1
9326,20,2,3,1.15,70.4,1,7.8,0,1,2,2,37.0,1
9327,18,1,4,6.37,99.4,1,9.1,2,0,2,0,91.0,1
9328,17,0,2,5.76,86.5,1,7.4,0,0,0,2,87.8,1
9329,20,1,1,3.44,93.3,1,9.0,1,3,0,2,91.4,1
9330,21,1,5,7.87,50.9,1,7.9,2,0,2,1,64.1,1
9331,17,0,4,4.0,41.4,1,7.5,0,3,0,2,39.0,1
9332,20,0,2,1.7,40.6,1,9.8,0,1,0,0,25.8,1
9333,22,1,6,6.33,70.2,0,8.7,0,4,0,2,81.8,1
9334,23,1,0,7.43,47.1,1,5.1,1,0,2,0,80.2,1
9335,24,2,0,2.1,51.4,1,7.5,1,3,2,0,64.4,1
9336,19,2,3,0.08,50.7,1,4.7,0,4,0,0,33.9,1
9337,20,2,0,4.87,82.8,1,4.1,0,0,2,0,59.5,1
9338,23,1,3,5.86,97.2,1,6.5,1,2,2,2,86.6,1
9339,22,1,1,2.09,47.3,1,5.6,2,1,2,1,41.3,1
9340,19,1,2,7.71,46.4,1,9.5,2,4,1,2,67.1,1
9341,22,1,6,1.34,59.8,1,9.3,1,3,1,1,41.7,1
9342,18,0,5,6.41,78.3,0,8.0,1,3,2,1,78.5,1
9343,20,0,0,7.01,62.2,1,4.2,2,3,2,0,65.6,1
9344,19,1,5,1.37,56.7,1,4.6,2,2,0,0,28.3,1
9345,24,0,5,4.01,46.9,1,5.5,0,3,1,2,46.1,1
9346,17,0,4,0.22,67.5,1,7.9,0,0,0,2,54.7,1
9347,23,1,5,5.14,42.1,1,7.3,0,1,2,2,55.3,1
9348,19,0,6,4.37,77.7,1,4.5,1,2,2,0,71.1,1
9349,17,0,5,6.23,89.4,1,8.3,1,1,0,2,92.5,1
9350,22,2,1,4.01,98.1,1,4.3,0,2,2,1,66.3,1
9351,22,1,5,2.83,59.3,1,8.3,1,3,0,1,70.7,1
9352,18,1,1,1.09,89.5,1,9.7,2,4,0,1,29.2,1
9353,17,2,3,0.41,70.4,1,6.2,0,1,1,2,19.8,1
9354,17,0,2,4.23,56.1,1,9.0,2,4,1,1,54.7,1
9355,20,0,1,7.35,45.8,1,9.9,2,3,1,0,75.4,1
9356,18,2,5,6.13,66.8,1,4.6,2,0,2,0,68.1,1
9357,22,2,0,3.14,92.0,1,4.6,2,4,1,2,57.8,1
9358,17,1,1,7.87,96.9,1,7.0,2,0,1,0,86.1,1
9359,23,2,6,1.47,67.7,1,9.8,2,2,0,0,44.4,1
9360,23,0,6,7.91,86.4,1,8.0,1,2,0,2,100.0,1
9361,22,0,1,1.84,52.8,1,5.3,0,0,1,0,49.7,1
9362,24,2,4,1.35,84.6,1,5.9,1,0,2,1,61.5,1
9363,24,1,0,6.87,41.3,1,4.3,2,3,1,1,70.4,1
9364,17,2,5,3.75,65.1,1,5.1,0,3,0,1,64.4,1
9365,19,0,4,7.13,86.2,0,8.7,1,2,1,1,66.0,1
9366,23,2,3,5.98,62.0,1,9.9,1,4,0,2,82.1,1
9367,19,0,6,1.25,46.2,0,9.5,1,0,2,0,58.7,1
9368,22,2,5,0.98,98.3,1,5.7,0,3,1,2,56.5,1
9369,23,0,1,3.57,57.9,0,9.6,2,4,1,2,60.4,1
9370,24,0,3,4.49,42.5,0,5.3,2,2,2,2,54.8,1
9371,19,0,5,3.39,64.5,0,5.3,1,2,0,1,66.3,1
9372,19,2,3,1.7,81.8,1,4.8,1,1,1,0,52.8,1
9373,17,2,2,1.74,63.0,1,8.3,2,0,1,1,48.5,1
9374,19,1,5,4.08,94.0,1,5.5,1,0,2,1,54.3,1
9375,19,2,3,0.11,52.8,1,6.9,1,4,2,1,40.1,1
9376,20,0,1,3.51,74.7,1,5.9,2,0,1,0,42.8,1
9377,20,1,5,0.27,46.4,1,4.7,2,3,2,1,42.1,1
9378,23,2,6,6.99,47.1,0,5.1,1,1,1,1,66.3,1
9379,23,1,4,4.96,51.7,1,5.0,0,4,0,0,64.3,1
9380,22,2,5,1.28,53.1,1,5.3,1,1,1,2,44.6,1
9381,17,0,1,6.15,79.6,0,6.1,0,4,1,2,78.7,1
9382,20,2,5,3.94,90.9,0,7.0,0,0,0,1,85.1,1
9383,22,0,6,4.09,91.9,1,5.3,0,3,0,0,71.5,1
9384,18,1,1,2.05,77.7,1,7.9,0,4,2,2,76.1,1
9385,20,2,6,3.15,64.4,1,5.6,2,3,1,0,54.5,1
9386,22,2,2,7.03,55.9,1,5.2,1,2,0,2,74.0,1
9387,23,1,3,1.18,57.6,1,9.4,1,4,2,2,43.7,1
9388,23,1,2,4.99,67.2,1,5.4,0,1,0,2,94.0,1
9389,20,2,3,1.74,77.7,1,5.8,2,3,1,2,19.599,1
9390,20,2,4,3.56,73.3,1,6.9,2,0,0,1,62.9,1
9391,20,1,6,4.26,85.7,1,9.4,0,4,0,0,62.7,1
9392,22,2,1,0.97,47.7,1,9.0,2,4,1,2,19.599,1
9393,20,1,6,0.63,46.8,1,5.4,1,0,2,0,26.2,1
9394,20,1,6,3.87,99.4,1,4.1,2,2,0,0,74.4,1
9395,18,0,2,3.27,59.0,1,6.3,2,1,0,2,60.4,1
9396,20,2,6,7.37,98.3,1,6.3,2,3,0,1,89.8,1
9397,18,2,6,5.58,57.4,1,5.2,0,3,1,2,58.2,1
9398,21,0,2,7.17,43.9,1,7.3,0,4,1,2,59.4,1
9399,24,1,2,7.43,70.5,1,9.5,2,1,0,1,95.2,1
9400,23,0,5,0.15,51.8,0,4.3,0,0,1,1,42.5,1
9401,20,2,0,7.04,94.0,1,8.6,0,1,1,0,100.0,1
9402,24,2,1,7.67,65.9,1,4.7,1,0,1,1,74.5,1
9403,24,1,0,3.62,66.5,1,9.1,2,2,1,2,49.0,1
9404,20,0,0,5.09,63.4,1,8.6,1,3,2,1,70.9,1
9405,23,0,6,2.77,46.7,1,7.6,1,1,2,2,59.3,1
9406,19,0,1,0.79,77.4,1,9.2,0,4,0,0,46.7,1
9407,24,1,2,2.1,49.3,1,8.3,2,3,0,2,49.2,1
9408,19,1,5,0.64,78.4,1,9.4,2,1,2,2,24.9,1
9409,19,0,5,3.89,64.0,0,7.6,0,0,0,2,77.7,1
9410,18,1,6,5.23,91.2,1,5.1,2,3,1,1,56.3,1
9411,23,0,6,0.08,71.2,0,6.9,0,1,0,2,29.6,1
9412,19,1,2,1.83,93.3,1,5.5,2,4,0,0,50.5,1
9413,23,2,5,0.59,41.5,1,9.6,1,1,0,1,49.5,1
9414,17,1,1,7.73,83.5,1,5.8,2,2,0,2,76.1,1
9415,21,0,0,6.42,73.5,1,7.5,0,2,1,2,91.3,1
9416,20,0,3,0.25,50.1,1,6.5,2,2,2,2,21.6,1
9417,20,0,6,6.51,46.3,1,4.5,0,1,1,0,84.3,1
9418,18,0,3,6.62,84.2,1,5.3,0,1,0,1,72.3,1
9419,17,0,1,6.44,62.5,1,5.0,0,3,0,2,64.1,1
9420,19,2,2,7.03,44.6,1,6.5,0,2,1,2,58.8,1
9421,20,2,4,3.75,81.7,1,6.8,1,4,1,0,61.8,1
9422,23,1,5,1.92,57.5,1,5.6,0,1,2,2,53.9,1
9423,20,2,4,6.96,58.0,0,9.3,1,2,2,2,80.0,1
9424,18,0,6,6.68,44.9,0,4.5,1,0,1,0,72.1,1
9425,19,1,2,2.2,65.4,1,6.6,2,2,2,0,40.5,1
9426,21,2,0,4.65,94.8,1,4.4,0,4,1,0,69.5,1
9427,20,2,4,4.46,91.6,1,8.1,2,1,1,2,66.4,1
9428,24,1,6,3.9,59.9,0,6.1,2,1,1,0,74.8,1
9429,20,1,0,4.87,58.4,0,9.1,2,0,0,1,75.6,1
9430,21,0,4,0.67,92.0,1,8.4,2,4,2,0,48.8,1
9431,17,2,1,3.64,84.4,1,6.1,0,3,0,2,73.5,1
9432,18,1,4,2.24,52.2,1,9.7,0,3,0,2,33.5,1
9433,23,0,5,0.08,93.9,1,7.5,2,0,2,2,40.2,1
9434,19,0,5,4.15,94.7,1,6.1,1,0,0,0,90.3,1
9435,20,2,3,2.92,60.4,0,6.3,2,4,2,0,57.9,1
9436,21,2,3,3.45,93.6,1,8.2,2,4,2,0,57.2,1
9437,17,2,6,0.89,79.8,0,6.7,1,0,0,1,60.3,1
9438,21,1,3,4.04,92.5,1,7.9,1,2,2,1,73.9,1
9439,19,2,0,2.16,63.1,1,5.6,0,4,1,2,42.3,1
9440,18,0,1,0.08,63.9,1,5.3,2,3,0,0,46.6,1
9441,20,0,4,6.24,70.2,1,7.6,0,1,0,2,75.2,1
9442,20,2,4,5.02,55.8,1,5.9,0,4,2,1,72.0,1
9443,18,2,3,4.22,72.2,1,9.1,1,0,2,2,58.2,1
9444,21,1,1,4.98,70.5,1,9.1,2,2,2,1,77.9,1
9445,22,1,1,2.59,51.3,1,6.0,1,1,2,0,52.2,1
9446,19,2,1,0.98,93.7,1,4.5,2,1,0,2,44.5,1
9447,24,2,2,2.86,46.3,1,6.3,2,2,1,0,47.5,1
9448,21,0,3,6.31,92.9,1,4.9,2,4,1,1,68.6,1
9449,23,1,0,4.87,72.3,1,9.5,0,0,2,2,58.9,1
9450,17,1,0,6.33,68.9,1,8.6,0,4,0,0,77.2,1
9451,23,2,6,7.22,91.5,1,5.4,1,4,0,0,92.4,1
9452,19,2,1,2.0,67.2,1,7.4,1,2,0,2,58.0,1
9453,22,2,5,7.32,58.2,1,5.8,2,3,0,2,69.3,1
9454,23,0,1,5.3,49.5,0,8.9,1,3,1,2,60.2,1
9455,19,0,4,4.49,81.3,1,9.9,0,1,1,1,64.9,1
9456,19,1,6,4.03,90.0,1,7.8,1,2,1,2,66.1,1
9457,17,2,5,3.75,70.6,1,5.1,2,2,0,2,55.8,1
9458,21,2,4,0.59,56.9,1,5.1,0,2,2,2,41.0,1
9459,23,1,1,0.44,96.4,1,7.4,0,2,0,2,36.1,1
9460,20,0,0,2.65,78.8,1,8.0,0,1,0,0,58.5,1
9461,18,0,0,1.63,72.7,1,9.7,0,2,2,0,54.2,1
9462,19,2,5,0.69,87.5,1,5.8,2,1,0,2,44.7,1
9463,20,2,0,0.2,60.0,1,5.4,2,4,1,2,19.599,1
9464,24,1,5,7.83,84.2,1,7.8,0,3,0,2,96.4,1
9465,17,2,6,1.7,61.0,1,7.6,0,0,0,2,56.7,1
9466,19,1,2,7.88,55.5,1,7.4,1,0,1,2,82.9,1
9467,22,2,6,4.36,54.0,1,8.2,0,0,1,2,55.4,1
9468,18,2,3,1.53,93.0,1,7.2,0,4,1,2,52.0,1
9469,24,1,4,1.16,88.3,1,4.2,1,4,1,2,29.7,1
9470,24,2,0,1.61,52.5,1,5.7,2,1,2,1,36.7,1
9471,20,1,0,2.91,44.2,1,9.3,0,4,0,1,54.1,1
9472,22,1,3,1.64,49.3,1,8.1,0,4,0,0,25.9,1
9473,23,1,1,6.62,58.5,1,8.2,2,1,0,0,73.9,1
9474,22,2,5,2.94,76.6,1,6.9,2,1,1,1,36.6,1
9475,18,2,4,4.22,79.9,1,6.6,0,3,0,2,85.7,1
9476,17,0,2,4.01,46.8,0,8.8,1,1,2,1,48.3,1
9477,19,2,1,5.28,67.3,1,9.6,2,4,2,0,79.4,1
9478,18,0,3,7.91,71.3,1,4.8,1,4,1,0,78.4,1
9479,19,0,5,3.55,55.6,1,4.8,0,3,2,0,51.9,1
9480,22,2,0,2.58,83.8,1,4.3,1,3,1,1,56.3,1
9481,21,0,6,7.79,75.7,1,5.2,1,0,0,1,84.3,1
9482,18,0,3,7.91,83.8,1,8.9,0,1,0,0,91.0,1
9483,17,1,3,6.25,81.9,1,7.4,1,4,0,2,82.0,1
9484,18,0,2,6.38,93.8,1,6.5,2,2,1,0,60.8,1
9485,20,2,4,3.26,80.4,1,7.0,1,0,0,2,74.9,1
9486,23,2,5,4.31,88.0,1,9.2,1,2,0,0,84.8,1
9487,19,1,1,2.81,70.6,0,8.9,0,2,0,0,51.0,1
9488,19,0,3,4.95,54.2,1,8.6,2,1,0,2,76.2,1
9489,21,0,2,6.61,45.5,1,5.2,2,4,0,2,53.7,1
9490,17,2,1,2.99,69.4,1,8.0,0,2,2,0,45.1,1
9491,18,2,2,4.28,87.9,1,5.9,2,3,2,2,71.6,1
9492,17,2,5,6.2,75.0,1,6.8,0,1,1,2,60.5,1
9493,21,2,6,1.67,41.5,1,4.9,1,2,0,0,38.3,1
9494,20,0,2,4.88,54.4,1,6.9,0,4,0,0,71.7,1
9495,21,0,4,6.21,66.5,1,9.6,2,4,0,0,66.7,1
9496,21,0,4,0.42,64.1,1,8.0,2,0,2,1,52.5,1
9497,20,0,4,2.03,81.8,1,4.2,1,1,2,1,53.9,1
9498,23,2,3,0.2,50.5,1,9.1,0,1,0,2,32.0,1
9499,24,2,6,0.08,62.2,1,8.0,2,3,1,2,29.8,1
9500,17,2,2,3.82,72.2,1,6.6,1,0,1,1,62.2,1
9501,24,0,1,5.61,99.0,1,6.6,2,4,0,1,88.6,1
9502,18,1,1,3.06,95.5,1,8.6,2,4,2,0,59.3,1
9503,18,1,5,4.97,62.9,1,5.6,1,0,1,2,77.8,1
9504,21,1,2,1.53,60.0,1,6.3,2,3,2,1,20.9,1
9505,17,0,2,6.69,97.0,1,8.7,1,3,2,2,85.2,1
9506,19,0,5,2.9,91.7,1,9.3,1,2,1,2,55.2,1
9507,18,0,0,5.66,82.6,1,9.0,2,4,0,0,89.2,1
9508,20,2,4,1.04,77.3,1,7.6,2,2,1,2,37.0,1
9509,23,0,0,6.54,83.7,1,9.1,1,2,1,2,78.0,1
9510,24,2,2,4.14,82.6,0,8.3,2,3,1,0,52.4,1
9511,18,0,4,7.76,90.2,1,9.0,2,0,1,0,84.6,1
9512,21,2,2,3.24,83.4,1,5.6,1,3,2,0,80.3,1
9513,20,1,3,6.98,79.0,1,4.4,2,1,0,2,81.7,1
9514,20,1,6,3.3,96.2,1,9.8,0,2,1,2,56.4,1
9515,22,2,1,0.86,96.4,0,8.4,0,3,0,2,51.3,1
9516,24,2,1,5.5,65.0,1,9.2,0,1,0,0,77.0,1
9517,20,0,6,1.46,99.4,0,7.9,1,1,2,2,66.1,1
9518,17,1,0,6.4,63.6,1,6.2,0,3,1,2,66.7,1
9519,24,1,0,2.68,54.9,1,6.9,2,3,0,0,34.9,1
9520,24,0,4,6.05,52.4,1,8.2,2,1,1,2,65.5,1
9521,19,2,2,3.85,47.1,1,7.7,0,3,0,2,56.0,1
9522,21,0,2,4.3,61.9,1,4.2,2,3,0,2,58.1,1
9523,23,2,5,5.88,98.1,1,7.9,1,1,1,2,62.6,1
9524,21,0,6,5.32,59.5,1,6.6,0,2,1,0,65.5,1
9525,20,1,6,5.31,95.2,1,8.8,1,1,0,1,100.0,1
9526,24,0,2,5.27,46.4,1,9.1,1,1,2,0,67.6,1
9527,23,0,3,4.68,48.8,1,8.0,0,0,2,1,64.4,1
9528,21,1,5,6.46,49.8,1,6.4,2,1,1,2,50.1,1
9529,18,2,5,2.4,73.0,1,8.7,0,1,1,0,29.8,1
9530,20,1,0,1.45,99.4,1,9.7,1,2,2,2,67.3,1
9531,22,2,3,5.88,52.2,1,5.2,1,0,2,2,70.2,1
9532,19,2,1,4.32,60.0,1,8.9,0,0,0,0,86.5,1
9533,21,2,2,7.2,91.2,1,4.3,1,2,0,1,83.0,1
9534,22,1,0,7.72,71.9,1,5.5,0,2,1,0,80.9,1
9535,17,2,1,6.94,60.7,1,9.4,0,2,1,2,81.3,1
9536,21,0,6,4.38,65.4,1,4.4,2,1,2,1,55.5,1
9537,22,2,2,6.03,84.1,1,4.6,2,1,0,2,64.5,1
9538,18,1,3,2.67,61.7,1,5.3,2,1,0,0,42.2,1
9539,21,2,3,0.12,79.7,1,7.3,1,2,0,2,56.7,1
9540,22,1,2,6.24,88.1,1,7.3,2,0,1,1,77.5,1
9541,17,2,3,6.25,43.4,1,6.7,1,4,2,2,70.3,1
9542,22,1,6,0.08,85.0,0,9.7,1,3,0,2,38.0,1
9543,19,2,2,6.91,96.7,1,4.4,2,3,1,1,70.3,1
9544,20,2,1,7.05,44.8,1,9.5,1,3,2,0,84.2,1
9545,22,0,1,2.57,44.9,1,4.1,0,1,0,2,40.9,1
9546,17,0,2,0.14,76.9,1,4.4,1,1,1,0,19.599,1
9547,17,1,6,7.01,80.6,1,4.5,2,2,1,1,74.0,1
9548,20,1,2,0.56,67.7,1,8.9,1,3,0,2,47.8,1
9549,24,2,1,1.86,96.1,1,7.2,0,0,2,0,56.5,1
9550,17,2,5,4.34,47.6,1,7.4,0,4,2,2,62.8,1
9551,23,2,6,6.53,47.1,1,6.9,1,1,1,2,76.9,1
9552,17,1,1,6.25,40.6,1,7.2,2,2,1,0,52.5,1
9553,20,1,0,5.45,89.3,1,4.6,2,3,1,2,64.7,1
9554,20,2,1,6.63,45.4,1,9.3,0,1,2,0,70.9,1
9555,20,0,1,5.48,76.2,1,7.5,2,3,2,1,59.2,1
9556,17,1,6,5.1,95.8,0,6.6,0,4,1,2,81.9,1
9557,23,1,0,1.34,43.2,1,6.9,0,4,0,2,31.6,1
9558,19,2,4,3.52,47.0,1,9.9,2,2,1,0,46.3,1
9559,23,2,1,3.61,92.3,0,8.3,2,4,1,0,53.4,1
9560,22,1,1,0.15,56.7,0,8.5,2,2,2,2,35.8,1
9561,21,2,0,3.24,65.3,1,9.2,0,1,1,0,70.0,1
9562,19,0,4,1.82,74.8,1,9.6,2,0,1,0,62.6,1
9563,22,2,6,0.72,83.0,1,5.0,0,4,0,2,64.5,1
9564,24,0,1,4.37,51.0,1,9.4,0,3,0,0,71.5,1
9565,24,2,4,1.9,92.4,1,9.4,1,1,1,1,66.0,1
9566,24,0,3,1.52,86.4,0,9.3,1,3,2,0,33.6,1
9567,18,2,5,6.29,45.4,0,7.5,0,2,1,0,69.8,1
9568,21,2,0,6.48,46.5,0,4.8,0,3,0,0,61.9,1
9569,20,0,0,5.29,82.4,1,8.0,0,0,2,2,72.2,1
9570,24,1,4,1.52,68.4,1,8.5,0,1,2,1,43.1,1
9571,24,1,3,5.06,67.2,1,4.3,0,3,2,0,57.4,1
9572,23,0,5,5.71,53.1,1,9.0,1,1,1,2,57.2,1
9573,18,0,2,1.87,82.7,1,8.4,0,4,0,2,53.1,1
9574,19,2,0,1.06,46.8,1,4.8,1,2,0,0,65.5,1
9575,22,1,1,3.47,62.4,0,5.9,0,3,2,1,37.8,1
9576,22,2,1,3.39,83.3,1,8.0,1,1,1,2,67.7,1
9577,19,1,2,1.23,98.8,1,4.1,1,1,1,2,54.2,1
9578,18,0,0,1.53,52.7,1,8.1,0,2,2,2,48.6,1
9579,18,0,1,4.0,78.2,1,6.8,2,2,1,0,57.6,1
9580,22,0,5,4.22,43.9,1,8.3,0,2,0,1,66.9,1
9581,20,1,3,4.3,56.0,1,9.6,0,1,2,0,47.9,1
9582,20,2,5,7.86,45.8,1,9.7,2,1,2,2,69.8,1
9583,23,1,6,0.32,89.8,1,7.8,0,4,1,0,38.8,1
9584,17,2,5,6.29,65.1,1,9.9,1,0,1,0,100.0,1
9585,23,0,0,2.81,93.5,1,6.0,2,4,2,1,49.4,1
9586,19,2,6,6.02,42.4,0,9.6,0,4,0,2,59.7,1
9587,24,2,0,5.88,81.9,1,6.7,1,2,1,1,87.7,1
9588,24,2,5,4.96,70.9,1,9.3,2,0,2,0,83.6,1
9589,21,0,1,5.05,81.6,1,7.9,0,3,0,2,76.0,1
9590,19,0,6,5.31,98.0,1,8.6,2,1,0,0,62.3,1
9591,18,0,0,5.98,98.4,0,7.9,2,2,0,2,86.5,1
9592,18,0,4,1.05,89.8,1,9.4,1,3,2,2,51.4,1
9593,24,2,0,2.89,52.6,1,9.3,0,1,1,1,49.4,1
9594,18,0,1,6.74,85.6,0,5.0,2,3,2,2,66.4,1
9595,20,0,0,4.38,97.4,0,7.2,0,2,2,2,75.3,1
9596,20,1,4,1.1,60.8,0,6.8,2,1,0,0,32.7,1
9597,22,1,2,7.69,61.0,0,5.3,1,3,1,2,57.8,1
9598,23,2,1,7.9,68.7,1,5.4,0,1,1,2,88.0,1
9599,21,2,6,4.1,81.7,0,9.9,2,0,2,0,62.6,1
9600,23,0,2,4.27,54.9,1,8.9,0,2,2,0,64.1,1
9601,21,0,5,2.34,49.5,0,6.4,2,4,2,2,52.1,1
9602,20,1,0,4.13,57.2,0,5.2,0,3,1,1,41.6,1
9603,18,1,0,7.75,78.7,1,6.0,0,3,1,2,85.2,1
9604,18,2,0,2.04,42.5,1,5.9,0,0,2,1,35.8,1
9605,20,0,0,2.44,95.7,0,9.1,0,0,1,1,72.8,1
9606,17,1,4,7.18,73.5,1,5.9,1,0,2,0,87.4,1
9607,19,1,5,3.08,46.4,0,7.5,1,3,1,0,27.7,1
9608,20,1,0,7.78,83.4,1,9.4,2,3,2,2,92.5,1
9609,20,2,1,2.8,57.2,1,7.7,2,3,1,2,38.1,1
9610,23,0,2,0.08,86.0,0,9.7,2,2,1,2,44.2,1
9611,24,1,5,7.63,92.8,1,4.2,2,4,2,1,80.3,1
9612,22,2,6,1.9,70.2,1,9.7,1,3,2,2,48.7,1
9613,17,2,2,5.55,51.1,0,9.7,2,0,0,1,84.5,1
9614,20,0,4,0.38,68.3,1,7.1,0,3,2,2,40.9,1
9615,22,1,1,5.99,74.3,1,9.2,2,1,0,1,69.9,1
9616,21,1,1,1.76,61.6,1,9.6,2,4,0,2,44.8,1
9617,20,2,5,6.4,86.2,1,9.6,1,1,0,2,100.0,1
9618,20,0,1,7.73,56.3,1,8.1,1,2,2,2,85.6,1
9619,20,0,0,0.36,90.5,0,9.4,1,1,1,2,48.5,1
9620,21,1,2,2.94,66.3,1,5.1,0,3,1,2,59.2,1
9621,18,2,6,5.73,75.2,0,7.3,1,2,1,0,100.0,1
9622,21,2,6,7.91,43.4,0,9.5,1,0,1,2,79.0,1
9623,18,0,6,2.9,52.6,1,9.9,2,1,0,1,50.6,1
9624,22,1,1,7.91,66.3,0,9.2,0,0,0,2,97.6,1
9625,23,0,1,7.19,84.3,1,4.2,2,2,0,2,92.5,1
9626,21,2,6,5.75,98.3,0,9.9,0,0,1,0,100.0,-1
9627,20,0,4,3.06,44.4,1,8.7,1,0,2,1,59.5,1
9628,24,1,1,4.3,96.2,1,9.8,0,4,1,2,52.0,1
9629,22,1,2,5.76,58.5,1,8.3,0,3,2,2,68.0,1
9630,20,1,5,5.49,99.0,0,4.8,1,4,2,2,78.8,1
9631,17,0,5,2.31,42.7,0,8.9,2,4,0,2,51.0,1
9632,17,0,2,4.46,70.5,1,7.1,0,4,0,2,53.1,1
9633,18,0,3,6.68,86.7,1,5.9,2,3,2,2,70.1,1
9634,18,2,3,3.8,61.0,1,4.3,2,1,2,0,58.8,1
9635,22,1,3,4.53,98.4,1,5.2,2,3,0,1,73.6,1
9636,21,2,0,2.62,95.5,1,5.0,2,0,2,0,63.0,1
9637,24,1,0,1.28,59.9,1,4.1,2,1,2,2,36.1,1
9638,21,0,0,0.53,40.6,1,6.9,2,0,2,1,31.2,1
9639,24,1,6,3.25,50.5,1,5.1,2,3,2,2,29.1,1
9640,21,0,6,5.05,42.0,0,6.1,2,2,0,0,57.8,1
9641,19,2,2,6.08,80.8,1,8.4,1,1,1,0,81.3,1
9642,22,1,5,0.67,48.5,1,5.0,2,0,0,2,56.9,1
9643,20,0,4,2.55,68.8,0,5.8,1,2,1,0,51.1,1
9644,19,0,1,6.46,51.2,1,5.9,2,2,0,0,74.8,1
9645,20,0,1,0.9,92.0,1,7.7,2,3,2,1,48.7,1
9646,22,0,5,7.91,57.7,0,9.7,1,0,0,2,100.0,-1
9647,20,0,0,5.06,81.9,1,9.0,1,4,0,2,81.2,1
9648,22,2,2,7.52,75.2,1,5.0,2,2,0,2,74.2,1
9649,24,1,6,5.84,62.5,1,7.5,1,1,0,2,100.0,1
9650,20,0,6,7.71,85.6,1,8.0,1,2,2,0,82.6,1
9651,19,0,0,5.32,46.9,1,5.6,1,2,1,1,55.7,1
9652,20,2,0,2.14,82.7,1,4.1,2,3,0,1,45.4,1
9653,23,2,0,6.4,50.8,1,7.2,1,3,1,1,87.0,1
9654,18,2,1,1.81,44.9,1,9.3,1,4,2,2,39.9,1
9655,24,1,2,4.52,98.1,1,4.5,2,4,2,2,52.4,1
9656,20,1,1,2.98,50.3,1,6.1,1,0,2,0,63.1,1
9657,23,0,0,6.39,55.9,1,6.0,0,4,1,2,75.4,1
9658,23,0,1,6.08,40.6,1,7.5,1,0,1,2,59.5,1
9659,23,1,2,6.91,80.6,0,5.6,2,2,2,2,83.3,1
9660,24,2,6,1.98,85.6,1,8.7,0,2,0,1,67.2,1
9661,18,2,6,7.91,41.2,1,6.7,1,1,1,0,66.3,1
9662,21,0,0,6.44,71.0,1,8.9,0,4,1,2,60.5,1
9663,17,2,4,3.09,90.9,1,8.3,1,1,2,2,71.9,1
9664,19,0,2,1.02,87.2,1,6.9,0,2,2,2,43.1,1
9665,17,0,6,2.8,88.2,1,7.4,2,1,1,2,49.2,1
9666,22,2,5,0.85,44.1,1,7.5,2,2,2,1,44.4,1
9667,21,1,1,4.92,57.0,0,8.3,0,1,1,2,62.0,1
9668,22,1,1,0.9,71.3,1,9.3,2,3,1,0,32.9,1
9669,18,0,0,3.44,70.7,1,9.2,0,4,2,0,80.2,1
9670,19,2,2,5.34,85.5,1,8.5,1,3,0,0,88.7,1
9671,22,0,0,3.62,95.2,1,6.3,1,3,1,2,60.1,1
9672,23,0,4,7.05,83.0,1,8.9,2,1,2,0,87.3,1
9673,24,1,5,1.93,68.9,1,9.8,1,3,2,0,66.7,1
9674,17,0,2,4.19,75.4,1,5.9,2,4,0,1,65.6,1
9675,20,1,0,7.31,40.6,1,7.9,2,2,2,2,79.3,1
9676,17,1,5,2.83,67.0,1,8.5,1,2,1,1,70.9,1
9677,23,2,6,3.78,46.8,0,8.6,0,0,1,1,56.2,1
9678,17,0,3,7.46,83.9,1,7.9,1,3,1,1,100.0,1
9679,23,1,5,3.99,86.9,0,6.3,2,3,0,2,79.2,1
9680,18,1,1,6.91,99.4,1,7.7,0,1,0,0,96.0,1
9681,17,0,6,7.52,67.8,1,6.2,1,4,2,2,100.0,1
9682,24,1,3,2.05,45.2,1,9.6,0,3,0,2,43.3,1
9683,20,0,4,6.29,48.3,1,9.0,1,0,0,0,83.7,1
9684,20,0,1,5.23,94.5,1,4.1,2,4,0,2,56.6,1
9685,22,2,1,7.89,51.8,1,6.2,2,3,0,1,75.6,1
9686,19,0,3,4.68,61.8,1,7.0,1,0,0,2,74.0,1
9687,22,1,3,6.34,48.0,1,8.4,2,2,2,2,62.4,1
9688,20,0,4,2.77,89.1,1,7.6,2,3,1,2,57.0,1
9689,19,0,5,4.85,58.1,1,9.6,2,0,0,1,66.4,1
9690,20,1,5,6.23,62.3,1,8.5,0,2,0,2,76.5,1
9691,17,1,0,7.74,84.5,1,7.9,1,4,0,2,100.0,1
9692,19,1,3,2.01,75.8,1,8.1,1,4,0,2,48.3,1
9693,21,2,2,0.63,75.7,0,9.5,1,1,1,0,58.5,1
9694,18,1,5,7.81,43.0,1,7.0,0,4,2,0,93.8,1
9695,17,2,2,4.82,53.1,1,7.2,2,4,0,2,72.7,1
9696,22,0,2,0.14,56.5,1,8.8,2,0,1,0,27.7,1
9697,20,2,3,4.16,99.4,1,5.4,1,1,2,0,58.4,1
9698,18,1,6,7.49,53.5,1,6.9,2,3,1,0,62.3,1
9699,22,0,0,7.88,62.4,1,8.7,2,4,1,2,68.1,1
9700,23,1,1,2.61,51.6,1,8.5,1,1,2,0,34.6,1
9701,17,2,1,6.26,68.4,1,9.6,1,4,2,2,71.4,1
9702,18,0,5,3.67,40.6,1,8.9,0,0,1,2,52.4,1
9703,19,1,4,3.18,88.2,1,5.0,1,0,0,2,83.2,1
9704,22,2,3,6.07,93.0,1,9.3,2,1,2,0,82.6,1
9705,17,2,6,2.16,69.4,1,8.1,1,0,1,0,59.4,1
9706,23,2,2,3.41,90.7,1,5.0,0,3,1,2,62.9,1
9707,19,2,4,1.97,40.6,1,6.0,0,4,2,2,36.0,1
9708,18,1,0,1.14,66.2,1,4.7,0,0,2,2,45.4,1
9709,23,0,1,3.03,50.2,1,9.7,2,2,2,0,31.3,1
9710,17,2,6,7.67,63.4,1,7.0,1,4,2,2,76.0,1
9711,18,0,6,3.35,65.3,1,7.2,0,2,0,0,64.6,1
9712,24,0,5,5.47,80.7,1,4.7,1,2,1,2,58.6,1
9713,21,2,1,2.28,88.1,1,6.8,1,3,0,0,75.7,1
9714,20,0,5,6.92,96.5,1,9.2,2,3,0,2,90.1,1
9715,22,1,0,5.0,58.0,1,8.9,1,2,1,2,88.8,1
9716,22,1,0,7.6,81.4,1,8.7,1,4,1,2,89.9,1
9717,21,2,1,2.61,90.2,1,8.3,2,0,2,2,69.0,1
9718,17,1,4,4.3,64.0,1,8.7,1,4,2,1,55.5,1
9719,21,0,6,1.53,73.6,0,9.0,2,4,0,1,62.1,1
9720,19,0,1,1.09,81.2,0,7.9,0,3,1,1,49.3,1
9721,23,0,3,4.68,44.7,1,4.9,1,4,1,2,52.2,1
9722,21,1,4,6.43,77.3,0,7.2,2,2,2,2,82.7,1
9723,17,1,4,1.6,72.6,1,4.3,2,0,2,2,46.0,1
9724,24,2,1,5.62,58.5,1,8.0,0,4,2,0,57.4,1
9725,19,1,2,5.37,99.4,1,9.5,0,2,0,2,84.5,1
9726,19,1,5,3.86,44.9,1,7.1,1,3,2,2,58.3,1
9727,24,2,4,6.14,97.0,1,5.9,0,2,2,2,100.0,1
9728,23,1,4,4.75,78.3,1,6.5,1,3,2,0,66.5,1
9729,23,0,3,7.57,43.6,1,8.8,1,3,0,2,91.0,1
9730,22,1,0,6.11,50.9,1,7.2,1,4,1,2,56.4,1
9731,24,2,1,7.09,86.9,1,9.2,2,3,0,2,92.3,1
9732,17,1,4,2.89,51.8,1,8.5,1,0,0,0,72.0,1
9733,21,0,5,6.49,42.8,1,6.2,2,0,1,1,56.7,1
9734,19,0,0,7.91,72.8,1,7.9,1,4,1,2,91.7,1
9735,20,2,2,1.31,99.4,1,5.5,1,3,1,0,39.8,1
9736,18,1,1,4.09,62.8,1,5.2,0,1,0,2,60.2,1
9737,18,0,4,6.9,66.5,1,4.4,0,1,1,0,66.5,1
9738,20,0,1,3.17,86.4,1,5.5,0,4,2,2,70.4,1
9739,24,1,5,4.07,75.9,1,8.8,0,1,0,2,67.3,1
9740,22,1,1,5.98,56.2,1,4.5,0,1,2,0,76.9,1
9741,19,2,3,6.6,72.9,1,7.9,2,4,0,2,88.3,1
9742,20,0,1,1.6,67.6,1,6.2,1,3,0,2,72.9,1
9743,21,0,3,3.13,41.0,1,9.9,0,3,1,2,20.0,1
9744,18,2,4,3.16,46.4,1,7.6,0,4,1,2,45.5,1
9745,21,0,5,1.22,76.3,1,8.7,0,4,0,2,64.8,1
9746,22,2,5,0.73,48.9,1,8.8,0,2,2,0,43.8,1
9747,18,2,3,5.96,86.1,1,6.7,1,1,0,0,87.2,1
9748,21,0,3,6.82,69.5,1,4.4,2,4,0,2,75.5,1
9749,22,1,0,7.62,45.2,1,4.7,2,1,2,2,58.5,1
9750,21,0,6,7.65,97.1,1,6.6,2,3,0,2,100.0,1
9751,19,1,5,7.91,90.3,1,7.9,2,0,1,0,91.3,1
9752,21,2,6,0.66,78.3,1,7.2,1,0,0,1,57.9,1
9753,23,1,5,3.17,84.7,1,8.6,2,3,2,0,34.5,1
9754,18,2,2,0.66,79.9,1,9.3,2,1,0,2,54.6,1
9755,21,0,1,5.42,40.8,1,5.3,0,2,0,2,50.7,1
9756,22,0,3,7.78,77.2,1,6.1,0,0,0,1,100.0,1
9757,19,1,0,0.29,54.7,1,5.8,1,2,2,1,50.2,1
9758,20,1,6,4.21,96.9,1,5.0,1,0,1,0,75.6,1
9759,24,2,3,4.27,64.5,1,7.3,1,2,0,2,53.2,1
9760,19,2,1,1.31,82.3,1,4.9,0,3,1,0,33.5,1
9761,21,1,4,6.67,48.9,1,4.2,1,4,1,2,65.9,1
9762,18,1,0,3.16,68.4,1,4.4,0,4,2,2,50.3,1
9763,24,1,2,3.36,46.3,1,8.5,0,4,1,2,38.1,1
9764,21,2,6,7.7,64.4,1,7.5,2,4,0,0,94.8,1
9765,23,0,6,1.98,73.6,1,9.7,1,2,0,2,57.0,1
9766,21,1,5,3.08,77.9,0,9.5,2,1,1,0,32.9,1
9767,19,1,0,6.16,63.7,1,8.4,0,3,2,2,80.5,1
9768,19,1,5,3.84,49.5,1,9.2,1,4,0,0,70.3,1
9769,22,2,0,4.83,79.6,0,4.9,0,3,2,2,62.5,1
9770,23,2,6,3.82,40.7,1,8.8,0,3,2,1,49.0,1
9771,18,0,6,2.27,88.5,1,8.0,1,4,2,0,59.6,1
9772,23,2,1,1.3,80.5,1,9.2,2,4,1,0,37.0,1
9773,23,1,0,6.8,86.5,1,5.7,1,1,1,2,90.7,1
9774,17,0,4,2.2,98.4,1,8.5,1,3,0,0,71.9,1
9775,17,1,1,7.91,59.6,1,4.3,1,4,0,0,76.5,1
9776,22,2,5,0.08,72.0,1,8.4,0,0,1,0,53.5,1
9777,23,0,4,7.06,78.0,1,5.1,2,0,1,2,91.0,1
9778,20,2,1,7.58,75.1,1,9.7,0,3,1,0,84.3,1
9779,22,0,5,0.47,78.0,1,9.9,1,4,2,1,49.8,1
9780,24,0,2,5.02,96.5,0,6.5,2,4,0,2,82.9,1
9781,19,2,0,6.26,69.0,0,9.5,2,1,1,0,86.6,1
9782,18,2,1,4.92,91.7,1,5.5,2,4,1,2,56.7,1
9783,24,0,2,7.04,77.9,1,7.7,2,2,2,2,81.5,1
9784,19,0,5,1.06,87.0,1,9.2,0,2,2,0,56.9,1
9785,20,0,1,7.59,59.7,1,9.0,2,0,1,0,79.2,1
9786,20,1,4,4.4,59.7,0,6.1,0,2,1,0,58.9,1
9787,21,0,2,2.75,96.1,1,5.2,1,0,1,2,100.0,1
9788,19,2,6,4.2,90.0,1,5.8,2,0,2,1,67.0,1
9789,22,2,6,2.71,70.4,1,4.1,2,0,0,2,67.1,1
9790,22,0,0,3.64,67.6,1,6.0,0,4,2,0,46.5,1
9791,18,0,3,1.25,55.1,1,8.3,2,2,1,1,31.2,1
9792,20,2,4,6.76,52.5,1,6.8,1,4,1,1,39.2,1
9793,17,1,4,3.12,53.5,1,4.8,2,2,0,2,48.4,1
9794,18,1,2,3.74,96.5,0,6.0,2,4,1,0,42.9,1
9795,24,1,6,7.28,56.0,0,5.6,2,4,2,2,69.1,1
9796,21,1,6,7.26,66.8,1,7.5,2,0,1,2,75.7,1
9797,21,2,3,6.3,80.9,1,4.5,0,1,2,2,58.8,1
9798,24,1,3,0.24,78.7,1,8.4,1,2,1,2,46.4,1
9799,22,1,1,7.25,86.3,1,4.8,1,2,2,2,87.8,1
9800,23,0,5,1.51,62.7,1,9.8,0,4,0,0,70.4,1
9801,22,0,3,3.51,59.9,0,8.7,1,0,2,2,72.4,1
9802,20,2,1,7.22,70.2,1,6.1,1,3,2,1,70.0,1
9803,22,2,0,0.76,78.1,1,5.1,2,3,1,0,35.1,1
9804,19,0,2,1.06,99.4,1,7.8,1,3,0,1,67.5,1
9805,24,1,5,4.61,75.2,1,9.8,0,4,2,2,64.4,1
9806,18,1,2,3.74,86.1,1,7.0,2,3,1,2,52.6,1
9807,24,2,3,3.12,95.5,1,7.0,1,3,1,2,71.6,1
9808,24,0,5,6.48,40.6,1,6.1,1,1,1,1,54.8,1
9809,18,2,2,7.16,55.2,1,7.6,2,4,0,0,90.8,1
9810,22,0,1,7.91,40.6,1,9.8,0,3,2,2,88.2,1
9811,24,2,5,0.98,94.2,1,6.7,0,1,2,1,55.3,1
9812,21,0,5,5.41,63.2,1,4.5,1,0,1,2,60.2,1
9813,19,2,2,6.97,74.8,1,7.0,2,3,1,0,83.1,1
9814,24,0,1,1.92,69.0,0,8.6,2,3,0,2,36.8,1
9815,21,1,4,3.84,85.2,1,9.5,2,3,2,2,65.2,1
9816,17,1,3,0.08,62.1,0,8.3,1,3,0,1,42.4,1
9817,18,1,3,1.08,40.7,1,9.0,0,3,1,2,38.0,1
9818,22,0,1,1.0,61.5,1,6.8,2,2,2,0,34.9,1
9819,20,2,3,5.66,68.2,1,4.6,1,2,1,2,59.5,1
9820,18,0,2,4.98,64.3,0,4.3,1,2,2,2,62.6,1
9821,23,2,6,0.31,56.4,1,5.1,2,2,0,0,29.6,1
9822,17,1,3,4.77,45.8,1,6.5,2,1,2,2,62.4,1
9823,18,0,0,0.55,41.7,0,9.1,0,3,2,1,32.9,1
9824,20,0,0,1.62,94.7,1,7.0,2,2,1,2,38.1,1
9825,17,1,0,7.21,44.0,1,6.1,0,1,2,0,77.6,1
9826,20,0,3,3.58,63.8,1,6.4,2,3,2,1,55.1,1
9827,24,0,1,6.25,44.7,0,9.8,0,2,1,2,61.1,1
9828,24,0,4,2.51,46.7,0,6.6,2,0,1,0,33.5,1
9829,23,0,1,0.89,78.8,1,8.1,1,3,1,0,44.3,1
9830,19,1,0,7.11,95.4,1,9.8,0,4,1,0,81.0,1
9831,17,2,6,1.31,60.9,1,8.0,0,0,1,0,55.4,1
9832,23,1,3,2.8,84.7,1,7.3,0,4,2,0,58.0,1
9833,19,2,6,5.61,86.8,1,7.1,1,2,2,0,74.6,1
9834,22,2,4,4.73,78.4,0,7.9,2,4,1,1,59.5,1
9835,17,1,5,7.42,92.1,1,7.4,1,3,2,2,94.5,1
9836,22,1,2,7.9,51.2,1,8.1,1,1,0,0,78.8,1
9837,21,0,3,1.17,44.5,1,7.6,1,4,0,1,38.5,1
9838,24,2,0,1.81,67.4,1,9.8,1,0,1,2,63.4,1
9839,17,0,2,5.11,72.0,1,9.1,0,0,1,1,88.3,1
9840,20,0,2,1.17,62.3,1,4.6,2,4,2,2,37.8,1
9841,24,2,1,4.34,95.3,1,9.0,1,3,2,2,71.3,1
9842,20,0,2,2.98,47.4,1,5.1,2,4,2,0,51.4,1
9843,22,2,3,7.11,96.0,1,5.6,1,0,0,2,99.1,1
9844,18,2,2,7.34,65.4,1,5.2,1,0,0,0,99.4,1
9845,22,1,5,2.07,90.0,1,6.4,0,3,2,0,66.6,1
9846,19,0,4,0.77,62.7,1,6.1,2,1,2,0,37.6,1
9847,21,1,6,7.91,70.5,1,9.4,1,1,1,0,84.0,1
9848,24,1,2,1.2,81.3,0,7.3,1,0,2,0,64.7,1
9849,22,1,2,1.39,68.4,1,5.9,2,0,0,0,53.4,1
9850,20,1,6,2.02,92.4,0,7.5,0,0,0,0,58.9,1
9851,18,1,0,2.73,72.2,1,7.2,2,3,1,2,41.1,1
9852,19,2,5,1.18,41.1,1,9.8,1,0,2,0,58.3,1
9853,23,0,1,2.58,87.9,0,5.2,2,1,1,2,42.5,1
9854,18,0,2,0.18,69.7,1,8.6,1,4,0,0,40.0,1
9855,22,2,3,6.41,80.4,1,4.4,2,2,0,0,57.9,1
9856,20,2,4,2.11,59.4,1,6.3,2,0,2,2,31.5,1
9857,19,0,2,6.54,81.9,0,6.5,2,0,2,2,100.0,1
9858,22,0,2,5.18,83.3,1,9.6,0,0,1,2,71.4,1
9859,19,0,1,3.84,99.4,0,4.7,0,3,1,1,55.2,1
9860,19,0,2,7.78,61.9,1,6.8,0,0,0,2,100.0,1
9861,21,0,6,3.09,53.2,1,5.7,0,4,1,2,31.9,1
9862,23,1,6,1.43,68.9,1,4.1,1,3,0,1,44.0,1
9863,23,1,2,4.62,81.5,1,4.5,0,1,0,1,78.3,1
9864,22,1,3,1.12,68.9,0,6.4,1,4,1,2,42.4,1
9865,22,0,0,2.21,91.7,1,8.7,1,0,1,2,55.8,1
9866,23,2,2,7.26,97.8,1,9.8,1,3,1,2,88.7,1
9867,19,0,4,7.14,98.8,1,7.0,0,4,0,1,100.0,1
9868,19,1,5,3.73,47.6,0,9.9,2,2,2,0,50.8,1
9869,20,0,4,3.83,54.6,1,4.3,1,4,0,2,57.3,1
9870,22,2,6,4.53,57.7,1,4.1,2,3,1,2,45.2,1
9871,22,0,4,0.67,95.7,1,6.3,2,4,2,0,54.0,1
9872,18,1,3,2.03,86.9,1,6.0,1,3,1,0,45.0,1
9873,23,1,6,4.64,47.3,0,5.8,1,2,1,2,43.3,1
9874,19,0,4,2.57,66.3,1,9.3,2,0,1,2,62.1,1
9875,24,2,5,1.71,95.8,1,7.3,0,3,0,2,45.8,1
9876,22,1,5,5.18,52.4,1,6.3,1,2,0,0,59.1,1
9877,24,2,2,4.53,73.2,1,4.2,0,3,2,0,69.5,1
9878,22,2,5,2.62,81.4,1,4.2,1,2,0,1,60.1,1
9879,21,1,5,7.5,43.9,1,4.8,1,3,0,2,78.5,1
9880,18,1,3,6.22,65.9,1,5.5,0,1,0,0,53.4,1
9881,20,1,3,4.77,95.1,0,4.2,0,0,0,0,88.3,1
9882,23,0,5,1.68,40.7,1,5.1,2,0,2,2,26.7,1
9883,20,1,2,5.18,78.0,1,4.3,2,2,1,0,71.3,1
9884,17,2,3,5.5,92.4,1,9.3,0,0,1,2,84.7,1
9885,18,1,5,4.65,65.8,0,7.4,1,0,0,1,88.7,1
9886,21,0,1,5.1,55.5,1,6.5,0,1,2,0,65.9,1
9887,22,2,1,1.3,83.6,0,6.1,2,2,2,2,44.6,1
9888,24,1,2,2.68,62.0,1,9.3,0,4,1,0,41.4,1
9889,24,1,0,7.13,60.1,0,6.1,1,3,2,0,71.2,1
9890,21,2,0,1.1,55.6,1,6.4,0,0,1,2,52.9,1
9891,21,1,6,4.72,97.6,1,4.5,0,1,1,0,49.7,1
9892,23,0,2,7.18,84.7,1,9.1,1,1,2,1,79.9,1
9893,17,1,4,0.11,48.3,1,5.8,1,0,0,2,42.2,1
9894,21,1,2,7.74,57.8,1,8.0,1,1,0,0,67.8,1
9895,20,0,5,7.07,93.8,1,4.5,2,0,2,1,83.2,1
9896,23,0,3,5.72,89.8,1,5.9,0,3,2,0,75.5,1
9897,23,0,0,5.67,61.1,1,4.9,1,2,2,2,81.6,1
9898,22,2,6,6.94,82.5,1,8.5,2,0,2,2,100.0,1
9899,22,1,5,1.37,46.0,0,8.4,2,2,1,2,19.599,-1
9900,22,0,2,5.6,48.9,1,8.4,2,0,0,0,73.7,1
9901,21,1,1,2.75,94.1,1,5.3,2,0,0,1,75.2,1
9902,18,2,1,7.01,72.6,1,7.6,2,3,2,2,78.5,1
9903,19,0,4,4.27,48.2,1,4.6,2,1,1,0,47.5,1
9904,22,2,5,6.13,69.4,1,5.1,2,4,2,2,59.0,1
9905,21,1,4,1.34,67.8,0,9.8,1,4,1,1,43.3,1
9906,18,0,0,1.94,99.4,1,7.1,0,0,0,2,63.6,1
9907,24,1,5,6.71,40.9,1,7.9,1,0,1,2,81.5,1
9908,24,1,5,3.16,84.4,0,4.4,2,0,1,1,68.5,1
9909,22,2,2,4.22,85.4,1,5.2,0,3,2,2,69.2,1
9910,18,2,3,5.8,86.5,1,9.5,2,4,0,0,68.2,1
9911,24,1,4,1.36,86.7,1,4.4,0,2,0,2,44.8,1
9912,18,0,4,2.42,82.6,1,7.2,0,2,0,1,51.1,1
9913,20,2,1,2.61,65.4,1,9.0,1,3,1,0,42.2,1
9914,23,1,1,7.33,43.0,1,9.3,2,0,1,2,75.3,1
9915,21,2,0,1.1,98.1,0,5.6,1,2,1,0,43.8,1
9916,18,1,0,2.97,54.5,0,4.5,0,4,0,0,40.5,1
9917,17,0,6,7.67,58.3,0,5.5,1,0,2,2,98.5,-1
9918,19,2,4,6.68,49.2,1,7.5,2,2,1,2,60.8,1
9919,22,2,5,5.36,59.9,1,7.8,2,0,0,1,71.2,1
9920,22,1,2,4.39,59.7,1,7.9,0,3,1,0,54.8,1
9921,18,1,5,6.71,61.6,1,6.0,1,0,0,0,93.9,1
9922,18,1,1,7.57,64.2,1,7.0,1,3,1,1,76.6,1
9923,22,0,3,7.39,80.1,0,5.9,2,2,1,1,56.5,1
9924,18,1,0,5.11,98.3,1,9.3,1,0,1,0,89.1,1
9925,17,2,6,5.82,71.3,1,4.1,2,1,1,1,52.7,1
9926,20,1,4,6.2,99.4,1,6.0,2,3,2,2,94.5,1
9927,21,0,3,6.47,43.3,1,8.6,0,1,2,0,55.8,1
9928,18,2,3,5.86,62.5,0,9.9,2,3,2,2,73.8,1
9929,18,0,4,1.44,41.8,0,6.2,2,3,0,0,29.9,1
9930,18,0,5,6.08,75.8,1,6.0,0,0,1,0,100.0,1
9931,19,1,4,3.12,98.7,1,8.5,0,3,1,2,68.5,1
9932,17,2,5,1.6,52.7,1,9.2,0,1,1,0,56.3,1
9933,17,2,5,0.82,83.1,1,7.2,1,4,1,2,19.599,1
9934,19,2,2,1.92,85.8,1,9.0,1,4,2,0,58.5,1
9935,17,1,0,4.06,46.2,1,9.3,1,3,0,2,57.3,1
9936,19,0,6,1.98,66.0,1,6.0,0,2,0,2,60.5,1
9937,21,2,0,5.33,48.4,0,5.8,1,3,1,1,63.2,1
9938,17,2,5,7.72,61.1,1,4.6,0,4,2,1,80.7,1
9939,21,0,3,0.35,88.4,1,4.8,2,0,2,2,45.1,1
9940,21,2,1,1.05,57.4,1,7.3,0,0,2,0,56.8,1
9941,21,1,0,1.98,96.0,1,4.6,2,3,0,0,52.6,1
9942,22,2,3,6.43,86.6,1,8.4,0,1,2,2,77.4,1
9943,23,0,2,2.17,55.8,1,6.8,0,2,1,2,44.6,1
9944,17,2,0,1.53,65.6,0,9.2,2,4,1,0,49.1,1
9945,18,0,4,1.22,77.1,1,8.0,0,0,1,2,57.4,1
9946,19,0,6,1.2,76.4,1,6.2,0,3,1,0,43.9,1
9947,22,2,6,5.76,73.8,1,5.4,2,0,0,1,83.0,1
9948,23,2,0,5.66,62.6,1,6.2,0,1,2,0,69.5,1
9949,24,2,5,2.49,96.6,1,6.7,0,4,1,2,50.3,1
9950,21,1,0,3.6,45.3,1,8.6,2,3,1,0,43.4,1
9951,20,0,5,5.03,78.0,1,5.9,1,3,2,1,49.8,1
9952,20,2,6,7.8,42.1,1,5.0,0,0,2,2,54.7,1
9953,17,2,3,5.95,73.3,1,7.5,1,0,0,2,98.6,1
9954,20,0,4,6.42,51.1,1,6.3,1,2,0,0,68.8,1
9955,21,2,6,7.82,45.1,1,6.3,2,2,0,0,64.3,1
9956,18,0,2,3.05,43.2,1,6.1,1,3,2,2,50.4,1
9957,23,1,1,0.55,97.3,1,7.1,1,1,1,0,49.5,1
9958,23,2,4,5.98,47.7,1,6.8,1,1,1,0,67.9,1
9959,19,0,1,0.97,61.6,1,9.6,0,2,2,2,36.2,1
9960,24,0,5,3.51,68.2,1,5.7,1,3,2,1,63.6,1
9961,17,1,1,5.91,41.5,1,5.9,1,1,1,2,56.7,1
9962,24,1,0,4.47,95.5,1,5.9,2,3,2,2,77.1,1
9963,23,0,5,2.94,40.9,1,9.6,1,4,0,2,50.3,1
9964,18,2,3,4.11,94.7,0,4.2,1,0,1,2,79.4,1
9965,22,1,5,1.96,41.9,1,4.3,2,0,0,2,33.9,1
9966,19,2,4,0.59,64.6,1,9.3,1,2,2,0,69.2,1
9967,23,2,3,3.3,87.0,1,5.3,2,1,2,2,53.5,1
9968,18,0,3,0.47,41.5,0,7.6,2,2,1,0,27.2,1
9969,18,2,5,7.84,88.6,1,6.4,0,4,0,0,100.0,1
9970,19,2,6,3.58,68.2,1,5.2,0,1,0,1,56.1,1
9971,18,2,2,7.06,68.3,0,9.2,1,2,1,2,100.0,1
9972,19,2,3,7.61,51.2,1,7.1,2,4,2,0,78.5,1
9973,21,2,5,3.59,54.0,1,7.4,2,4,2,1,32.7,1
9974,22,2,4,3.36,87.9,1,4.1,1,1,0,0,71.9,1
9975,21,1,3,7.15,40.6,1,7.4,2,2,2,1,74.7,1
9976,18,0,5,0.28,59.1,1,4.8,1,1,1,0,39.4,1
9977,18,2,3,3.9,59.2,1,9.5,2,1,0,0,48.7,1
9978,24,0,2,2.15,56.3,1,6.7,2,0,0,1,49.0,1
9979,19,1,1,6.02,58.6,0,9.8,2,4,1,0,71.8,1
9980,17,2,2,6.69,47.4,0,6.1,1,4,1,1,61.2,1
9981,20,0,4,4.96,50.0,1,6.8,1,1,2,0,54.9,1
9982,17,2,6,3.26,73.4,1,4.1,1,4,1,1,43.1,1
9983,19,1,0,4.44,73.7,1,4.1,2,0,0,0,60.5,1
9984,23,1,5,4.59,95.8,1,8.0,2,0,2,1,58.6,1
9985,19,0,6,5.08,71.9,1,4.1,0,3,1,1,49.0,1
9986,22,1,0,7.38,66.3,1,9.7,1,3,2,0,91.5,1
9987,20,0,6,1.99,45.7,1,9.8,0,1,1,2,51.4,1
9988,19,0,2,1.61,84.2,1,5.4,0,2,0,2,52.0,1
9989,22,1,4,1.52,66.8,1,8.9,2,2,1,0,42.7,1
9990,21,2,1,5.58,85.5,1,9.1,0,4,0,2,80.1,1
9991,19,1,5,7.24,51.6,1,4.8,2,2,0,2,69.8,1
9992,18,2,2,2.61,76.9,1,8.9,0,4,0,0,48.1,1
9993,24,1,5,3.37,83.5,1,9.2,2,4,2,0,44.8,1
9994,18,0,0,7.75,61.7,1,6.2,0,0,0,1,100.0,1
9995,24,2,1,1.16,68.8,1,8.2,2,2,2,2,42.0,1
9996,20,1,3,7.04,43.9,1,5.6,2,4,1,2,63.2,1
9997,24,2,6,7.67,56.2,1,7.5,1,3,1,2,78.9,1
9998,19,1,1,6.4,49.9,1,7.4,2,4,2,2,74.6,1
9999,21,2,0,2.69,62.5,1,4.7,0,1,0,1,37.7,1
10000,21,2,4,5.23,45.4,1,9.6,0,4,2,1,58.8,1
10001,19,1,2,2.33,89.7,1,9.6,2,3,0,2,55.0,1
10002,18,0,6,0.97,84.0,1,9.7,0,0,0,0,55.5,1
10003,21,2,3,0.86,91.9,1,7.2,2,3,0,0,24.8,1
10004,22,1,6,0.08,96.9,1,5.5,1,0,1,2,53.5,1
10005,19,1,0,7.83,73.9,1,8.4,1,4,0,2,99.1,1
10006,23,1,5,5.24,84.7,0,8.0,0,0,2,0,97.3,1
10007,22,0,0,2.57,69.4,1,9.3,2,1,1,0,42.3,1
10008,18,2,3,4.63,87.1,1,9.1,1,0,1,2,70.9,1
10009,24,0,0,4.95,72.2,1,5.7,0,2,2,1,57.4,1
10010,17,0,3,1.46,84.2,1,7.5,1,2,0,1,55.6,1
10011,22,2,1,2.31,56.5,1,6.6,2,0,0,0,53.6,1
10012,20,1,3,4.38,81.2,1,9.6,0,3,0,2,63.7,1
10013,22,2,5,6.72,74.7,1,6.5,2,0,2,1,80.8,1
10014,23,1,1,1.04,55.0,0,4.4,0,4,1,0,19.599,-1
10015,22,1,5,6.87,81.1,1,6.9,1,3,2,2,83.7,1
10016,22,2,5,4.87,62.2,1,5.4,2,1,2,1,75.7,1
10017,23,0,2,3.92,77.7,1,4.1,2,2,0,0,62.9,1
10018,22,0,4,1.15,79.5,1,9.5,2,0,1,0,39.5,1
10019,23,1,3,4.4,80.3,1,8.0,0,2,1,0,95.0,1
10020,20,0,4,2.83,81.0,1,4.7,1,0,1,0,73.6,1
10021,18,2,0,1.51,65.0,1,6.3,2,0,1,1,48.6,1
10022,18,1,1,7.04,77.5,0,5.7,2,3,1,0,67.0,1
10023,21,1,0,3.68,94.4,1,8.9,1,1,0,0,87.0,1
10024,21,1,1,0.64,44.1,1,8.2,2,0,2,2,43.1,1
10025,17,0,0,2.42,87.0,1,4.7,0,0,1,2,48.0,1
10026,18,2,6,1.45,47.7,1,4.1,2,0,1,0,42.7,1
10027,24,1,5,7.51,67.9,0,8.9,1,2,0,0,100.0,-1
10028,22,2,1,1.94,49.8,1,9.6,1,4,1,2,43.6,1
10029,23,2,3,4.05,86.9,1,9.8,1,2,2,2,73.3,1
10030,18,0,2,5.96,42.2,0,4.7,1,1,2,2,77.8,1
10031,17,2,2,1.27,82.1,1,6.3,2,3,0,1,41.3,1
10032,19,2,4,3.5,64.1,1,4.7,1,4,2,2,55.4,1
10033,23,2,0,5.23,55.9,1,9.6,2,3,0,0,53.9,1
10034,21,0,4,7.06,97.6,1,6.7,1,0,0,2,94.2,1
10035,23,1,1,5.23,57.5,1,9.5,1,2,2,2,93.6,1
10036,20,2,2,0.64,52.7,1,6.7,1,1,1,2,49.5,1
10037,20,0,5,2.57,65.9,1,4.5,2,1,0,1,57.6,1
10038,21,1,1,2.81,58.1,1,6.1,1,3,1,0,51.1,1
10039,24,2,2,3.11,83.7,1,9.8,1,4,2,0,53.3,1
10040,20,0,5,7.53,41.8,1,9.3,2,4,1,1,68.4,1
10041,21,2,4,0.29,81.5,1,7.1,1,1,2,2,52.2,1
10042,24,2,6,2.42,65.3,1,6.0,2,0,0,0,54.7,1
10043,19,1,4,3.94,87.0,1,5.0,0,3,1,2,65.0,1
10044,23,2,3,0.69,60.0,1,4.8,1,2,0,1,65.0,1
10045,21,2,4,3.87,41.1,1,4.9,1,3,0,2,49.1,1
10046,24,2,5,0.86,85.8,0,7.2,0,1,0,0,54.5,1
10047,20,1,4,6.7,48.0,1,8.2,2,4,2,2,53.8,1
10048,22,2,0,2.16,68.7,1,5.8,1,1,0,2,62.0,1
10049,19,2,6,4.18,90.0,1,9.9,0,4,2,0,68.8,1
10050,22,2,4,4.95,95.5,1,6.8,0,3,1,0,71.3,1
10051,19,0,6,2.45,54.8,1,7.6,0,1,1,2,35.0,1
10052,21,2,3,2.81,90.3,0,7.2,1,2,0,2,66.1,1
10053,23,0,3,4.08,86.6,1,8.6,1,2,1,0,47.9,1
10054,20,1,5,6.44,95.4,1,9.6,0,2,0,2,95.2,1
10055,20,2,4,3.62,88.9,1,9.1,0,3,0,2,67.6,1
10056,19,0,5,3.93,45.4,1,7.1,1,3,0,2,61.3,1
10057,22,1,6,4.77,96.7,1,9.6,1,2,2,1,86.2,1
10058,21,0,1,3.4,41.5,0,6.5,2,1,1,2,43.8,1
10059,21,1,1,5.81,60.6,0,4.4,1,4,2,1,84.2,1
10060,17,0,1,0.08,63.4,1,4.8,2,1,1,1,19.599,1
10061,17,0,4,3.86,69.1,1,9.7,0,1,0,1,74.6,1
10062,17,2,5,7.38,54.1,1,9.6,1,0,2,1,82.1,1
10063,23,2,6,4.93,47.4,1,9.5,2,3,1,2,47.6,1
10064,23,0,2,3.89,90.2,1,8.5,2,3,0,0,65.9,1
10065,17,2,2,6.18,78.5,1,8.1,2,0,2,0,88.9,1
10066,17,1,4,3.14,68.5,1,9.0,1,4,1,2,44.1,1
10067,23,2,1,3.74,86.5,1,6.7,2,0,0,2,57.7,1
10068,21,1,3,1.56,94.9,1,7.3,2,1,1,2,46.1,1
10069,19,2,2,0.99,53.4,1,9.4,2,1,0,0,19.599,1
10070,21,2,2,0.2,59.4,1,4.3,1,1,1,2,40.7,1
10071,18,1,3,5.85,96.1,0,7.4,2,0,1,2,86.8,1
10072,18,1,4,3.75,72.6,1,6.3,2,0,2,2,61.1,1
10073,19,2,6,7.51,56.9,1,7.3,0,3,0,2,87.3,1
10074,24,2,3,1.41,49.5,1,9.7,2,4,2,2,19.599,1
10075,23,2,4,1.95,99.3,1,8.7,1,0,1,2,76.1,1
10076,18,1,6,5.11,72.1,1,6.9,2,2,2,0,71.7,1
10077,21,0,3,0.44,91.7,1,8.1,2,4,2,0,22.9,1
10078,24,0,1,4.03,78.2,1,7.4,1,2,0,2,76.9,1
10079,24,2,5,0.99,66.6,1,5.2,1,0,2,2,47.3,1
10080,23,2,2,1.29,91.5,0,6.7,0,2,1,0,30.2,1
10081,18,2,1,4.1,61.4,0,4.7,2,2,2,2,49.8,1
10082,18,0,2,4.55,86.1,1,6.7,0,2,2,2,76.7,1
10083,18,1,4,1.7,67.2,1,6.6,2,3,2,2,19.599,1
10084,18,2,1,2.17,93.8,1,8.2,0,4,1,0,59.4,1
10085,18,1,0,2.27,70.2,1,5.6,0,0,1,0,63.7,1
10086,19,1,4,1.13,59.5,1,6.4,0,2,2,0,28.7,1
10087,21,1,0,7.73,83.5,1,6.5,2,3,0,0,69.7,1
10088,20,0,0,5.54,91.6,1,5.0,0,1,0,0,88.4,1
10089,20,1,3,0.89,91.1,0,8.4,0,2,2,0,49.8,1
10090,18,0,2,2.86,68.7,1,8.0,1,4,2,2,69.0,1
10091,18,1,6,1.38,66.4,1,6.4,0,4,0,0,44.6,1
10092,24,2,6,1.88,49.0,1,5.0,0,3,1,2,19.599,1
10093,21,0,4,7.52,42.4,1,8.7,2,4,0,0,58.9,1
10094,18,1,2,1.09,95.9,1,8.2,1,3,1,0,74.3,1
10095,23,2,3,7.04,83.5,1,8.0,0,2,2,1,70.2,1
10096,23,0,0,6.73,74.6,0,9.7,0,1,0,1,82.3,1
10097,24,1,1,5.95,75.0,1,8.8,0,3,0,2,70.8,1
10098,18,0,6,3.97,41.4,1,9.4,2,4,0,2,30.5,1
10099,22,2,0,2.07,67.2,0,8.6,1,1,0,1,64.6,1
10100,24,2,4,6.65,95.3,1,8.5,1,4,2,0,81.1,1
10101,23,0,4,6.67,67.7,1,8.6,1,3,2,2,87.8,1
10102,18,2,0,4.2,74.8,1,9.7,2,3,2,2,60.2,1
10103,24,1,0,0.38,62.6,1,7.1,0,1,0,1,46.3,1
10104,20,2,6,1.54,46.3,1,6.5,2,0,0,0,20.3,1
10105,20,2,5,0.45,59.4,1,9.8,2,1,1,2,27.1,1
10106,21,0,3,1.44,45.1,1,9.8,0,3,1,1,44.7,1
10107,23,0,3,4.07,74.7,1,9.2,1,2,0,1,72.3,1
10108,17,0,2,6.83,98.9,0,7.4,1,1,1,0,85.9,1
10109,21,1,1,5.23,61.8,0,7.8,2,3,0,0,52.0,1
10110,23,2,2,4.81,91.5,1,6.7,2,0,1,0,69.4,1
10111,21,2,5,5.98,42.6,1,5.3,2,4,1,2,37.8,1
10112,19,2,6,5.12,70.3,1,4.6,2,4,0,2,57.7,1
10113,17,1,1,3.55,79.3,1,4.1,2,1,2,0,42.1,1
10114,21,2,1,6.52,59.2,1,5.3,1,0,1,0,89.1,1
10115,22,0,0,2.48,45.9,1,7.2,2,4,2,0,45.4,1
10116,21,2,5,7.42,53.1,1,9.4,0,3,0,2,70.0,1
10117,24,2,0,0.93,44.2,1,6.5,0,0,2,0,64.7,1
10118,21,2,2,5.1,93.3,1,7.8,2,2,2,2,77.4,1
10119,21,2,4,4.0,40.6,1,6.8,1,4,2,0,56.1,1
10120,17,1,1,3.41,44.2,1,4.1,1,2,1,0,62.4,1
10121,21,1,4,3.44,87.7,1,6.6,1,0,1,0,76.4,1
10122,18,1,5,0.34,58.0,1,6.2,1,1,0,2,33.7,1
10123,22,0,2,6.01,61.9,1,5.9,1,0,0,0,67.9,1
10124,18,2,6,2.82,58.4,1,5.8,0,0,2,2,19.599,1
10125,24,2,4,3.81,93.4,1,4.9,2,1,0,0,84.6,1
10126,19,0,2,6.78,95.7,1,7.5,1,3,2,0,93.3,1
10127,20,2,1,4.62,95.7,1,8.8,0,4,2,0,77.5,1
10128,18,1,1,6.81,58.4,1,9.0,0,1,2,2,82.3,1
10129,18,0,6,1.1,52.0,1,5.6,0,2,0,2,36.1,1
10130,24,0,5,2.25,89.7,1,5.7,1,4,2,0,63.1,1
10131,19,1,0,1.82,90.9,1,5.7,1,3,1,0,38.7,1
10132,21,0,3,7.09,61.3,1,5.0,2,4,0,0,71.6,1
10133,24,2,0,6.25,74.7,1,7.7,0,0,1,2,89.0,1
10134,21,2,0,6.67,63.4,0,4.9,1,0,2,1,74.8,1
10135,17,2,4,4.55,40.9,1,6.4,1,3,2,2,86.5,1
10136,19,2,1,1.77,64.6,1,7.3,1,2,0,0,43.9,1
10137,20,0,5,3.02,93.7,1,8.1,2,1,1,2,61.7,1
10138,19,1,6,4.4,91.5,1,9.8,1,4,2,1,77.6,1
10139,18,2,6,0.15,46.2,0,8.9,0,4,0,2,48.6,1
10140,21,0,1,5.12,58.4,1,6.4,1,2,0,2,71.7,1
10141,20,0,0,6.84,44.4,0,9.0,2,2,1,0,56.0,1
10142,19,1,1,2.61,57.9,0,5.7,1,4,0,2,62.3,1
10143,20,2,4,5.44,57.9,0,8.1,0,0,1,2,62.7,1
10144,19,2,0,3.87,43.2,1,5.2,2,3,1,2,46.5,1
10145,18,2,0,0.08,93.7,1,6.6,1,4,1,2,30.4,1
10146,20,1,2,2.27,90.4,1,7.7,1,0,0,2,68.4,1
10147,24,2,3,4.22,95.7,1,8.9,2,3,0,0,62.6,1
10148,21,0,3,5.8,84.7,1,9.6,0,4,1,2,60.0,1
10149,21,1,3,3.22,85.6,1,9.9,1,2,0,1,64.7,1
10150,24,0,0,1.49,87.2,1,9.1,1,2,2,0,78.3,1
10151,21,0,5,0.49,80.5,1,5.2,2,4,1,1,51.8,1
10152,18,0,4,5.72,50.6,1,9.1,2,4,2,0,41.4,1
10153,20,1,1,2.92,50.7,1,7.5,1,4,0,2,68.3,1
10154,20,0,0,5.18,70.0,1,6.2,2,1,2,2,66.3,1
10155,20,2,4,1.77,81.4,0,5.8,2,0,2,0,52.9,1
10156,18,2,2,6.04,41.8,1,8.3,2,4,1,1,39.8,1
10157,17,2,0,2.76,72.8,1,6.6,1,0,2,1,78.1,1
10158,19,0,6,0.42,93.2,1,9.2,0,2,1,2,31.0,1
10159,24,2,3,4.08,47.6,1,9.7,0,2,0,1,62.7,1
10160,22,1,3,5.85,58.8,1,9.3,2,3,1,0,53.6,1
10161,23,2,4,7.46,99.2,1,6.8,0,3,2,1,88.1,1
10162,18,0,0,7.77,59.7,1,9.3,0,4,0,0,99.3,1
10163,20,0,5,3.65,41.7,1,7.6,1,4,2,2,32.5,1
10164,21,0,2,4.89,81.0,1,5.1,0,3,0,0,56.6,1
10165,20,2,3,4.46,99.0,1,4.5,2,1,1,2,56.7,1
10166,20,1,4,4.27,53.8,1,4.3,1,2,0,1,75.4,1
10167,19,0,1,0.92,53.0,1,4.2,2,3,2,2,32.1,1
10168,17,2,5,5.37,65.9,1,8.9,2,0,1,2,87.9,1
10169,23,0,2,7.72,72.2,1,4.8,1,0,0,2,99.4,1
10170,24,1,4,1.01,88.9,1,9.3,0,1,0,0,60.5,1
10171,17,0,4,2.49,99.4,1,5.8,2,2,1,0,48.0,1
10172,20,2,5,0.62,88.8,0,9.9,1,0,0,2,39.5,1
10173,21,2,1,3.22,57.5,1,6.6,2,1,1,0,58.6,1
10174,23,1,1,3.85,87.2,1,4.9,1,3,1,0,66.0,1
10175,24,0,4,2.86,77.9,1,5.4,1,3,1,2,53.7,1
10176,20,2,6,3.81,69.5,1,5.3,2,0,2,2,51.6,1
10177,22,1,5,6.42,78.1,1,5.0,1,1,2,2,96.4,1
10178,24,1,1,1.71,66.4,1,8.8,1,2,2,2,41.1,1
10179,23,1,0,6.06,77.9,1,4.9,1,4,2,2,63.9,1
10180,19,0,1,6.35,84.2,0,6.9,1,0,1,2,84.0,1
10181,23,0,5,4.65,40.8,1,8.9,1,3,2,2,67.2,1
10182,20,1,3,2.52,77.0,1,7.6,2,3,1,2,42.9,1
10183,17,1,3,7.49,49.2,1,8.5,0,3,2,2,82.6,1
10184,23,0,2,2.91,60.2,1,4.7,2,3,0,0,53.8,1
10185,23,2,4,0.4,66.6,0,9.0,2,3,0,1,36.6,1
10186,19,1,3,1.09,98.3,1,7.6,1,0,0,2,84.2,1
10187,20,0,2,7.13,59.5,1,4.1,2,3,0,2,56.2,1
10188,19,2,1,1.2,89.2,1,8.9,1,1,1,2,50.1,1
10189,17,0,5,3.58,60.2,1,7.9,1,1,1,2,57.2,1
10190,24,0,5,5.54,53.8,0,4.1,1,3,0,1,76.6,1
10191,17,1,3,4.59,66.0,0,8.7,1,2,0,2,92.1,1
10192,21,2,5,5.23,45.4,1,9.9,1,4,0,2,63.7,1
10193,17,2,5,2.79,89.2,0,7.9,1,1,2,0,69.5,1
10194,22,2,4,5.3,69.9,1,9.1,0,0,2,2,69.5,1
10195,24,2,1,0.08,81.3,1,9.2,1,1,2,2,46.6,1
10196,22,0,0,2.11,87.9,1,9.9,0,1,1,0,61.3,1
10197,21,0,5,0.99,64.5,1,5.5,0,4,1,2,38.4,1
10198,23,2,0,3.64,67.0,1,6.9,0,0,2,1,68.1,1
10199,24,1,4,1.17,55.2,1,6.4,2,2,1,2,25.6,1
10200,23,1,5,4.38,82.9,0,8.2,1,2,2,0,76.6,1
10201,18,1,3,1.45,89.9,1,7.8,2,2,1,2,43.2,1
10202,21,0,3,3.31,74.4,1,6.7,1,4,2,1,61.9,1
10203,23,1,1,0.59,42.3,1,9.6,1,4,2,1,32.8,1
10204,19,0,3,3.52,82.7,1,9.4,2,1,1,2,50.3,1
10205,22,0,2,6.46,80.0,1,4.8,0,1,0,0,74.1,1
10206,17,2,2,2.54,60.6,1,6.7,1,0,1,2,59.8,1
10207,24,0,3,5.65,64.6,0,4.1,2,3,2,1,51.6,1
10208,21,1,1,3.41,69.7,1,7.5,2,1,1,2,36.7,1
10209,22,2,0,1.87,87.4,1,9.2,1,1,2,0,70.8,1
10210,23,0,0,2.43,80.8,1,7.8,1,2,1,1,51.9,1
10211,18,1,3,2.42,71.0,0,5.9,1,4,1,1,43.6,1
10212,20,0,4,5.94,88.3,1,9.5,0,0,2,1,83.3,1
10213,23,1,3,1.61,91.5,1,9.1,1,3,0,2,64.3,1
10214,18,0,5,7.82,43.1,0,9.3,2,0,2,0,83.8,-1
10215,23,2,3,5.5,44.2,1,8.4,0,1,2,1,58.2,1
10216,19,1,6,3.21,68.5,1,4.5,0,3,0,1,60.0,1
10217,21,2,6,7.91,86.9,1,7.5,0,0,2,0,95.6,1
10218,21,0,0,1.73,46.6,1,7.3,0,0,1,1,46.3,1
10219,22,2,5,6.1,91.8,1,9.6,0,1,1,0,94.8,1
10220,23,2,3,2.17,48.2,1,8.8,1,1,2,2,45.6,1
10221,19,2,6,4.35,81.7,1,5.5,2,0,1,2,66.8,1
10222,18,1,5,0.44,88.2,1,8.5,0,1,0,2,64.6,1
10223,20,2,0,6.77,42.7,1,6.3,1,4,2,0,62.3,1
10224,21,0,0,2.93,90.9,1,6.3,1,2,0,1,57.6,1
10225,23,2,6,4.68,90.5,1,9.5,2,1,1,1,66.6,1
10226,23,2,3,7.42,48.8,1,4.5,0,0,1,0,78.7,1
10227,19,0,4,0.24,52.5,1,5.0,2,0,1,0,34.2,1
10228,24,2,4,7.74,91.6,1,6.5,1,1,2,2,93.6,1
10229,17,0,1,4.2,97.9,1,6.7,2,0,2,0,75.3,1
10230,17,1,1,6.25,69.1,1,9.5,0,2,1,1,73.3,1
10231,17,2,6,3.78,47.5,1,7.8,0,3,0,1,61.1,1
10232,24,0,1,6.53,56.8,1,7.4,0,3,0,2,76.6,1
10233,18,1,6,7.04,60.3,1,8.3,2,0,2,1,72.8,1
10234,21,1,0,3.05,77.9,1,4.4,0,3,0,2,71.4,1
10235,23,2,5,5.78,83.3,0,7.2,2,4,1,2,72.5,1
10236,23,2,4,7.91,76.4,1,8.1,1,1,2,2,83.9,1
10237,24,2,2,6.06,93.4,1,9.1,1,4,1,2,75.1,1
10238,17,0,1,7.66,40.6,1,4.1,1,1,1,0,64.2,1
10239,20,1,6,5.89,63.4,1,5.6,1,4,2,2,97.9,1
10240,21,0,1,2.64,57.5,1,5.3,2,0,1,2,23.7,1
10241,22,1,1,6.62,85.1,0,9.2,1,2,1,0,100.0,1
10242,21,1,1,5.33,80.9,1,6.4,2,0,1,0,68.1,1
10243,21,1,4,0.26,93.5,0,9.7,1,3,0,0,50.6,1
10244,19,0,5,1.38,58.8,1,8.6,2,3,1,1,46.7,1
10245,17,1,6,2.09,91.3,1,9.2,1,0,1,2,66.4,1
10246,20,1,6,5.95,72.3,0,9.0,0,1,2,0,95.2,1
10247,19,1,6,6.38,49.2,1,4.9,0,1,0,0,68.0,1
10248,21,2,6,6.62,89.7,1,4.3,2,3,2,2,77.3,1
10249,23,0,3,0.54,54.0,1,7.5,2,4,1,0,24.6,1
10250,21,0,5,0.58,85.6,1,4.4,1,0,1,2,67.0,1
10251,21,0,4,2.4,72.2,1,7.4,1,0,2,0,58.8,1
10252,17,0,2,5.45,70.9,1,5.4,0,3,0,0,66.9,1
10253,22,0,2,6.74,72.1,1,9.7,0,2,0,1,88.3,1
10254,20,2,2,6.96,98.5,1,6.7,1,2,2,1,95.7,1
10255,17,2,0,1.66,75.1,0,7.8,1,3,1,0,67.1,1
10256,18,1,3,6.14,42.7,1,7.6,1,4,1,1,71.3,1
10257,23,2,4,5.13,97.4,1,9.5,1,0,0,1,96.4,1
10258,24,1,3,7.41,56.9,0,8.9,2,2,1,1,71.8,1
10259,21,1,0,6.18,68.2,1,8.8,0,1,1,0,61.6,1
10260,24,0,5,4.23,89.4,1,5.9,2,2,1,1,61.1,1
10261,18,0,6,6.27,45.1,1,6.1,0,4,1,0,66.1,1
10262,19,2,1,2.47,54.0,1,6.3,0,3,0,0,42.4,1
10263,24,2,1,6.29,92.6,1,6.2,2,3,0,2,70.0,1
10264,18,1,6,6.25,47.0,1,9.3,1,4,1,0,78.2,1
10265,22,0,6,6.84,71.0,1,6.9,0,0,0,0,99.8,1
10266,18,2,0,1.94,51.2,1,8.0,0,3,2,2,31.8,1
10267,19,2,3,6.79,61.2,1,5.4,2,0,0,0,71.8,1
10268,20,0,4,1.35,87.4,1,9.9,0,1,0,1,73.5,1
10269,19,0,4,6.18,97.5,1,9.8,1,2,0,1,93.5,1
10270,23,0,6,7.44,74.4,1,7.6,1,2,1,2,95.5,1
10271,24,1,2,0.29,61.7,1,9.5,0,0,0,1,42.1,1
10272,21,0,3,5.01,44.8,1,9.0,0,0,2,1,66.9,1
10273,21,2,1,5.28,64.1,1,4.6,0,0,0,2,100.0,1
10274,17,1,5,6.52,88.8,1,9.8,0,4,1,0,66.0,1
10275,18,2,4,0.82,85.4,1,5.8,0,3,2,0,34.9,1
10276,17,1,5,7.28,61.4,0,5.2,1,3,0,0,70.5,1
10277,23,1,6,7.91,50.2,0,9.9,2,3,0,0,85.1,1
10278,18,2,5,5.38,72.6,1,4.6,2,3,1,2,35.8,1
10279,19,0,5,3.44,89.9,1,7.8,0,3,1,2,77.6,1
10280,23,0,5,5.08,73.7,1,9.6,1,0,2,2,83.7,1
10281,22,0,4,0.44,72.5,1,9.9,0,1,1,2,31.3,1
10282,21,0,0,6.02,82.4,1,9.2,2,2,2,1,89.9,1
10283,17,0,0,0.56,47.8,1,9.4,1,3,1,2,34.1,1
10284,21,2,0,2.58,77.1,1,6.9,1,3,1,0,68.8,1
10285,21,0,4,1.12,44.7,1,9.7,1,4,2,2,43.9,1
10286,19,1,5,5.81,49.6,0,5.2,1,3,1,0,58.4,1
10287,22,1,0,4.76,43.1,1,5.5,0,1,2,0,59.7,1
10288,24,0,4,5.59,76.9,1,5.3,2,1,2,0,73.2,1
10289,19,0,0,0.52,97.9,1,8.2,2,2,0,0,55.2,1
10290,19,0,4,2.96,48.9,1,4.2,1,1,2,2,40.3,1
10291,19,1,5,3.25,68.2,1,5.3,2,2,2,0,71.1,1
10292,23,1,0,4.82,93.6,1,6.7,2,4,2,1,65.7,1
10293,17,1,0,0.82,91.0,1,6.2,2,4,1,2,30.9,1
10294,24,2,1,5.18,65.4,1,4.1,0,3,0,1,75.1,1
10295,23,0,3,3.16,84.7,0,5.4,1,3,2,2,69.2,1
10296,20,2,3,7.25,42.6,1,4.3,2,2,1,0,67.6,1
10297,21,0,1,3.6,85.4,1,5.4,0,2,1,0,55.6,1
10298,24,1,6,0.82,83.5,1,7.1,0,0,2,2,42.7,1
10299,23,0,6,0.83,75.0,1,6.2,2,3,2,2,42.1,1
10300,19,2,0,2.03,46.9,1,8.9,0,0,1,2,44.8,1
10301,17,0,6,1.92,57.8,1,6.3,1,4,1,1,43.1,1
10302,22,1,1,6.37,50.3,0,6.4,0,4,0,2,85.5,1
10303,18,1,0,5.78,43.5,1,5.9,0,1,2,0,74.9,1
10304,17,2,2,0.61,94.0,0,4.9,1,2,0,2,47.1,-1
10305,24,1,4,6.81,50.9,1,5.2,2,4,2,0,75.6,1
10306,20,2,3,0.77,52.4,1,9.6,0,2,1,1,49.8,1
10307,22,2,1,6.29,82.0,0,7.1,1,1,0,2,86.5,1
10308,18,1,0,0.89,59.3,1,9.5,2,0,0,0,61.7,1
10309,17,0,6,3.01,64.3,1,7.6,2,3,0,0,46.6,1
10310,17,0,4,6.01,43.4,1,6.1,0,3,0,1,66.2,1
10311,19,2,1,2.03,95.6,1,9.9,2,4,2,1,65.5,1
10312,17,2,2,0.91,99.4,1,4.4,0,3,2,2,41.7,1
10313,20,1,2,6.3,62.1,1,9.5,0,3,2,2,64.0,1
10314,19,1,1,5.53,52.9,1,6.5,2,4,0,1,65.6,1
10315,21,2,5,7.13,82.3,1,8.7,2,2,1,0,76.6,1
10316,21,0,2,5.13,85.5,1,8.8,2,0,0,2,88.5,1
10317,19,1,1,0.59,49.2,1,5.8,0,3,1,0,23.7,1
10318,20,0,2,5.11,69.2,1,4.5,1,1,2,1,48.0,1
10319,17,1,4,6.58,51.7,0,8.7,1,3,2,1,73.0,1
10320,19,1,5,0.67,54.0,1,8.4,1,3,0,2,55.9,1
10321,24,2,3,1.09,69.6,1,5.6,0,4,1,1,35.2,1
10322,24,1,6,5.42,64.0,1,9.1,0,4,1,2,62.3,1
10323,20,2,4,6.33,68.5,1,7.3,2,3,2,2,59.9,1
10324,24,1,5,2.83,63.1,1,8.6,1,3,2,0,67.7,1
10325,21,1,0,5.88,44.4,1,6.9,0,1,1,2,44.4,1
10326,18,2,6,1.34,44.6,1,4.6,2,0,1,0,30.4,1
10327,23,1,4,3.55,55.7,1,4.5,1,3,2,2,71.4,1
10328,20,0,2,5.98,71.4,1,8.0,0,2,1,0,65.5,1
10329,21,0,2,1.59,52.8,1,9.9,0,4,0,1,53.5,1
10330,22,0,6,2.79,77.5,1,8.7,0,3,0,0,59.3,1
10331,19,0,1,5.03,85.7,0,6.8,0,0,1,0,62.1,1
10332,22,1,3,2.77,93.5,1,9.3,2,3,0,0,72.9,1
10333,21,1,5,6.99,96.6,0,6.9,0,4,2,0,66.3,1
10334,19,1,5,7.65,61.9,1,7.4,2,4,2,1,73.2,1
10335,19,1,2,5.14,96.6,1,6.0,1,1,0,2,100.0,1
10336,22,0,4,6.26,92.5,1,8.1,1,3,2,2,87.6,1
10337,18,0,6,7.25,58.9,1,7.4,0,3,0,1,64.7,1
10338,17,1,0,5.61,62.2,1,9.6,0,3,2,1,64.4,1
10339,24,1,3,6.19,50.1,0,6.4,1,2,2,0,82.8,1
10340,19,2,1,0.64,92.1,1,7.0,0,4,0,2,50.1,1
10341,22,1,5,6.59,71.8,1,5.0,2,0,0,0,69.4,1
10342,22,0,2,2.2,52.4,1,8.6,1,1,2,0,48.6,1
10343,23,2,3,0.57,88.6,1,9.9,1,0,1,2,60.1,1
10344,22,2,0,4.72,91.0,1,9.9,2,2,2,0,84.6,1
10345,22,2,4,1.81,78.4,0,6.9,1,3,2,2,50.1,1
10346,23,0,3,0.64,63.7,1,7.2,1,2,1,2,44.8,1
10347,24,0,6,4.88,53.2,1,5.8,2,2,1,0,42.7,1
10348,17,2,6,0.79,86.0,1,9.8,1,1,2,0,62.3,1
10349,22,2,1,7.1,86.2,1,4.7,2,3,1,1,61.3,1
10350,18,1,2,7.75,70.6,1,8.7,1,0,1,2,93.0,1
10351,24,2,3,5.91,84.6,1,7.4,2,0,1,2,69.8,1
10352,17,2,4,2.3,52.0,1,7.9,0,4,1,0,47.0,1
10353,18,2,5,4.5,71.8,1,7.8,1,0,1,0,78.8,1
10354,18,1,3,0.25,59.5,1,6.6,0,2,2,1,40.2,1
10355,21,0,4,4.97,99.4,1,7.1,1,3,0,1,100.0,1
10356,17,1,2,2.11,65.5,1,8.2,2,2,0,0,59.1,1
10357,17,1,5,3.64,52.3,1,9.7,0,1,2,1,63.7,1
10358,21,0,0,1.43,51.8,1,6.5,2,4,1,2,35.6,1
10359,24,1,0,7.89,99.4,1,6.7,0,4,1,2,84.7,1
10360,21,1,0,1.66,99.4,1,5.1,2,1,0,2,50.7,1
10361,20,1,2,3.34,88.0,1,8.0,1,4,0,2,69.9,1
10362,22,0,3,2.04,68.8,1,9.5,2,4,2,0,29.9,1
10363,21,1,0,4.33,79.9,1,7.2,1,2,0,2,64.7,1
10364,20,2,1,7.24,82.1,1,5.4,2,2,1,0,78.1,1
10365,21,2,1,1.31,47.8,1,6.8,0,3,1,2,43.7,1
10366,17,2,2,1.13,48.6,1,6.8,1,0,0,2,50.2,1
10367,18,2,6,0.59,63.6,1,5.4,0,4,0,2,23.0,1
10368,22,0,0,4.71,62.5,1,7.3,0,2,0,2,59.7,1
10369,19,0,6,4.82,68.1,1,7.7,0,2,1,0,47.9,1
10370,17,2,5,6.57,58.2,1,5.5,2,4,2,2,80.1,1
10371,17,0,3,6.69,77.1,1,6.7,2,3,1,2,67.7,1
10372,23,0,5,0.82,85.3,1,7.9,2,4,2,1,45.8,1
10373,19,0,1,7.28,92.3,0,9.4,0,4,1,1,96.3,-1
10374,17,1,1,6.64,64.6,1,4.5,1,2,2,2,73.8,1
10375,22,2,6,5.18,57.5,1,9.4,0,1,0,1,69.6,1
10376,21,2,4,2.78,49.0,1,4.8,0,2,2,2,45.7,1
10377,20,2,4,5.96,73.6,1,7.0,2,3,2,1,77.6,1
10378,24,1,6,4.97,42.3,0,9.3,2,2,1,1,56.0,1
10379,19,2,2,2.82,91.4,1,9.5,0,4,0,0,70.5,1
10380,21,1,1,0.11,68.6,1,8.7,2,1,2,0,28.3,1
10381,22,1,6,4.74,76.6,1,4.6,2,1,0,0,54.9,1
10382,21,1,2,4.61,64.0,1,5.9,0,2,0,0,73.5,1
10383,18,1,3,1.24,40.6,1,5.2,1,0,2,2,47.8,1
10384,22,1,2,7.25,87.3,1,7.1,1,4,1,2,80.4,1
10385,22,2,0,1.27,68.4,1,6.3,2,2,1,0,33.3,1
10386,17,1,1,2.3,64.4,1,9.5,1,0,1,1,64.1,1
10387,18,2,1,2.98,85.5,1,5.4,2,4,0,0,47.6,1
10388,22,1,5,5.46,60.8,1,9.1,0,1,1,2,56.1,1
10389,17,0,1,0.65,78.8,0,6.1,2,2,1,0,19.599,-1
10390,24,0,5,5.62,83.5,0,9.2,2,2,0,1,87.9,1
10391,17,2,6,3.32,98.9,1,5.5,0,1,1,2,57.6,1
10392,24,2,3,1.46,86.1,1,6.5,2,3,0,2,43.6,1
10393,22,2,3,0.9,41.4,1,6.3,1,2,0,2,45.3,1
10394,20,2,0,3.3,77.5,0,8.6,2,0,1,0,60.8,1
10395,19,1,4,3.57,77.0,0,7.7,0,3,1,2,47.2,1
10396,19,1,5,1.1,47.4,1,9.7,2,0,1,1,35.2,1
10397,22,0,6,3.86,85.0,1,5.0,0,2,1,2,66.6,1
10398,23,1,1,4.02,62.5,1,9.9,1,2,0,0,75.6,1
10399,18,0,4,7.85,77.4,1,4.5,1,1,0,1,100.0,1
10400,21,0,2,5.71,56.1,1,7.2,1,4,0,0,79.9,1
10401,24,1,3,0.1,50.6,1,5.2,2,2,1,0,26.4,1
10402,19,1,2,3.81,63.8,1,6.9,0,2,2,2,44.6,1
10403,22,2,3,0.17,52.4,1,8.6,2,4,1,1,39.3,1
10404,18,0,5,4.09,99.2,1,6.9,2,2,2,2,71.0,1
10405,23,2,5,2.7,83.6,1,9.1,0,4,0,2,69.7,1
10406,18,0,5,7.23,42.3,0,8.2,0,4,2,2,86.2,1
10407,19,0,4,3.95,63.1,1,7.1,0,0,1,0,65.4,1
10408,20,2,4,6.8,94.8,1,9.7,2,2,1,1,65.8,1
10409,19,1,2,4.67,75.7,1,8.9,1,2,1,2,54.2,1
10410,18,1,5,3.17,69.1,0,9.7,1,4,0,0,50.4,1
10411,22,2,4,1.84,72.2,1,7.2,0,3,1,1,32.1,1
10412,17,2,1,1.47,58.2,0,9.6,0,1,0,2,60.9,1
10413,24,1,4,6.36,63.3,1,4.9,0,3,1,2,71.0,1
10414,17,0,0,7.06,51.8,1,9.6,1,0,0,2,96.8,1
10415,19,0,3,2.59,82.6,0,7.1,0,4,2,0,53.0,1
10416,24,2,5,3.96,54.2,1,4.1,2,3,2,2,60.6,1
10417,18,0,0,2.3,65.5,0,8.9,0,0,1,2,54.5,1
10418,17,1,6,3.64,95.6,0,9.4,2,0,0,0,63.6,1
10419,22,2,0,6.96,64.4,1,7.4,1,0,2,0,86.4,1
10420,17,2,3,1.1,60.2,1,6.7,0,1,0,0,50.8,1
10421,24,0,2,2.33,65.4,1,9.3,0,2,1,2,57.1,1
10422,20,2,2,5.56,54.9,1,4.3,1,1,1,2,40.2,1
10423,23,1,1,2.49,84.0,1,9.1,2,1,1,2,48.3,1
10424,18,1,6,0.65,80.7,0,8.2,0,3,1,0,57.1,1
10425,18,2,1,3.0,55.2,1,7.6,0,2,0,2,50.0,1
10426,24,0,0,5.41,65.2,1,7.5,0,4,2,2,57.7,1
10427,23,1,5,7.87,71.9,1,5.7,0,4,1,2,77.5,1
10428,24,2,0,7.14,92.0,1,5.2,1,0,2,1,100.0,1
10429,19,1,5,4.5,60.1,1,7.5,2,2,0,0,50.6,1
10430,20,1,2,6.22,74.7,1,6.1,2,3,2,2,72.1,1
10431,21,0,2,4.57,96.4,1,5.5,2,3,0,1,65.6,1
10432,20,0,2,3.95,55.7,0,7.4,2,4,0,2,36.8,1
10433,18,2,2,1.37,83.7,1,7.3,1,2,2,2,57.2,1
10434,20,0,4,2.34,79.3,1,6.0,2,0,1,2,47.6,1
10435,21,1,2,3.62,49.0,1,7.8,2,3,2,1,47.3,1
10436,17,2,4,7.88,99.1,1,4.3,1,4,0,1,91.0,1
10437,19,0,4,4.87,86.9,1,9.5,0,2,2,0,77.1,1
10438,19,1,1,7.56,65.7,1,4.8,1,4,0,2,77.0,1
10439,17,0,2,2.07,73.6,1,9.3,1,0,0,0,84.7,1
10440,17,0,1,0.55,61.7,1,6.7,2,4,0,2,21.7,1
10441,20,0,1,7.83,55.7,1,8.6,2,0,1,2,80.2,1
10442,17,1,3,2.64,93.8,1,7.8,2,2,1,2,51.2,1
10443,19,0,6,4.28,75.1,1,7.2,2,4,2,0,53.7,1
10444,21,0,3,0.57,62.2,1,9.2,1,1,0,1,48.0,1
10445,23,2,4,6.88,91.1,1,5.0,0,0,2,2,83.4,1
10446,17,2,0,0.08,66.5,1,9.9,1,2,0,2,32.2,1
10447,20,2,2,7.25,51.1,1,8.9,0,4,0,1,92.6,1
10448,17,0,1,1.32,49.2,1,9.6,0,2,0,2,43.1,1
10449,20,0,3,1.47,96.5,1,9.8,2,2,0,2,70.5,1
10450,20,0,6,6.61,62.9,1,5.2,0,0,2,0,69.9,1
10451,23,1,1,3.09,63.7,1,9.8,2,3,1,1,55.7,1
10452,20,1,6,2.05,72.3,0,7.4,1,2,2,2,52.6,1
10453,24,2,4,4.77,74.6,1,7.6,0,1,1,2,63.4,1
10454,18,1,0,2.04,65.9,1,5.7,2,2,2,2,30.3,1
10455,17,2,4,2.29,96.1,1,5.1,0,0,2,0,50.6,1
10456,17,2,4,0.36,59.9,1,5.0,2,0,0,1,31.3,1
10457,19,2,4,4.32,46.8,1,4.2,2,0,0,1,67.8,1
10458,18,1,6,1.04,99.4,1,6.2,0,2,1,0,61.9,1
10459,17,0,4,6.7,53.2,1,8.9,1,4,0,0,84.0,1
10460,18,2,2,6.01,96.7,0,8.4,0,0,0,2,100.0,-1
10461,24,0,0,2.28,90.7,0,4.2,1,2,2,2,60.2,1
10462,23,0,6,4.27,86.7,0,8.9,2,4,0,1,61.2,1
10463,17,2,1,4.62,48.0,1,7.3,2,3,0,2,50.7,1
10464,24,2,3,5.33,42.1,1,5.8,1,2,0,1,74.5,1
10465,18,1,3,3.35,50.3,1,7.0,0,4,0,1,48.6,1
10466,20,1,3,5.22,64.1,1,4.1,2,1,1,2,66.6,1
10467,19,0,6,1.36,87.5,1,6.7,2,3,2,0,39.5,1
10468,20,0,3,3.77,63.6,1,5.7,0,2,2,2,68.2,1
10469,23,2,2,0.75,41.9,1,7.7,0,0,2,1,45.5,1
10470,22,1,1,7.53,44.3,1,8.8,2,4,0,0,79.5,1
10471,21,1,4,3.21,67.6,1,7.2,2,1,2,0,40.0,1
10472,22,2,5,4.94,41.7,1,7.7,1,4,2,2,37.1,1
10473,22,0,4,3.92,85.3,1,9.9,0,2,2,0,74.1,1
10474,18,2,5,0.21,54.7,1,8.4,0,0,2,2,36.9,1
10475,20,1,1,0.5,69.2,1,5.2,0,3,1,0,35.3,1
10476,17,0,2,2.12,87.5,1,9.8,1,3,2,2,68.6,1
10477,22,0,6,5.4,73.1,1,5.5,2,2,2,0,60.3,1
10478,20,2,3,5.13,93.0,1,6.9,1,0,0,2,84.2,1
10479,22,1,5,1.5,90.8,1,9.0,1,3,2,0,60.3,1
10480,21,1,6,3.91,50.4,1,7.1,1,3,2,2,37.4,1
10481,19,0,1,2.94,41.3,1,8.8,1,1,0,2,51.9,1
10482,18,0,6,4.55,91.9,1,7.7,2,0,1,0,70.6,1
10483,24,2,0,2.68,79.3,1,8.7,1,3,0,2,71.3,1
10484,19,2,4,7.17,95.1,1,6.1,1,1,2,2,83.0,1
10485,17,1,0,3.78,45.0,1,9.9,2,2,0,1,56.0,1
10486,19,1,1,3.41,99.2,1,6.8,0,2,2,1,77.8,1
10487,24,0,6,5.63,99.1,0,7.1,2,0,1,2,83.2,1
10488,19,2,0,6.25,56.1,1,6.8,2,4,2,0,69.9,1
10489,24,0,2,3.5,43.5,1,4.7,2,0,1,2,34.0,1
10490,20,2,1,0.87,62.3,1,4.7,0,3,0,2,33.7,1
10491,23,1,6,0.68,66.1,0,4.3,0,1,1,2,33.7,1
10492,22,2,5,2.61,56.1,1,8.6,1,3,1,2,40.3,1
10493,17,1,4,5.86,43.2,1,5.0,0,2,1,2,54.8,1
10494,21,2,5,5.23,92.0,1,8.7,0,1,2,2,88.1,1
10495,20,2,4,2.3,52.7,1,9.5,2,4,2,1,42.6,1
10496,18,1,6,0.08,92.4,1,5.3,0,4,2,2,46.4,1
10497,21,1,2,5.14,55.5,1,4.9,0,4,0,2,77.2,1
10498,17,0,2,4.52,91.0,1,9.2,2,1,0,2,69.4,1
10499,22,2,4,6.18,57.0,1,9.9,2,2,0,2,90.7,1
10500,23,1,6,5.49,46.0,1,9.0,1,3,2,0,65.0,1
10501,17,1,4,1.98,89.4,1,6.1,2,3,0,1,37.6,1
10502,20,2,6,5.86,56.7,1,7.2,0,2,0,0,76.8,1
10503,22,2,0,3.89,58.5,1,5.8,1,3,2,0,53.8,1
10504,17,1,4,4.6,64.5,0,7.3,0,1,0,2,52.5,1
10505,20,2,3,2.86,76.3,1,6.6,2,4,2,2,41.9,1
10506,19,2,6,6.32,78.2,1,9.0,1,4,2,0,75.7,1
10507,17,2,4,1.57,44.5,0,9.6,0,4,1,2,41.2,-1
10508,23,1,3,1.64,97.2,1,6.0,0,1,2,2,71.6,1
10509,20,2,1,1.9,43.1,1,9.9,1,4,1,2,45.3,1
10510,23,1,0,6.32,90.2,1,9.1,0,2,2,0,91.9,1
10511,21,1,2,5.82,82.9,1,8.9,2,2,1,0,65.1,1
10512,24,1,1,2.16,57.4,1,9.8,1,4,0,1,49.8,1
10513,24,0,3,1.15,75.8,1,5.4,2,4,2,0,40.7,1
10514,21,2,2,0.23,73.0,1,7.2,2,4,0,2,41.0,1
10515,19,1,3,5.47,80.0,1,9.8,2,0,0,2,95.7,1
10516,20,1,2,4.31,84.3,1,7.4,2,2,1,2,58.5,1
10517,23,1,1,5.62,70.9,1,4.1,0,0,1,0,64.1,1
10518,20,1,4,5.67,83.0,1,8.8,1,2,2,2,100.0,1
10519,21,2,2,6.76,51.9,1,9.5,0,0,1,1,87.5,1
10520,18,1,0,3.33,81.6,1,7.1,0,1,2,1,68.7,1
10521,24,1,1,6.62,65.7,1,8.8,1,1,2,0,70.6,1
10522,22,1,2,3.49,96.5,0,6.1,2,2,2,2,65.9,1
10523,19,1,1,5.66,91.3,1,9.6,0,4,1,0,87.9,1
10524,21,2,2,4.41,40.6,1,4.1,2,0,1,1,54.9,1
10525,20,1,2,7.37,85.6,1,6.4,2,2,1,2,88.8,1
10526,18,0,4,2.96,76.1,1,6.7,0,0,1,2,57.6,1
10527,23,0,2,5.52,82.9,1,8.5,1,0,0,2,83.7,1
10528,24,1,6,4.78,55.5,0,5.3,1,2,2,1,60.5,1
10529,23,0,3,7.91,87.9,1,4.4,0,2,0,2,98.2,1
10530,19,1,0,0.62,48.4,1,9.2,1,0,0,1,48.6,1
10531,19,0,6,4.78,93.9,1,5.7,1,0,2,2,93.5,1
10532,17,1,5,1.86,66.1,1,7.9,1,2,0,2,61.3,1
10533,22,0,0,7.07,46.4,1,8.0,2,4,1,0,60.6,1
10534,19,0,6,6.36,82.0,1,9.8,2,1,2,2,77.5,1
10535,24,0,3,5.29,63.2,1,9.7,2,2,1,1,47.7,1
10536,23,1,4,3.84,55.3,1,4.2,1,1,1,0,39.8,1
10537,18,2,6,5.45,80.1,1,4.8,2,2,1,1,75.4,1
10538,24,1,5,4.43,60.0,1,5.0,2,4,2,0,47.6,1
10539,18,1,4,2.3,53.0,1,8.5,0,0,1,2,46.5,1
10540,20,1,4,6.56,76.2,1,7.9,2,3,2,0,60.8,1
10541,20,2,4,4.1,61.0,1,5.6,2,1,1,0,52.3,1
10542,24,1,6,2.06,43.2,1,7.3,2,0,1,0,19.6,1
10543,22,0,4,5.31,53.6,1,8.0,2,2,2,2,66.9,1
10544,24,2,0,0.15,67.1,1,5.9,2,0,1,1,19.599,1
10545,21,1,2,5.76,74.5,0,7.7,0,4,2,2,71.7,1
10546,23,1,5,3.76,69.2,1,5.0,2,0,1,2,64.0,1
10547,23,1,3,5.07,95.1,1,7.6,2,0,2,1,76.8,1
10548,23,2,0,1.26,60.5,1,8.5,0,2,2,1,45.4,1
10549,20,2,6,5.75,92.0,1,8.2,0,3,1,2,87.2,1
10550,20,0,1,5.79,68.7,1,4.5,2,1,2,0,46.9,1
10551,24,2,2,5.93,80.9,1,5.7,2,1,0,2,70.5,1
10552,23,2,5,3.74,72.4,1,9.7,1,2,0,2,68.9,1
10553,24,1,6,5.12,46.5,1,5.7,1,2,1,2,59.5,1
10554,21,1,5,4.39,65.3,1,4.6,1,3,1,2,56.7,1
10555,24,1,6,1.86,80.5,1,5.6,1,1,2,0,64.0,1
10556,22,2,6,0.18,56.6,1,7.9,2,0,1,1,19.599,1
10557,22,2,4,3.31,59.8,1,9.9,0,1,2,0,61.6,1
10558,18,2,6,6.52,82.1,1,8.9,0,0,2,0,100.0,1
10559,21,0,0,2.58,84.0,1,7.9,2,2,1,2,46.8,1
10560,22,2,5,5.99,72.2,0,7.0,0,3,0,0,78.8,1
10561,23,2,2,5.12,84.2,0,4.1,1,0,0,2,75.7,1
10562,24,2,3,2.83,90.5,1,6.6,0,3,2,2,77.3,1
10563,19,2,0,0.08,70.5,1,5.7,0,4,0,0,19.599,1
10564,19,1,6,3.45,81.7,1,5.5,0,1,2,2,57.4,1
10565,24,2,3,3.14,40.7,0,6.1,2,1,1,2,34.7,1
10566,24,2,1,1.11,41.8,1,9.6,2,4,1,2,19.599,1
10567,18,1,3,6.55,76.2,1,6.5,0,3,2,2,61.9,1
10568,20,2,2,7.64,78.1,1,5.5,0,0,1,1,79.9,1
10569,24,0,2,0.97,57.6,1,7.8,1,2,0,2,47.3,1
10570,18,1,3,1.85,77.1,1,8.7,0,3,0,2,57.0,1
10571,23,2,4,5.06,46.1,0,4.7,2,1,2,2,26.8,-1
10572,17,1,4,7.61,86.2,0,7.1,0,2,1,0,94.5,-1
10573,18,0,2,7.47,61.2,1,8.8,0,4,1,2,71.1,1
10574,23,2,4,7.45,74.3,1,5.4,1,1,0,2,90.8,1
10575,21,1,2,3.52,98.8,1,7.3,1,3,2,0,69.1,1
10576,21,1,5,7.89,71.0,1,4.1,1,4,2,2,74.3,1
10577,23,2,2,2.92,71.6,1,6.1,2,4,1,1,49.8,1
10578,19,2,2,0.69,46.2,1,6.8,0,1,0,1,48.5,1
10579,21,0,3,5.64,42.7,1,7.1,0,2,1,2,73.5,1
10580,21,0,5,4.45,95.4,1,8.1,0,2,2,0,81.4,1
10581,22,2,5,6.4,92.0,0,8.9,0,2,1,2,73.1,1
10582,19,2,4,4.97,88.6,1,8.3,0,0,1,2,74.6,1
10583,22,2,1,6.57,99.4,1,4.1,0,0,0,0,85.8,1
10584,20,1,6,2.75,45.8,1,5.7,0,4,1,0,31.9,1
10585,21,0,2,2.3,85.9,1,9.4,2,0,2,2,49.0,1
10586,23,2,0,6.06,46.7,1,8.7,1,1,2,1,86.3,1
10587,20,1,5,3.98,78.1,1,9.6,2,0,1,0,66.3,1
10588,22,0,4,1.44,83.1,1,6.3,0,0,2,2,49.4,1
10589,24,1,5,3.0,81.6,1,9.1,0,2,2,1,70.4,1
10590,23,2,5,6.41,55.9,1,7.4,1,2,0,1,78.4,1
10591,24,2,6,7.39,93.0,1,7.1,2,0,1,1,88.2,1
10592,21,1,3,6.08,74.0,1,9.8,1,2,2,1,77.7,1
10593,19,0,5,5.75,94.8,0,6.9,2,2,1,2,63.8,1
10594,24,1,1,6.49,66.7,1,7.4,2,0,2,2,88.0,1
10595,22,2,1,1.6,60.6,1,8.3,0,1,2,2,51.1,1
10596,18,1,2,4.64,93.9,0,8.2,0,2,2,0,90.4,1
10597,19,0,1,4.75,88.9,0,5.4,2,3,1,2,56.1,1
10598,19,1,2,7.57,45.2,1,5.7,0,1,1,2,66.8,1
10599,23,1,5,0.12,66.3,1,4.3,0,3,2,1,36.0,1
10600,17,2,3,7.76,44.5,1,6.6,2,2,1,1,61.5,1
10601,22,0,3,5.81,92.2,1,7.6,1,0,1,0,76.7,1
10602,21,1,4,0.18,68.7,1,6.2,2,2,1,2,34.8,1
10603,17,2,0,4.15,55.7,1,7.4,1,2,2,0,60.2,1
10604,21,1,3,0.56,44.2,1,4.5,0,0,0,2,36.9,1
10605,23,0,2,4.83,57.6,1,6.9,2,1,1,2,66.6,1
10606,22,2,4,3.61,61.9,1,7.7,1,3,2,2,54.9,1
10607,21,2,6,6.18,98.2,1,8.2,0,3,1,0,83.7,1
10608,19,1,2,4.64,99.4,1,7.6,1,3,0,2,83.0,1
10609,18,1,2,6.29,67.8,1,6.2,0,4,2,2,71.5,1
10610,17,1,2,2.95,94.8,1,9.3,0,2,2,1,52.6,1
10611,19,0,4,6.86,87.9,1,9.0,1,2,1,2,96.1,1
10612,22,2,5,6.93,86.2,1,9.9,2,4,1,1,93.3,1
10613,17,0,5,5.24,56.1,1,4.1,2,2,0,2,74.4,1
10614,24,0,5,2.11,84.6,1,4.4,1,1,2,2,53.8,1
10615,21,1,4,7.91,99.4,1,8.0,2,2,2,2,100.0,1
10616,19,2,4,6.54,90.4,1,7.3,0,1,1,1,91.3,1
10617,24,0,1,6.81,72.5,1,5.8,2,4,2,0,68.3,1
10618,18,0,5,0.09,40.6,0,4.4,1,4,1,1,37.8,-1
10619,24,1,1,6.61,62.6,1,4.3,1,3,2,1,72.5,1
10620,19,1,6,1.74,79.2,1,8.6,2,2,2,2,55.3,1
10621,20,1,2,4.07,48.3,1,6.7,0,1,2,2,67.7,1
10622,20,0,6,5.63,64.3,1,7.4,1,1,1,2,64.8,1
10623,24,2,3,3.28,82.6,1,5.8,0,2,0,2,65.0,1
10624,19,2,4,1.95,93.5,1,5.3,2,1,0,1,37.0,1
10625,24,0,1,4.0,82.1,1,8.0,0,0,0,2,72.6,1
10626,19,0,0,2.4,76.6,1,4.7,1,1,1,0,56.3,1
10627,19,0,6,4.92,53.6,1,9.7,2,2,2,2,62.6,1
10628,22,2,2,0.88,80.3,1,5.9,1,2,2,2,58.3,1
10629,22,1,1,3.27,90.3,1,9.1,2,2,2,2,45.1,1
10630,19,0,4,4.73,66.3,1,7.1,0,2,0,2,74.5,1
10631,18,2,5,7.91,93.3,1,9.1,0,0,1,2,91.3,1
10632,20,0,3,3.96,60.3,1,8.9,0,1,1,1,64.8,1
10633,21,0,2,3.41,78.0,1,9.1,1,0,1,2,62.4,1
10634,17,2,1,7.91,90.5,1,5.7,0,2,1,1,97.6,1
10635,17,1,6,7.4,93.3,1,5.0,0,2,2,0,75.0,1
10636,24,1,1,5.38,68.1,1,8.2,1,1,0,0,82.3,1
10637,17,2,4,4.36,67.6,1,5.8,2,3,1,1,50.3,1
10638,20,0,6,2.17,96.7,1,5.9,1,2,1,2,63.6,1
10639,23,1,0,4.99,68.0,1,5.4,1,2,2,1,69.4,1
10640,19,1,2,6.67,40.6,0,8.6,2,2,0,2,78.6,1
10641,20,2,5,7.85,69.1,1,9.0,0,3,1,2,84.2,1
10642,17,2,5,1.37,76.3,0,4.1,2,1,1,2,35.4,1
10643,23,1,4,2.19,84.6,1,9.6,2,4,2,2,52.6,1
10644,22,0,6,7.08,44.7,1,8.4,0,1,1,2,57.4,1
10645,23,0,5,6.89,74.5,1,5.3,2,1,1,1,70.9,1
10646,23,1,4,5.73,76.7,1,8.2,0,1,2,0,66.6,1
10647,19,1,0,0.83,80.8,1,7.4,0,3,2,2,55.0,1
10648,17,1,2,5.65,56.3,1,9.5,2,0,1,0,65.6,1
10649,19,2,5,3.75,86.0,1,8.2,0,2,2,2,68.9,1
10650,18,2,5,2.97,87.4,0,6.6,0,3,1,0,64.3,1
10651,21,2,4,2.01,48.2,1,4.9,2,2,2,0,31.1,1
10652,18,1,4,2.54,86.3,1,8.8,1,2,1,2,59.9,1
10653,24,2,5,4.29,77.0,0,9.8,0,2,0,2,76.2,1
10654,21,1,1,1.3,66.2,1,8.8,0,0,2,2,64.3,1
10655,19,2,2,4.07,86.7,1,8.3,2,4,2,2,70.4,1
10656,24,1,4,0.39,47.6,1,9.4,0,0,0,0,51.4,1
10657,23,1,6,3.29,61.4,0,8.3,1,3,1,0,40.4,1
10658,20,0,2,7.68,93.6,0,9.8,0,4,0,2,100.0,-1
10659,18,2,2,5.91,48.6,1,6.8,2,4,2,1,48.2,1
10660,19,1,4,0.55,95.7,1,8.4,0,0,0,0,64.5,1
10661,21,0,0,5.5,77.8,1,7.5,0,0,0,0,100.0,1
10662,23,2,6,1.57,40.6,0,4.8,2,4,0,2,22.7,-1
10663,19,0,3,3.79,49.3,1,5.5,2,2,2,2,57.0,1
10664,22,2,3,2.35,43.1,1,6.2,2,4,1,2,27.5,1
10665,19,0,2,7.47,86.3,1,5.4,0,3,0,0,72.7,1
10666,18,1,6,0.44,55.3,0,4.5,1,3,1,2,39.1,1
10667,20,1,0,7.05,74.2,1,4.1,2,0,2,1,76.7,1
10668,18,0,3,5.61,91.0,1,6.3,1,0,2,0,84.4,1
10669,20,1,4,2.9,94.1,1,5.0,2,0,2,2,71.6,1
10670,19,1,6,7.04,90.5,1,9.9,0,3,2,0,93.2,1
10671,19,2,5,3.25,70.2,1,6.9,2,3,1,2,39.5,1
10672,23,1,5,5.59,48.6,1,9.0,1,4,0,0,58.8,1
10673,19,1,2,6.3,60.9,1,6.9,0,4,2,2,67.8,1
10674,22,0,2,2.29,60.1,1,6.7,2,4,0,1,40.4,1
10675,22,0,5,0.58,99.4,1,8.4,0,1,1,2,49.1,1
10676,22,1,6,6.95,88.4,1,9.4,2,1,0,1,91.3,1
10677,19,1,4,1.85,59.4,1,5.9,2,2,0,2,54.3,1
10678,23,2,6,7.45,64.8,1,6.1,0,3,1,0,83.3,1
10679,18,0,0,2.52,56.3,1,8.8,1,4,1,1,80.3,1
10680,19,0,0,3.32,64.2,1,5.4,2,2,1,2,50.3,1
10681,23,1,1,3.44,44.8,1,9.9,0,2,1,0,42.5,1
10682,19,1,5,3.74,90.1,1,8.6,2,0,2,2,73.5,1
10683,22,1,4,7.7,71.9,0,6.3,1,3,2,1,82.5,1
10684,17,2,1,1.96,76.3,1,4.8,0,4,1,1,31.1,1
10685,21,2,6,4.87,51.8,1,8.4,0,0,0,2,69.9,1
10686,23,0,2,2.35,67.1,0,6.6,2,1,0,2,70.5,1
10687,22,2,5,1.05,67.7,1,7.8,1,3,1,1,40.9,1
10688,21,1,1,2.31,45.8,1,4.7,2,4,0,2,49.5,1
10689,23,2,5,4.42,41.8,1,4.3,0,3,1,0,55.1,1
10690,19,0,3,4.86,77.1,0,5.4,2,0,1,2,68.4,1
10691,20,0,1,2.11,74.3,0,6.3,1,4,0,2,67.5,1
10692,17,2,2,7.9,78.8,1,5.4,0,3,1,1,84.8,1
10693,22,1,4,2.9,93.8,1,5.8,1,3,1,1,48.4,1
10694,22,0,1,6.66,99.4,1,8.9,1,1,0,2,100.0,1
10695,23,1,3,0.28,90.4,1,4.5,0,4,2,2,40.9,1
10696,22,0,6,5.56,41.4,1,7.2,1,3,0,0,52.1,1
10697,18,1,6,2.43,58.4,1,6.3,1,0,2,0,61.0,1
10698,22,0,3,4.3,86.7,1,6.0,0,0,1,0,70.8,1
10699,23,2,5,6.69,94.1,1,7.0,1,4,1,1,87.0,1
10700,18,1,5,5.8,94.7,1,9.6,2,0,1,1,100.0,1
10701,20,1,4,2.88,80.3,1,8.5,2,4,1,0,65.9,1
10702,24,1,1,5.86,90.8,1,7.9,0,2,1,2,82.0,1
10703,20,2,5,3.31,49.6,1,9.7,2,3,2,1,58.0,1
10704,23,0,2,0.51,63.6,1,6.2,0,3,1,0,27.5,1
10705,21,2,3,5.32,45.0,0,8.5,1,2,2,1,63.9,1
10706,22,2,5,7.49,57.4,1,5.0,2,0,2,2,85.4,1
10707,22,1,3,0.67,86.6,1,4.4,0,4,2,2,37.7,1
10708,22,2,0,5.5,51.2,1,7.2,1,1,0,2,76.2,1
10709,23,1,0,6.72,84.5,1,8.5,1,2,2,2,86.1,1
10710,24,1,3,4.77,86.1,1,8.0,0,2,1,2,72.5,1
10711,19,2,5,3.88,92.8,1,6.2,0,1,2,0,73.9,1
10712,24,0,6,1.9,98.0,1,9.5,1,1,1,2,73.9,1
10713,22,2,5,1.55,84.8,1,6.1,1,4,0,0,51.7,1
10714,21,1,0,3.17,80.5,1,6.4,2,1,1,2,67.3,1
10715,19,0,2,5.13,87.0,1,4.9,2,3,2,2,68.3,1
10716,20,1,3,2.52,51.4,1,9.5,2,0,0,2,57.0,1
10717,22,2,6,3.91,84.3,1,4.5,0,3,0,0,68.0,1
10718,19,2,4,4.8,94.6,1,8.2,1,0,2,2,90.7,1
10719,19,2,0,1.68,67.2,1,5.7,1,3,2,1,51.3,1
10720,23,1,2,5.93,41.3,1,6.2,0,1,0,2,69.3,1
10721,20,2,1,5.03,60.2,1,5.4,1,2,1,0,66.1,1
10722,22,2,5,4.73,45.8,1,6.2,2,1,2,2,65.4,1
10723,17,2,4,3.82,77.6,1,6.2,0,4,1,0,55.8,1
10724,17,0,3,2.92,90.1,1,8.8,0,3,1,0,44.6,1
10725,23,2,0,4.39,45.5,1,9.7,2,4,2,0,69.1,1
10726,18,2,1,6.13,65.6,1,4.6,1,2,2,1,80.4,1
10727,23,1,6,5.65,80.4,1,5.1,0,3,1,2,53.0,1
10728,24,2,3,5.9,94.4,1,9.0,2,4,2,2,67.7,1
10729,20,1,5,1.68,53.2,1,8.6,1,3,0,2,49.6,1
10730,24,2,3,6.24,71.7,1,7.7,0,4,0,0,82.6,1
10731,20,1,3,2.68,41.0,1,5.8,0,3,2,2,19.599,1
10732,24,2,4,1.86,63.4,1,5.3,2,3,1,1,19.599,1
10733,18,2,0,0.97,60.7,1,9.7,1,0,1,2,53.5,1
10734,20,2,6,6.64,50.6,1,5.5,1,3,2,2,85.5,1
10735,20,2,3,4.99,48.6,1,5.7,1,1,0,0,80.0,1
10736,23,0,5,6.73,62.2,1,6.0,0,1,2,0,63.2,1
10737,17,2,6,4.49,43.7,1,8.1,0,4,1,0,56.2,1
10738,23,1,0,6.88,94.4,1,7.3,2,0,0,2,100.0,1
10739,17,0,1,4.45,97.2,0,8.4,1,1,2,2,82.6,1
10740,19,1,6,5.17,91.8,1,7.7,2,4,2,0,81.9,1
10741,21,1,5,0.45,40.6,0,8.5,0,1,2,1,23.9,1
10742,18,2,5,5.36,60.7,1,9.2,1,4,2,2,76.0,1
10743,20,0,6,4.78,66.2,1,7.3,0,3,2,2,83.3,1
10744,24,1,2,1.94,59.7,1,5.5,0,3,2,2,38.5,1
10745,23,2,6,0.9,88.0,1,6.4,0,2,1,1,42.1,1
10746,17,2,2,2.78,80.5,0,4.9,1,3,0,2,69.8,1
10747,21,0,1,0.48,51.7,0,9.5,1,0,2,2,54.0,1
10748,21,1,1,4.81,45.2,1,6.6,0,1,2,2,38.4,1
10749,17,2,2,4.37,76.0,1,9.0,0,2,0,2,85.8,1
10750,22,2,2,7.34,90.6,1,9.6,0,2,1,2,79.0,1
10751,21,1,2,4.14,78.0,1,6.2,2,1,0,0,70.8,1
10752,22,1,3,5.84,54.7,1,4.8,2,1,2,1,57.2,1
10753,19,2,0,5.31,73.4,1,8.7,2,2,2,0,70.3,1
10754,19,2,0,5.6,71.8,1,7.6,1,1,2,2,78.0,1
10755,22,2,1,2.51,87.2,0,8.5,0,4,1,2,45.7,1
10756,22,1,6,3.32,65.5,1,6.3,1,0,1,0,75.5,1
10757,18,1,0,0.96,83.3,1,4.1,0,2,0,2,51.1,1
10758,18,0,3,5.2,55.6,1,8.8,2,1,2,1,57.6,1
10759,21,0,2,2.42,41.4,1,9.6,0,1,1,1,58.2,1
10760,23,2,1,4.39,86.2,1,9.2,2,2,1,0,65.6,1
10761,18,2,1,7.37,99.2,0,8.6,2,0,1,2,84.3,-1
10762,18,1,6,5.46,99.2,0,5.9,0,0,1,0,90.8,1
10763,23,1,1,2.14,85.1,1,5.7,1,4,2,2,50.5,1
10764,22,1,3,4.12,80.1,1,5.9,1,3,0,0,88.5,1
10765,24,1,3,4.82,62.5,0,7.7,2,1,0,1,60.2,1
10766,23,2,2,6.8,95.5,0,8.4,1,4,1,2,82.5,1
10767,24,1,0,6.35,68.8,1,6.6,0,3,2,2,65.3,1
10768,18,2,2,2.52,83.6,1,6.8,2,4,0,2,53.8,1
10769,19,0,1,7.36,74.0,1,7.5,0,3,0,2,82.5,1
10770,18,1,4,1.18,93.8,1,5.4,1,0,0,0,65.3,1
10771,17,2,3,2.21,81.4,1,9.8,0,0,2,2,52.6,1
10772,23,0,3,0.27,58.4,1,5.7,1,0,0,2,52.9,1
10773,22,1,1,2.49,95.0,1,9.9,0,1,0,0,75.0,1
10774,17,1,4,3.31,50.6,0,4.6,0,1,2,0,56.0,1
10775,18,0,6,1.93,52.8,1,7.4,0,4,1,0,31.3,1
10776,18,1,5,0.1,61.5,1,9.1,0,1,0,1,45.5,1
10777,20,0,1,0.08,62.1,1,4.6,0,4,1,0,35.0,1
10778,20,0,4,7.39,89.4,1,7.6,0,0,0,2,100.0,1
10779,19,1,1,5.88,66.2,1,4.7,2,3,1,1,51.1,1
10780,24,1,6,5.59,92.4,1,5.2,0,0,1,0,87.8,1
10781,18,0,3,6.29,59.9,1,4.8,0,4,2,2,79.5,1
10782,21,0,5,5.55,63.2,1,6.2,2,1,1,2,59.2,1
10783,20,1,3,0.49,85.8,1,5.6,2,1,2,1,42.0,1
10784,20,1,4,7.41,54.8,1,9.5,0,4,2,2,67.4,1
10785,23,1,6,3.43,47.4,1,9.9,0,3,0,0,52.3,1
10786,24,2,2,3.63,48.3,1,5.7,1,1,0,1,67.8,1
10787,17,2,6,7.09,54.0,1,8.7,2,2,1,1,70.7,1
10788,20,0,3,1.64,76.0,1,8.7,0,3,1,0,37.7,1
10789,17,0,2,2.5,42.4,1,6.0,2,3,2,2,48.8,1
10790,20,1,3,6.84,79.8,1,5.4,0,0,2,2,97.6,1
10791,21,1,2,4.16,85.9,1,8.6,1,2,0,0,79.1,1
10792,20,2,3,3.36,84.8,1,5.9,1,4,2,2,89.6,1
10793,19,1,3,7.64,77.9,1,4.1,0,1,2,0,76.3,1
10794,19,2,0,7.11,66.4,1,6.0,1,0,2,2,74.0,1
10795,19,1,3,7.1,98.9,1,8.0,1,2,2,2,97.7,1
10796,19,1,4,1.7,45.4,1,5.7,2,0,2,2,24.3,1
10797,19,2,5,6.75,85.4,1,5.8,2,3,2,2,80.2,1
10798,22,2,0,5.25,62.9,1,5.0,1,3,0,2,85.2,1
10799,17,2,2,5.53,89.6,1,5.4,0,4,1,2,60.8,1
10800,17,1,3,0.38,77.8,1,8.3,0,0,1,2,43.8,1
10801,21,0,6,4.45,48.3,1,8.3,1,2,2,1,61.0,1
10802,22,1,0,1.75,90.4,1,9.2,0,3,2,2,53.4,1
10803,19,1,2,7.42,44.6,1,6.9,0,0,0,0,83.2,1
10804,18,0,6,4.49,88.6,1,6.9,1,3,1,2,63.6,1
10805,21,1,0,4.94,74.0,1,6.8,2,4,2,2,67.0,1
10806,20,1,0,1.95,49.0,0,5.8,1,3,2,0,32.9,1
10807,22,0,0,3.37,75.7,0,9.8,0,4,0,1,68.1,1
10808,18,2,5,4.24,73.3,1,4.5,2,4,0,1,65.2,1
10809,17,1,1,6.5,59.0,1,8.4,2,3,0,2,62.4,1
10810,21,0,4,4.89,88.7,1,6.9,1,1,2,0,61.9,1
10811,20,2,0,0.9,47.6,1,9.5,1,4,2,2,28.8,1
10812,22,2,0,3.61,48.4,1,4.3,1,0,2,2,56.0,1
10813,21,0,1,2.36,54.5,0,8.1,1,1,2,2,39.8,1
10814,19,1,5,4.31,91.9,1,6.6,2,4,0,0,82.0,1
10815,18,2,3,3.76,50.0,1,4.1,2,3,0,2,46.0,1
10816,18,1,6,0.18,88.4,0,6.5,1,4,2,1,39.8,1
10817,23,1,5,1.66,86.4,1,6.7,1,0,0,0,61.5,1
10818,18,0,5,5.28,76.6,1,8.4,1,4,0,2,88.4,1
10819,21,1,3,4.35,68.2,1,7.9,1,1,2,2,79.7,1
10820,23,1,6,0.43,61.4,1,8.3,0,0,0,0,46.1,1
10821,24,1,4,4.78,53.0,1,8.4,0,3,2,2,63.0,1
10822,19,2,3,4.03,81.7,1,7.3,2,3,0,2,68.7,1
10823,17,2,0,1.2,67.7,0,8.2,1,1,0,2,58.8,1
10824,23,2,6,0.08,56.4,1,7.2,2,1,2,2,34.4,1
10825,22,1,1,2.68,59.5,1,7.2,1,1,2,0,65.3,1
10826,19,2,6,6.24,48.4,1,9.4,0,4,1,2,70.8,1
10827,21,0,1,1.06,42.7,1,4.2,0,0,0,2,36.7,1
10828,18,2,5,7.56,66.3,1,9.5,2,4,0,2,78.7,1
10829,22,0,1,4.34,98.6,1,9.4,1,0,1,1,70.7,1
10830,22,1,5,6.07,96.6,0,8.3,2,4,1,2,75.6,1
10831,19,1,5,7.81,48.1,1,9.0,2,1,1,0,71.4,1
10832,20,1,5,2.1,73.1,1,4.2,0,4,0,2,43.7,1
10833,19,2,6,4.66,60.9,1,7.3,1,4,2,2,68.2,1
10834,17,0,3,2.73,79.0,1,6.3,0,2,0,2,58.1,1
10835,18,2,5,0.68,41.6,1,7.7,1,0,2,1,36.9,1
10836,24,2,3,6.35,72.6,0,5.9,2,3,2,0,80.7,1
10837,20,1,2,0.1,67.7,1,8.3,2,2,1,1,27.3,1
10838,18,1,0,6.95,73.7,0,7.2,1,1,2,1,84.4,1
10839,17,1,2,6.36,49.1,1,4.5,2,3,2,0,64.8,1
10840,19,1,4,5.11,77.1,1,8.5,0,1,1,2,58.3,1
10841,24,2,1,4.73,57.8,1,6.0,2,2,2,2,59.5,1
10842,20,0,0,6.77,70.5,1,8.6,0,2,0,2,78.0,1
10843,24,0,6,0.45,92.1,1,8.0,0,1,2,2,55.0,1
10844,20,1,5,5.89,45.6,1,9.6,2,3,1,0,79.4,1
10845,23,0,0,1.44,63.9,0,8.4,2,3,1,0,45.4,1
10846,23,0,3,0.16,72.9,1,5.2,1,4,2,2,51.9,1
10847,17,1,4,2.5,64.7,1,5.6,0,0,2,2,61.5,1
10848,17,1,0,2.62,68.8,1,9.5,2,2,2,2,71.4,1
10849,24,0,5,1.54,83.2,1,5.5,0,0,2,2,36.4,1
10850,24,0,1,5.69,80.2,1,7.3,1,3,2,0,82.5,1
10851,18,2,0,4.47,68.6,1,8.1,0,1,2,2,74.7,1
10852,22,0,1,7.36,55.4,1,4.6,2,1,0,1,68.8,1
10853,24,1,4,6.09,55.5,1,5.0,1,0,0,2,89.1,1
10854,24,2,4,6.61,85.8,1,7.7,1,2,1,2,81.8,1
10855,19,0,5,7.22,67.0,1,7.3,1,4,1,0,93.0,1
10856,23,2,0,6.45,59.8,1,4.2,2,0,1,1,67.1,1
10857,22,1,1,0.95,81.1,1,8.3,1,4,1,0,45.2,1
10858,24,1,2,1.48,70.2,1,4.4,2,2,0,1,37.4,1
10859,18,1,6,3.21,66.5,1,8.5,2,3,2,0,52.2,1
10860,21,2,0,2.66,48.3,1,5.1,2,3,1,2,47.8,1
10861,17,1,5,7.08,94.0,1,7.2,2,3,2,0,94.0,1
10862,19,2,0,4.19,89.8,1,7.8,0,1,1,2,58.1,1
10863,17,2,0,7.01,90.2,1,5.6,1,0,2,0,98.4,1
10864,20,0,1,3.1,51.2,1,6.3,2,3,0,0,51.0,1
10865,23,2,5,7.25,70.3,1,7.3,0,2,2,2,82.3,1
10866,22,2,0,0.57,96.9,0,8.9,2,1,1,1,45.9,1
10867,19,2,0,3.56,95.7,1,7.7,2,4,2,1,73.6,1
10868,20,2,4,7.21,42.3,1,5.9,1,2,1,2,72.1,1
10869,19,0,3,3.6,40.6,1,6.3,1,2,0,2,64.1,1
10870,22,1,5,5.86,70.7,1,7.6,0,1,1,2,80.4,1
10871,19,1,2,2.89,52.7,1,7.2,0,4,2,0,54.3,1
10872,17,0,6,6.63,52.6,1,9.8,0,3,2,0,75.8,1
10873,21,0,1,5.05,67.9,1,7.3,2,2,2,1,79.7,1
10874,23,0,2,6.49,42.8,1,5.8,2,1,1,0,48.7,1
10875,20,1,2,4.29,80.2,1,9.8,2,2,1,2,48.4,1
10876,18,0,0,5.1,61.1,1,9.9,2,3,0,0,70.7,1
10877,17,0,0,4.23,44.4,1,5.6,0,2,2,1,73.7,1
10878,24,2,2,4.54,91.0,0,7.9,0,1,1,1,91.1,1
10879,23,2,4,5.51,71.5,1,4.1,0,0,2,1,65.7,1
10880,18,0,4,0.97,94.9,1,9.8,1,4,2,2,53.6,1
10881,17,2,5,6.15,40.6,1,9.4,0,1,1,2,46.4,1
10882,18,1,2,2.84,75.1,1,5.7,2,4,2,0,48.5,1
10883,20,2,2,0.1,68.2,1,4.2,2,2,2,0,38.2,1
10884,23,2,1,5.15,96.2,1,5.1,2,2,2,0,63.0,1
10885,18,1,3,4.91,50.6,1,9.4,2,2,0,1,61.3,1
10886,23,2,4,5.81,72.7,1,7.3,1,4,0,2,94.1,1
10887,17,0,1,7.91,50.3,1,6.9,2,0,0,2,100.0,1
10888,22,1,0,3.69,91.5,1,8.5,1,3,0,1,85.8,1
10889,19,0,3,7.79,60.1,1,7.2,0,2,0,0,82.6,1
10890,24,2,3,4.62,67.0,0,8.7,0,2,2,2,87.2,1
10891,20,2,3,2.86,81.3,1,8.9,1,1,1,0,67.6,1
10892,19,0,4,5.42,56.2,1,5.5,0,1,1,0,55.0,1
10893,18,0,5,1.57,47.2,1,7.2,0,1,1,2,29.0,1
10894,23,0,5,7.73,66.8,1,6.8,0,2,1,2,58.5,1
10895,20,2,6,3.53,62.1,1,8.1,2,2,0,2,76.6,1
10896,19,0,0,0.09,61.3,1,6.5,2,1,0,2,58.9,1
10897,22,0,0,5.24,40.6,1,6.3,0,3,0,0,60.0,1
10898,21,2,1,0.96,86.8,1,9.3,0,1,2,2,58.7,1
10899,22,0,0,0.71,84.4,1,8.8,2,0,2,1,51.6,1
10900,20,1,3,0.19,82.2,1,9.8,2,2,0,2,50.9,1
10901,17,1,4,7.06,64.7,1,4.7,0,3,0,2,66.5,1
10902,17,1,2,0.27,69.7,0,6.7,2,3,1,2,32.8,1
10903,17,0,6,4.3,79.8,1,8.9,0,4,2,0,86.3,1
10904,21,0,2,3.92,97.3,0,8.5,0,0,0,2,84.2,1
10905,21,1,0,7.29,56.9,1,6.7,2,4,0,0,69.6,1
10906,22,2,3,7.29,84.9,1,6.4,2,4,2,2,89.3,1
10907,24,1,0,7.37,76.9,1,7.9,0,3,0,1,81.4,1
10908,18,1,1,3.2,78.1,1,8.4,2,2,1,0,52.4,1
10909,24,2,3,3.79,45.6,1,8.7,0,4,0,0,52.4,1
10910,24,1,2,6.61,85.8,1,5.0,2,4,2,1,67.4,1
10911,21,2,5,0.96,64.6,1,6.7,1,4,0,0,38.9,1
10912,21,2,4,0.92,59.8,0,7.8,1,0,1,2,57.5,1
10913,18,2,5,7.37,65.9,1,8.7,1,0,0,0,100.0,1
10914,18,2,5,0.24,92.3,1,4.4,2,3,1,1,41.0,1
10915,17,0,6,3.06,79.2,1,7.9,2,0,0,2,87.8,1
10916,22,0,1,1.56,40.6,1,4.7,2,0,2,1,44.3,1
10917,20,0,5,0.67,54.1,1,6.3,2,1,2,0,30.5,1
10918,18,0,3,7.79,81.7,1,5.4,1,4,2,2,86.6,1
10919,18,2,2,1.33,92.5,1,4.6,2,4,1,2,39.7,1
10920,17,0,6,3.46,72.3,1,5.0,0,3,2,0,64.5,1
10921,22,0,5,2.05,75.5,1,7.6,2,1,2,2,50.4,1
10922,22,2,1,3.93,56.9,0,7.1,2,2,2,2,66.6,1
10923,22,1,6,6.14,48.4,1,9.3,2,3,1,2,52.4,1
10924,17,0,5,5.28,66.3,1,5.4,1,2,0,2,74.8,1
10925,17,2,3,4.57,72.3,1,4.5,2,4,0,0,63.3,1
10926,17,2,1,4.09,73.9,1,6.5,0,3,1,0,48.3,1
10927,23,1,5,1.05,51.4,1,8.6,1,1,0,0,53.0,1
10928,22,1,6,3.22,44.6,1,4.6,2,0,1,2,21.2,1
10929,19,1,1,7.24,60.1,1,4.1,0,0,0,2,92.0,1
10930,17,2,2,6.56,88.2,1,8.4,0,1,2,2,80.0,1
10931,19,1,1,0.52,56.4,1,4.5,2,0,0,2,36.4,1
10932,23,1,0,6.72,81.0,1,6.2,2,1,0,0,72.4,1
10933,18,0,0,6.62,55.6,1,6.1,1,4,1,1,69.5,1
10934,23,2,6,6.42,54.1,1,4.1,2,3,1,2,47.0,1
10935,20,1,6,6.52,52.7,1,9.9,0,3,1,2,60.7,1
10936,18,1,4,7.86,65.7,1,7.7,1,4,2,2,90.4,1
10937,24,1,1,0.44,56.1,1,5.5,2,1,1,1,19.599,1
10938,21,1,1,3.07,61.7,1,6.3,1,3,2,2,51.3,1
10939,22,1,2,7.75,74.6,1,8.0,2,2,1,1,87.6,1
10940,17,1,5,4.42,89.9,0,8.7,0,4,2,2,64.2,1
10941,19,0,1,5.46,86.0,1,6.4,2,2,1,0,78.4,1
10942,22,1,6,2.89,66.2,1,7.3,2,3,0,0,37.9,1
10943,22,0,4,1.7,58.1,1,6.0,0,0,1,2,34.0,1
10944,17,0,3,7.83,79.4,1,4.1,2,4,0,2,62.3,1
10945,21,0,6,2.89,66.0,1,5.5,0,2,2,2,37.4,1
10946,24,0,1,4.49,85.4,1,7.1,1,4,2,2,62.3,1
10947,23,0,3,1.95,91.6,1,5.7,0,4,0,2,62.2,1
10948,18,2,1,7.74,57.2,1,4.6,1,3,1,1,63.3,1
10949,24,1,1,2.07,63.1,1,9.4,2,0,2,1,49.9,1
10950,22,0,6,7.31,41.7,1,8.3,1,0,2,1,71.4,1
10951,17,0,4,2.33,65.8,1,9.2,0,1,1,0,51.2,1
10952,18,0,1,7.58,66.3,1,6.3,2,3,0,0,69.0,1
10953,24,1,2,2.94,95.0,1,8.3,0,3,0,2,79.8,1
10954,18,1,0,6.98,64.4,0,7.8,2,0,2,2,83.5,1
10955,17,2,5,4.8,65.5,1,6.1,1,4,0,1,53.3,1
10956,20,2,1,0.91,59.7,1,6.0,2,3,2,1,19.599,1
10957,21,0,5,2.36,46.2,0,7.5,0,4,2,2,40.4,1
10958,21,1,2,6.09,76.2,1,4.1,1,2,1,0,64.6,1
10959,22,0,0,5.34,52.7,1,4.5,2,2,2,2,59.2,1
10960,24,1,3,2.85,71.2,1,7.9,2,4,1,1,47.2,1
10961,23,1,2,1.56,86.1,1,8.7,2,0,0,0,66.5,1
10962,17,1,0,6.63,84.0,1,4.4,0,0,2,0,94.3,1
10963,17,1,1,4.98,46.6,1,6.8,1,4,2,1,56.7,1
10964,17,1,2,5.46,65.3,1,8.4,0,0,0,1,92.5,1
10965,20,1,2,3.83,88.0,1,6.4,2,4,0,2,48.2,1
10966,19,0,1,2.8,40.6,1,4.7,1,1,1,2,48.2,1
10967,24,2,5,3.06,48.9,0,7.9,1,3,2,1,50.1,1
10968,19,1,2,0.25,65.1,0,9.6,2,0,1,2,52.5,1
10969,17,1,3,7.55,70.4,1,9.4,1,4,0,0,100.0,1
10970,24,1,2,2.93,71.3,1,9.2,0,4,2,2,67.9,1
10971,19,0,1,3.86,93.5,1,9.8,1,4,1,1,83.2,1
10972,24,2,1,2.86,84.9,0,8.9,1,2,1,1,66.2,1
10973,23,1,0,2.84,97.1,1,5.6,0,1,1,1,29.2,1
10974,24,1,5,5.48,97.9,1,9.1,0,4,0,1,97.2,1
10975,23,1,0,5.36,43.0,1,8.7,2,0,2,2,66.4,1
10976,18,0,2,6.48,46.0,1,8.3,1,3,2,0,82.4,1
10977,22,0,1,0.57,88.4,1,9.2,2,0,0,2,54.6,1
10978,20,0,0,6.99,96.1,1,4.1,0,4,2,1,87.7,1
10979,22,1,1,7.65,81.0,1,7.1,1,1,0,1,100.0,1
10980,22,2,3,7.91,40.6,0,8.7,2,1,0,1,68.8,1
10981,21,0,0,1.03,45.7,1,5.9,2,4,2,0,31.8,1
10982,19,2,5,3.89,98.0,0,5.1,0,2,0,1,74.3,1
10983,24,2,1,7.51,45.4,1,4.8,1,2,1,0,78.0,1
10984,22,1,4,6.07,94.0,1,7.6,1,2,0,2,97.6,1
10985,24,1,2,0.48,62.4,1,7.1,1,3,2,2,53.8,1
10986,18,2,6,6.96,95.8,1,6.3,2,4,2,1,73.4,1
10987,23,2,6,6.71,51.9,1,9.5,1,4,0,0,83.1,1
10988,19,0,1,6.24,98.3,1,8.4,0,1,2,2,87.5,1
10989,20,1,1,3.29,71.3,1,7.2,2,4,0,0,57.3,1
10990,23,1,2,5.06,86.1,1,8.7,2,0,0,0,70.1,1
10991,19,2,6,5.73,52.6,1,6.3,1,3,0,0,76.3,1
10992,19,2,2,3.17,48.0,1,6.9,1,3,2,2,64.4,1
10993,24,1,2,6.27,54.0,1,9.2,0,4,2,0,66.3,1
10994,24,2,2,2.19,84.8,1,9.0,1,4,1,2,43.6,1
10995,19,1,0,1.47,40.6,1,7.9,2,3,2,2,37.7,1
10996,19,1,6,6.87,81.4,1,6.6,0,1,1,0,70.7,1
10997,18,0,1,2.71,46.1,0,8.6,2,2,2,2,31.0,1
10998,17,0,3,0.45,79.8,1,8.5,0,2,0,2,52.5,1
10999,21,2,4,6.66,58.1,1,6.3,2,2,0,1,60.7,1
11000,19,1,5,6.39,94.1,1,6.0,1,3,0,0,76.4,1
11001,23,2,4,6.42,58.9,1,8.9,1,4,0,0,89.8,1
11002,18,0,6,2.73,94.6,1,9.1,1,4,2,1,68.3,1
11003,22,1,4,4.83,74.1,1,4.9,1,3,2,1,55.2,1
11004,21,2,5,0.11,53.1,1,8.9,0,0,2,0,37.2,1
11005,21,0,0,0.08,91.1,1,6.9,0,3,1,0,64.3,1
11006,17,0,0,2.07,58.0,1,6.6,1,3,1,2,43.4,1
11007,20,1,5,4.2,76.7,0,6.0,1,1,0,2,70.3,1
11008,22,2,6,4.8,72.6,1,6.2,0,3,0,2,56.9,1
11009,19,2,2,1.07,87.2,0,8.8,2,0,1,1,51.3,1
11010,23,1,3,6.94,55.3,1,7.9,2,0,0,0,69.4,1
11011,21,2,5,7.68,47.5,0,6.3,1,4,2,0,61.5,1
11012,19,2,2,0.95,94.8,1,8.0,1,1,1,2,56.0,1
11013,17,0,0,6.59,58.7,1,6.8,0,4,2,2,56.4,1
11014,18,2,3,4.91,77.3,1,6.9,1,2,1,2,75.1,1
11015,20,0,2,4.02,92.3,1,9.7,2,2,2,2,88.8,1
11016,20,2,6,3.91,44.9,1,7.1,1,0,0,2,74.7,1
11017,23,1,0,6.0,57.5,1,8.3,1,0,2,2,68.0,1
11018,23,1,5,1.67,45.0,1,7.9,1,1,0,2,40.4,1
11019,18,0,0,4.87,95.3,1,8.0,0,2,1,1,64.0,1
11020,21,1,0,2.09,96.4,1,7.7,2,0,0,1,65.9,1
11021,20,2,6,0.68,94.3,1,5.8,1,2,2,1,60.1,1
11022,17,1,5,4.42,61.9,1,9.6,1,2,1,2,53.9,1
11023,22,2,3,2.15,68.8,1,5.6,1,0,0,0,64.8,1
11024,21,0,3,5.94,94.8,1,8.1,0,0,0,2,100.0,1
11025,17,2,5,5.2,93.1,1,7.3,2,2,0,2,79.4,1
11026,20,2,4,1.79,40.7,1,6.8,2,3,1,2,21.4,1
11027,22,2,6,6.89,50.7,1,5.3,2,4,2,0,72.7,1
11028,19,0,0,2.78,64.5,1,8.3,0,3,0,0,69.3,1
11029,19,2,2,5.67,85.0,0,4.4,0,3,1,0,68.1,1
11030,17,1,1,2.14,63.0,1,9.2,2,3,1,1,37.8,1
11031,18,0,3,1.57,52.4,1,8.7,1,4,2,0,48.2,1
11032,24,1,0,6.88,89.7,1,8.5,2,3,1,1,92.5,1
11033,21,1,5,7.35,60.5,1,4.2,2,0,1,2,63.7,1
11034,18,0,6,2.82,46.8,1,9.9,2,1,0,0,53.1,1
11035,20,1,1,2.52,78.0,1,4.6,2,3,2,2,59.9,1
11036,18,0,6,5.62,91.9,1,6.1,1,4,2,2,90.8,1
11037,20,0,4,1.82,74.6,1,6.9,1,3,1,2,27.9,1
11038,18,1,1,6.91,99.4,1,9.5,1,3,1,2,93.6,1
11039,21,0,1,0.08,92.4,1,8.4,1,0,1,0,63.8,1
11040,21,2,1,1.14,54.7,0,5.8,1,0,2,2,57.6,1
11041,22,0,3,0.97,59.8,0,8.3,2,4,0,2,53.1,1
11042,20,1,2,2.54,51.7,1,5.2,2,2,2,2,29.5,1
11043,19,0,2,6.93,73.5,1,7.0,2,1,2,0,71.0,1
11044,18,0,5,5.12,79.1,1,4.9,1,3,1,0,72.4,1
11045,18,2,3,0.86,85.0,1,4.8,0,3,0,0,50.1,1
11046,20,0,3,0.63,71.8,1,9.6,2,4,1,2,53.4,1
11047,20,1,0,2.31,47.4,1,8.0,0,3,1,0,28.1,1
11048,22,1,3,4.96,55.0,1,4.6,2,3,0,2,66.9,1
11049,17,1,0,4.75,68.1,1,6.4,1,1,0,2,77.3,1
11050,19,0,2,0.91,56.2,1,9.2,1,1,0,2,46.8,1
11051,23,2,3,6.09,43.0,0,5.6,2,1,1,2,55.7,1
11052,24,2,2,5.06,93.4,0,9.0,2,2,2,1,80.3,1
11053,24,1,4,7.86,71.3,1,4.4,0,1,0,0,66.0,1
11054,19,0,6,4.42,75.7,1,5.6,1,0,0,1,81.1,1
11055,18,1,4,2.62,46.1,1,7.6,1,3,0,0,59.0,1
11056,18,2,4,0.95,94.6,0,6.5,0,0,1,2,64.7,1
11057,18,0,6,7.35,91.7,1,8.6,1,4,2,1,95.9,1
11058,24,0,1,0.3,63.4,1,8.9,0,0,0,1,56.6,1
11059,24,0,5,2.79,51.9,1,4.4,2,1,1,0,39.0,1
11060,23,1,1,4.25,87.7,1,6.0,1,1,2,2,75.3,1
11061,22,1,2,4.56,74.5,1,9.4,0,2,0,2,77.5,1
11062,19,2,1,4.66,89.9,1,7.8,0,0,2,0,83.7,1
11063,20,1,3,5.74,68.9,1,6.0,1,1,1,2,78.8,1
11064,23,2,2,1.03,93.5,0,7.5,2,0,1,2,43.5,1
11065,23,1,1,5.75,83.0,0,5.2,2,4,0,0,64.4,1
11066,21,1,2,7.12,61.1,1,9.8,0,2,2,2,81.2,1
11067,23,2,1,0.24,85.3,1,8.8,0,1,0,0,47.4,1
11068,19,2,5,0.29,59.3,1,6.0,2,4,0,0,22.6,1
11069,20,2,1,7.91,65.8,1,6.4,1,3,2,0,87.4,1
11070,23,2,1,2.5,64.0,1,8.6,1,3,1,2,54.9,1
11071,20,0,2,3.64,65.1,1,7.7,2,0,2,1,75.7,1
11072,23,1,0,2.48,83.5,1,7.3,0,1,0,1,53.6,1
11073,20,0,5,4.45,54.7,1,5.2,1,3,1,2,53.1,1
11074,19,0,3,5.69,59.4,1,7.4,0,0,0,0,100.0,1
11075,18,2,1,6.08,70.7,1,9.6,0,4,0,0,70.8,1
11076,21,1,0,2.84,56.6,1,6.2,0,2,0,0,60.6,1
11077,20,1,4,2.08,48.0,1,8.3,2,4,0,0,28.6,1
11078,19,0,3,4.37,82.2,1,4.1,1,1,2,2,70.7,1
11079,22,2,3,3.07,75.8,1,8.7,0,0,2,2,66.9,1
11080,17,2,6,4.98,96.8,1,8.2,1,2,0,1,96.3,1
11081,17,0,5,4.89,84.6,1,4.5,1,3,0,1,73.9,1
11082,24,0,1,7.16,74.3,1,9.7,0,2,1,2,91.3,1
11083,22,0,4,0.08,56.0,0,9.9,1,2,1,0,45.3,1
11084,21,0,5,0.81,52.0,0,8.1,0,0,1,2,61.4,1
11085,17,0,6,6.29,71.4,1,8.2,0,0,1,2,72.8,1
11086,21,1,1,4.67,67.6,1,7.0,0,2,2,1,55.7,1
11087,20,0,5,0.5,64.3,1,4.1,0,0,1,0,36.6,1
11088,21,0,1,7.54,66.5,1,7.2,1,0,1,1,96.1,1
11089,17,2,3,5.2,52.7,1,9.4,1,0,2,0,86.7,1
11090,21,2,2,3.89,65.2,1,7.7,1,2,2,2,62.2,1
11091,21,2,4,6.24,42.4,1,9.8,0,2,2,2,90.0,1
11092,19,1,4,4.77,73.6,0,9.6,1,0,1,2,79.3,1
11093,17,0,3,2.99,73.4,1,5.6,1,0,1,2,47.7,1
11094,24,0,0,2.37,80.0,1,8.3,1,2,1,2,62.6,1
11095,22,2,1,3.63,82.8,1,8.2,0,1,2,0,64.8,1
11096,21,0,5,3.8,80.4,1,9.9,1,2,0,2,77.6,1
11097,23,2,6,5.7,88.2,1,6.1,0,2,0,2,85.4,1
11098,22,2,2,3.78,48.0,1,4.6,0,1,0,2,55.2,1
11099,18,0,1,0.15,93.2,1,4.5,0,3,1,2,29.0,1
11100,20,2,4,5.48,63.3,1,7.1,0,0,2,1,66.0,1
11101,24,2,0,0.56,80.0,1,8.8,0,3,0,2,40.1,1
11102,19,2,2,6.77,47.2,0,7.3,0,2,1,0,89.8,1
11103,24,2,2,5.67,53.5,1,9.9,0,0,0,0,79.4,1
11104,17,0,1,4.78,95.8,1,9.0,0,0,2,2,97.3,1
11105,19,0,6,3.63,48.3,1,9.8,2,1,2,0,62.2,1
11106,19,0,4,1.38,67.9,1,4.6,1,0,1,2,46.2,1
11107,21,2,1,5.24,45.7,0,4.6,2,3,2,1,55.5,1
11108,18,0,2,0.88,45.6,1,9.6,1,4,0,2,51.0,1
11109,18,2,5,4.84,99.4,1,6.1,1,3,1,1,66.7,1
11110,22,2,0,1.47,78.3,1,4.4,0,0,1,2,41.2,1
11111,19,0,0,4.77,78.2,1,5.7,1,2,1,1,77.0,1
11112,24,0,3,1.21,56.2,1,4.8,1,4,1,1,35.0,1
11113,23,0,1,0.76,49.1,1,8.8,2,4,1,1,19.599,1
11114,19,2,5,3.77,76.8,1,9.7,0,2,2,1,62.8,1
11115,21,1,0,5.68,55.0,1,8.8,2,0,1,0,59.3,1
11116,19,1,4,1.91,56.3,1,4.7,1,2,1,0,40.4,1
11117,19,1,3,3.98,65.2,1,8.4,1,4,1,0,45.5,1
11118,22,1,1,6.39,53.5,1,4.1,2,4,1,2,55.1,1
11119,19,2,4,4.4,96.4,1,5.8,1,4,1,2,72.5,1
11120,18,2,2,4.78,74.7,1,4.7,0,0,0,2,74.5,1
11121,19,0,5,1.76,44.1,1,9.2,2,4,0,0,34.6,1
11122,24,1,0,1.0,69.0,0,5.8,1,1,2,0,39.0,1
11123,19,0,4,1.19,73.7,1,9.5,0,3,0,2,55.3,1
11124,19,2,1,7.78,61.5,1,4.1,1,3,1,2,61.3,1
11125,22,1,0,0.69,92.4,1,6.9,2,1,0,0,66.3,1
11126,17,0,0,1.21,71.3,1,9.6,0,0,1,2,64.0,1
11127,19,0,1,1.65,54.3,1,5.6,0,4,0,0,19.599,1
11128,18,2,0,6.3,72.5,1,7.3,2,4,0,1,88.4,1
11129,24,0,2,3.18,83.4,1,5.7,1,0,1,2,71.1,1
11130,24,0,0,6.33,58.5,1,4.7,2,1,0,0,69.3,1
11131,23,2,2,3.35,92.4,0,9.2,2,4,2,0,57.4,1
11132,18,2,3,6.36,43.4,1,5.0,0,2,1,2,68.6,1
11133,21,0,2,7.16,57.9,0,7.3,0,4,2,2,69.7,1
11134,22,2,2,3.58,95.7,1,7.3,1,2,1,0,64.4,1
11135,23,2,3,7.89,56.0,1,4.1,1,3,2,0,74.6,1
11136,18,0,0,7.46,44.6,1,9.2,0,2,2,1,74.3,1
11137,22,2,6,0.12,42.7,0,4.5,1,1,0,2,33.0,-1
11138,18,0,1,4.51,85.2,1,6.1,1,3,1,0,70.5,1
11139,21,0,0,5.26,60.2,1,5.5,2,3,1,1,29.1,1
11140,24,1,1,6.75,85.9,1,4.7,0,1,0,2,88.5,1
11141,17,2,6,5.39,79.1,1,6.8,1,0,2,2,83.7,1
11142,18,1,5,5.51,85.0,1,8.9,1,1,0,0,94.1,1
11143,23,2,1,2.32,95.0,1,9.7,1,0,1,2,74.6,1
11144,17,2,1,6.56,88.9,1,4.1,1,2,2,1,66.5,1
11145,22,2,1,0.51,49.1,1,9.9,1,0,2,2,52.1,1
11146,21,1,1,5.26,94.4,1,8.1,0,1,0,2,77.9,1
11147,19,0,1,1.62,60.1,1,6.4,1,0,0,1,40.5,1
11148,23,2,5,6.12,88.3,1,7.0,1,1,1,2,74.7,1
11149,23,0,3,6.32,71.3,1,6.6,2,1,0,0,62.1,1
11150,19,0,0,1.4,50.5,0,5.5,1,2,0,2,54.4,1
11151,17,0,1,6.35,81.4,1,9.5,0,2,1,1,95.4,1
11152,18,1,1,6.7,80.1,1,4.5,2,1,1,1,71.1,1
11153,17,0,3,0.42,94.5,1,6.8,0,1,2,2,54.5,1
11154,24,2,5,3.44,64.6,1,9.2,2,3,0,0,47.2,1
11155,21,1,3,1.54,84.1,1,6.4,2,3,2,0,50.6,1
11156,22,1,4,1.01,71.1,1,5.6,1,4,2,0,39.4,1
11157,18,1,1,6.43,73.0,1,6.4,2,1,0,1,57.1,1
11158,23,0,6,2.35,60.6,1,9.6,2,1,1,2,41.1,1
11159,22,1,5,5.15,61.7,1,7.7,2,1,2,2,63.7,1
11160,23,0,6,0.08,88.2,1,4.9,2,3,0,2,49.6,1
11161,20,2,4,0.64,78.1,1,8.6,0,0,2,0,50.5,1
11162,22,1,4,4.88,81.2,0,4.1,0,2,1,0,54.0,1
11163,21,1,2,2.96,95.9,1,5.1,2,1,0,2,63.5,1
11164,20,1,1,7.04,81.4,0,7.7,1,4,0,2,90.3,1
11165,21,0,2,0.66,84.1,1,4.5,0,3,1,1,31.1,1
11166,19,2,3,4.99,86.4,1,4.2,2,1,2,1,65.5,1
11167,24,1,4,5.62,65.7,1,7.7,2,3,2,0,74.7,1
11168,22,1,2,4.89,67.6,1,9.9,1,2,2,2,76.4,1
11169,22,1,5,5.45,98.7,1,4.7,2,2,2,2,100.0,1
11170,22,2,3,1.99,73.6,1,9.9,2,0,1,1,41.7,1
11171,20,1,4,6.14,62.6,1,7.0,2,2,2,2,70.6,1
11172,24,0,6,4.44,43.5,1,8.9,1,3,0,2,70.3,1
11173,18,0,4,6.3,52.9,1,7.7,2,4,2,1,46.1,1
11174,21,1,2,0.97,86.7,1,6.3,2,2,1,2,42.4,1
11175,17,0,5,1.02,95.6,1,4.8,1,0,2,2,47.3,1
11176,19,1,6,3.16,87.1,1,7.8,2,4,1,0,45.2,1
11177,21,0,2,3.12,87.8,1,9.7,2,3,1,0,48.1,1
11178,20,1,3,1.03,92.6,1,5.8,2,1,0,2,40.2,1
11179,24,2,3,0.65,66.7,1,6.7,1,4,2,2,69.3,1
11180,21,2,1,0.65,48.4,1,6.8,1,3,0,2,38.5,1
11181,20,1,1,0.42,77.2,1,4.7,2,0,1,2,44.0,1
11182,20,0,5,0.27,94.6,1,4.1,2,4,0,0,29.8,1
11183,21,0,0,6.46,66.7,1,9.4,0,3,1,2,76.6,1
11184,23,1,3,7.48,89.0,0,8.3,0,0,1,1,80.7,1
11185,19,2,5,3.41,92.5,1,9.9,0,0,2,0,99.2,1
11186,21,0,3,1.49,44.8,1,9.5,1,4,1,0,46.1,1
11187,21,1,6,2.63,65.6,1,9.5,0,3,1,2,54.4,1
11188,17,0,3,6.55,67.2,1,5.0,2,3,0,2,66.4,1
11189,24,2,6,7.43,66.0,1,7.2,0,1,1,2,78.8,1
11190,21,0,1,1.91,55.8,1,6.4,0,2,2,2,63.5,1
11191,18,2,6,0.24,69.3,1,7.8,2,0,1,1,36.4,1
11192,22,1,2,2.47,83.4,1,8.9,2,4,0,1,59.3,1
11193,22,2,5,3.08,80.8,1,9.9,2,2,0,2,53.2,1
11194,24,1,4,0.08,95.8,1,4.5,0,0,2,1,63.1,1
11195,17,0,3,5.45,84.1,1,8.3,1,0,2,0,91.2,1
11196,20,0,6,1.0,85.3,1,8.6,1,4,2,2,58.2,1
11197,18,1,4,0.65,57.4,1,8.8,1,4,1,2,28.4,1
11198,21,2,4,5.75,41.9,1,5.6,1,3,2,2,52.0,1
11199,21,0,5,6.17,70.8,1,4.9,1,3,0,2,75.4,1
11200,20,0,5,1.47,86.7,1,6.3,2,3,2,0,50.7,1
11201,24,0,1,6.15,63.9,1,6.5,2,2,0,0,77.4,1
11202,21,1,5,2.38,88.9,1,8.8,2,2,0,2,64.6,1
11203,20,0,4,2.46,77.2,1,9.9,1,3,2,0,49.7,1
11204,17,1,2,0.98,59.9,1,9.2,2,4,1,2,19.8,1
11205,19,2,6,1.81,60.5,1,5.5,2,1,0,0,41.8,1
11206,24,2,5,0.31,81.0,1,6.6,0,4,1,0,19.599,1
11207,20,2,6,5.38,74.6,1,8.9,0,0,1,2,69.2,1
11208,24,1,5,6.81,44.0,1,6.5,0,0,1,1,76.2,1
11209,21,0,0,0.39,73.1,1,4.7,0,4,2,0,50.8,1
11210,21,0,0,2.04,42.6,1,6.9,2,0,0,1,46.8,1
11211,20,2,1,2.77,72.8,1,8.4,0,4,2,0,63.5,1
11212,21,0,0,3.14,95.7,1,8.7,0,2,0,0,82.5,1
11213,17,2,2,6.59,45.5,1,8.6,2,4,1,2,52.4,1
11214,17,1,5,0.34,69.0,1,5.3,2,0,1,1,52.8,1
11215,20,2,5,4.91,86.5,1,7.2,2,1,1,0,69.8,1
11216,21,0,6,4.26,65.7,1,4.9,2,2,0,1,62.1,1
11217,21,2,3,6.71,61.6,0,4.6,0,1,0,2,88.7,1
11218,20,1,6,2.45,74.6,1,9.1,2,1,0,2,65.5,1
11219,19,1,1,0.81,91.3,1,5.6,2,3,2,0,48.6,1
11220,22,0,3,1.04,92.0,1,8.3,0,0,2,2,45.8,1
11221,21,0,5,5.04,56.2,1,8.5,1,1,1,1,69.5,1
11222,17,1,5,4.37,98.0,1,5.3,2,1,2,1,66.8,1
11223,20,0,5,4.74,49.8,0,4.3,2,1,2,2,49.3,1
11224,22,0,3,1.1,52.7,1,6.0,2,1,1,0,34.5,1
11225,23,1,2,0.34,82.0,1,7.0,1,1,1,2,37.6,1
11226,19,0,6,4.53,92.0,1,6.2,1,3,0,0,88.2,1
11227,24,2,0,0.65,51.1,1,5.8,0,3,2,1,30.4,1
11228,22,1,4,7.44,59.5,1,4.2,2,3,2,2,74.8,1
11229,20,2,2,6.43,44.6,1,7.4,2,3,1,2,42.5,1
11230,22,0,6,1.44,67.6,1,6.8,2,1,0,2,45.6,1
11231,23,1,1,4.78,71.0,1,9.4,0,1,2,2,49.7,1
11232,18,2,6,1.06,75.4,1,4.8,0,4,0,2,57.3,1
11233,18,2,5,7.49,51.2,1,7.0,2,2,2,0,75.8,1
11234,20,2,0,4.72,56.6,1,7.2,2,0,0,0,64.7,1
11235,17,2,0,2.54,85.3,1,7.0,2,4,1,0,51.5,1
11236,23,1,6,5.44,46.6,1,4.4,2,1,1,2,47.6,1
11237,24,1,4,0.08,40.6,1,5.0,0,3,1,2,19.599,1
11238,21,1,4,2.3,63.4,1,4.2,1,1,0,2,51.1,1
11239,24,2,4,1.87,74.8,1,5.3,0,1,2,1,42.6,1
11240,17,1,1,2.77,93.5,1,6.9,2,2,1,2,47.2,1
11241,22,1,2,0.68,42.4,0,8.5,1,4,1,2,26.5,1
11242,20,2,2,7.74,60.1,1,6.1,2,0,1,2,74.6,1
11243,19,1,0,3.74,91.4,1,6.0,0,1,1,2,71.0,1
11244,19,0,4,6.85,82.8,1,6.7,2,3,0,0,90.7,1
11245,21,1,0,0.48,78.0,1,7.6,0,2,2,2,51.5,1
11246,22,1,1,6.76,40.6,0,8.0,0,1,1,1,78.2,1
11247,18,0,0,5.22,67.9,1,6.2,1,4,2,0,85.4,1
11248,21,2,1,5.43,98.7,1,5.5,1,1,2,2,100.0,1
11249,24,1,3,6.45,80.2,1,7.1,1,4,1,2,68.3,1
11250,17,1,3,4.21,88.9,1,7.9,2,4,1,0,67.4,1
11251,24,0,1,5.07,70.8,0,5.7,2,2,1,0,67.6,1
11252,21,0,2,7.2,61.7,1,4.3,0,0,1,0,80.8,1
11253,19,0,2,1.0,59.3,1,9.0,2,3,2,2,30.6,1
11254,22,0,0,0.45,87.8,1,9.4,1,3,1,0,57.8,1
11255,21,2,1,7.86,67.7,1,8.2,1,0,2,2,100.0,1
11256,23,0,5,7.05,59.3,1,8.7,2,3,2,0,88.1,1
11257,17,2,1,4.11,79.3,1,9.9,2,4,0,0,81.5,1
11258,17,2,2,6.25,99.4,1,5.2,0,4,2,2,81.6,1
11259,22,0,4,7.06,65.8,1,5.2,2,1,0,2,51.1,1
11260,19,1,4,3.73,49.8,1,7.8,2,4,1,2,43.3,1
11261,18,0,4,0.78,78.5,1,9.9,1,1,2,2,48.8,1
11262,20,0,1,3.85,64.0,1,7.5,2,3,2,0,75.9,1
11263,22,0,4,2.81,75.4,1,9.6,1,0,2,1,74.1,1
11264,18,0,6,0.19,99.4,1,9.7,1,2,2,2,58.1,1
11265,24,0,4,7.67,67.5,1,9.1,0,3,2,0,85.3,1
11266,20,1,0,5.73,58.2,1,7.4,2,3,2,2,67.8,1
11267,18,0,3,6.29,98.8,1,8.2,2,2,2,0,84.4,1
11268,17,2,5,4.77,80.0,1,8.0,1,2,1,0,74.8,1
11269,23,2,1,2.15,58.3,1,7.0,0,4,2,1,54.7,1
11270,17,2,5,4.68,59.0,1,4.9,0,1,1,2,37.6,1
11271,20,2,1,5.44,76.3,1,4.4,1,4,2,2,77.9,1
11272,22,2,6,4.78,61.8,1,4.1,2,2,0,2,56.5,1
11273,21,1,2,1.02,86.4,1,7.3,2,4,1,0,50.0,1
11274,19,2,3,6.51,51.6,1,6.4,0,1,1,1,64.0,1
11275,17,1,0,2.38,51.4,0,4.6,0,4,0,2,36.5,1
11276,22,1,3,3.17,54.0,1,8.5,2,0,2,0,58.3,1
11277,20,1,0,4.41,92.4,1,7.7,0,0,0,2,78.7,1
11278,17,0,2,7.82,45.5,0,6.8,2,2,0,2,91.7,-1
11279,18,1,6,2.5,76.1,1,9.7,1,3,0,0,70.0,1
11280,21,0,3,0.34,91.8,1,6.5,0,4,2,1,33.9,1
11281,18,1,4,7.78,50.6,1,7.0,2,2,1,2,64.7,1
11282,20,1,3,7.66,95.1,1,9.3,1,2,0,2,100.0,1
11283,17,0,3,1.59,82.7,1,9.5,2,0,2,2,56.5,1
11284,23,0,4,6.63,53.8,0,7.5,2,2,0,2,76.3,1
11285,22,0,0,7.36,98.8,1,7.1,2,2,2,1,75.4,1
11286,23,0,2,0.1,89.9,1,5.0,2,4,2,1,53.5,1
11287,17,0,2,6.04,43.4,1,4.1,1,0,0,0,71.7,1
11288,20,1,3,1.44,89.5,0,9.0,2,3,0,1,45.5,1
11289,19,0,1,6.62,74.6,1,6.0,2,3,0,0,64.4,1
11290,21,2,3,0.17,93.4,1,9.4,0,2,1,0,38.8,1
11291,23,1,4,5.53,75.4,1,7.1,0,1,0,0,84.1,1
11292,18,1,4,6.53,87.8,1,5.6,0,3,2,1,74.8,1
11293,23,2,1,0.29,90.0,1,4.5,1,0,0,2,44.6,1
11294,21,0,4,6.06,87.8,1,6.7,0,0,2,0,82.2,1
11295,23,1,6,0.95,43.5,1,9.9,1,0,0,0,57.8,1
11296,17,2,0,0.63,79.9,1,8.4,2,3,1,2,43.8,1
11297,24,1,2,7.37,93.8,0,6.9,0,0,0,2,88.2,1
11298,20,0,3,7.38,96.2,1,4.5,2,4,2,2,55.7,1
11299,19,0,4,5.93,86.0,1,6.9,1,0,0,0,83.5,1
11300,18,1,0,7.12,58.6,1,5.0,0,3,0,1,95.3,1
11301,24,2,4,0.13,91.5,1,6.9,0,1,2,1,22.1,1
11302,24,0,5,4.09,41.5,1,5.0,1,3,1,2,37.2,1
11303,18,1,4,6.97,86.3,1,4.2,1,1,1,0,83.4,1
11304,20,2,5,7.14,69.1,0,9.7,0,2,2,2,100.0,-1
11305,22,0,1,2.94,92.8,1,8.4,1,4,0,1,67.1,1
11306,21,2,0,2.6,70.1,1,9.4,0,3,2,2,58.4,1
11307,18,2,3,5.6,65.4,1,5.5,0,4,0,2,81.4,1
11308,19,1,1,0.48,90.7,1,7.1,0,1,0,2,41.3,1
11309,19,2,6,6.24,59.8,1,6.5,1,2,0,2,98.8,1
11310,19,1,4,2.0,69.3,1,5.8,2,1,1,2,28.7,1
11311,24,0,0,4.17,90.6,0,7.1,2,1,2,2,71.6,1
11312,18,0,5,1.54,40.8,1,9.9,1,2,1,2,70.7,1
11313,22,0,6,5.87,61.0,1,6.3,2,0,0,1,68.4,1
11314,24,1,2,7.65,90.0,0,5.7,2,2,2,1,85.0,1
11315,23,1,3,4.33,92.8,1,4.2,1,3,0,0,70.4,1
11316,23,2,0,7.61,49.6,1,4.2,1,0,1,2,79.2,1
11317,18,2,5,3.22,66.7,1,7.0,1,1,1,1,51.6,1
11318,18,2,0,2.29,60.6,1,7.7,0,0,1,2,59.6,1
11319,23,0,0,6.71,98.6,1,8.9,1,0,0,2,100.0,1
11320,22,2,5,0.3,73.9,1,6.0,0,1,1,2,38.0,1
11321,22,1,6,2.25,64.0,1,8.0,1,3,0,1,57.1,1
11322,20,2,1,5.52,92.3,1,4.1,2,3,2,2,66.6,1
11323,21,1,4,1.51,82.5,1,4.3,1,4,0,2,54.4,1
11324,17,0,5,7.12,82.8,1,9.0,1,0,2,0,100.0,1
11325,19,0,1,3.86,76.7,0,5.1,1,2,0,0,68.3,1
11326,21,2,4,1.97,65.0,1,8.5,1,2,2,2,64.7,1
11327,18,1,6,2.97,45.9,0,8.9,2,3,2,0,41.6,1
11328,18,0,5,2.27,78.0,1,9.8,1,1,1,2,64.1,1
11329,17,1,1,5.61,64.9,1,5.2,1,3,1,2,70.1,1
11330,18,1,6,0.88,67.2,1,9.0,2,2,2,2,58.4,1
11331,24,0,0,6.83,95.4,1,5.4,0,3,2,2,71.6,1
11332,22,2,3,1.19,83.3,1,5.1,2,2,1,2,40.5,1
11333,24,1,0,2.26,86.9,1,7.7,2,3,0,2,59.6,1
11334,19,2,4,5.01,85.6,1,4.9,1,2,2,2,85.3,1
11335,21,0,2,2.83,66.0,0,8.0,1,4,2,0,52.9,1
11336,24,2,4,4.08,73.5,0,8.7,2,2,0,1,79.2,1
11337,19,1,2,4.55,72.6,1,9.2,0,3,2,2,47.7,1
11338,22,1,5,2.07,54.4,1,4.7,1,0,2,2,54.9,1
11339,22,2,0,4.28,78.0,1,4.6,2,0,1,2,77.2,1
11340,23,1,3,7.51,62.5,1,7.3,2,4,1,2,68.8,1
11341,24,1,1,0.08,43.3,1,8.0,0,4,0,2,27.2,1
11342,21,2,2,4.77,98.2,1,8.5,0,0,0,0,100.0,1
11343,21,2,2,2.56,65.0,0,4.8,0,1,0,0,49.9,1
11344,23,1,6,6.9,61.0,0,8.2,1,2,0,0,73.8,1
11345,22,2,2,0.77,77.6,1,7.4,0,3,1,0,46.4,1
11346,19,0,2,0.48,67.2,0,5.4,0,0,1,2,32.4,1
11347,22,1,3,3.24,98.6,1,5.5,2,4,2,0,64.2,1
11348,21,0,6,5.39,43.0,1,9.8,0,3,0,1,76.2,1
11349,18,1,2,0.08,89.0,1,8.7,2,3,1,0,49.7,1
11350,21,1,1,6.49,41.3,1,5.5,0,4,1,2,63.1,1
11351,21,1,3,2.69,51.0,1,4.8,2,3,1,0,40.7,1
11352,24,1,3,7.36,50.4,1,8.5,2,2,0,2,77.2,1
11353,21,0,1,7.25,60.4,1,5.8,0,0,2,2,94.9,1
11354,18,2,6,6.11,92.5,1,4.1,1,2,0,0,99.8,1
11355,24,0,0,5.9,54.6,1,7.9,0,2,2,2,81.3,1
11356,21,1,4,4.81,70.9,0,7.1,1,4,0,0,81.7,1
11357,19,0,3,6.36,68.7,1,5.2,1,1,0,2,73.4,1
11358,23,2,4,1.42,54.2,0,9.5,1,1,0,0,65.9,1
11359,20,2,6,6.54,67.8,1,8.5,2,0,2,1,88.1,1
11360,19,2,0,4.52,90.6,1,5.3,1,0,0,0,58.6,1
11361,23,0,5,6.26,81.9,1,9.9,2,3,2,0,91.5,1
11362,23,0,0,3.95,63.5,1,6.1,2,3,1,1,45.7,1
11363,21,1,0,5.05,56.2,1,5.5,0,1,0,0,66.8,1
11364,19,0,2,2.73,70.9,1,4.6,2,3,1,0,37.6,1
11365,23,0,0,3.4,53.5,1,7.9,2,4,0,2,57.8,1
11366,18,1,4,2.92,49.3,1,7.6,2,0,0,1,58.8,1
11367,22,1,4,5.92,42.6,1,6.7,1,3,1,2,61.0,1
11368,21,2,3,1.6,40.6,0,6.7,2,3,1,1,19.599,-1
11369,23,1,0,7.44,98.4,1,7.2,0,2,2,0,100.0,1
11370,20,1,1,6.63,61.7,1,4.5,1,2,1,0,72.1,1
11371,23,0,6,6.89,42.2,1,6.8,1,2,1,2,61.3,1
11372,17,1,0,7.31,74.9,1,9.5,0,0,2,1,100.0,1
11373,23,2,0,3.49,68.2,1,9.0,2,1,2,2,67.0,1
11374,17,2,6,7.14,74.5,1,7.9,1,2,2,2,85.6,1
11375,22,2,4,3.55,72.5,1,9.5,2,1,1,0,40.2,1
11376,18,1,5,0.81,46.0,1,9.9,2,1,2,2,32.1,1
11377,24,2,0,0.4,84.9,1,8.3,2,2,0,0,62.7,1
11378,23,1,3,0.51,62.6,1,4.7,0,4,1,0,19.599,1
11379,17,1,5,1.5,99.4,0,4.3,2,3,0,0,48.3,-1
11380,24,2,6,2.88,75.5,1,8.7,2,1,0,0,71.0,1
11381,19,2,5,7.83,69.4,0,7.5,1,3,0,1,73.2,1
11382,21,1,3,1.93,61.7,1,7.5,1,4,0,1,42.9,1
11383,17,2,4,7.3,72.3,1,7.3,0,2,2,2,82.4,1
11384,17,1,0,6.48,68.4,1,4.3,2,4,0,2,64.7,1
11385,18,2,3,6.89,71.5,1,4.5,0,1,1,2,75.5,1
11386,21,0,0,6.28,98.2,1,5.4,2,1,1,0,51.8,1
11387,21,1,2,7.78,64.3,1,7.7,2,4,2,2,81.3,1
11388,23,2,6,0.96,56.9,1,7.3,2,3,0,1,34.3,1
11389,18,2,2,3.83,65.5,1,4.1,2,3,1,1,47.9,1
11390,22,2,1,2.74,43.1,1,6.4,0,4,1,2,26.2,1
11391,17,0,1,2.27,67.4,1,4.9,1,3,0,2,38.6,1
11392,19,2,1,3.57,95.2,1,6.1,0,1,1,2,55.5,1
11393,18,2,3,3.85,52.1,1,7.0,0,2,2,2,56.2,1
11394,17,2,6,7.89,45.4,1,6.7,0,0,1,0,75.1,1
11395,21,0,0,2.12,41.0,0,8.8,0,1,2,0,29.5,1
11396,24,1,5,7.29,78.7,1,4.5,1,4,1,2,68.3,1
11397,22,0,5,1.34,85.9,0,5.3,2,0,2,2,44.9,1
11398,23,0,5,5.32,80.3,1,7.0,2,1,0,1,92.3,1
11399,21,1,4,2.44,78.4,1,8.5,0,3,0,1,69.9,1
11400,17,1,5,7.68,89.0,1,9.3,0,1,1,2,89.9,1
11401,19,0,5,5.08,91.2,0,6.9,0,3,2,2,72.9,1
11402,23,2,4,0.51,60.2,1,9.5,2,4,1,1,41.3,1
11403,17,1,3,7.39,74.8,1,7.6,1,0,1,0,93.3,1
11404,17,2,2,2.35,79.5,1,9.0,0,4,2,0,55.5,1
11405,23,2,3,7.42,60.5,1,6.2,1,2,2,0,73.5,1
11406,17,1,5,0.11,78.2,0,5.8,2,2,2,2,48.2,1
11407,24,1,0,1.75,79.6,1,8.5,1,1,0,2,57.0,1
11408,23,2,1,2.23,40.6,1,7.3,0,2,1,2,31.0,1
11409,22,2,4,5.5,45.1,0,7.4,2,4,0,2,58.8,1
11410,21,0,2,6.38,84.1,1,8.7,0,0,1,0,100.0,1
11411,17,2,5,5.04,44.5,1,8.0,1,4,2,1,65.0,1
11412,20,1,6,0.5,70.5,0,5.4,1,0,1,0,36.9,1
11413,23,0,3,3.47,42.7,1,4.8,1,2,1,1,46.2,1
11414,24,0,2,3.95,89.7,1,4.1,2,4,2,1,64.1,1
11415,20,1,1,2.87,73.3,1,8.4,0,4,1,2,58.7,1
11416,23,2,2,3.36,52.2,1,7.3,2,1,1,2,38.7,1
11417,23,0,3,3.86,91.8,1,6.2,2,1,0,2,47.7,1
11418,17,1,0,4.43,47.2,1,4.7,0,3,0,2,56.5,1
11419,21,1,5,5.05,94.5,1,5.2,0,1,2,2,78.1,1
11420,21,1,5,1.68,98.3,1,7.9,1,2,0,1,73.2,1
11421,21,0,3,7.21,79.5,1,4.9,1,0,0,2,100.0,1
11422,23,2,6,6.62,90.3,1,7.3,1,3,2,0,100.0,1
11423,24,1,3,6.29,89.4,1,6.6,2,2,2,0,94.4,1
11424,21,0,2,6.45,67.2,1,8.1,2,0,1,2,67.7,1
11425,19,0,6,4.2,47.3,1,9.0,2,1,0,1,59.3,1
11426,24,0,0,7.62,45.0,0,9.5,1,3,1,1,71.3,-1
11427,24,0,6,2.93,46.2,1,9.7,2,2,2,1,46.3,1
11428,22,2,5,3.36,70.8,0,6.8,2,1,2,1,57.2,1
11429,22,2,6,6.53,42.1,1,8.2,0,4,1,2,52.6,1
11430,17,0,4,6.95,68.8,0,7.9,1,0,0,0,98.8,1
11431,20,2,4,3.59,57.2,1,7.1,2,0,1,1,40.6,1
11432,18,1,1,6.78,92.3,1,7.5,2,1,1,2,78.4,1
11433,21,1,1,5.07,45.4,1,8.6,1,0,1,2,64.8,1
11434,23,1,0,3.1,80.8,1,9.1,2,2,1,0,51.9,1
11435,18,1,0,7.24,44.9,1,5.4,0,2,1,0,68.0,1
11436,24,2,4,4.03,71.7,1,4.5,2,1,1,1,51.9,1
11437,18,1,6,6.79,60.0,1,5.3,1,1,2,1,66.9,1
11438,17,0,2,6.5,73.0,1,8.8,2,0,2,0,86.0,1
11439,24,0,4,0.77,44.4,1,7.4,1,3,0,0,39.6,1
11440,17,2,5,6.97,70.0,0,7.9,2,3,2,0,67.3,1
11441,22,1,3,1.3,70.5,1,8.5,0,1,0,1,54.5,1
11442,23,2,1,6.51,90.6,1,5.2,1,2,1,0,93.6,1
11443,19,0,3,6.04,43.4,1,8.1,1,4,2,0,88.9,1
11444,17,1,5,5.9,47.4,1,5.0,0,4,0,2,50.6,1
11445,19,1,6,7.37,98.8,1,7.3,0,2,2,1,100.0,1
11446,17,2,4,4.8,69.2,1,4.8,0,4,0,2,59.6,1
11447,22,2,3,2.71,82.6,1,5.5,2,2,1,0,52.6,1
11448,24,2,4,4.75,57.5,1,7.6,2,3,1,2,40.0,1
11449,24,0,4,5.57,77.8,0,9.7,2,1,2,0,77.4,1
11450,23,2,5,2.92,65.4,0,6.3,2,1,0,1,43.4,1
11451,23,1,1,2.03,89.9,1,7.8,2,0,2,2,60.4,1
11452,24,1,2,3.92,66.0,1,9.1,2,4,1,2,43.9,1
11453,23,2,0,7.19,80.6,0,5.8,0,2,0,2,82.5,1
11454,22,1,1,5.04,59.9,1,9.2,0,3,1,1,54.3,1
11455,24,0,4,7.18,52.3,0,8.1,1,3,1,0,94.1,1
11456,19,0,3,3.8,53.1,1,5.4,0,1,2,2,42.4,1
11457,20,1,6,7.58,74.0,0,6.8,2,0,0,1,99.4,1
11458,24,2,5,6.33,69.5,1,8.8,0,3,0,2,77.5,1
11459,19,1,1,2.84,82.1,1,6.8,1,4,2,0,53.9,1
11460,19,2,5,3.59,90.9,1,8.2,1,2,2,2,78.5,1
11461,18,1,5,7.91,42.2,1,5.6,1,1,2,1,87.6,1
11462,19,0,0,7.63,87.9,1,5.5,1,0,0,0,94.3,1
11463,21,1,2,3.28,91.6,1,8.7,1,3,0,2,97.5,1
11464,24,0,5,6.67,82.7,1,6.7,1,3,0,2,100.0,1
11465,18,1,1,7.28,80.8,1,8.1,2,3,0,0,83.8,1
11466,22,1,1,2.01,96.3,1,9.9,2,0,0,2,74.3,1
11467,23,0,3,4.14,93.4,1,9.9,1,2,2,2,85.9,1
11468,24,2,2,6.06,62.0,1,6.9,2,4,0,0,68.1,1
11469,23,2,0,0.61,78.6,1,7.4,2,1,2,0,46.5,1
11470,18,2,1,6.45,72.1,1,5.9,0,1,0,2,72.0,1
11471,20,2,2,1.69,46.4,0,7.6,2,3,2,2,46.4,1
11472,24,2,6,3.83,53.8,1,9.0,0,3,1,0,48.9,1
11473,24,2,1,3.0,70.3,0,5.0,0,3,2,1,56.9,1
11474,21,0,3,5.92,67.1,1,4.4,2,4,2,0,59.6,1
11475,24,2,5,1.87,74.4,1,6.6,1,2,0,0,54.5,1
11476,22,2,3,3.73,87.8,1,7.0,1,1,2,1,59.3,1
11477,17,0,0,2.12,88.2,1,4.2,2,3,2,1,43.0,1
11478,24,1,5,0.44,56.3,1,6.2,2,2,2,2,29.5,1
11479,18,1,4,6.75,55.9,1,4.9,0,2,0,0,87.3,1
11480,20,0,2,1.8,76.9,1,9.9,2,0,1,1,47.7,1
11481,18,0,5,1.86,62.7,1,7.7,0,2,2,2,60.0,1
11482,22,0,2,0.37,97.6,1,7.8,1,4,2,2,39.0,1
11483,17,2,5,4.02,78.1,1,4.1,0,3,2,2,52.7,1
11484,22,0,2,2.15,55.5,0,4.4,1,3,1,1,50.7,1
11485,23,0,2,4.52,46.3,1,6.0,1,2,1,0,64.5,1
11486,23,2,2,5.79,83.4,1,4.8,1,4,0,2,81.2,1
11487,19,2,5,0.37,59.2,0,4.5,1,0,1,2,25.6,1
11488,24,0,3,1.6,51.5,1,5.8,1,0,0,2,63.1,1
11489,19,0,4,3.13,55.1,0,9.7,1,0,1,2,58.0,1
11490,22,1,1,7.04,81.7,1,9.6,2,0,2,0,95.1,1
11491,21,0,2,0.88,79.5,1,7.4,2,4,2,0,35.8,1
11492,17,1,5,5.95,46.0,1,6.9,0,0,1,2,65.3,1
11493,17,0,5,7.63,79.9,1,6.2,2,3,1,1,70.4,1
11494,18,0,5,0.62,77.0,0,9.9,1,4,1,2,65.4,1
11495,24,1,2,2.66,88.0,1,5.3,0,1,0,2,55.3,1
11496,24,2,6,6.16,45.2,1,6.0,0,0,2,0,60.7,1
11497,20,1,3,7.48,56.3,1,7.8,2,2,1,2,77.1,1
11498,24,0,1,1.97,88.2,1,8.4,2,0,1,0,36.8,1
11499,17,0,1,5.14,66.4,1,4.1,2,3,0,2,51.2,1
11500,24,0,3,5.85,94.5,1,5.4,2,3,2,2,86.5,1
11501,18,0,4,3.23,81.5,1,5.0,1,0,1,0,64.0,1
11502,17,1,2,5.36,43.3,1,4.5,0,3,1,0,46.5,1
11503,23,1,3,4.39,67.1,1,8.5,1,3,0,2,92.9,1
11504,20,2,1,7.5,57.8,1,7.8,1,1,2,2,84.3,1
11505,19,1,6,4.31,85.7,1,8.0,2,3,2,2,56.6,1
11506,23,0,4,4.13,49.0,1,5.5,0,0,1,0,62.1,1
11507,19,1,0,5.35,93.0,0,9.9,2,2,0,2,79.8,1
11508,23,0,0,1.22,83.8,1,9.7,0,0,0,1,64.5,1
11509,18,0,5,4.25,75.2,1,6.6,0,3,0,0,65.2,1
11510,17,0,4,0.41,73.7,1,5.0,0,3,2,0,19.599,1
11511,19,2,0,5.02,97.1,1,5.5,2,1,2,0,76.0,1
11512,21,1,5,4.28,91.8,1,7.2,0,1,1,2,88.2,1
11513,18,0,4,6.72,95.3,1,8.4,2,4,0,2,64.1,1
11514,18,1,2,6.38,89.3,1,4.5,1,0,2,1,100.0,1
11515,22,0,4,3.46,61.0,1,9.1,1,3,0,0,63.7,1
11516,20,1,6,5.27,50.2,1,5.4,2,3,0,2,50.2,1
11517,20,1,6,2.43,57.9,1,9.1,2,0,0,0,60.7,1
11518,18,2,2,3.1,97.7,0,7.4,0,0,0,0,84.6,1
11519,17,2,6,0.62,97.8,1,7.2,0,3,1,1,47.6,1
11520,17,1,6,0.81,52.2,1,5.2,1,4,0,1,31.7,1
11521,22,1,1,6.55,53.6,0,7.6,1,2,1,2,72.4,1
11522,17,1,4,7.78,79.5,0,6.9,0,1,1,2,83.8,1
11523,18,1,5,3.91,73.2,1,7.5,1,3,0,2,73.8,1
11524,24,2,2,1.02,73.9,1,9.6,0,4,0,0,61.2,1
11525,19,0,5,0.71,94.4,0,5.2,2,1,1,2,22.9,-1
11526,22,0,0,0.36,73.4,0,8.6,0,3,0,2,47.7,1
11527,19,0,0,7.03,74.8,1,7.6,0,2,0,2,87.5,1
11528,24,0,1,3.54,79.7,1,9.9,1,4,1,2,65.1,1
11529,23,0,3,7.04,70.6,1,5.7,2,4,0,2,83.6,1
11530,20,0,5,2.9,74.9,1,9.3,0,1,2,0,52.3,1
11531,22,2,5,4.7,84.8,1,5.2,2,4,2,2,52.8,1
11532,20,1,1,5.39,94.9,1,8.0,1,1,2,0,72.0,1
11533,24,0,5,0.4,95.9,1,8.0,0,4,0,2,52.9,1
11534,19,1,5,5.45,80.1,1,6.8,2,4,1,1,52.7,1
11535,23,0,2,6.4,56.1,1,6.4,1,1,1,2,61.7,1
11536,21,2,0,0.18,92.0,1,9.8,2,2,2,2,50.6,1
11537,22,2,2,0.47,81.6,1,8.4,0,4,0,2,43.1,1
11538,19,0,6,4.18,62.1,1,8.6,0,1,2,1,57.0,1
11539,23,1,3,7.77,77.6,1,8.6,0,4,0,2,95.3,1
11540,22,2,1,7.79,65.4,1,5.8,0,4,0,2,74.8,1
11541,23,0,6,0.88,90.0,1,5.0,0,1,2,2,50.3,1
11542,23,2,4,6.09,60.2,1,5.0,2,3,0,0,76.1,1
11543,18,0,6,6.35,66.4,0,7.6,1,1,0,0,77.4,1
11544,24,1,5,7.02,87.6,1,6.7,2,1,1,2,85.7,1
11545,23,2,6,0.35,52.0,1,6.0,0,4,0,0,23.0,1
11546,18,2,1,7.78,73.8,1,5.0,0,4,0,1,100.0,1
11547,24,2,1,6.57,66.9,0,5.5,2,1,0,1,76.6,1
11548,21,1,2,4.86,62.0,1,5.8,0,0,2,2,64.2,1
11549,19,0,0,0.53,46.6,1,7.8,1,1,1,0,44.5,1
11550,18,0,3,1.92,40.7,1,7.8,1,3,1,2,30.3,1
11551,19,1,3,2.77,76.8,1,8.3,2,0,0,2,48.8,1
11552,17,2,4,6.86,73.6,0,8.5,0,4,1,2,65.6,1
11553,22,1,5,6.09,96.2,1,8.3,2,4,2,2,64.1,1
11554,22,1,5,7.53,58.1,1,4.4,1,4,1,2,59.0,1
11555,22,1,3,3.38,42.4,1,7.8,1,2,1,0,59.9,1
11556,21,2,1,7.33,67.8,1,9.4,1,0,0,0,100.0,1
11557,19,1,3,7.17,42.5,1,9.9,1,3,1,2,68.3,1
11558,22,0,6,0.15,55.5,1,4.2,2,4,0,2,40.1,1
11559,23,1,5,1.91,80.1,1,6.5,1,1,0,2,48.2,1
11560,17,0,6,6.4,67.4,0,5.6,1,4,1,0,83.2,1
11561,20,0,3,5.32,59.6,1,5.2,1,2,2,1,61.2,1
11562,24,1,5,1.78,88.0,1,8.0,2,4,1,2,46.8,1
11563,23,1,0,6.25,60.2,0,6.4,0,1,2,2,65.5,1
11564,24,0,2,2.53,49.6,1,8.8,0,4,1,2,40.5,1
11565,18,1,5,4.82,56.8,1,8.1,0,4,0,2,66.6,1
11566,20,0,2,7.48,97.1,1,6.1,2,0,1,0,83.7,1
11567,18,0,4,1.92,55.0,1,5.0,0,2,1,2,38.3,1
11568,23,1,6,0.44,61.7,1,4.6,0,3,0,0,28.5,1
11569,21,1,2,5.28,50.5,1,6.0,2,1,1,0,38.5,1
11570,18,0,5,5.83,78.9,1,6.4,0,0,1,0,60.3,1
11571,17,2,6,2.5,56.6,1,4.6,0,2,1,2,43.6,1
11572,22,1,4,3.75,52.6,1,6.9,0,2,0,2,77.8,1
11573,23,0,4,4.01,75.2,1,8.8,1,4,2,1,60.6,1
11574,24,2,6,6.53,85.9,1,5.7,0,0,1,2,90.4,1
11575,24,0,5,5.54,75.5,1,4.5,1,0,2,1,92.2,1
11576,23,1,2,2.18,69.9,1,9.5,0,2,1,2,48.8,1
11577,23,2,5,2.18,98.4,1,5.9,0,3,1,0,46.4,1
11578,23,0,5,2.6,57.1,1,6.0,1,3,2,0,54.0,1
11579,24,0,1,1.17,68.4,1,4.6,2,0,2,0,50.6,1
11580,20,2,4,1.07,51.5,1,7.7,1,4,0,2,52.8,1
11581,23,1,5,6.54,70.2,1,8.2,1,1,2,1,73.1,1
11582,23,2,5,6.65,69.1,1,5.6,0,2,1,1,93.3,1
11583,17,0,6,2.08,86.3,1,6.2,0,4,2,0,50.5,1
11584,22,2,5,6.8,67.4,1,9.7,1,1,2,0,84.8,1
11585,19,2,2,4.57,48.6,1,7.4,1,3,2,1,63.5,1
11586,18,2,3,5.7,97.0,1,8.8,0,0,2,2,100.0,1
11587,18,1,1,7.04,56.1,1,6.1,1,4,2,0,100.0,1
11588,17,1,2,2.47,54.7,1,5.9,0,2,2,1,49.0,1
11589,24,2,1,5.3,94.1,1,4.9,2,3,1,2,54.8,1
11590,23,0,6,2.47,79.8,1,5.3,2,0,1,1,55.0,1
11591,17,2,4,7.22,93.2,1,6.9,2,3,1,2,84.4,1
11592,22,2,5,2.4,57.3,1,5.6,1,1,2,0,44.6,1
11593,22,0,3,5.0,43.1,1,5.8,1,2,1,2,47.4,1
11594,21,1,0,1.53,66.0,1,7.4,2,1,1,2,49.8,1
11595,21,1,3,2.96,54.7,1,8.5,2,4,0,2,61.3,1
11596,24,2,6,2.81,83.8,1,9.9,0,4,2,0,63.2,1
11597,21,1,0,6.0,52.9,1,4.4,0,3,1,2,71.6,1
11598,22,1,0,2.29,44.7,1,6.3,1,4,2,1,42.4,1
11599,21,1,5,2.62,68.4,1,6.2,0,3,0,0,41.6,1
11600,20,2,0,0.08,56.9,1,5.6,0,3,0,0,44.9,1
11601,24,0,6,2.53,55.3,1,4.7,2,0,1,1,42.2,1
11602,20,2,6,2.18,58.9,1,5.4,2,2,2,0,63.6,1
11603,23,0,2,4.36,58.4,1,5.8,0,4,1,2,34.8,1
11604,21,0,4,3.21,66.5,1,7.1,0,3,0,1,63.5,1
11605,22,1,2,7.84,74.6,0,4.2,0,4,2,2,68.0,1
11606,23,0,6,4.37,72.3,1,7.0,1,2,0,2,85.6,1
11607,22,0,2,0.58,75.7,1,9.7,2,2,0,2,59.6,1
11608,21,2,6,6.48,47.7,0,8.8,1,1,1,0,64.1,1
11609,21,2,5,0.43,43.6,1,7.9,0,4,1,2,43.6,1
11610,21,2,3,6.7,95.9,0,7.0,2,0,1,2,67.8,1
11611,19,2,1,3.24,53.4,1,6.6,1,1,2,0,60.3,1
11612,22,2,1,0.49,89.8,1,5.7,1,4,2,0,52.6,1
11613,24,2,3,7.82,44.0,1,7.6,0,1,1,0,77.2,1
11614,22,2,5,3.96,80.6,1,6.9,0,1,0,0,78.6,1
11615,23,1,6,6.84,76.2,1,8.7,0,1,1,2,82.2,1
11616,23,1,3,3.36,67.8,1,5.9,0,4,2,1,57.1,1
11617,19,0,1,3.69,62.4,1,5.5,1,2,0,1,55.2,1
11618,17,1,3,2.9,91.9,0,8.6,2,3,0,1,54.6,1
11619,19,0,5,2.95,82.2,0,7.3,1,3,2,2,60.6,1
11620,23,1,3,6.35,78.8,1,8.6,0,2,0,2,98.9,1
11621,23,2,6,0.25,95.7,1,8.9,1,0,2,2,68.8,1
11622,21,0,2,3.92,44.0,1,7.5,2,0,2,0,57.7,1
11623,23,1,3,2.12,84.9,1,7.0,2,0,2,2,32.5,1
11624,17,0,2,4.45,98.1,1,9.8,1,1,1,0,65.0,1
11625,22,2,4,1.72,98.3,1,9.1,2,4,2,1,56.8,1
11626,22,1,4,2.79,50.4,1,8.1,0,4,0,2,45.5,1
11627,21,2,0,4.27,88.6,1,7.4,2,3,2,0,61.3,1
11628,22,2,5,5.93,43.5,1,4.9,0,4,2,2,67.0,1
11629,20,2,6,7.57,81.5,1,4.1,0,3,2,2,82.3,1
11630,21,1,3,1.95,78.5,1,8.6,1,3,1,2,39.1,1
11631,21,0,3,3.86,67.3,1,5.0,1,2,1,0,55.1,1
11632,23,2,1,2.79,60.7,1,7.3,0,1,2,2,54.1,1
11633,18,0,2,4.85,54.3,0,7.6,0,3,2,0,68.7,1
11634,19,0,0,2.93,61.0,1,8.1,2,2,0,2,48.2,1
11635,20,1,3,0.78,46.0,1,7.1,1,3,0,2,50.9,1
11636,18,0,5,4.92,58.1,1,8.8,2,3,2,0,36.7,1
11637,19,2,6,0.28,70.5,1,6.3,1,2,0,1,48.6,1
11638,19,1,2,0.34,70.9,0,4.5,0,3,2,1,19.599,-1
11639,19,2,1,7.07,74.6,1,9.2,2,1,1,0,66.5,1
11640,20,2,3,6.96,83.6,0,4.6,0,4,0,1,89.2,1
11641,21,1,0,4.5,47.0,1,7.3,2,4,1,2,40.9,1
11642,22,2,4,0.14,91.0,0,4.2,2,1,1,0,23.1,-1
11643,19,0,0,2.74,62.0,1,7.7,1,2,2,0,51.6,1
11644,23,1,0,2.77,51.5,0,6.0,2,3,0,2,56.8,1
11645,20,0,3,5.77,50.8,1,7.8,1,4,0,1,81.5,1
11646,22,0,4,6.5,88.4,1,6.6,2,1,1,2,72.5,1
11647,17,1,2,2.83,68.7,1,9.6,1,2,0,0,53.0,1
11648,18,0,6,3.37,55.5,1,5.5,0,0,2,2,39.3,1
11649,20,0,0,1.8,95.9,1,5.8,2,3,0,2,46.7,1
11650,19,0,1,5.82,75.2,1,6.2,1,3,2,0,73.0,1
11651,20,0,4,2.79,78.1,1,4.5,0,1,2,0,79.8,1
11652,18,0,2,5.64,54.9,1,9.2,2,1,2,2,56.2,1
11653,20,0,4,5.66,64.0,1,4.6,0,2,1,2,60.8,1
11654,22,0,2,1.25,58.4,1,5.2,2,1,2,0,30.2,1
11655,22,2,1,7.08,54.8,1,4.8,1,1,0,1,70.9,1
11656,18,2,5,6.6,93.9,1,4.8,2,3,0,2,97.9,1
11657,19,0,0,4.66,47.7,1,6.4,2,0,2,0,56.0,1
11658,21,2,6,0.69,45.4,1,5.1,0,0,2,2,19.599,1
11659,21,2,0,1.34,62.8,1,9.3,1,3,1,2,51.6,1
11660,23,1,4,0.74,79.5,1,9.6,2,4,0,0,50.6,1
11661,20,0,2,3.71,58.9,1,5.1,0,1,0,2,65.6,1
11662,22,2,6,2.12,52.1,1,5.3,2,2,0,2,39.2,1
11663,24,1,4,6.65,43.3,1,5.8,0,4,0,0,54.4,1
11664,19,0,4,3.49,90.0,1,7.2,1,0,0,2,82.9,1
11665,23,2,0,3.62,84.2,1,6.9,0,4,1,2,58.3,1
11666,19,2,0,7.38,78.7,1,6.3,0,2,1,1,76.3,1
11667,19,2,3,4.62,84.0,0,5.6,0,3,1,0,55.1,1
11668,22,0,1,3.1,90.5,1,9.1,1,1,2,0,75.7,1
11669,21,1,2,7.87,56.0,0,6.9,2,4,2,0,64.6,1
11670,21,1,4,3.7,87.4,1,4.7,1,0,0,2,92.3,1
11671,18,2,5,4.64,46.2,1,8.6,1,4,2,2,70.1,1
11672,17,2,4,3.06,96.0,0,5.9,2,3,0,2,72.3,1
11673,24,1,3,5.35,73.9,1,8.8,2,2,0,2,65.5,1
11674,23,1,3,6.21,85.8,0,8.4,0,2,1,2,80.9,1
11675,24,1,6,5.03,69.2,1,4.7,0,3,1,0,52.7,1
11676,21,2,3,1.99,64.0,1,6.0,2,2,1,0,32.8,1
11677,24,2,4,7.54,82.4,1,7.8,2,2,2,1,100.0,1
11678,20,2,0,4.09,59.8,1,8.5,2,0,2,0,74.0,1
11679,17,1,2,6.61,76.0,1,6.6,0,4,2,1,78.5,1
11680,18,2,0,0.08,40.6,1,7.4,0,0,2,2,50.9,1
11681,19,2,5,4.14,90.3,1,4.5,2,1,0,1,75.4,1
11682,20,0,4,7.48,50.0,1,4.1,1,0,1,2,74.3,1
11683,24,2,4,5.51,76.8,1,5.4,0,4,1,0,47.7,1
11684,19,0,5,0.91,91.3,1,7.0,1,4,2,2,28.3,1
11685,21,1,1,5.68,80.8,1,7.3,1,0,1,2,72.6,1
11686,19,0,5,0.12,68.4,1,4.3,2,2,2,0,45.9,1
11687,22,1,5,2.95,70.3,0,9.6,2,1,1,1,47.9,1
11688,21,1,0,1.89,66.4,1,4.8,0,4,2,0,49.1,1
11689,18,0,3,2.02,42.1,1,9.2,2,2,2,0,44.8,1
11690,20,2,6,0.33,86.4,1,9.7,1,3,0,1,55.3,1
11691,17,1,1,4.94,97.4,1,6.9,2,0,2,1,73.3,1
11692,24,1,0,5.94,83.2,1,8.9,1,3,0,1,92.3,1
11693,22,2,1,2.33,93.9,1,7.3,2,3,0,0,77.1,1
11694,24,1,0,4.69,92.3,1,4.5,2,2,2,2,70.1,1
11695,24,1,1,3.98,61.3,1,5.0,1,1,1,1,39.3,1
11696,18,1,5,7.91,61.8,0,7.0,0,0,1,1,66.3,1
11697,22,1,6,6.5,67.6,1,6.0,1,3,2,2,79.2,1
11698,17,2,6,7.57,45.5,1,8.4,1,0,2,2,85.1,1
11699,24,0,0,6.59,42.7,1,5.8,2,3,1,2,40.9,1
11700,23,2,6,5.26,40.6,1,4.4,1,2,2,2,73.5,1
11701,22,2,2,0.57,71.7,0,8.8,1,0,2,2,51.2,1
11702,24,0,2,6.86,72.3,1,7.4,2,0,2,1,87.9,1
11703,23,2,0,6.09,44.7,1,7.4,1,4,1,2,73.9,1
11704,23,1,0,2.26,50.6,1,6.2,2,1,1,0,19.599,1
11705,17,1,6,2.16,84.5,1,6.8,1,4,1,0,52.3,1
11706,17,2,5,4.19,71.9,1,4.7,0,4,1,2,44.8,1
11707,24,0,5,2.26,86.7,1,8.3,0,0,0,2,76.8,1
11708,19,0,5,7.77,52.0,1,4.8,0,4,0,2,88.7,1
11709,20,0,5,1.55,74.3,0,8.8,1,3,0,0,60.5,1
11710,17,2,3,1.23,54.4,1,6.6,0,1,0,2,45.4,1
11711,21,1,2,0.35,97.6,1,4.2,0,0,1,1,45.8,1
11712,23,2,2,4.42,95.5,0,9.5,2,3,0,0,80.0,1
11713,23,2,6,5.92,59.6,1,9.3,2,1,2,2,57.6,1
11714,21,2,3,4.69,49.3,1,4.6,0,1,1,0,30.7,1
11715,22,1,6,1.67,48.9,1,4.3,2,0,1,0,41.6,1
11716,21,1,2,7.39,50.6,1,5.7,2,3,0,1,75.4,1
11717,20,1,4,3.03,77.9,1,6.4,1,0,1,2,75.1,1
11718,21,2,1,1.13,50.8,1,7.3,2,4,0,1,39.9,1
11719,24,0,0,1.53,51.0,1,8.1,0,0,1,0,33.1,1
11720,19,2,4,3.51,64.2,1,9.9,1,0,1,2,58.4,1
11721,20,1,3,4.36,87.6,1,7.4,0,3,1,2,74.9,1
11722,21,0,2,4.81,48.0,1,7.4,2,4,2,0,40.9,1
11723,21,1,6,0.59,49.4,1,9.7,2,1,0,0,34.1,1
11724,17,2,4,6.94,44.5,1,6.2,0,3,0,0,61.3,1
11725,19,1,0,2.69,43.8,0,9.7,0,0,1,0,65.2,1
11726,22,0,4,2.08,49.9,1,6.1,0,3,2,1,25.9,1
11727,22,2,1,5.5,87.7,1,8.4,0,4,0,1,86.0,1
11728,22,2,3,4.91,99.1,1,8.3,0,3,1,1,64.3,1
11729,24,2,0,7.91,52.3,1,9.1,0,4,2,0,85.5,1
11730,22,0,0,3.28,50.9,1,5.1,1,4,0,0,59.9,1
11731,21,1,3,1.47,49.9,1,7.1,1,4,0,2,49.0,1
11732,19,1,6,7.78,42.6,1,4.1,0,2,2,0,86.8,1
11733,19,0,2,3.86,90.4,0,9.2,1,3,0,0,98.5,1
11734,23,0,3,5.29,70.6,1,5.5,0,3,0,2,32.2,1
11735,20,0,6,0.34,59.8,1,9.2,1,4,0,2,44.0,1
11736,22,1,6,2.69,52.6,1,7.0,0,2,1,2,40.5,1
11737,17,2,6,7.9,50.5,1,8.0,0,4,0,2,90.6,1
11738,18,0,0,7.72,46.6,1,5.4,0,2,2,2,86.3,1
11739,18,1,3,7.87,80.0,1,7.3,0,1,1,1,68.6,1
11740,18,2,4,6.59,79.6,1,8.6,1,3,1,2,82.0,1
11741,21,0,5,4.0,47.6,1,8.1,2,4,0,0,44.8,1
11742,22,1,6,4.58,52.7,1,8.0,1,3,2,2,69.5,1
11743,21,0,1,0.6,89.1,1,7.9,0,0,1,0,64.1,1
11744,19,2,2,6.35,72.1,1,4.2,1,3,1,0,61.0,1
11745,21,2,1,5.99,50.7,1,4.2,1,2,1,0,66.1,1
11746,17,1,1,5.67,79.1,1,9.3,1,3,0,1,75.7,1
11747,20,2,0,3.06,90.5,1,7.6,2,3,1,0,37.3,1
11748,18,0,6,2.13,59.7,1,8.6,0,1,2,1,60.4,1
11749,17,2,1,6.48,85.7,1,8.7,1,0,0,2,100.0,1
11750,18,2,0,7.8,90.4,1,9.1,0,3,0,1,86.8,1
11751,17,2,0,3.39,60.9,1,9.0,2,3,2,1,62.4,1
11752,20,0,1,0.44,95.5,1,5.2,0,2,0,0,40.6,1
11753,21,0,1,7.21,64.2,1,7.5,1,2,2,2,95.1,1
11754,21,2,6,5.52,46.4,1,7.0,2,1,1,1,42.7,1
11755,20,2,4,5.37,85.4,1,8.4,0,3,2,2,76.0,1
11756,18,2,2,7.55,50.4,1,9.4,1,0,0,2,94.8,1
11757,17,2,4,5.36,52.4,1,9.3,0,0,0,0,54.1,1
11758,22,0,4,4.94,79.3,1,4.9,1,0,0,0,80.4,1
11759,24,2,0,5.68,70.4,0,8.1,2,0,0,1,78.7,1
11760,19,2,5,3.87,44.8,1,5.0,1,3,1,0,36.8,1
11761,18,1,5,2.3,88.0,0,7.6,2,4,2,0,45.8,1
11762,19,1,5,2.01,41.2,1,5.4,1,3,2,2,51.2,1
11763,18,2,4,5.81,51.5,1,4.1,2,1,2,2,55.2,1
11764,18,0,3,1.94,77.6,1,4.3,1,3,0,2,50.1,1
11765,20,2,1,7.45,86.2,1,6.9,1,2,1,2,77.6,1
11766,23,1,2,3.22,67.3,1,5.9,2,4,2,0,38.8,1
11767,22,0,6,5.07,67.1,1,9.6,1,1,2,0,74.2,1
11768,24,2,5,0.34,96.4,1,5.4,1,2,1,2,46.8,1
11769,19,0,1,3.59,58.2,1,9.3,2,3,0,2,45.9,1
11770,20,2,5,3.2,72.9,1,7.9,2,4,1,2,40.5,1
11771,20,1,2,6.04,78.7,1,6.9,1,2,2,0,74.9,1
11772,17,0,1,0.44,95.7,0,5.3,0,1,2,1,60.6,-1
11773,20,0,1,3.22,85.9,1,4.1,0,3,1,2,66.1,1
11774,19,2,0,6.87,47.1,1,6.6,0,3,1,1,64.7,1
11775,20,0,0,5.35,85.9,1,6.6,0,3,0,2,81.5,1
11776,18,1,3,6.22,77.3,1,5.3,2,3,2,1,83.3,1
11777,22,2,3,6.11,86.5,1,8.3,0,3,1,0,86.0,1
11778,23,2,2,5.3,45.9,1,7.9,1,4,2,2,56.5,1
11779,24,2,1,3.13,95.2,1,5.9,0,3,2,1,65.5,1
11780,17,1,5,3.2,87.6,1,9.6,0,1,2,2,63.2,1
11781,17,2,3,0.41,90.9,1,8.9,2,0,2,2,61.5,1
11782,24,0,6,1.56,92.9,1,7.3,1,3,0,0,39.4,1
11783,23,2,2,4.46,45.8,0,8.9,2,4,0,1,27.4,1
11784,21,0,0,7.16,87.9,1,9.0,0,0,0,0,100.0,1
11785,19,2,1,4.9,82.0,0,6.9,0,3,2,0,71.8,1
11786,21,0,6,3.1,80.8,1,9.8,1,2,2,0,76.8,1
11787,21,0,1,6.66,62.9,1,7.9,0,4,2,1,65.0,1
11788,23,2,5,3.59,55.8,0,4.2,2,0,2,0,37.5,1
11789,21,1,1,2.08,76.5,1,6.7,2,1,2,0,41.1,1
11790,17,2,5,0.64,57.1,1,8.7,1,1,1,0,22.1,1
11791,22,1,3,6.63,95.0,1,6.6,2,1,1,0,64.4,1
11792,23,2,6,4.93,76.5,0,9.4,1,3,1,0,80.9,1
11793,19,1,2,4.65,61.5,1,8.7,2,4,1,1,49.7,1
11794,17,1,0,5.77,41.3,1,7.3,1,0,2,0,69.4,1
11795,18,0,5,4.84,49.6,1,6.1,2,0,1,0,46.2,1
11796,23,1,6,2.8,57.4,1,5.0,0,0,0,2,52.6,1
11797,20,1,3,4.94,49.7,1,9.7,0,2,0,0,72.4,1
11798,21,1,2,1.12,72.7,1,5.8,1,1,2,2,52.4,1
11799,24,1,4,2.37,83.3,1,5.5,0,2,0,0,47.6,1
11800,17,0,3,4.3,93.0,1,6.8,2,0,0,2,78.7,1
11801,18,1,5,0.55,78.7,1,7.0,0,4,1,0,56.0,1
11802,23,1,3,6.57,74.7,1,9.9,1,4,2,1,77.4,1
11803,21,0,6,0.36,54.4,1,4.6,2,0,2,2,36.9,1
11804,17,1,2,2.98,92.4,0,9.2,0,1,1,2,59.0,1
11805,22,2,4,3.64,59.0,1,4.8,2,3,0,2,49.3,1
11806,18,2,5,5.45,82.2,0,6.9,2,4,1,2,70.9,1
11807,23,1,0,1.24,84.9,1,9.2,2,2,0,1,58.2,1
11808,23,2,3,6.57,42.7,0,8.8,0,2,2,0,78.2,1
11809,23,2,4,3.41,79.0,1,9.9,1,0,0,2,71.2,1
11810,20,2,3,2.01,95.9,1,7.7,0,0,2,2,61.7,1
11811,19,0,0,0.79,81.6,0,8.5,1,2,1,1,61.3,1
11812,24,1,4,7.4,68.6,1,9.7,2,2,0,0,77.4,1
11813,21,2,5,3.23,64.2,1,6.5,1,1,1,2,57.7,1
11814,22,0,2,3.05,49.0,1,6.5,2,0,1,1,55.9,1
11815,18,1,6,1.44,53.5,1,7.8,0,0,1,0,52.3,1
11816,21,1,1,4.05,93.3,1,9.0,2,4,0,2,64.0,1
11817,21,1,2,2.56,63.4,1,5.6,1,3,2,2,49.6,1
11818,19,0,1,1.33,49.7,1,8.6,1,3,2,0,47.0,1
11819,23,0,2,6.02,63.9,1,8.9,0,3,2,2,64.8,1
11820,18,0,6,7.19,66.3,1,7.5,2,3,2,0,64.8,1
11821,22,2,0,2.82,60.4,0,5.3,1,2,2,2,50.8,1
11822,24,2,5,2.29,41.0,1,8.8,0,3,2,2,54.4,1
11823,21,2,1,2.99,62.0,1,9.5,0,3,2,2,41.7,1
11824,17,0,3,7.4,93.8,1,6.1,2,2,0,1,93.3,1
11825,21,2,0,4.67,56.5,1,5.1,1,1,1,0,61.9,1
11826,21,1,4,1.33,61.7,1,9.6,0,2,1,2,62.2,1
11827,21,0,6,5.06,82.9,1,4.2,2,3,0,2,86.3,1
11828,19,0,4,3.21,49.3,1,9.5,1,3,0,2,51.1,1
11829,22,1,4,0.14,90.5,1,6.5,1,0,0,0,67.8,1
11830,19,2,1,7.76,72.7,1,8.0,0,1,0,2,84.4,1
11831,21,1,2,0.92,72.0,1,6.1,2,3,2,2,40.9,1
11832,21,1,2,3.31,47.7,1,5.9,0,2,2,2,39.3,1
11833,22,1,0,5.26,44.1,1,4.7,0,3,1,2,54.6,1
11834,23,2,3,4.69,90.9,0,7.6,2,0,0,2,98.4,1
11835,24,0,2,0.08,53.3,1,8.3,1,4,0,2,29.0,1
11836,23,1,1,4.86,66.2,1,4.8,0,2,1,0,69.7,1
11837,23,2,4,5.82,70.5,1,8.7,0,2,2,0,83.9,1
11838,23,1,6,6.79,41.4,1,5.4,2,4,1,0,67.9,1
11839,18,1,6,1.47,82.2,1,6.1,0,0,0,2,63.1,1
11840,19,2,1,0.29,72.6,1,4.7,0,2,0,0,45.3,1
11841,21,1,2,7.56,94.5,1,8.7,1,3,2,2,100.0,1
11842,20,1,4,5.44,47.9,1,5.0,2,4,0,1,76.9,1
11843,22,0,6,3.64,50.1,0,5.5,0,0,2,0,57.6,1
11844,17,2,0,5.8,55.5,0,4.6,0,0,0,2,78.9,1
11845,18,2,6,1.26,58.3,1,9.6,1,1,2,0,52.2,1
11846,22,1,5,7.67,96.6,1,8.0,2,3,2,0,75.8,1
11847,23,1,6,5.23,74.1,1,8.1,1,4,2,2,67.2,1
11848,19,0,6,7.02,56.2,1,9.8,2,3,2,2,62.6,1
11849,19,0,2,4.45,52.9,1,6.6,0,2,0,2,70.0,1
11850,21,0,0,6.41,71.3,1,7.1,0,3,1,2,68.8,1
11851,20,0,2,2.62,52.1,1,5.1,0,0,2,0,48.7,1
11852,18,2,2,1.06,44.8,1,7.0,2,0,1,2,38.5,1
11853,21,1,3,2.83,77.4,1,8.1,1,3,0,2,57.8,1
11854,23,2,4,7.18,80.1,1,5.2,0,0,0,0,91.7,1
11855,22,2,6,5.58,44.5,1,4.3,2,1,1,2,57.1,1
11856,23,2,2,3.65,70.3,1,5.5,1,2,1,2,62.4,1
11857,22,0,2,1.88,74.3,1,4.5,1,0,0,2,71.9,1
11858,24,0,2,4.78,78.1,1,8.8,2,0,1,2,52.8,1
11859,18,0,6,4.74,40.6,1,9.3,1,1,1,1,61.8,1
11860,17,1,4,4.25,87.6,1,5.7,1,0,0,1,84.3,1
11861,17,1,3,5.9,71.7,1,5.5,1,1,2,1,80.3,1
11862,24,0,2,1.94,64.8,0,8.0,0,4,0,2,37.3,1
11863,22,0,0,4.09,66.4,1,8.7,1,4,2,0,60.3,1
11864,18,0,2,2.47,67.2,1,8.2,1,1,2,2,45.9,1
11865,23,0,2,1.64,91.1,1,7.6,0,3,0,1,53.7,1
11866,19,1,3,2.66,81.3,1,6.1,1,0,0,2,92.7,1
11867,21,2,3,6.42,57.2,1,8.0,2,3,0,1,67.4,1
11868,18,2,3,0.91,40.8,0,7.9,1,2,1,1,27.7,1
11869,17,1,6,2.2,62.6,1,5.3,2,4,2,1,24.8,1
11870,19,1,6,4.26,51.4,1,4.2,1,0,1,0,52.8,1
11871,18,0,2,3.21,76.4,1,7.9,0,0,1,0,61.8,1
11872,21,1,1,6.62,78.4,1,5.9,0,4,1,2,78.6,1
11873,17,1,3,6.23,59.4,1,4.2,1,1,1,0,72.4,1
11874,18,2,0,5.42,91.8,1,4.1,0,4,1,2,74.0,1
11875,21,1,3,2.26,98.9,1,4.9,1,3,0,1,76.6,1
11876,20,0,4,0.17,68.2,1,4.5,1,1,0,2,49.7,1
11877,22,2,1,2.51,68.3,1,8.2,0,3,2,0,61.1,1
11878,22,2,5,4.81,44.7,0,9.6,2,4,0,2,84.0,1
11879,24,1,1,0.81,92.7,1,4.8,2,2,0,1,53.7,1
11880,23,1,0,6.59,48.6,1,8.1,1,1,1,2,72.3,1
11881,18,2,1,7.89,77.7,1,7.1,2,2,0,2,89.3,1
11882,22,0,4,5.9,78.7,1,8.2,0,1,1,0,69.0,1
11883,22,2,4,3.32,60.7,0,5.1,2,4,1,2,31.1,1
11884,21,0,4,6.38,46.0,1,4.8,2,0,2,2,51.5,1
11885,23,1,3,2.18,79.3,1,9.0,2,0,1,0,82.1,1
11886,18,1,0,7.63,60.5,1,8.8,2,4,2,2,67.6,1
11887,20,2,4,2.93,49.2,1,9.6,1,2,0,2,71.4,1
11888,23,2,2,5.52,94.8,0,5.3,2,4,2,1,70.3,1
11889,24,2,0,0.15,69.2,1,7.2,0,0,1,2,41.3,1
11890,17,1,4,5.05,82.0,1,6.3,2,2,1,1,67.7,1
11891,20,1,4,2.37,58.0,1,9.1,0,4,1,2,45.6,1
11892,19,1,1,0.82,48.9,1,7.2,0,3,0,2,19.599,1
11893,18,2,0,3.47,42.1,1,5.0,1,0,2,2,60.3,1
11894,17,1,0,0.85,60.7,0,5.8,1,1,2,0,49.4,1
11895,21,2,6,1.48,43.0,1,7.6,2,2,0,1,46.2,1
11896,22,1,4,7.16,99.4,1,7.3,2,3,1,2,71.6,1
11897,21,0,2,0.51,54.0,1,8.5,0,4,2,0,41.2,1
11898,19,1,1,5.0,47.6,1,9.9,2,2,0,0,56.7,1
11899,23,0,2,0.48,89.3,1,6.5,1,3,2,0,20.6,1
11900,22,2,1,5.74,87.9,0,6.9,1,4,0,0,66.8,1
11901,24,1,1,7.82,99.4,1,7.3,2,0,0,2,84.9,1
11902,19,0,3,3.44,54.6,0,8.2,0,2,2,0,73.4,1
11903,18,1,5,7.75,42.9,1,5.6,0,4,1,0,67.2,1
11904,20,1,6,5.13,83.4,1,7.5,2,3,1,1,46.0,1
11905,21,2,3,4.76,88.5,1,5.5,0,3,0,2,81.1,1
11906,20,0,5,1.37,61.0,1,6.6,0,1,1,2,46.8,1
11907,23,0,4,7.62,96.2,1,7.0,0,4,1,2,92.4,1
11908,17,1,0,6.89,86.3,1,6.8,1,2,1,0,88.4,1
11909,21,1,4,1.05,64.6,1,7.4,0,1,1,0,41.9,1
11910,20,0,0,0.23,83.2,1,5.9,1,3,0,2,40.4,1
11911,18,1,0,2.87,40.6,1,9.9,2,4,2,2,46.3,1
11912,22,2,6,1.28,60.4,1,7.8,2,4,0,0,40.7,1
11913,23,1,6,2.69,50.2,1,5.1,0,2,0,2,30.7,1
11914,21,2,4,7.67,58.3,1,8.6,0,4,2,2,73.0,1
11915,17,1,4,6.9,52.5,0,6.3,0,4,1,2,65.2,1
11916,17,0,4,3.52,82.9,1,5.9,0,1,2,2,44.8,1
11917,20,1,5,2.21,89.7,1,8.8,0,4,1,2,50.6,1
11918,22,1,2,4.62,50.8,1,7.2,0,3,2,1,48.3,1
11919,19,0,0,7.5,65.0,1,4.3,2,1,1,0,49.5,1
11920,19,1,2,6.33,75.9,0,7.9,2,0,2,2,93.0,1
11921,23,1,3,6.94,48.7,1,5.0,1,1,1,2,73.3,1
11922,17,2,0,6.09,61.6,1,8.0,1,3,0,0,74.7,1
11923,17,0,0,4.03,51.7,1,7.3,0,2,0,2,71.9,1
11924,18,0,5,1.13,73.7,0,5.9,1,3,1,1,58.8,1
11925,24,0,1,6.55,94.1,1,9.3,0,0,2,2,85.3,1
11926,20,0,6,5.21,67.8,1,5.4,0,4,0,2,80.1,1
11927,18,0,0,6.18,80.3,1,5.7,0,1,0,2,88.8,1
11928,19,2,1,5.87,83.2,1,5.6,2,1,1,2,73.5,1
11929,24,0,1,1.97,99.4,1,7.1,0,4,2,1,72.1,1
11930,22,0,4,2.29,77.7,1,6.2,1,1,1,0,76.6,1
11931,18,1,6,6.85,51.1,1,6.1,0,1,0,2,82.1,1
11932,18,2,6,3.26,40.6,1,8.4,1,4,1,0,54.9,1
11933,17,0,1,1.42,48.3,0,9.9,0,0,2,2,47.5,-1
11934,23,0,6,5.14,47.5,1,6.8,2,2,2,2,52.5,1
11935,18,2,1,2.39,71.4,1,7.9,0,0,2,2,70.3,1
11936,19,1,3,5.14,66.4,0,8.4,0,0,1,2,66.3,1
11937,19,1,2,4.72,76.9,1,8.1,1,4,0,2,90.3,1
11938,21,1,1,5.31,44.7,1,8.7,0,1,2,2,57.2,1
11939,21,1,0,7.91,89.2,1,8.3,0,0,2,0,100.0,1
11940,23,0,6,2.22,46.5,0,9.8,0,1,1,0,49.2,1
11941,19,0,1,7.81,81.0,1,9.5,1,4,0,0,98.1,1
11942,20,1,1,6.11,81.6,1,7.7,0,1,1,2,62.9,1
11943,20,1,1,6.84,74.1,1,6.3,0,3,2,0,64.9,1
11944,17,2,1,6.42,50.5,1,9.9,2,2,2,0,77.3,1
11945,22,1,3,0.18,76.8,1,6.2,1,0,2,1,66.9,1
11946,21,2,1,4.03,95.5,1,5.8,0,2,0,1,60.8,1
11947,20,2,0,0.85,88.3,1,4.2,1,2,1,1,57.7,1
11948,24,0,3,5.39,47.8,1,9.8,0,1,2,2,71.2,1
11949,18,0,5,0.48,59.9,1,9.2,2,0,0,0,60.9,1
11950,24,0,2,0.27,87.4,1,5.4,0,2,0,1,58.0,1
11951,22,1,0,7.25,51.8,1,6.3,2,0,2,2,84.1,1
11952,18,0,3,7.34,82.9,1,5.4,0,3,2,0,85.7,1
11953,22,0,6,4.99,95.1,0,9.9,1,3,0,2,92.6,1
11954,23,0,6,3.68,57.1,0,4.2,2,2,1,0,42.6,1
11955,19,1,6,6.63,45.7,1,4.1,1,1,0,1,66.8,1
11956,19,2,3,7.71,67.6,1,8.2,1,1,2,1,88.1,1
11957,23,0,2,0.43,58.8,0,5.2,1,4,0,2,33.2,1
11958,18,1,6,0.83,70.5,1,4.1,0,4,1,2,27.5,1
11959,17,2,4,7.24,58.2,0,7.7,1,3,0,0,95.1,-1
11960,22,2,6,0.8,70.2,0,6.8,0,3,0,1,35.7,1
11961,24,0,6,5.71,49.5,1,6.2,1,4,1,0,61.2,1
11962,21,1,5,4.43,50.4,1,4.1,0,3,1,2,33.5,1
11963,18,2,0,4.17,63.1,1,4.5,2,1,1,0,44.6,1
11964,21,1,4,0.78,45.4,1,9.1,1,4,2,0,52.8,1
11965,19,1,4,5.83,99.0,1,9.6,2,4,0,0,83.8,1
11966,23,2,6,4.82,59.4,0,6.0,1,3,2,2,54.1,1
11967,21,1,1,7.43,52.0,1,9.0,0,1,1,0,73.0,1
11968,19,1,3,3.85,82.2,0,9.2,1,2,2,1,73.2,1
11969,21,2,4,7.3,65.3,1,8.8,0,3,1,2,72.3,1
11970,22,1,1,1.47,97.5,1,9.5,0,3,1,2,58.5,1
11971,22,2,0,1.63,43.2,0,9.9,0,3,1,2,33.2,1
11972,19,1,6,7.59,68.7,1,5.7,0,3,1,1,77.0,1
11973,21,2,2,0.8,54.1,1,4.1,2,0,1,1,23.2,1
11974,17,2,3,1.89,82.2,1,6.4,0,3,1,2,54.5,1
11975,20,1,4,1.13,72.7,1,8.3,2,0,1,1,62.8,1
11976,20,0,6,5.68,54.3,1,6.1,0,3,1,2,55.3,1
11977,21,2,1,6.24,71.5,1,7.1,2,2,2,0,72.9,1
11978,24,1,0,7.21,86.7,1,6.1,2,3,2,2,81.6,1
11979,24,2,2,1.17,98.5,1,6.4,1,1,1,2,55.0,1
11980,20,0,0,2.57,53.6,1,6.8,0,3,2,1,51.2,1
11981,22,2,6,2.54,43.3,1,9.2,2,1,1,2,46.2,1
11982,17,1,5,7.79,73.9,1,8.9,1,0,1,1,83.2,1
11983,20,2,0,4.66,58.5,1,9.7,0,2,2,2,71.7,1
11984,22,2,4,2.7,84.7,0,5.5,0,1,2,2,58.6,1
11985,22,0,6,2.39,86.1,1,6.8,1,4,0,0,79.2,1
11986,24,1,3,2.55,51.4,1,8.1,0,0,1,0,52.7,1
11987,20,0,0,5.7,66.8,1,7.1,1,2,1,2,66.1,1
11988,24,0,6,4.39,41.4,1,6.5,1,1,0,0,76.1,1
11989,24,0,5,4.99,83.5,0,4.9,0,1,1,2,77.4,1
11990,21,0,3,3.76,72.8,1,7.4,0,3,0,1,75.5,1
11991,17,2,2,0.21,98.7,1,9.7,0,4,1,0,60.5,1
11992,20,0,2,5.5,60.3,1,8.5,0,4,1,2,54.9,1
11993,23,0,2,5.79,79.4,1,6.9,1,3,2,1,70.2,1
11994,21,2,4,1.44,74.4,0,7.6,2,2,2,2,51.6,1
11995,24,2,1,5.19,73.3,1,4.9,1,1,2,1,70.7,1
11996,23,0,2,7.02,65.5,0,8.1,1,1,2,1,72.7,1
11997,17,1,4,4.82,62.4,1,7.7,2,3,1,2,53.3,1
11998,23,2,3,5.35,53.8,1,5.8,2,1,2,2,66.8,1
11999,19,0,3,5.61,81.5,0,9.9,2,2,0,2,58.4,1
12000,23,0,1,2.59,82.2,1,5.4,1,2,2,2,69.4,1
12001,21,2,1,1.23,80.0,1,6.2,1,3,2,0,33.9,1
12002,20,0,1,3.78,98.7,1,6.9,2,4,1,2,57.7,1
12003,17,2,4,1.85,59.5,1,9.6,1,3,2,2,51.0,1
12004,17,0,6,5.5,49.7,1,6.1,1,2,1,2,59.9,1
12005,21,2,6,5.72,43.5,1,7.4,2,1,2,1,58.4,1
12006,21,1,2,0.08,48.0,1,5.8,1,1,2,0,49.2,1
12007,21,2,4,7.63,55.9,1,4.6,2,2,0,0,72.8,1
12008,18,1,5,7.4,43.6,1,6.2,0,3,2,0,71.8,1
12009,21,2,2,1.06,96.6,1,8.9,2,3,1,2,46.2,1
12010,17,1,4,3.82,59.5,1,6.3,2,0,1,2,54.8,1
12011,18,2,3,1.67,95.8,1,7.5,2,4,1,0,42.4,1
12012,20,2,1,7.71,62.6,1,8.3,1,1,2,2,76.6,1
12013,21,2,5,4.53,72.4,1,7.2,1,1,1,2,62.3,1
12014,22,2,6,5.6,75.7,0,5.8,0,3,1,1,84.4,1
12015,24,0,4,7.82,63.9,1,9.9,0,0,1,0,100.0,1
12016,23,1,1,5.38,61.5,1,5.6,2,1,1,2,50.2,1
12017,20,2,3,6.97,79.8,1,5.0,1,1,0,2,100.0,1
12018,23,0,3,1.92,94.1,1,8.7,2,1,0,2,41.6,1
12019,17,2,6,1.84,84.9,1,4.1,1,2,2,2,57.8,1
12020,23,2,5,3.53,66.4,1,6.9,0,0,1,2,43.9,1
12021,20,2,4,7.05,87.1,1,6.2,0,1,0,0,100.0,1
12022,23,0,5,0.31,78.0,0,5.6,1,3,2,1,34.5,1
12023,24,0,4,3.53,70.7,1,6.7,0,1,1,2,63.1,1
12024,22,0,0,6.6,93.1,0,7.0,2,2,0,2,96.3,1
12025,24,0,2,1.42,70.3,1,6.5,1,2,1,0,59.2,1
12026,17,2,5,4.93,66.4,1,9.5,0,2,2,2,71.0,1
12027,18,1,3,0.56,80.0,1,9.9,1,1,0,0,34.2,1
12028,22,1,6,0.08,66.0,1,4.4,1,2,0,1,45.9,1
12029,21,1,4,2.55,57.2,1,9.2,2,3,1,0,37.7,1
12030,17,0,3,6.45,70.9,1,7.3,1,2,1,1,78.5,1
12031,22,2,4,0.33,96.3,1,6.7,1,2,2,1,48.7,1
12032,17,1,4,2.92,70.1,0,8.5,2,0,2,0,49.9,1
12033,24,2,6,5.83,99.4,1,8.4,2,1,2,2,66.9,1
12034,18,1,0,2.95,89.2,1,8.9,0,0,1,1,71.0,1
12035,20,2,0,3.83,69.1,1,4.6,2,1,2,1,48.0,1
12036,23,2,0,4.0,60.3,1,4.3,2,3,1,0,34.5,1
12037,21,2,2,7.26,78.7,0,8.1,2,1,0,1,75.0,1
12038,22,2,3,7.01,97.3,1,7.9,2,2,0,0,84.8,1
12039,22,0,3,0.51,64.8,0,9.1,1,2,2,1,31.5,1
12040,24,2,1,5.54,52.8,0,9.0,1,2,2,2,73.4,1
12041,20,2,5,4.34,47.9,1,6.9,2,3,0,2,49.6,1
12042,24,1,4,2.84,71.0,1,6.2,2,0,2,0,42.0,1
12043,21,2,1,3.94,66.6,1,6.9,1,2,1,2,65.4,1
12044,24,2,1,7.04,70.9,0,5.4,0,2,2,2,75.4,1
12045,22,1,4,6.18,69.2,1,5.0,0,3,0,0,78.6,1
12046,18,2,2,4.54,74.5,1,8.8,1,2,0,2,93.2,1
12047,22,1,1,1.4,58.8,1,5.2,0,2,1,2,33.0,1
12048,24,0,3,4.95,68.5,1,5.2,2,0,1,0,76.0,1
12049,18,2,6,3.98,65.6,1,4.7,0,4,2,2,51.7,1
12050,23,2,2,3.58,71.6,1,5.6,2,2,1,0,58.4,1
12051,17,0,3,7.55,67.0,1,4.2,2,0,0,2,90.1,1
12052,23,2,3,7.91,79.0,1,4.7,2,3,0,0,71.0,1
12053,23,1,1,7.61,82.6,1,7.1,1,2,0,2,100.0,1
12054,18,2,3,5.91,64.0,1,9.2,0,0,2,2,84.4,1
12055,22,1,4,4.79,83.9,0,9.8,0,1,0,1,86.8,1
12056,17,2,2,2.56,94.7,1,5.8,2,2,0,2,61.4,1
12057,21,2,6,7.58,86.1,0,6.4,2,0,2,0,90.4,1
12058,24,0,1,3.64,86.5,1,5.3,0,1,2,2,51.4,1
12059,18,1,0,1.61,84.0,1,6.9,1,3,1,1,54.0,1
12060,18,0,2,0.89,63.6,1,7.9,1,1,1,2,30.8,1
12061,20,1,4,6.69,97.3,1,9.0,0,4,0,2,91.1,1
12062,19,2,4,2.63,51.5,1,5.7,0,0,1,1,50.5,1
12063,17,0,2,6.13,57.6,0,9.2,0,2,1,1,86.9,1
12064,20,2,0,5.02,52.5,1,7.9,2,1,0,0,42.5,1
12065,19,2,5,2.27,69.1,1,9.4,2,2,2,0,62.0,1
12066,17,1,4,6.81,84.9,1,5.4,2,2,2,2,91.4,1
12067,19,2,0,6.76,55.5,1,6.0,2,1,2,1,65.3,1
12068,17,1,4,1.37,97.6,1,4.1,0,3,2,1,55.7,1
12069,24,1,5,0.97,79.6,1,6.9,2,3,0,0,39.9,1
12070,24,1,0,4.8,96.2,1,6.3,2,3,1,0,50.9,1
12071,19,0,1,1.87,76.4,1,9.7,1,0,2,2,80.7,1
12072,24,2,2,2.66,75.2,1,8.7,1,0,1,2,67.3,1
12073,20,2,6,7.49,97.9,1,9.6,0,0,0,0,100.0,1
12074,24,1,0,1.4,96.7,1,8.6,2,1,1,2,27.8,1
12075,18,1,5,3.76,81.6,1,6.0,1,4,1,2,62.3,1
12076,19,1,0,2.36,46.9,1,7.5,2,2,1,2,25.4,1
12077,22,2,4,2.78,47.1,1,8.1,0,1,2,0,64.5,1
12078,18,0,0,2.96,42.0,0,8.5,1,0,2,0,64.5,1
12079,23,1,4,2.08,48.8,1,8.2,2,0,2,0,53.4,1
12080,20,1,6,6.11,72.8,1,4.9,1,3,0,2,65.0,1
12081,20,1,5,6.49,66.7,1,6.3,2,0,0,2,89.5,1
12082,20,2,1,4.32,81.6,1,4.2,2,1,0,0,63.1,1
12083,23,0,3,7.19,93.5,1,5.8,1,0,0,1,100.0,1
12084,17,0,1,1.09,62.6,1,8.6,0,0,2,2,58.9,1
12085,23,2,1,4.05,92.2,0,6.2,0,0,2,2,91.8,1
12086,23,1,5,6.63,93.8,1,4.3,0,0,0,2,91.2,1
12087,23,1,6,4.97,80.7,1,9.9,1,2,2,0,91.9,1
12088,24,1,6,7.88,90.1,1,5.1,0,0,0,2,100.0,1
12089,23,1,5,4.77,95.6,1,6.0,1,3,0,0,69.7,1
12090,21,2,3,7.68,67.4,1,4.4,1,2,1,0,86.1,1
12091,20,2,3,0.79,70.2,1,9.3,1,2,0,0,46.5,1
12092,20,0,3,0.34,71.0,1,5.9,0,2,2,0,43.8,1
12093,23,2,5,2.85,67.6,1,5.5,0,1,0,2,47.7,1
12094,20,0,2,6.73,96.9,1,8.8,0,1,0,2,90.6,1
12095,21,1,5,0.4,45.5,1,7.4,1,3,2,1,24.7,1
12096,17,1,5,2.02,61.8,1,9.6,1,4,1,2,66.6,1
12097,19,1,6,7.88,94.4,0,8.5,1,2,1,0,91.5,-1
12098,19,2,4,5.13,86.5,1,5.4,0,0,1,1,73.6,1
12099,20,0,3,3.14,57.3,1,5.5,1,4,2,2,49.5,1
12100,21,2,3,0.62,79.8,0,6.9,1,4,2,2,47.0,1
12101,22,1,4,6.04,40.6,1,7.3,1,2,1,1,57.4,1
12102,20,2,0,7.4,72.0,1,6.8,2,0,0,2,88.0,1
12103,18,1,5,5.93,95.1,0,7.2,1,2,0,2,95.4,1
12104,21,0,3,0.93,77.1,1,9.9,1,4,1,2,50.5,1
12105,17,0,1,4.25,94.5,1,6.5,1,1,1,0,85.1,1
12106,23,2,5,3.22,44.5,1,6.4,2,0,0,2,59.9,1
12107,23,0,0,7.23,72.0,1,8.7,1,1,1,1,100.0,1
12108,18,2,2,6.1,81.1,0,9.3,2,2,0,0,83.2,1
12109,19,0,3,6.42,42.0,1,5.8,1,1,2,0,68.2,1
12110,17,0,3,3.31,92.0,0,9.3,1,1,1,1,59.3,1
12111,19,2,0,0.2,55.4,1,9.1,2,3,0,2,29.2,1
12112,17,2,2,6.08,91.9,1,5.7,0,4,0,2,83.2,1
12113,24,1,3,5.07,56.8,0,5.5,1,1,2,1,63.9,1
12114,18,2,5,1.13,98.9,0,8.2,0,4,0,1,72.0,1
12115,22,0,5,6.05,93.2,1,8.4,1,0,0,2,100.0,1
12116,21,2,1,1.19,91.4,1,8.4,0,0,0,2,56.0,1
12117,18,0,3,5.92,81.2,1,4.2,1,4,1,2,59.9,1
12118,23,2,6,5.71,64.1,1,8.1,1,0,2,1,100.0,1
12119,17,2,0,0.08,67.5,1,9.7,2,0,2,1,47.9,1
12120,24,0,3,6.2,75.2,1,6.1,2,4,2,0,59.1,1
12121,22,2,4,3.26,56.0,1,4.9,0,4,2,1,64.6,1
12122,22,0,3,4.05,55.4,1,7.7,2,3,0,2,52.2,1
12123,24,2,5,7.72,69.1,1,5.0,1,3,1,0,63.6,1
12124,20,1,0,7.36,71.7,1,5.3,0,0,2,0,77.6,1
12125,19,2,3,3.06,87.8,1,4.3,2,3,2,0,49.6,1
12126,18,0,3,5.68,84.7,1,5.6,2,1,0,2,70.2,1
12127,24,0,5,4.1,77.5,1,7.8,1,1,1,0,69.3,1
12128,20,0,0,6.58,79.3,1,5.4,1,4,2,0,100.0,1
12129,23,2,1,2.56,92.3,0,7.3,0,0,1,1,61.1,1
12130,19,0,0,3.77,43.5,1,8.6,1,3,1,2,52.8,1
12131,24,1,1,0.9,74.2,1,6.8,0,2,1,1,35.8,1
12132,23,2,1,7.41,43.6,1,9.2,1,0,0,1,93.4,1
12133,19,0,5,7.21,46.6,1,5.3,0,0,2,0,100.0,1
12134,20,1,0,2.21,68.5,1,9.9,1,0,0,1,57.1,1
12135,23,1,1,4.66,63.5,1,5.3,1,1,1,0,40.0,1
12136,18,2,5,3.03,84.0,1,7.9,2,3,2,2,44.1,1
12137,17,1,5,1.25,89.1,1,7.2,2,0,2,2,41.8,1
12138,19,1,1,0.36,87.4,1,5.7,0,2,0,2,52.3,1
12139,21,0,0,6.58,74.8,1,5.2,2,4,1,1,75.9,1
12140,18,1,5,2.31,40.6,1,4.5,2,1,0,1,37.7,1
12141,19,0,1,4.12,41.4,1,8.8,1,0,0,2,77.7,1
12142,24,1,6,7.22,51.4,1,5.0,2,3,2,0,65.8,1
12143,17,2,4,0.16,56.1,1,7.8,1,2,2,1,38.7,1
12144,17,0,4,4.38,67.7,0,5.1,1,3,2,2,66.0,1
12145,20,1,3,7.64,62.8,1,7.3,1,1,2,0,72.0,1
12146,17,0,2,6.47,49.1,1,4.6,1,1,0,2,97.2,1
12147,17,1,5,1.75,45.8,1,6.2,0,1,2,1,35.9,1
12148,18,1,3,1.61,41.3,1,7.9,1,4,0,2,40.2,1
12149,17,1,1,6.1,44.1,1,8.9,0,2,0,2,65.9,1
12150,23,2,5,0.64,40.6,1,9.6,2,2,2,2,32.0,1
12151,17,2,0,4.79,41.9,1,9.2,1,4,0,0,70.3,1
12152,21,0,0,1.87,66.8,1,5.4,1,1,0,2,55.0,1
12153,22,1,4,6.71,80.5,0,5.2,0,2,0,0,85.6,1
12154,22,1,1,3.04,65.1,1,5.6,1,4,2,0,48.4,1
12155,22,2,2,3.32,55.8,1,9.8,0,2,0,2,64.1,1
12156,19,0,0,6.36,76.9,1,9.9,2,4,1,0,90.1,1
12157,24,1,4,0.7,77.9,1,9.9,2,1,1,2,35.2,1
12158,17,1,0,4.81,82.7,1,8.2,1,2,1,2,87.5,1
12159,17,0,4,7.7,57.1,0,6.5,2,1,0,2,73.2,1
12160,23,1,2,5.2,97.4,1,9.0,2,2,1,0,74.3,1
12161,17,2,1,0.65,50.3,1,9.2,0,2,0,0,54.6,1
12162,18,1,1,7.27,97.8,1,5.8,0,2,0,1,71.1,1
12163,18,1,2,1.03,78.0,1,5.7,0,4,2,0,49.0,1
12164,17,2,4,2.95,56.3,1,9.9,2,1,0,0,44.6,1
12165,17,0,1,1.45,51.9,1,7.6,0,1,0,2,43.8,1
12166,21,2,3,5.77,53.9,1,9.9,1,2,2,0,81.0,1
12167,22,1,6,2.12,78.8,1,7.8,2,1,1,2,57.8,1
12168,17,2,1,2.09,97.5,1,9.9,0,2,1,0,64.2,1
12169,24,1,1,3.31,92.1,1,7.1,2,0,0,0,75.0,1
12170,17,2,6,2.29,98.9,1,8.9,0,0,2,1,61.0,1
12171,22,2,0,6.28,59.3,1,7.0,1,2,1,0,64.0,1
12172,23,0,0,4.21,63.3,1,9.5,1,3,1,1,65.8,1
12173,21,0,5,4.45,84.8,0,6.1,2,2,2,2,71.3,1
12174,20,1,2,1.29,55.0,0,7.2,1,4,1,2,50.1,1
12175,17,2,0,7.31,60.2,1,5.1,0,0,0,2,90.7,1
12176,18,1,1,2.79,57.2,1,8.8,0,0,1,2,49.4,1
12177,23,1,6,3.02,64.5,1,5.9,1,2,2,0,60.5,1
12178,19,0,0,1.94,86.3,1,4.1,2,4,2,2,37.8,1
12179,17,1,3,7.68,40.6,1,5.3,2,1,0,1,59.9,1
12180,22,1,3,4.86,41.6,1,9.4,1,2,2,0,60.6,1
12181,22,0,3,0.49,40.6,0,6.6,0,1,1,0,19.599,-1
12182,17,1,2,1.54,78.4,1,4.8,1,1,2,0,40.8,1
12183,17,2,1,3.84,62.0,1,7.7,2,3,2,1,36.9,1
12184,17,2,5,1.5,68.3,1,9.6,0,4,0,2,59.0,1
12185,17,1,3,4.84,68.0,1,8.4,1,1,2,0,59.0,1
12186,21,1,6,2.46,52.2,1,7.8,1,0,2,0,52.5,1
12187,18,2,3,2.8,87.4,0,7.7,1,4,0,2,61.9,1
12188,21,1,0,6.29,51.2,1,7.0,0,1,2,2,73.3,1
12189,18,0,0,4.19,81.1,1,6.5,0,2,2,0,70.7,1
12190,24,2,5,0.9,84.4,1,5.7,2,3,0,2,45.5,1
12191,22,0,1,2.98,55.3,1,7.3,2,4,1,2,22.2,1
12192,19,1,4,7.17,82.6,0,4.5,0,3,0,0,85.3,1
12193,20,1,6,6.77,53.0,1,4.1,1,1,1,2,63.6,1
12194,17,0,5,6.08,71.6,1,7.6,1,1,1,2,65.8,1
12195,17,0,0,6.75,83.0,1,6.0,2,1,2,2,72.3,1
12196,21,1,1,0.73,48.7,0,8.8,2,0,0,1,36.6,1
12197,17,0,4,0.98,80.6,1,8.6,1,1,0,2,36.1,1
12198,22,0,4,0.15,48.0,1,9.2,1,4,0,1,45.1,1
12199,20,1,5,1.0,44.3,0,6.9,2,1,1,0,19.599,-1
12200,18,2,2,6.59,61.0,1,9.1,1,3,0,1,100.0,1
12201,21,2,3,0.3,53.1,1,8.0,1,1,2,2,20.4,1
12202,21,2,2,3.72,48.9,0,9.5,2,0,1,2,62.4,1
12203,22,0,6,1.98,55.5,1,6.8,0,1,2,2,42.0,1
12204,18,0,6,6.66,85.7,1,8.0,0,4,0,0,100.0,1
12205,21,1,5,6.42,91.6,1,5.5,0,3,0,1,68.0,1
12206,23,1,0,6.13,96.2,0,8.8,1,2,2,2,100.0,1
12207,19,1,5,3.03,97.1,1,8.4,0,1,0,0,80.4,1
12208,23,0,3,7.4,77.7,1,7.9,1,2,0,1,96.3,1
12209,22,0,4,7.17,81.6,1,4.9,2,3,0,2,90.3,1
12210,20,0,1,5.21,58.3,1,6.8,1,1,1,0,55.0,1
12211,24,0,3,4.9,93.7,0,9.9,0,0,0,2,95.4,-1
12212,24,1,6,2.7,60.9,1,9.9,2,3,0,2,45.7,1
12213,18,2,1,5.89,84.1,1,9.7,2,3,1,2,70.4,1
12214,24,1,0,7.51,87.1,0,9.7,2,2,0,1,100.0,-1
12215,17,1,0,2.53,98.7,1,8.1,1,0,2,2,73.9,1
12216,18,2,1,2.29,41.9,1,7.9,0,4,1,1,30.1,1
12217,17,0,0,2.11,55.1,1,9.3,0,4,1,0,38.3,1
12218,19,2,4,7.87,68.3,1,6.7,2,0,1,1,79.3,1
12219,24,2,2,4.32,87.8,1,5.9,2,1,0,2,65.8,1
12220,21,2,1,7.74,83.5,1,9.2,0,3,1,0,91.7,1
12221,21,0,5,4.94,44.5,0,4.6,1,2,0,2,67.4,1
12222,17,2,1,2.35,91.4,1,6.4,0,2,1,0,64.3,1
12223,21,1,0,4.69,64.7,1,9.2,2,1,0,1,65.8,1
12224,20,0,4,1.24,91.3,0,8.8,0,2,1,2,34.4,1
12225,20,2,5,3.58,93.0,1,6.4,0,4,0,0,66.3,1
12226,19,2,6,3.54,95.1,1,6.5,2,1,0,2,73.1,1
12227,18,0,1,4.61,87.1,1,6.3,0,0,1,2,93.1,1
12228,24,2,5,3.1,85.2,1,8.6,2,2,0,2,42.8,1
12229,21,1,5,3.64,70.6,1,5.8,1,1,0,0,63.9,1
12230,20,1,2,7.01,73.4,1,7.0,1,1,1,1,88.4,1
12231,17,2,6,1.44,71.0,1,5.6,2,4,2,0,33.3,1
12232,23,0,0,7.38,70.9,1,8.9,1,3,0,1,78.0,1
12233,20,1,0,4.31,52.6,1,9.8,2,1,0,1,57.1,1
12234,20,1,5,5.03,59.7,1,4.5,0,1,0,2,65.5,1
12235,22,1,3,0.83,50.6,0,6.7,0,1,0,0,43.4,1
12236,18,2,1,1.16,83.1,1,7.8,1,3,1,2,28.2,1
12237,21,2,0,5.86,65.2,1,6.0,2,1,1,1,66.5,1
12238,23,2,5,7.21,54.6,1,5.4,2,0,2,1,82.3,1
12239,20,1,1,4.15,88.0,1,4.4,1,0,2,2,77.5,1
12240,17,2,3,1.34,93.7,1,6.9,2,4,1,2,34.0,1
12241,18,0,5,6.38,40.6,1,6.0,0,3,0,1,81.9,1
12242,17,1,6,7.34,92.7,0,4.2,1,4,2,2,84.3,-1
12243,21,2,5,5.36,41.6,1,7.3,2,1,0,2,60.2,1
12244,19,2,0,1.46,82.6,1,7.9,1,1,2,2,59.4,1
12245,18,0,1,3.3,92.6,1,9.7,2,1,1,2,67.1,1
12246,22,1,6,7.52,54.1,1,6.7,0,4,1,1,70.1,1
12247,18,2,4,1.53,96.6,1,6.2,0,4,0,2,57.4,1
12248,19,1,0,1.37,83.2,1,5.0,1,4,0,1,53.2,1
12249,24,1,6,5.61,99.0,1,8.4,0,0,1,1,73.3,1
12250,17,0,5,4.34,52.0,1,4.1,1,1,1,0,38.0,1
12251,18,2,3,1.64,47.7,0,9.6,2,3,0,1,48.5,1
12252,19,2,1,4.93,79.7,1,5.4,0,3,1,2,62.8,1
12253,21,2,2,7.49,70.9,1,4.8,0,2,1,1,78.5,1
12254,18,2,3,6.84,88.9,1,7.4,2,3,2,2,89.1,1
12255,24,1,2,0.08,65.7,1,7.7,1,1,2,2,40.1,1
12256,17,1,0,7.01,40.6,1,7.7,0,0,1,2,82.6,1
12257,24,2,4,5.02,69.1,1,5.4,0,2,0,2,62.1,1
12258,21,0,2,2.14,80.0,1,8.9,0,1,2,2,75.3,1
12259,17,2,6,0.75,58.7,1,4.4,0,4,0,0,58.8,1
12260,17,0,3,7.77,70.1,0,9.9,2,2,2,0,96.2,-1
12261,17,0,6,0.23,76.2,1,6.9,0,2,1,1,51.9,1
12262,19,1,1,1.48,83.1,1,5.4,2,0,0,2,55.3,1
12263,19,0,3,5.37,54.1,1,7.6,1,2,2,1,83.8,1
12264,22,2,6,6.06,56.1,0,6.4,0,3,2,2,63.2,1
12265,19,2,4,2.13,81.2,1,4.6,2,1,2,0,58.4,1
12266,22,0,5,5.9,61.3,1,5.4,2,3,1,2,42.1,1
12267,19,2,4,6.12,85.0,1,8.2,0,1,2,1,70.7,1
12268,19,1,5,6.42,56.1,0,8.8,0,4,2,1,85.1,1
12269,19,0,0,6.03,85.3,1,6.8,0,0,0,2,84.6,1
12270,19,0,3,0.26,49.5,1,7.2,1,1,1,1,33.9,1
12271,23,2,2,7.14,67.1,1,6.7,2,2,2,2,58.3,1
12272,18,2,1,4.5,51.5,1,5.0,0,2,2,2,61.1,1
12273,19,1,2,3.45,71.0,1,6.6,1,4,2,2,51.0,1
12274,24,2,0,0.2,82.0,0,6.6,0,3,0,0,35.6,1
12275,22,2,5,4.73,71.6,1,8.5,2,3,2,2,55.9,1
12276,18,1,1,1.3,49.6,1,4.4,1,4,0,2,33.8,1
12277,23,1,3,4.38,95.3,1,5.5,0,1,0,2,73.2,1
12278,18,1,3,1.51,40.6,1,7.4,0,0,2,2,42.4,1
12279,18,1,1,5.5,83.8,0,5.3,1,2,1,2,62.9,1
12280,20,2,5,0.71,83.4,1,6.7,0,3,1,0,47.4,1
12281,22,2,5,4.8,93.8,1,7.0,1,3,0,2,75.1,1
12282,18,0,1,5.15,91.7,1,5.0,2,0,1,0,72.3,1
12283,23,0,2,3.16,49.0,1,5.9,0,4,0,1,61.8,1
12284,18,0,2,7.34,96.8,1,7.5,1,0,1,2,92.3,1
12285,23,2,0,4.21,49.1,0,8.6,2,0,0,2,73.3,1
12286,17,1,2,6.0,73.8,1,6.8,1,3,2,1,70.9,1
12287,20,2,2,3.56,49.4,1,4.1,2,2,1,2,47.9,1
12288,22,2,3,6.33,62.7,1,8.0,1,4,0,1,68.3,1
12289,19,2,3,7.18,87.6,1,6.2,1,3,2,2,92.2,1
12290,21,2,2,3.3,96.2,1,6.7,0,2,2,2,53.0,1
12291,22,2,4,7.74,59.3,1,9.5,2,2,1,2,72.7,1
12292,22,1,0,1.23,66.2,0,6.5,2,3,0,2,32.2,1
12293,20,2,1,6.77,88.1,0,9.5,1,3,1,1,91.1,1
12294,23,1,2,4.21,75.8,1,5.6,1,2,2,2,71.0,1
12295,22,1,5,1.11,93.9,1,8.2,1,1,1,2,56.9,1
12296,19,1,2,5.0,59.7,1,6.6,0,2,1,2,66.8,1
12297,22,0,1,1.05,51.3,0,9.6,0,3,1,1,33.7,1
12298,24,1,4,7.1,72.9,1,8.4,0,0,1,0,100.0,1
12299,23,0,4,6.53,68.0,1,5.5,1,3,0,0,69.9,1
12300,22,1,6,5.23,92.9,1,6.7,2,4,2,0,66.4,1
12301,23,2,2,1.86,45.3,1,9.5,0,4,0,0,46.5,1
12302,23,1,1,7.7,42.7,1,8.0,1,4,2,2,83.5,1
12303,19,0,4,6.83,50.4,1,9.2,2,1,0,1,76.6,1
12304,22,1,1,5.72,80.3,1,5.9,1,2,2,0,80.4,1
12305,18,2,0,2.92,59.5,1,8.6,0,2,1,0,53.0,1
12306,19,0,0,3.87,45.8,1,4.8,1,3,1,0,49.9,1
12307,24,0,5,2.7,93.2,1,9.1,0,4,2,0,66.0,1
12308,19,0,5,6.8,85.7,0,7.3,1,0,2,2,96.9,1
12309,23,0,5,2.47,93.1,1,4.3,0,4,1,0,49.7,1
12310,20,0,3,1.91,46.7,1,5.6,2,0,2,0,36.9,1
12311,18,1,3,1.71,58.9,1,7.0,1,2,1,1,51.7,1
12312,17,2,3,3.21,77.5,0,7.1,2,1,0,1,66.1,1
12313,21,0,2,4.98,44.7,1,8.5,1,4,2,2,47.6,1
12314,20,1,3,6.65,99.4,1,7.3,0,4,2,1,95.9,1
12315,21,1,1,7.4,99.4,1,8.7,1,1,0,1,100.0,1
12316,17,2,6,0.64,71.1,1,8.9,0,0,1,0,47.7,1
12317,19,1,1,0.38,99.4,1,7.6,2,3,0,2,57.8,1
12318,17,2,2,2.9,96.2,1,5.3,0,0,0,0,83.9,1
12319,19,2,6,6.48,76.5,1,7.9,1,2,0,2,86.3,1
12320,24,2,1,7.26,45.1,0,6.6,0,1,0,2,86.5,1
12321,18,0,3,1.35,47.6,0,4.5,1,4,0,0,42.2,1
12322,22,1,0,2.29,57.8,1,6.9,0,1,0,1,39.9,1
12323,17,1,1,7.22,89.4,0,8.9,2,3,1,0,73.1,1
12324,21,1,3,4.61,72.4,1,6.6,0,1,2,0,72.8,1
12325,24,0,5,3.26,89.9,1,6.2,0,0,2,2,70.8,1
12326,19,0,2,1.95,82.7,1,5.2,1,4,2,2,37.0,1
12327,18,2,4,0.9,88.9,0,7.3,2,2,1,1,57.6,1
12328,21,1,6,0.87,55.9,1,5.5,1,1,0,1,54.1,1
12329,19,0,0,5.39,82.0,1,7.7,1,3,2,2,85.7,1
12330,24,1,4,5.76,44.6,1,4.1,2,2,0,1,57.7,1
12331,23,0,6,2.93,81.4,1,6.2,1,0,0,1,83.3,1
12332,22,1,6,4.85,69.2,1,8.6,0,4,2,2,52.0,1
12333,22,0,4,1.25,60.1,1,4.2,1,4,0,0,30.5,1
12334,21,0,6,0.17,81.8,1,4.6,0,1,1,1,33.3,1
12335,22,2,5,0.8,40.6,1,9.8,2,2,2,2,32.7,1
12336,20,2,3,0.85,86.3,1,4.1,0,2,2,2,47.3,1
12337,24,0,2,7.88,72.1,1,8.6,0,2,1,0,63.7,1
12338,19,1,5,1.89,65.8,1,6.2,2,0,2,2,49.6,1
12339,17,2,0,1.07,71.8,1,5.7,1,3,2,2,24.8,1
12340,22,2,5,6.36,56.3,1,8.3,2,4,0,0,73.6,1
12341,22,2,4,2.93,77.0,0,9.1,2,0,0,2,45.9,1
12342,24,2,0,1.65,53.7,0,6.6,2,3,0,0,49.9,1
12343,20,2,5,1.76,95.6,1,4.1,2,0,2,2,59.3,1
12344,20,1,4,1.11,86.8,1,9.3,0,2,2,2,60.7,1
12345,21,0,5,0.64,93.0,1,9.4,2,2,0,0,55.0,1
12346,20,0,6,5.44,82.9,1,7.6,2,4,1,2,71.9,1
12347,23,1,1,3.52,44.9,1,5.4,0,2,1,2,56.9,1
12348,20,1,5,1.19,71.3,1,9.8,0,4,1,0,27.7,1
12349,23,1,2,6.34,82.2,1,6.6,0,4,2,1,58.4,1
12350,20,2,4,0.15,77.0,1,9.5,2,2,0,1,55.3,1
12351,18,2,1,3.45,81.1,1,5.5,2,2,2,0,51.5,1
12352,24,2,1,1.02,72.1,1,9.5,0,0,2,2,53.0,1
12353,21,1,1,0.22,78.0,1,8.5,1,0,0,2,65.9,1
12354,22,2,5,4.41,73.6,0,6.7,2,4,2,2,70.9,1
12355,21,1,0,1.24,44.7,1,4.3,1,0,0,2,54.9,1
12356,19,2,0,0.55,75.1,1,6.3,1,3,1,2,52.8,1
12357,24,1,0,3.83,68.0,0,9.2,0,3,1,0,61.2,1
12358,19,1,4,6.75,70.3,0,8.0,0,3,0,2,74.4,1
12359,24,1,6,3.89,44.5,1,5.8,0,2,0,2,65.1,1
12360,20,2,4,0.64,94.2,1,7.6,2,4,1,0,19.8,1
12361,17,0,2,2.43,90.3,1,9.6,1,4,2,1,78.2,1
12362,17,2,3,3.57,43.0,1,6.4,2,1,0,0,42.3,1
12363,24,1,2,2.25,94.0,1,5.4,0,1,1,1,60.7,1
12364,21,2,1,2.7,90.6,1,9.1,2,2,0,0,62.6,1
12365,20,0,1,4.0,86.6,0,7.2,2,0,0,2,59.6,1
12366,23,0,4,7.54,95.8,1,7.4,0,1,0,2,100.0,1
12367,21,2,6,6.44,79.6,1,9.6,1,2,2,1,95.6,1
12368,22,1,1,1.64,47.4,1,6.4,1,3,1,2,30.4,1
12369,22,2,6,6.28,49.6,1,8.4,2,4,1,1,66.5,1
12370,18,1,1,3.16,44.3,1,9.2,0,3,2,1,52.0,1
12371,17,0,0,6.53,65.2,1,7.6,1,3,2,2,74.8,1
12372,22,1,2,4.94,49.8,1,7.6,0,4,1,2,58.9,1
12373,17,0,2,5.43,42.1,1,7.0,1,3,0,0,68.4,1
12374,22,0,4,2.9,71.0,1,4.5,1,3,0,0,55.0,1
12375,18,0,0,5.71,58.4,1,5.7,2,0,1,2,66.7,1
12376,19,2,2,4.53,51.9,1,6.3,0,3,0,2,56.8,1
12377,22,2,3,4.95,82.1,1,5.5,1,1,0,2,71.8,1
12378,21,2,0,4.38,74.4,1,5.6,2,2,1,1,43.9,1
12379,23,0,0,0.45,73.1,1,9.2,1,3,2,1,51.5,1
12380,21,1,6,3.79,61.2,1,7.5,0,0,0,2,63.1,1
12381,17,1,0,0.41,85.3,1,9.7,0,4,2,2,51.5,1
12382,23,1,3,1.35,49.1,1,6.7,2,3,1,2,27.9,1
12383,18,0,4,3.8,66.7,0,7.8,1,0,0,0,78.1,1
12384,18,1,6,3.25,63.2,1,7.4,0,0,1,0,68.2,1
12385,24,2,5,0.38,87.8,1,9.6,0,3,0,2,52.1,1
12386,18,2,3,1.1,51.2,1,4.7,0,3,0,1,31.0,1
12387,21,1,0,3.72,99.2,1,5.9,1,4,1,1,68.3,1
12388,20,2,1,7.74,49.5,1,8.5,2,3,1,2,74.1,1
12389,23,0,2,3.89,66.4,1,8.6,2,4,2,0,61.2,1
12390,17,0,5,6.18,76.4,1,4.7,0,3,0,0,72.0,1
12391,17,2,5,3.54,65.4,1,7.3,2,2,1,2,75.8,1
12392,20,0,0,1.53,92.6,1,5.5,0,4,1,1,35.3,1
12393,20,1,6,0.17,78.7,1,9.1,2,4,1,0,30.3,1
12394,23,0,6,3.0,80.9,1,8.6,0,2,1,0,59.8,1
12395,21,1,4,7.36,92.9,1,7.3,0,1,0,2,100.0,1
12396,18,1,1,2.6,47.7,1,7.8,0,2,1,2,51.0,1
12397,24,2,3,2.95,66.8,1,9.6,2,4,0,2,72.0,1
12398,20,1,5,5.54,64.1,1,4.1,1,1,0,0,82.1,1
12399,24,0,3,5.9,85.1,0,7.8,2,3,1,2,69.1,1
12400,24,1,3,4.87,90.5,1,4.4,2,3,1,2,71.1,1
12401,17,0,3,2.71,67.0,0,9.7,0,1,2,0,55.9,1
12402,21,1,5,7.56,47.0,1,6.2,1,1,2,0,67.2,1
12403,20,0,0,2.82,85.7,1,5.6,0,3,0,0,77.0,1
12404,20,0,1,2.34,87.0,1,4.1,0,1,1,1,48.6,1
12405,19,0,3,6.75,56.5,1,4.1,0,2,1,1,57.8,1
12406,21,1,4,7.48,50.3,1,9.8,1,4,2,2,100.0,1
12407,20,0,6,7.65,48.5,1,8.7,2,2,2,2,81.8,1
12408,18,2,2,4.27,46.1,1,9.6,1,1,2,2,69.6,1
12409,19,2,6,6.96,57.4,1,6.3,0,0,0,2,70.7,1
12410,18,0,5,1.47,83.0,1,5.8,1,4,1,2,62.0,1
12411,23,1,4,7.11,57.2,1,8.4,2,0,0,2,70.2,1
12412,22,0,1,6.07,90.3,1,8.1,0,1,0,0,100.0,1
12413,20,0,1,3.19,60.1,1,9.7,1,4,1,0,49.3,1
12414,20,2,0,1.96,82.3,1,5.3,0,2,0,2,45.2,1
12415,17,0,1,6.08,52.7,1,7.4,0,4,0,0,85.3,1
12416,19,1,4,3.44,46.9,1,7.5,0,2,0,1,38.1,1
12417,24,2,5,7.83,54.5,1,8.3,0,0,0,1,97.7,1
12418,17,0,3,6.84,77.6,1,9.8,1,0,2,0,91.2,1
12419,18,0,4,6.32,79.9,1,9.5,0,4,0,2,99.7,1
12420,23,1,5,2.67,77.2,1,8.5,0,2,2,0,56.1,1
12421,21,2,6,5.69,65.3,1,6.3,1,2,2,2,78.9,1
12422,17,2,4,6.05,73.6,1,6.3,1,2,2,2,63.7,1
12423,20,2,1,3.28,96.5,1,8.1,0,0,1,2,73.4,1
12424,22,0,2,0.76,44.5,1,6.2,2,1,0,2,45.1,1
12425,19,0,6,5.88,45.0,0,8.5,2,2,2,1,84.4,1
12426,20,1,5,2.36,69.6,1,9.6,1,3,2,0,73.8,1
12427,22,0,5,1.06,88.1,1,7.7,1,0,2,2,81.9,1
12428,21,1,0,0.34,92.7,0,7.9,1,2,2,2,58.4,1
12429,24,0,1,2.62,83.8,0,8.1,1,1,1,2,59.5,1
12430,18,2,4,4.08,53.3,1,7.7,0,4,1,0,45.9,1
12431,19,2,4,0.31,85.5,1,7.1,2,1,0,1,32.2,1
12432,18,0,1,4.51,53.1,1,8.8,1,3,2,1,70.7,1
12433,22,2,3,7.16,40.9,1,4.5,1,3,0,2,79.4,1
12434,21,0,0,4.78,49.1,1,8.3,2,3,0,2,61.2,1
12435,19,2,1,4.2,98.1,1,5.1,2,4,2,0,70.5,1
12436,22,0,5,1.86,82.9,1,8.8,0,3,1,0,39.1,1
12437,20,0,3,3.51,48.8,1,7.7,2,2,1,2,44.1,1
12438,18,0,6,4.8,58.6,1,6.5,2,1,0,0,70.0,1
12439,21,0,2,6.92,93.0,1,6.5,2,3,0,0,70.2,1
12440,20,0,6,7.05,82.8,1,5.3,2,2,0,2,76.4,1
12441,20,2,4,3.62,54.6,0,6.1,2,3,2,2,54.8,1
12442,20,1,4,1.47,98.6,1,4.9,1,4,0,2,50.7,1
12443,24,1,0,5.66,74.9,1,6.0,2,3,1,2,60.6,1
12444,18,0,2,7.6,73.0,1,6.8,0,1,1,2,65.5,1
12445,19,0,1,7.66,75.2,1,5.3,0,2,2,2,77.6,1
12446,21,0,3,7.91,84.0,1,4.1,0,4,1,2,100.0,1
12447,17,1,0,2.02,55.8,1,8.9,2,4,2,1,31.4,1
12448,18,2,1,6.7,41.4,1,8.8,0,3,1,2,69.9,1
12449,21,0,2,0.41,79.0,1,9.4,0,1,0,2,54.1,1
12450,21,0,4,0.12,68.4,1,5.0,1,0,0,2,45.3,1
12451,22,2,4,5.39,88.7,1,4.8,1,2,1,1,81.6,1
12452,17,0,1,0.96,95.6,1,5.3,0,1,1,1,21.4,1
12453,23,1,5,3.11,76.6,1,4.4,2,1,2,2,67.8,1
12454,20,2,6,0.1,75.7,1,7.9,1,1,0,0,43.7,1
12455,18,0,6,0.69,78.2,1,8.0,2,3,2,1,28.0,1
12456,19,2,1,1.67,44.7,1,5.6,0,4,1,1,21.0,1
12457,18,0,0,4.44,61.8,1,8.3,0,0,2,0,56.7,1
12458,20,1,2,2.66,79.4,1,5.7,1,1,1,0,53.3,1
12459,20,0,2,4.51,71.6,1,8.6,1,4,1,2,70.7,1
12460,20,2,5,5.19,87.1,1,5.8,1,3,2,0,70.0,1
12461,20,2,6,0.08,47.1,1,6.6,1,3,1,2,24.9,1
12462,24,1,1,6.78,78.2,1,9.3,2,2,2,2,96.5,1
12463,24,2,3,0.46,90.4,1,8.6,1,3,1,2,45.3,1
12464,20,2,2,6.98,79.8,1,4.9,2,2,2,1,83.3,1
12465,24,0,5,7.81,44.6,1,6.3,0,0,0,0,67.0,1
12466,23,1,3,7.23,79.8,0,5.7,2,4,0,2,83.6,1
12467,23,0,0,4.34,91.0,1,6.6,0,2,1,2,67.9,1
12468,18,0,6,6.16,48.9,1,5.4,1,1,0,2,72.8,1
12469,20,1,2,1.38,77.1,1,4.2,1,1,0,0,36.4,1
12470,19,2,1,7.5,69.2,1,9.6,0,4,0,2,90.6,1
12471,17,0,5,0.19,53.5,1,9.7,1,0,0,2,55.4,1
12472,17,1,0,4.41,66.5,1,6.1,1,1,0,2,75.9,1
12473,21,0,4,3.69,65.4,0,7.1,1,0,0,2,88.4,1
12474,20,2,1,6.38,74.3,1,7.7,1,1,0,2,72.4,1
12475,23,0,4,5.96,84.9,1,5.3,0,4,1,1,70.6,1
12476,22,0,3,2.64,45.8,1,8.9,1,3,0,2,48.2,1
12477,17,1,2,1.31,52.1,1,5.5,2,3,0,0,52.5,1
12478,23,1,0,6.35,78.5,1,5.9,0,3,0,0,77.4,1
12479,20,2,0,7.82,47.4,1,4.8,1,2,2,0,92.8,1
12480,21,2,4,0.78,79.4,1,4.9,1,0,2,0,47.2,1
12481,24,1,3,5.86,79.4,1,7.6,2,0,2,0,76.6,1
12482,22,0,3,4.13,60.2,1,9.8,1,0,0,2,62.5,1
12483,17,2,1,2.5,99.3,1,4.4,2,3,2,1,60.3,1
12484,18,2,6,0.12,68.4,1,4.8,1,3,1,0,19.599,1
12485,20,0,5,5.79,97.7,1,6.6,2,2,0,2,82.8,1
12486,17,2,4,1.06,50.7,1,7.4,2,0,1,2,44.5,1
12487,18,1,1,6.81,96.1,1,6.1,1,1,1,0,89.0,1
12488,23,1,4,2.12,74.6,0,4.6,2,2,0,0,28.6,1
12489,18,0,1,4.74,99.4,1,9.3,1,1,0,0,84.8,1
12490,18,1,3,2.27,75.9,1,7.7,0,4,1,0,60.1,1
12491,21,2,1,5.62,95.9,1,9.4,2,2,1,2,82.9,1
12492,17,0,0,0.94,61.0,1,7.7,0,3,2,0,37.1,1
12493,19,0,4,2.74,78.0,1,6.6,2,1,1,2,36.3,1
12494,24,0,0,4.07,41.9,1,6.9,1,1,2,0,60.8,1
12495,22,2,5,4.68,75.0,1,7.5,2,0,0,1,70.2,1
12496,24,1,3,4.64,62.5,1,4.5,2,0,2,0,52.2,1
12497,19,0,6,0.64,89.4,1,5.6,0,4,2,2,41.1,1
12498,21,0,1,0.27,69.8,1,9.2,1,1,0,2,57.6,1
12499,18,1,6,1.9,71.4,1,9.9,1,2,2,2,54.8,1
12500,20,2,2,0.3,99.0,1,7.3,1,3,0,1,57.1,1
12501,18,2,3,1.76,93.4,1,7.9,2,1,0,2,53.2,1
12502,23,1,0,0.47,95.9,1,8.6,1,3,1,2,39.2,1
12503,18,2,5,4.22,50.2,1,9.6,0,0,1,1,60.2,1
12504,18,2,2,0.84,92.8,1,4.1,0,2,0,1,53.3,1
12505,20,2,1,3.32,65.7,1,8.2,0,2,1,0,57.5,1
12506,20,0,1,6.16,91.1,1,7.3,1,4,0,0,99.7,1
12507,19,1,6,6.18,70.5,1,5.0,1,2,2,1,81.4,1
12508,19,1,3,4.5,80.0,1,9.5,1,2,1,1,65.0,1
12509,19,1,1,0.25,55.0,1,8.1,1,3,1,0,41.1,1
12510,24,1,5,4.29,51.7,1,6.3,2,3,1,2,39.2,1
12511,21,0,1,2.02,73.4,1,4.2,2,3,1,1,27.0,1
12512,24,1,1,4.55,48.6,1,7.2,0,3,2,2,72.8,1
12513,24,2,3,7.27,77.5,0,9.1,1,4,1,2,88.6,1
12514,22,0,5,4.79,42.0,1,9.1,2,0,1,0,56.1,1
12515,23,0,5,7.52,52.0,1,9.8,2,2,1,2,68.7,1
12516,17,1,2,1.67,56.5,1,5.2,1,0,0,0,65.6,1
12517,24,0,6,2.15,50.1,1,8.9,2,0,2,1,63.4,1
12518,20,2,6,1.19,47.1,1,8.7,2,4,1,0,38.1,1
12519,22,0,0,0.63,85.8,0,8.7,2,0,0,1,65.0,1
12520,18,2,3,0.08,65.1,1,6.3,2,4,2,2,32.0,1
12521,17,1,0,7.42,55.3,1,7.3,0,1,2,2,61.7,1
12522,24,1,3,3.61,58.3,1,8.4,1,1,2,1,57.5,1
12523,20,0,4,7.51,87.6,0,4.4,1,0,0,0,100.0,-1
12524,18,2,4,6.91,53.6,1,7.6,2,2,2,2,67.0,1
12525,22,2,3,5.95,85.7,0,8.1,1,2,2,2,80.2,1
12526,17,2,3,7.34,83.8,1,7.0,2,1,1,0,74.6,1
12527,20,1,3,2.11,44.1,1,9.4,2,2,1,0,26.3,1
12528,22,1,0,6.85,94.4,1,9.0,0,2,2,2,74.3,1
12529,22,0,2,5.44,73.8,0,9.4,0,3,2,2,71.8,1
12530,20,2,0,4.8,90.3,1,8.8,2,2,0,0,82.6,1
12531,19,2,5,4.95,59.1,0,8.1,2,0,1,0,64.7,1
12532,23,1,6,7.25,81.4,1,9.8,2,3,1,0,98.0,1
12533,18,0,5,7.43,76.1,0,5.9,1,3,0,2,98.9,1
12534,17,0,6,1.42,56.2,1,9.8,2,3,0,2,47.3,1
12535,18,2,5,0.65,91.1,1,5.6,0,0,1,2,59.4,1
12536,23,1,3,2.18,88.8,1,5.2,0,0,2,2,40.8,1
12537,20,2,4,6.48,80.2,1,9.2,1,4,2,2,68.2,1
12538,17,2,5,0.78,92.1,1,9.2,1,1,0,0,65.6,1
12539,18,1,1,5.29,53.1,1,5.5,0,3,1,0,69.3,1
12540,17,2,1,3.19,82.6,1,6.2,2,1,1,0,33.1,1
12541,23,0,1,7.3,57.3,0,4.9,1,4,1,1,55.5,1
12542,20,2,3,6.56,96.4,1,5.2,2,3,1,2,80.3,1
12543,17,1,5,4.06,73.9,1,6.2,1,1,0,2,70.6,1
12544,18,2,3,3.05,90.9,1,5.0,1,2,0,1,73.4,1
12545,21,1,6,6.68,50.8,1,4.9,0,0,1,0,66.2,1
12546,21,1,0,1.95,59.1,1,6.0,1,2,0,1,46.3,1
12547,23,0,3,4.35,85.8,0,8.8,1,3,2,1,70.3,1
12548,17,0,6,7.45,61.5,1,9.3,2,1,0,0,79.6,1
12549,17,1,1,4.83,45.4,0,5.7,2,0,2,2,44.0,1
12550,17,1,5,7.44,79.4,0,9.6,0,4,1,2,68.4,1
12551,20,0,1,3.54,46.6,1,4.1,0,4,2,1,39.3,1
12552,22,1,6,5.03,73.3,1,5.8,1,0,2,2,96.9,1
12553,22,1,0,7.52,90.2,0,7.5,1,1,1,2,79.6,1
12554,18,1,4,5.9,75.0,1,9.4,2,1,0,2,78.4,1
12555,22,2,4,7.24,70.0,1,9.3,0,0,0,2,93.6,1
12556,22,2,0,6.66,53.7,1,8.7,1,4,1,2,61.9,1
12557,18,0,3,0.62,49.8,1,6.5,0,2,1,2,28.3,1
12558,22,2,5,2.07,41.1,1,9.4,1,0,1,0,51.9,1
12559,20,1,6,5.93,88.0,1,4.1,0,2,0,2,84.3,1
12560,17,1,2,7.12,41.8,0,4.2,1,2,1,0,65.1,-1
12561,20,0,3,6.42,91.5,1,8.1,2,3,2,2,87.8,1
12562,23,2,5,2.51,63.8,1,5.2,2,4,1,2,30.9,1
12563,22,0,3,4.97,94.6,0,9.9,2,1,0,1,68.0,1
12564,19,2,2,5.29,49.4,1,7.2,0,1,2,1,81.1,1
12565,23,0,2,3.5,88.6,1,4.9,2,4,1,2,50.8,1
12566,20,1,5,4.7,91.9,1,9.7,2,4,1,1,56.6,1
12567,20,2,0,7.89,65.1,1,5.9,1,4,2,2,97.5,1
12568,17,0,4,4.36,99.0,1,5.7,1,1,1,2,56.0,1
12569,24,2,6,1.55,52.7,0,4.8,2,0,1,1,38.8,1
12570,23,2,2,4.03,46.7,1,9.4,0,3,2,0,38.3,1
12571,18,2,3,1.41,98.3,1,8.6,2,4,2,2,28.5,1
12572,21,2,1,5.51,55.4,0,8.7,0,1,1,0,57.2,1
12573,23,2,5,7.22,41.7,1,6.4,2,4,0,2,52.3,1
12574,21,0,3,5.41,63.6,1,7.8,2,1,2,1,82.6,1
12575,18,1,6,7.02,99.4,1,8.2,0,2,0,2,92.4,1
12576,24,0,0,5.82,90.4,1,9.9,1,2,0,2,91.1,1
12577,19,1,1,3.5,45.8,1,7.3,1,2,0,2,61.1,1
12578,19,1,6,4.31,61.6,1,5.6,2,0,0,2,65.1,1
12579,19,0,4,4.26,72.2,1,4.7,1,1,0,0,69.6,1
12580,24,0,1,3.14,87.8,1,5.5,1,1,0,2,77.0,1
12581,21,0,4,0.74,51.5,1,4.2,2,2,1,2,34.5,1
12582,22,0,0,5.61,45.5,1,4.9,1,1,0,0,66.3,1
12583,24,2,2,0.38,84.0,0,7.1,2,1,0,2,46.0,1
12584,24,1,1,1.63,41.3,0,4.1,2,4,1,1,33.1,-1
12585,23,0,5,3.63,70.9,1,4.6,2,1,1,0,44.4,1
12586,24,1,2,7.9,82.4,1,4.3,0,3,2,0,79.6,1
12587,24,2,0,2.45,80.0,1,7.2,1,0,0,0,66.9,1
12588,24,0,1,6.36,70.6,1,4.1,1,3,2,2,66.4,1
12589,22,0,5,3.36,86.9,1,7.0,2,2,2,2,64.5,1
12590,18,0,6,1.77,75.4,1,7.7,1,3,2,2,68.4,1
12591,17,2,5,0.21,89.4,1,5.3,0,1,2,2,38.6,1
12592,23,0,5,0.71,74.8,1,9.5,1,2,0,2,65.0,1
12593,19,2,2,3.33,65.9,1,9.9,1,4,1,0,69.3,1
12594,23,1,6,3.2,75.9,1,9.5,1,3,0,2,84.1,1
12595,24,2,1,5.01,65.5,0,9.4,0,4,0,0,79.2,1
12596,22,2,0,0.5,52.6,0,4.5,1,1,2,2,38.6,1
12597,23,1,5,2.27,68.3,1,6.0,0,4,2,1,41.8,1
12598,19,1,1,0.19,96.9,1,5.6,1,1,0,2,47.2,1
12599,20,2,1,6.98,75.3,1,5.2,0,1,1,0,76.0,1
12600,24,0,2,3.18,83.7,0,7.5,2,1,2,2,61.4,1
12601,23,2,0,4.67,79.4,0,9.0,0,0,1,2,58.6,1
12602,18,1,3,5.68,67.7,1,9.2,2,4,2,2,73.8,1
12603,24,0,3,2.14,64.4,1,5.3,1,4,1,0,33.0,1
12604,20,2,2,1.08,51.9,1,6.2,1,2,1,1,48.4,1
12605,23,2,1,4.64,40.9,1,8.8,1,4,1,1,54.6,1
12606,21,0,2,7.23,91.8,1,8.6,2,2,0,2,96.8,1
12607,21,1,1,7.14,56.7,0,9.2,1,1,1,2,88.2,1
12608,18,0,4,2.47,75.5,1,4.6,2,2,0,2,57.0,1
12609,19,0,2,2.13,67.7,1,4.7,0,2,0,2,46.9,1
12610,22,2,1,2.83,46.5,1,8.6,0,0,1,1,67.0,1
12611,23,2,3,1.96,42.1,1,8.4,0,3,2,2,38.0,1
12612,17,2,3,7.72,96.5,1,9.0,0,2,0,0,95.0,1
12613,17,1,6,0.28,61.7,1,9.7,1,0,2,1,57.5,1
12614,22,0,4,1.53,58.8,1,9.9,0,1,1,1,34.8,1
12615,20,0,6,0.23,45.1,1,7.0,1,4,0,2,23.8,1
12616,23,0,5,6.83,40.6,1,8.9,1,3,1,0,63.8,1
12617,17,2,3,3.77,83.4,0,6.3,0,3,0,2,66.3,1
12618,19,2,0,1.82,93.2,1,9.1,1,0,1,1,61.2,1
12619,17,1,2,3.16,55.3,0,8.4,0,0,2,2,57.8,1
12620,22,2,4,0.85,66.8,1,7.3,0,1,1,0,19.599,1
12621,23,2,6,0.86,77.2,1,6.1,0,0,2,1,64.0,1
12622,18,2,0,7.58,50.0,1,9.0,0,0,0,2,91.3,1
12623,19,0,0,5.57,62.2,1,8.5,1,4,0,0,69.1,1
12624,23,2,2,5.11,69.4,1,7.6,1,0,0,2,98.5,1
12625,17,0,4,3.78,78.7,1,7.5,2,4,2,0,42.2,1
12626,24,2,0,3.92,98.9,1,5.0,0,2,2,2,60.9,1
12627,24,2,2,6.18,69.8,1,7.3,1,0,0,1,86.3,1
12628,18,2,2,0.42,55.4,1,5.1,2,0,1,2,23.5,1
12629,18,0,0,5.34,79.2,1,5.1,1,4,2,2,67.7,1
12630,22,1,3,4.4,46.9,1,6.5,2,2,0,1,62.6,1
12631,17,0,3,2.45,40.6,0,9.5,0,2,1,1,53.3,-1
12632,21,2,5,1.73,62.6,1,7.3,0,3,0,2,58.4,1
12633,17,0,3,6.89,44.2,1,7.8,2,3,2,1,78.4,1
12634,21,2,5,7.45,68.6,1,7.1,1,3,0,2,82.1,1
12635,19,0,0,0.77,59.6,1,5.8,2,1,2,0,35.4,1
12636,22,0,1,1.36,93.7,1,5.1,0,4,2,2,41.3,1
12637,24,1,3,5.34,50.7,1,9.7,2,4,0,2,55.8,1
12638,20,0,2,6.19,81.6,1,6.5,2,4,2,2,55.4,1
12639,22,1,5,3.93,77.9,1,7.1,0,0,2,2,86.9,1
12640,21,0,1,7.42,99.4,1,5.9,0,2,0,2,100.0,1
12641,24,2,6,6.98,74.1,1,7.1,1,2,0,1,100.0,1
12642,18,2,6,1.01,88.4,1,9.6,0,1,1,2,57.6,1
12643,18,1,3,1.14,61.1,1,8.3,1,0,2,2,60.2,1
12644,20,0,0,0.69,44.3,1,8.5,2,0,0,2,36.8,1
12645,22,1,0,7.0,64.3,1,9.2,2,3,0,2,89.9,1
12646,23,1,3,4.46,80.4,1,9.5,0,1,2,2,75.5,1
12647,19,2,3,7.53,55.3,1,8.6,1,4,1,2,65.8,1
12648,17,0,2,5.83,48.3,1,8.3,1,1,2,2,72.6,1
12649,21,1,1,5.86,46.3,1,9.8,1,1,2,2,59.7,1
12650,21,1,5,1.0,71.7,1,5.5,0,4,1,2,39.0,1
12651,19,1,2,0.88,60.1,1,7.9,1,4,1,2,48.6,1
12652,18,0,3,7.45,85.8,1,5.8,2,0,2,2,85.3,1
12653,23,1,6,3.86,78.3,1,5.4,0,4,2,2,51.2,1
12654,23,0,2,7.91,96.3,1,4.9,1,3,0,2,100.0,1
12655,22,0,6,2.58,98.8,1,7.2,2,3,1,0,55.8,1
12656,21,0,3,4.97,40.6,0,8.1,1,2,0,2,76.0,1
12657,19,1,0,4.58,54.1,1,6.2,0,4,0,2,63.4,1
12658,20,1,4,0.54,54.5,1,5.5,2,2,1,2,36.7,1
12659,17,1,5,4.15,92.7,1,7.2,2,3,1,2,67.6,1
12660,18,1,3,7.4,48.0,1,6.0,1,3,1,2,70.2,1
12661,20,1,2,3.63,65.1,1,5.2,2,1,0,1,37.0,1
12662,20,1,6,3.78,43.2,1,4.9,0,1,0,2,45.7,1
12663,17,2,2,5.61,68.7,1,6.9,1,3,2,2,75.2,1
12664,24,0,6,6.25,42.3,1,6.5,2,0,0,2,82.1,1
12665,19,1,3,6.62,83.5,1,5.6,0,3,0,2,98.1,1
12666,21,2,3,3.62,71.1,1,5.9,0,3,0,2,58.2,1
12667,20,2,5,3.55,99.4,1,6.7,1,4,0,0,94.8,1
12668,20,2,6,3.79,99.2,1,5.4,2,4,2,1,66.1,1
12669,23,2,1,7.75,87.1,1,6.6,0,2,0,2,98.6,1
12670,22,2,5,7.43,57.6,0,5.3,1,3,0,1,85.8,1
12671,23,2,4,4.98,46.7,1,7.7,2,0,1,0,66.9,1
12672,20,1,0,2.27,49.4,1,9.3,1,0,1,2,57.0,1
12673,19,2,0,7.2,81.4,1,7.1,1,0,2,0,98.3,1
12674,20,1,5,1.37,48.1,1,9.3,1,0,1,1,59.9,1
12675,21,1,2,0.85,57.0,0,9.5,0,2,2,1,56.3,1
12676,19,2,3,3.32,45.5,1,6.9,0,3,1,2,44.0,1
12677,20,1,5,5.48,43.1,0,4.9,0,0,1,0,61.1,1
12678,18,0,3,0.42,63.4,0,6.2,1,2,2,2,36.3,1
12679,21,0,3,2.5,64.9,1,5.1,0,4,2,1,42.3,1
12680,22,1,3,6.27,51.5,1,4.2,2,3,1,0,66.0,1
12681,21,1,3,5.27,95.2,0,4.7,1,1,0,2,84.1,1
12682,23,0,5,0.68,76.5,1,8.1,0,4,2,2,52.6,1
12683,24,0,5,1.61,57.5,1,8.8,2,2,2,2,36.6,1
12684,24,2,6,5.8,90.1,1,7.8,2,3,1,0,73.4,1
12685,17,1,2,0.93,73.2,1,6.1,0,0,0,1,60.5,1
12686,24,1,0,0.08,66.7,1,5.2,1,4,1,2,49.7,1
12687,19,1,6,7.91,85.1,1,6.4,0,1,0,1,74.2,1
12688,20,1,4,4.91,62.0,1,5.7,2,0,1,2,71.1,1
12689,20,0,0,3.43,88.2,1,9.4,1,2,2,2,77.1,1
12690,19,0,4,4.78,40.6,1,9.0,0,2,1,0,58.3,1
12691,24,0,3,5.36,54.8,1,4.6,0,2,0,2,48.5,1
12692,22,1,6,3.96,71.8,0,7.8,0,4,0,2,50.2,1
12693,24,1,3,5.26,90.2,1,6.7,0,4,0,0,82.7,1
12694,24,0,3,5.67,84.6,0,7.7,2,0,2,0,95.4,1
12695,20,0,4,1.44,96.0,1,6.9,1,0,2,0,70.2,1
12696,22,2,1,3.39,55.6,0,5.2,0,1,1,2,61.1,1
12697,21,0,5,2.44,95.4,1,6.4,1,0,1,2,40.6,1
12698,20,2,1,6.38,46.9,1,9.8,0,2,2,0,58.1,1
12699,22,1,2,6.16,51.9,1,8.3,1,3,0,2,60.3,1
12700,22,0,2,6.48,68.0,1,4.3,2,1,0,1,81.0,1
12701,24,1,2,3.5,52.7,1,7.5,0,1,2,2,58.4,1
12702,23,1,2,4.6,41.9,1,5.2,1,2,1,1,56.3,1
12703,21,2,2,5.64,78.4,1,8.2,1,2,0,2,97.4,1
12704,24,0,0,2.58,64.5,1,5.8,2,0,2,2,49.3,1
12705,17,0,6,7.82,95.4,1,9.4,1,3,1,2,100.0,1
12706,23,1,2,3.03,99.0,1,5.0,2,3,0,2,76.7,1
12707,20,1,4,4.3,95.5,1,8.8,2,3,1,0,47.2,1
12708,20,2,6,6.61,71.0,0,4.5,2,1,2,1,75.8,1
12709,23,0,5,5.98,58.5,1,6.6,1,1,2,2,80.5,1
12710,19,2,0,4.01,97.3,1,7.8,1,4,2,1,63.7,1
12711,24,0,2,3.27,62.4,1,6.9,0,0,0,0,51.2,1
12712,20,0,0,5.1,62.7,1,5.8,0,0,0,2,74.4,1
12713,19,0,4,3.49,78.1,1,5.5,0,0,2,2,69.7,1
12714,19,2,5,4.74,78.0,0,9.9,1,4,0,1,86.5,1
12715,20,1,2,6.4,46.3,1,6.3,1,0,2,0,92.9,1
12716,24,0,0,0.97,51.5,1,7.3,1,3,0,2,45.8,1
12717,17,1,4,5.58,40.6,1,9.7,1,3,0,2,74.3,1
12718,21,0,5,0.43,45.9,0,5.0,2,1,0,2,51.7,1
12719,23,2,0,5.87,60.6,1,7.2,2,1,2,2,67.7,1
12720,20,2,5,1.67,96.9,1,9.0,2,4,2,2,47.0,1
12721,21,0,5,3.95,88.0,0,7.7,0,4,0,2,77.4,1
12722,19,1,0,2.14,53.7,0,6.0,0,1,1,1,34.2,1
12723,18,2,3,2.58,47.0,0,9.1,0,2,1,0,42.2,1
12724,22,1,3,5.03,99.4,1,8.6,2,1,0,2,68.8,1
12725,24,0,4,3.45,83.2,1,5.9,1,3,2,2,68.0,1
12726,21,2,0,3.9,71.4,1,4.6,0,4,2,2,69.7,1
12727,20,1,0,7.91,98.7,1,7.8,2,1,0,1,100.0,1
12728,18,0,0,0.97,97.2,1,9.7,2,0,1,0,62.8,1
12729,24,2,1,3.07,47.0,1,9.9,0,4,1,2,53.5,1
12730,23,1,4,4.24,78.2,1,9.1,0,2,2,1,86.6,1
12731,24,0,6,6.51,81.4,1,6.6,2,4,2,1,65.3,1
12732,19,1,0,2.26,91.8,1,7.5,2,3,2,1,47.3,1
12733,22,2,6,3.15,69.9,0,7.8,2,2,1,1,55.1,1
12734,20,0,3,6.57,80.8,1,4.6,1,3,2,0,81.1,1
12735,18,2,1,4.24,61.3,0,7.0,2,3,0,0,50.0,1
12736,18,0,3,6.85,64.1,0,4.9,2,1,1,1,66.4,1
12737,20,0,3,0.51,73.8,1,9.3,2,2,0,1,26.1,1
12738,21,0,2,2.3,52.8,1,8.3,2,1,1,0,48.1,1
12739,17,1,3,4.46,87.5,0,4.5,1,1,1,1,59.4,1
12740,22,1,1,0.98,69.8,1,4.9,2,4,0,0,19.599,1
12741,20,0,5,3.85,91.1,1,8.0,2,1,1,0,70.5,1
12742,24,0,3,0.14,87.2,1,9.2,0,1,1,2,44.6,1
12743,19,1,0,4.04,73.7,1,7.4,2,4,2,1,61.6,1
12744,17,0,2,7.36,81.3,1,9.2,2,3,2,1,100.0,1
12745,19,2,3,7.59,90.9,0,6.0,0,2,2,0,100.0,-1
12746,24,2,4,2.55,60.3,1,5.3,0,2,1,2,58.6,1
12747,19,2,0,0.08,83.7,1,9.7,0,0,1,2,54.2,1
12748,22,0,6,7.3,95.4,0,4.8,0,3,1,2,100.0,1
12749,23,0,1,4.54,41.9,0,5.8,0,1,2,2,57.8,1
12750,19,0,5,4.64,70.0,1,6.3,1,3,1,1,50.4,1
12751,22,1,3,6.52,48.7,1,7.1,0,3,2,1,52.5,1
12752,18,2,0,3.15,63.1,1,5.8,1,2,2,2,68.7,1
12753,19,0,0,3.36,89.7,1,5.5,2,2,0,2,55.2,1
12754,19,1,3,6.81,51.9,1,5.5,1,1,0,2,80.5,1
12755,22,0,2,3.93,42.2,1,6.7,1,2,2,2,65.0,1
12756,24,1,4,5.89,57.1,1,9.6,1,4,1,1,67.6,1
12757,19,0,0,7.24,86.8,1,9.8,1,1,1,0,80.6,1
12758,19,1,4,3.15,46.5,1,7.2,2,3,2,2,31.1,1
12759,23,1,3,7.11,75.2,1,4.9,0,1,2,2,75.5,1
12760,20,0,6,2.62,84.6,1,8.7,2,0,2,0,68.5,1
12761,21,1,2,7.44,74.2,1,6.0,2,2,0,2,71.5,1
12762,22,2,3,2.44,96.1,1,4.8,1,4,2,0,81.6,1
12763,18,1,3,1.87,85.4,1,9.1,0,2,1,2,61.5,1
12764,23,1,1,5.77,45.3,1,4.2,0,0,0,2,75.1,1
12765,19,2,4,7.38,91.3,1,4.3,2,4,0,2,81.4,1
12766,22,2,0,6.15,72.9,0,6.2,1,4,0,0,82.1,1
12767,20,1,5,5.92,98.1,1,5.3,2,4,1,2,73.0,1
12768,23,1,6,7.78,99.1,1,8.2,1,0,0,0,100.0,1
12769,21,1,5,4.46,49.8,1,9.9,2,2,0,2,77.2,1
12770,18,0,4,7.1,54.9,1,6.8,0,4,1,0,81.4,1
12771,18,0,5,0.3,79.2,0,9.5,0,2,0,1,55.5,1
12772,24,0,6,1.06,43.3,1,8.1,1,2,2,2,37.0,1
12773,21,1,6,2.17,64.1,1,4.9,0,4,2,0,34.3,1
12774,19,1,5,7.57,99.3,1,9.3,0,2,1,1,95.7,1
12775,18,0,6,1.58,71.6,1,8.8,2,4,0,1,44.9,1
12776,18,0,6,3.06,59.9,1,5.8,0,2,0,2,63.6,1
12777,24,1,1,0.28,51.1,1,7.2,1,2,0,0,62.1,1
12778,24,0,3,0.63,85.0,1,5.1,1,3,2,2,51.0,1
12779,20,0,0,4.66,95.8,0,4.6,2,3,2,1,58.1,1
12780,18,0,6,0.78,95.5,1,5.7,1,1,0,2,45.6,1
12781,20,2,5,7.19,43.9,1,8.4,2,1,1,2,63.3,1
12782,18,2,6,7.09,44.5,1,4.2,2,0,1,2,68.5,1
12783,21,1,0,4.98,99.4,1,6.8,1,0,2,0,80.6,1
12784,22,2,5,3.17,97.2,1,7.4,2,1,1,2,57.6,1
12785,24,1,2,7.1,53.2,1,7.0,2,2,2,2,84.8,1
12786,19,0,6,3.9,51.9,1,8.4,1,3,1,0,52.2,1
12787,18,2,1,1.52,75.4,1,5.2,1,0,0,2,61.1,1
12788,18,2,3,2.77,59.0,1,9.9,0,2,0,1,69.5,1
12789,20,1,5,2.91,83.1,0,7.0,0,3,0,0,78.3,1
12790,21,1,5,4.64,52.3,1,8.6,0,2,1,2,67.5,1
12791,17,1,1,3.21,88.4,1,9.5,0,4,1,2,46.5,1
12792,23,1,3,6.55,56.9,1,5.5,0,4,0,2,86.4,1
12793,20,1,3,5.01,48.4,1,9.9,1,2,2,2,65.7,1
12794,23,0,5,2.02,60.5,1,7.9,1,3,2,0,46.7,1
12795,20,1,0,3.22,41.2,0,5.6,1,1,2,2,36.4,1
12796,18,0,5,5.79,78.7,1,7.1,0,2,1,1,69.2,1
12797,17,2,4,1.94,44.1,1,5.8,2,0,1,2,40.2,1
12798,21,0,5,0.73,48.9,1,8.5,0,1,0,1,29.0,1
12799,21,1,6,5.69,87.6,1,8.8,1,1,0,0,87.6,1
12800,23,0,0,3.25,70.3,1,6.3,1,3,2,2,44.2,1
12801,24,0,3,0.99,75.6,1,8.1,2,4,0,2,49.6,1
12802,18,2,5,3.84,56.9,1,5.3,2,0,2,0,51.7,1
12803,19,2,5,4.48,98.3,1,5.9,0,4,2,2,72.7,1
12804,18,1,6,0.21,99.2,1,7.9,1,4,2,2,47.4,1
12805,17,2,3,6.33,61.9,1,5.5,0,0,1,1,76.0,1
12806,17,2,4,3.93,87.3,1,8.0,2,2,1,2,54.3,1
12807,17,1,2,0.2,88.1,1,4.9,2,0,0,2,37.3,1
12808,21,0,3,6.89,94.8,1,8.0,2,3,2,2,83.7,1
12809,18,1,1,4.68,91.7,1,5.7,0,3,1,1,78.6,1
12810,18,0,5,7.71,66.4,1,6.7,0,2,0,2,71.5,1
12811,17,1,2,2.25,61.7,1,7.4,1,1,0,2,46.3,1
12812,22,1,5,3.3,96.1,1,4.6,1,0,2,1,85.4,1
12813,22,0,5,5.3,64.5,1,7.6,2,1,1,1,59.2,1
12814,24,1,3,7.31,71.2,1,9.0,0,3,2,1,84.9,1
12815,17,1,4,6.33,45.8,1,9.7,2,4,1,1,80.8,1
12816,18,0,4,5.14,57.6,1,8.1,2,1,1,0,52.3,1
12817,20,0,4,6.36,49.8,1,8.4,2,4,1,0,49.4,1
12818,22,2,4,0.76,44.9,1,9.6,0,3,2,0,27.2,1
12819,18,1,1,5.79,62.2,1,9.6,1,4,1,0,82.8,1
12820,18,0,4,4.63,70.9,1,7.7,0,2,2,2,51.6,1
12821,20,1,6,2.19,86.8,1,4.7,2,1,0,2,41.3,1
12822,17,1,0,1.91,76.5,1,7.5,0,2,2,0,49.8,1
12823,20,1,0,2.31,89.5,0,6.1,0,1,2,2,40.8,1
12824,23,2,0,0.98,54.0,1,9.8,0,4,0,2,34.2,1
12825,21,2,6,2.19,87.7,1,8.4,2,1,2,0,64.8,1
12826,20,0,6,0.57,43.1,1,7.7,0,4,1,2,19.599,1
12827,20,0,0,5.38,56.6,1,5.6,2,2,2,0,41.8,1
12828,24,2,6,4.1,66.6,1,6.0,1,2,0,2,70.5,1
12829,21,0,5,1.02,97.4,1,5.7,2,3,1,1,19.599,1
12830,21,0,0,5.58,45.4,1,7.0,0,0,1,2,78.4,1
12831,24,0,5,1.42,55.8,0,6.7,1,2,2,2,42.6,1
12832,18,0,6,3.96,49.1,1,7.2,1,4,0,2,54.8,1
12833,17,0,6,7.36,65.5,1,4.8,1,3,1,2,74.5,1
12834,20,0,3,6.09,59.7,0,6.7,2,0,0,0,83.8,1
12835,19,1,1,4.67,45.5,1,9.2,1,2,0,0,66.1,1
12836,18,2,1,4.68,68.9,1,4.7,0,0,0,0,49.2,1
12837,17,2,5,0.51,69.1,0,4.1,0,2,2,1,29.2,-1
12838,24,0,5,3.42,77.8,1,7.6,2,3,2,2,61.4,1
12839,21,2,4,2.46,90.5,1,5.5,2,0,2,2,47.3,1
12840,22,1,2,3.8,98.4,0,7.2,0,4,0,0,66.9,1
12841,17,0,6,7.61,46.2,1,4.8,2,3,1,2,60.9,1
12842,19,2,2,6.29,60.3,1,9.8,2,3,0,2,65.0,1
12843,21,2,4,4.88,98.3,1,8.0,0,0,1,0,85.1,1
12844,21,2,6,5.64,74.1,1,6.0,1,1,1,2,64.4,1
12845,22,2,1,5.84,63.8,1,9.3,0,1,2,0,89.4,1
12846,22,0,3,3.65,66.1,1,8.5,2,3,0,1,67.7,1
12847,20,0,5,6.93,90.6,1,5.0,0,0,0,1,93.8,1
12848,23,0,1,4.94,91.8,1,9.7,2,2,0,2,95.3,1
12849,19,2,2,5.9,57.7,1,4.4,1,1,0,0,75.7,1
12850,17,2,3,0.09,58.5,1,9.8,2,2,0,0,42.7,1
12851,24,0,5,4.3,82.0,1,5.2,0,2,1,0,68.8,1
12852,17,1,4,2.91,44.1,1,4.5,2,0,1,0,42.9,1
12853,19,2,3,0.44,90.8,1,7.4,2,3,1,2,44.4,1
12854,17,1,4,5.17,40.6,0,6.6,2,1,1,2,50.7,1
12855,18,0,2,7.43,67.7,1,6.4,2,2,2,0,81.2,1
12856,20,1,0,5.86,87.6,0,9.4,1,3,1,2,99.6,1
12857,18,1,6,0.64,94.9,1,4.1,0,4,0,2,62.5,1
12858,20,1,0,0.45,77.6,0,5.7,0,1,0,2,32.7,1
12859,24,1,6,2.76,71.8,1,5.5,0,1,2,2,51.4,1
12860,18,1,3,1.91,81.8,1,5.1,0,4,1,1,42.2,1
12861,24,1,6,0.22,90.5,1,5.0,1,2,2,2,32.1,1
12862,20,2,4,0.32,40.8,0,5.6,0,3,2,2,42.5,1
12863,21,2,0,2.76,76.4,1,4.9,2,3,0,2,41.0,1
12864,20,1,6,1.07,86.0,1,5.3,2,0,2,0,58.3,1
12865,19,0,1,1.56,95.5,1,7.4,0,1,2,2,40.6,1
12866,17,2,0,6.96,64.0,1,5.0,1,0,2,1,84.0,1
12867,21,2,5,7.91,94.1,1,9.7,2,0,1,0,92.8,1
12868,24,2,6,6.44,77.8,1,5.8,1,3,1,0,84.6,1
12869,21,0,1,1.86,60.0,1,7.3,1,4,2,2,49.2,1
12870,21,1,6,1.41,99.0,1,8.8,2,3,0,2,64.5,1
12871,22,1,3,4.63,43.5,1,8.5,0,1,2,1,59.1,1
12872,20,2,0,6.27,92.2,1,4.2,1,2,0,1,84.3,1
12873,17,1,2,5.26,71.7,1,6.5,2,4,2,2,53.0,1
12874,21,0,2,6.43,75.1,1,8.7,1,4,1,1,86.9,1
12875,23,0,3,3.9,89.9,1,9.6,1,4,0,2,68.2,1
12876,19,2,4,7.9,95.6,1,8.2,0,0,0,2,100.0,1
12877,23,2,2,6.29,93.7,1,6.3,1,3,0,2,78.1,1
12878,23,0,6,0.41,68.0,1,7.4,2,3,2,0,34.0,1
12879,18,0,3,2.91,82.7,1,8.6,0,0,1,0,70.5,1
12880,21,0,2,4.48,85.1,1,6.6,2,2,0,2,68.3,1
12881,22,2,5,1.79,60.8,1,9.4,2,1,2,1,24.2,1
12882,20,1,1,3.23,58.2,1,5.9,0,3,2,0,57.4,1
12883,22,2,4,5.04,89.3,1,9.7,0,2,2,0,76.6,1
12884,24,2,4,4.42,72.1,1,8.2,0,3,0,0,88.2,1
12885,22,1,5,6.89,53.4,1,9.3,2,0,1,2,79.4,1
12886,23,1,5,2.1,92.8,1,9.8,1,1,2,2,76.0,1
12887,23,0,6,7.37,69.7,1,4.1,1,0,2,2,69.2,1
12888,23,2,2,2.58,92.3,1,8.9,1,2,0,2,69.0,1
12889,23,0,0,7.36,49.9,1,6.3,1,3,2,0,83.1,1
12890,18,1,0,1.99,93.5,1,5.1,0,1,1,1,50.0,1
12891,17,0,0,4.06,64.3,1,6.9,1,4,1,2,42.4,1
12892,18,0,1,7.46,57.6,1,7.9,1,2,1,2,71.1,1
12893,18,2,1,2.22,62.1,1,4.9,0,1,2,1,44.8,1
12894,22,0,6,6.79,76.2,1,9.7,1,0,0,2,99.8,1
12895,21,1,6,4.01,58.0,0,9.3,1,2,1,0,44.2,1
12896,20,1,4,3.36,78.6,1,9.8,0,1,0,2,84.2,1
12897,17,1,3,5.31,70.2,1,5.7,2,3,1,1,56.9,1
12898,22,1,3,1.59,79.3,1,6.9,0,1,1,2,54.6,1
12899,19,0,4,5.27,60.2,1,9.2,2,0,2,0,84.2,1
12900,23,1,6,1.41,55.6,1,7.5,0,0,2,1,42.2,1
12901,17,1,0,5.69,80.4,1,9.0,1,3,1,2,79.3,1
12902,19,2,3,4.89,71.8,1,4.1,2,0,1,2,56.7,1
12903,17,0,6,1.12,48.5,1,7.1,0,1,2,1,44.5,1
12904,19,2,6,0.81,79.2,1,9.4,2,1,2,0,52.2,1
12905,24,0,1,4.86,56.6,1,8.6,1,3,0,2,64.8,1
12906,20,1,1,0.97,61.9,1,4.5,0,4,1,0,22.9,1
12907,20,2,1,5.0,91.3,0,8.8,2,2,2,1,65.3,1
12908,19,0,2,7.91,52.1,1,5.8,1,4,0,1,89.8,1
12909,19,2,4,0.98,65.8,1,7.8,0,3,2,2,37.7,1
12910,22,1,3,3.79,45.2,1,6.2,1,0,0,1,54.7,1
12911,24,2,2,7.4,67.0,1,9.2,1,0,0,0,100.0,1
12912,22,2,1,7.5,95.3,1,9.1,2,1,0,0,81.3,1
12913,22,1,3,0.24,73.5,1,9.6,1,0,2,2,47.3,1
12914,20,2,5,6.46,92.1,1,7.2,2,4,1,0,70.3,1
12915,17,2,4,1.91,72.5,1,7.4,2,2,1,0,45.9,1
12916,22,2,3,5.97,43.5,1,4.7,1,1,2,2,67.3,1
12917,23,1,1,2.84,70.3,0,7.9,2,1,1,0,50.7,1
12918,21,2,0,1.8,54.0,1,9.8,2,0,2,0,39.3,1
12919,17,2,5,3.77,66.0,1,9.1,0,2,0,1,77.2,1
12920,22,0,5,1.41,54.2,1,6.3,0,3,0,1,40.5,1
12921,24,0,6,3.39,46.8,0,5.5,0,0,0,0,65.9,1
12922,18,1,3,3.16,52.7,1,6.1,2,1,2,2,38.8,1
12923,18,0,1,7.7,64.1,1,9.0,2,3,0,2,64.9,1
12924,22,2,3,4.34,89.4,0,7.3,0,2,1,0,83.8,1
12925,19,2,6,5.58,86.2,1,5.4,1,4,1,0,60.0,1
12926,22,1,1,1.4,42.2,0,7.6,2,4,2,2,21.6,1
12927,22,1,5,7.91,86.6,0,6.0,0,1,2,0,97.6,1
12928,19,1,6,3.98,41.8,1,7.6,1,1,1,2,61.3,1
12929,17,0,5,0.6,44.6,1,6.1,0,3,0,2,38.7,1
12930,21,1,4,4.87,85.7,0,8.5,0,2,2,0,54.5,1
12931,20,2,0,2.55,63.6,1,7.0,2,4,1,2,32.2,1
12932,23,2,5,2.35,59.3,1,7.2,2,3,0,2,42.4,1
12933,19,1,1,2.54,62.5,1,4.2,0,3,1,2,32.5,1
12934,18,2,5,3.6,71.4,1,9.6,1,0,1,2,62.7,1
12935,23,2,0,2.3,76.4,1,4.3,2,4,1,2,48.4,1
12936,22,2,3,6.23,80.2,1,4.8,0,4,2,2,82.2,1
12937,21,2,3,1.43,45.8,1,4.6,2,3,0,0,23.1,1
12938,24,0,2,1.14,49.9,1,5.2,1,2,1,2,39.2,1
12939,23,2,6,0.84,66.0,1,6.6,1,4,1,0,27.2,1
12940,23,1,4,3.28,91.8,1,4.3,2,4,2,2,65.2,1
12941,23,2,4,0.9,85.8,1,5.9,2,4,1,1,27.0,1
12942,20,0,2,0.2,51.2,1,8.6,0,2,2,1,28.0,1
12943,17,2,5,2.36,57.2,1,8.1,1,0,0,0,81.2,1
12944,21,2,6,7.84,62.7,1,4.3,2,2,1,0,76.7,1
12945,23,0,5,0.09,91.6,1,8.9,0,2,1,1,29.3,1
12946,24,1,1,0.51,98.7,1,6.3,2,1,2,2,40.3,1
12947,22,1,1,4.67,44.6,1,8.9,1,1,1,2,57.7,1
12948,21,2,0,3.98,69.2,1,6.5,2,4,0,0,38.1,1
12949,21,2,2,0.83,61.7,1,9.5,0,2,1,2,25.4,1
12950,17,0,3,7.16,59.3,1,9.2,2,0,2,0,80.5,1
12951,17,2,3,5.4,69.9,1,5.9,2,3,2,2,71.3,1
12952,17,2,3,3.96,83.1,1,7.6,0,2,1,2,77.7,1
12953,24,0,6,4.35,75.4,1,6.7,2,3,1,0,74.9,1
12954,23,2,4,6.37,65.5,1,6.7,1,1,0,0,84.4,1
12955,19,2,0,0.78,83.3,0,6.6,2,0,0,1,49.6,1
12956,20,0,5,7.47,64.7,0,7.9,1,3,2,2,90.8,1
12957,20,1,0,0.9,79.1,1,6.5,0,1,0,1,52.1,1
12958,18,2,5,3.67,50.1,1,7.9,0,0,2,2,53.2,1
12959,20,0,6,1.98,60.4,0,5.8,1,2,2,0,54.9,1
12960,19,0,6,5.32,74.1,1,9.4,0,1,1,0,71.5,1
12961,22,2,3,6.72,95.1,1,9.5,2,2,1,2,100.0,1
12962,23,2,3,4.93,41.2,1,8.1,1,2,0,0,66.0,1
12963,17,1,0,1.79,83.6,0,7.5,2,1,2,0,46.7,1
12964,20,2,3,6.24,69.0,1,7.8,0,0,0,0,74.5,1
12965,24,1,6,7.54,84.7,1,6.3,0,1,1,2,65.2,1
12966,23,0,6,1.29,46.9,1,6.5,1,2,1,2,37.4,1
12967,23,2,4,2.03,75.5,1,7.1,1,1,1,2,67.0,1
12968,22,1,1,4.24,65.3,1,5.8,0,4,2,1,53.7,1
12969,17,1,0,5.92,58.7,1,5.7,0,4,0,2,67.3,1
12970,24,2,1,1.02,41.9,1,7.2,2,0,0,1,48.4,1
12971,22,0,1,0.41,71.5,1,8.0,0,2,0,2,58.8,1
12972,24,2,2,4.54,60.5,1,6.9,0,4,2,0,54.3,1
12973,24,0,5,6.38,95.3,1,5.3,1,2,2,2,92.6,1
12974,19,0,5,2.38,85.1,1,6.3,1,4,1,2,51.5,1
12975,17,0,1,4.66,45.2,1,8.2,1,2,2,2,55.0,1
12976,22,2,4,6.43,58.6,1,8.7,0,2,2,1,64.7,1
12977,20,0,1,0.23,55.6,1,8.5,2,0,1,2,41.8,1
12978,17,0,1,2.69,81.0,1,8.0,0,4,0,2,69.5,1
12979,19,0,1,2.43,74.5,1,5.4,2,1,1,2,26.2,1
12980,24,0,2,5.78,61.5,1,6.4,2,0,2,2,75.0,1
12981,19,0,5,5.33,53.3,0,7.3,2,0,2,0,79.0,1
12982,19,0,2,6.61,66.4,1,9.8,0,3,0,2,91.2,1
12983,22,2,0,4.39,55.1,1,5.1,1,2,1,1,52.2,1
12984,22,1,3,1.82,51.4,1,7.6,2,0,2,1,48.0,1
12985,19,0,4,3.46,88.9,0,6.4,0,0,1,2,69.1,1
12986,23,0,1,3.17,98.1,0,6.5,0,3,1,2,52.3,1
12987,21,2,3,5.34,85.3,1,8.5,1,3,1,2,90.2,1
12988,18,0,5,7.63,43.7,1,8.0,0,3,0,0,83.4,1
12989,19,0,0,3.66,96.3,1,7.2,0,1,2,1,90.2,1
12990,23,1,6,5.11,67.2,1,4.4,0,3,2,1,53.1,1
12991,17,0,3,1.42,55.9,1,4.5,2,3,2,0,32.4,1
12992,17,1,5,4.6,86.3,1,7.1,1,1,0,2,90.6,1
12993,22,1,2,5.83,40.6,1,9.1,2,1,0,2,42.4,1
12994,20,2,5,6.11,41.8,1,7.0,0,1,0,2,70.7,1
12995,19,0,3,7.79,85.5,1,7.4,0,0,0,0,82.8,1
12996,20,2,6,7.9,49.6,1,9.9,1,2,0,2,76.3,1
12997,18,1,4,4.12,68.3,1,5.5,2,3,1,2,44.5,1
12998,19,2,5,6.88,71.5,1,7.2,1,1,2,1,93.5,1
12999,18,0,1,5.9,99.4,1,8.6,2,0,1,2,80.5,1
13000,21,1,3,4.2,59.8,1,9.7,2,3,0,0,51.4,1
13001,22,0,5,0.24,58.2,1,8.9,2,3,2,2,34.5,1
13002,24,2,5,7.82,68.4,1,7.2,2,2,1,2,83.8,1
13003,17,2,0,7.72,69.0,1,7.9,1,4,0,1,96.2,1
13004,19,1,3,4.15,72.9,0,8.9,1,2,0,0,61.1,1
13005,19,2,1,2.76,92.7,1,6.1,0,0,1,2,67.6,1
13006,21,1,3,0.89,82.5,1,8.8,2,2,0,2,61.8,1
13007,21,1,3,0.44,91.7,1,7.3,2,2,0,2,50.5,1
13008,24,2,2,6.43,63.2,1,5.9,2,2,2,0,74.6,1
13009,24,0,6,3.28,86.3,1,6.7,0,2,1,0,74.0,1
13010,23,0,4,4.5,97.7,0,9.5,2,4,0,2,63.8,1
13011,18,2,1,2.41,44.7,0,7.5,1,0,0,2,59.1,1
13012,17,2,6,4.91,66.1,1,9.5,0,1,1,2,54.0,1
13013,24,2,4,6.07,75.8,1,9.6,1,0,0,0,93.1,1
13014,24,1,4,7.14,75.1,1,8.0,0,2,0,2,80.1,1
13015,19,2,6,3.97,70.8,1,4.4,0,1,0,1,61.8,1
13016,17,1,0,2.4,89.3,1,9.5,2,1,0,2,77.5,1
13017,22,2,0,0.61,52.6,0,8.5,0,3,0,1,37.0,1
13018,21,0,4,6.83,97.9,1,6.5,0,1,2,0,88.5,1
13019,24,0,6,6.83,88.5,1,6.7,0,0,1,1,100.0,1
13020,21,1,5,2.83,57.6,1,4.2,2,2,0,0,40.1,1
13021,23,2,5,1.66,42.0,1,9.2,0,2,1,1,35.6,1
13022,23,1,5,5.39,83.3,1,9.6,1,4,2,2,80.4,1
13023,17,0,2,6.05,41.6,1,4.7,2,3,2,2,49.8,1
13024,18,1,3,5.77,69.2,1,8.6,2,4,0,0,84.0,1
13025,23,2,0,0.57,74.9,1,7.2,0,3,2,0,31.4,1
13026,18,1,0,7.87,98.7,1,4.9,2,4,2,2,81.6,1
13027,18,2,5,4.36,58.8,1,8.0,1,4,2,2,75.5,1
13028,23,2,0,4.87,83.1,1,8.7,1,1,2,1,79.9,1
13029,18,0,5,0.36,97.3,1,7.3,2,0,0,0,48.8,1
13030,18,1,6,0.09,67.8,1,5.0,0,2,1,1,28.1,1
13031,17,1,3,1.01,47.2,1,9.8,1,1,0,2,52.4,1
13032,20,0,1,3.13,47.4,1,6.9,0,3,2,1,30.8,1
13033,22,0,4,7.56,63.4,1,9.7,0,2,1,2,96.0,1
13034,22,0,6,5.82,59.5,1,6.3,2,4,1,0,56.7,1
13035,24,1,0,7.91,59.0,1,7.3,0,2,2,2,89.6,1
13036,22,0,1,5.44,69.1,0,7.2,0,0,1,2,70.7,1
13037,23,1,3,0.8,72.2,0,4.9,2,1,0,2,37.2,1
13038,18,0,6,5.56,55.9,1,9.6,2,4,2,2,64.6,1
13039,19,1,3,5.13,66.4,1,7.9,1,2,2,0,80.0,1
13040,19,0,3,7.09,79.1,1,9.0,1,1,1,0,100.0,1
13041,17,0,3,4.35,73.4,1,4.2,1,1,1,2,66.2,1
13042,24,2,5,1.96,85.3,1,4.4,1,4,1,2,53.5,1
13043,18,0,0,5.86,56.4,1,6.4,1,1,1,1,65.5,1
13044,20,1,5,6.03,62.6,1,9.8,1,3,0,2,90.6,1
13045,19,1,6,4.11,73.2,1,9.2,0,0,2,2,70.4,1
13046,17,2,5,0.76,94.5,1,8.9,0,4,1,2,51.7,1
13047,24,2,6,3.31,76.7,1,8.6,2,0,1,0,61.5,1
13048,18,1,5,6.72,57.3,1,7.8,1,0,1,1,71.8,1
13049,17,2,5,2.43,42.2,1,8.1,0,0,2,2,58.4,1
13050,19,0,2,5.85,70.9,1,6.3,2,3,1,1,53.3,1
13051,18,1,0,2.03,97.0,1,9.3,0,0,0,2,98.8,1
13052,24,0,1,2.63,80.0,1,6.1,2,0,0,0,66.3,1
13053,18,2,6,2.7,65.5,1,6.3,1,3,1,2,55.7,1
13054,19,1,1,1.08,44.6,1,5.0,0,0,1,2,19.599,1
13055,19,2,6,2.81,47.0,1,4.2,2,0,1,0,60.1,1
13056,17,1,4,5.79,84.6,1,5.3,1,4,0,0,70.7,1
13057,17,2,2,3.21,59.0,1,4.6,2,3,2,0,21.0,1
13058,21,1,4,2.4,57.6,1,7.2,0,0,0,0,61.1,1
13059,18,1,0,5.61,53.9,1,5.9,1,0,1,0,52.5,1
13060,17,1,0,4.12,93.8,1,6.4,1,4,2,1,73.5,1
13061,19,2,6,3.49,58.3,1,6.8,2,3,1,0,40.6,1
13062,19,0,5,6.37,50.6,1,5.9,0,4,1,2,42.6,1
13063,20,2,5,3.06,62.0,1,5.1,0,4,1,0,40.2,1
13064,24,1,0,4.35,82.6,1,4.6,2,0,0,2,72.8,1
13065,19,2,4,0.25,64.9,1,9.3,2,3,2,0,46.6,1
13066,22,2,0,2.72,85.9,1,6.1,2,0,0,0,56.3,1
13067,23,0,4,1.9,80.9,1,6.4,2,3,1,0,52.5,1
13068,17,2,0,7.09,61.3,1,9.0,2,2,1,1,83.0,1
13069,21,1,4,0.17,92.5,1,6.2,2,4,1,2,29.8,1
13070,20,1,5,5.6,44.4,1,8.6,0,3,1,2,52.0,1
13071,21,1,0,6.05,84.1,0,5.3,2,2,1,2,59.1,1
13072,18,1,2,2.66,70.5,1,4.4,2,1,1,0,42.0,1
13073,20,2,2,2.06,59.2,0,8.7,2,4,1,2,31.3,1
13074,17,0,6,1.32,64.5,1,7.4,0,1,1,0,37.5,1
13075,24,0,6,2.22,75.3,0,4.9,2,4,0,1,50.5,1
13076,21,2,4,7.31,56.4,0,6.9,0,3,2,2,83.8,1
13077,17,2,2,0.35,76.4,1,8.7,2,4,2,1,38.4,1
13078,21,0,4,3.65,71.8,0,9.9,0,4,1,2,49.4,1
13079,24,0,3,2.12,86.1,1,6.2,0,3,1,2,40.2,1
13080,22,1,1,5.57,50.8,1,6.5,0,3,0,2,53.5,1
13081,19,2,0,2.67,61.4,1,8.7,0,2,0,0,72.3,1
13082,24,2,5,2.77,70.6,1,4.3,1,4,0,2,55.7,1
13083,18,0,6,0.47,83.7,1,7.5,0,4,2,2,53.5,1
13084,18,0,6,7.28,60.2,1,7.1,0,2,2,0,95.1,1
13085,18,2,1,4.17,58.3,1,5.0,1,4,1,2,41.4,1
13086,24,0,3,0.55,93.6,1,6.8,1,0,2,0,79.9,1
13087,22,0,3,6.01,46.5,1,9.9,2,2,2,0,76.3,1
13088,21,2,0,6.24,83.6,1,8.8,0,0,0,2,100.0,1
13089,22,0,3,3.69,88.3,1,7.0,0,1,1,1,69.4,1
13090,19,2,0,7.83,55.7,1,8.6,2,2,0,0,93.0,1
13091,17,1,2,1.81,66.2,1,6.1,0,4,0,2,48.1,1
13092,23,0,0,6.75,71.2,1,4.8,1,1,0,0,72.9,1
13093,24,0,0,6.77,86.2,1,6.1,2,2,1,2,77.0,1
13094,17,1,0,4.17,92.4,0,5.0,0,0,2,1,59.1,1
13095,17,2,4,4.32,63.6,1,6.9,2,2,0,2,52.9,1
13096,21,0,4,0.9,60.9,1,9.9,0,1,2,2,33.0,1
13097,17,2,2,1.07,61.1,0,8.7,2,4,1,2,26.3,1
13098,22,1,0,3.38,51.7,1,8.2,2,0,1,2,47.5,1
13099,24,0,2,7.34,43.3,1,6.2,2,1,0,2,50.3,1
13100,19,0,5,1.72,93.3,1,4.9,1,3,2,2,48.8,1
13101,19,0,6,3.8,58.7,1,8.1,2,2,1,1,51.9,1
13102,23,1,3,0.51,40.7,1,4.8,0,1,1,2,19.599,1
13103,19,1,6,2.39,48.7,1,7.2,0,4,2,2,36.1,1
13104,18,0,4,2.98,96.5,1,9.1,2,4,2,2,63.7,1
13105,17,1,6,7.7,43.7,1,9.3,1,1,1,1,59.2,1
13106,23,2,6,1.54,81.5,1,6.8,1,1,0,2,53.3,1
13107,24,0,4,0.81,86.9,1,4.2,0,0,1,1,48.2,1
13108,17,2,3,0.43,84.9,1,9.6,2,0,1,1,58.2,1
13109,23,1,5,4.18,60.0,1,7.2,2,2,0,0,76.5,1
13110,18,2,1,4.16,78.4,1,8.0,0,4,2,0,69.9,1
13111,18,0,0,1.57,56.9,1,9.8,2,1,2,2,58.5,1
13112,20,1,3,1.98,65.0,1,4.7,2,3,0,0,62.4,1
13113,20,2,1,2.55,89.9,1,8.9,2,2,0,2,68.8,1
13114,23,1,3,0.08,76.4,1,9.6,1,2,2,2,45.1,1
13115,22,1,5,6.54,68.1,1,4.8,1,0,0,0,86.9,1
13116,18,0,5,6.18,81.2,1,9.9,1,1,2,2,87.4,1
13117,21,2,6,2.56,84.4,1,9.9,2,1,0,0,66.9,1
13118,24,1,6,4.59,95.8,1,5.3,1,3,2,2,58.3,1
13119,22,0,0,2.63,86.1,1,7.5,0,4,1,2,50.2,1
13120,18,1,4,0.21,68.7,1,6.6,2,0,0,2,47.1,1
13121,18,1,0,4.72,53.1,1,8.6,2,0,2,0,68.4,1
13122,20,2,6,5.77,68.2,1,9.8,0,0,1,0,79.2,1
13123,20,1,1,2.67,66.4,1,9.9,1,3,1,2,44.7,1
13124,19,0,1,1.93,75.9,1,7.4,2,0,2,0,53.9,1
13125,17,0,6,2.11,77.5,0,8.4,0,4,2,0,43.1,1
13126,17,1,1,2.79,53.0,1,9.9,1,0,1,2,49.8,1
13127,21,2,4,3.74,88.4,0,4.1,2,1,1,2,70.2,1
13128,24,0,0,6.04,64.8,1,4.8,0,3,0,2,52.5,1
13129,21,0,1,1.59,87.2,1,6.7,1,0,2,1,65.7,1
13130,20,2,4,5.65,40.9,1,8.7,1,0,1,2,79.6,1
13131,24,0,5,7.72,86.2,1,6.1,1,4,0,1,100.0,1
13132,22,2,1,1.44,73.0,0,6.4,0,0,2,2,56.2,1
13133,22,1,6,4.06,65.4,1,9.5,2,3,1,2,52.7,1
13134,21,1,2,2.89,48.6,1,4.1,2,1,1,2,44.8,1
13135,23,1,2,4.8,93.2,1,5.4,0,3,1,0,66.7,1
13136,21,0,6,7.05,43.2,0,9.9,1,2,1,2,90.1,1
13137,21,2,2,7.09,46.8,1,5.3,1,2,1,0,85.2,1
13138,21,2,0,3.54,90.8,0,8.5,0,1,0,2,69.8,1
13139,23,0,2,6.06,81.3,1,4.5,1,1,1,2,87.3,1
13140,24,1,1,4.09,90.6,1,4.5,2,4,1,2,41.1,1
13141,19,0,2,6.18,98.3,1,6.1,0,4,1,0,85.0,1
13142,22,0,0,7.07,60.4,1,7.4,0,3,2,0,56.7,1
13143,17,0,0,5.69,88.5,1,8.0,1,2,2,0,98.2,1
13144,21,2,1,0.49,42.3,1,5.6,1,4,1,2,51.2,1
13145,24,0,5,1.96,94.7,1,6.4,1,3,2,1,62.5,1
13146,22,2,2,6.29,78.2,1,9.7,2,1,2,2,79.3,1
13147,19,0,3,0.16,94.2,1,4.8,1,0,0,2,77.0,1
13148,21,1,0,4.14,73.8,1,4.1,2,2,1,0,51.8,1
13149,19,1,4,4.88,77.9,1,6.8,0,3,2,0,42.7,1
13150,20,2,0,6.56,95.8,0,9.8,2,0,0,2,99.4,-1
13151,18,0,3,6.45,58.1,1,9.2,0,3,0,2,68.9,1
13152,21,1,5,0.59,60.7,1,5.6,0,3,1,2,28.9,1
13153,18,1,1,5.44,91.1,0,4.9,2,0,2,2,66.1,1
13154,20,1,3,6.32,97.9,1,6.7,1,1,2,2,100.0,1
13155,24,2,3,0.84,80.1,1,9.9,1,0,0,1,71.9,1
13156,23,1,5,3.88,65.8,1,8.5,2,3,0,0,55.3,1
13157,20,1,3,5.19,46.7,1,8.9,0,4,0,0,70.9,1
13158,24,0,5,2.74,76.4,0,6.0,1,2,2,2,61.6,1
13159,17,0,5,2.96,89.5,1,5.8,1,3,2,2,79.4,1
13160,24,1,5,0.82,46.6,1,4.1,2,0,0,1,41.5,1
13161,19,1,4,6.19,57.4,1,7.2,0,1,1,0,80.6,1
13162,23,2,6,1.9,46.1,1,6.9,0,3,1,2,29.1,1
13163,24,1,2,3.48,60.3,1,5.3,0,0,2,0,62.1,1
13164,21,2,3,4.13,74.6,1,4.7,1,4,0,0,77.7,1
13165,21,0,5,0.7,47.8,1,7.9,1,0,1,1,46.1,1
13166,22,1,2,3.45,68.4,1,6.9,1,1,2,2,39.5,1
13167,18,1,5,1.22,40.8,1,8.1,2,3,1,2,23.3,1
13168,18,2,2,1.86,89.4,1,5.1,1,3,2,1,46.3,1
13169,19,0,5,2.85,80.5,1,4.4,1,1,1,0,67.3,1
13170,20,2,1,3.92,78.9,1,5.0,2,4,2,0,60.7,1
13171,22,2,4,3.47,90.9,1,8.2,2,0,2,1,80.0,1
13172,19,1,5,0.57,48.3,1,4.1,1,0,0,0,37.0,1
13173,21,1,5,2.8,98.1,1,7.9,0,3,0,2,59.3,1
13174,17,2,4,0.31,42.8,1,6.5,1,3,1,2,19.599,1
13175,17,1,6,2.01,66.7,1,9.4,1,4,1,1,47.4,1
13176,24,2,2,0.68,40.6,1,7.3,0,2,1,2,29.2,1
13177,23,1,1,1.34,95.2,1,8.6,2,1,2,2,61.0,1
13178,23,2,2,4.02,68.6,1,7.4,0,3,1,1,53.5,1
13179,19,2,5,7.42,56.4,1,7.6,0,4,2,2,66.1,1
13180,21,0,6,1.56,66.6,0,5.4,0,2,2,2,55.4,1
13181,22,2,6,5.85,97.1,0,6.2,0,2,0,2,77.7,1
13182,19,2,3,0.35,53.8,1,8.9,1,2,0,2,60.0,1
13183,22,2,2,2.69,60.7,0,9.9,2,0,1,2,79.6,1
13184,22,2,1,3.21,40.6,1,6.4,0,0,2,2,48.3,1
13185,20,0,4,0.87,53.2,1,7.1,2,2,1,1,19.599,1
13186,20,1,6,5.09,93.1,1,5.5,1,3,0,1,83.4,1
13187,19,2,6,1.17,68.8,1,5.2,1,4,0,2,52.0,1
13188,23,1,5,6.41,45.9,1,7.4,1,1,1,0,68.2,1
13189,24,0,6,4.73,89.9,0,4.4,1,4,0,2,84.7,1
13190,24,0,3,5.93,90.8,0,8.4,2,4,0,2,78.6,1
13191,23,0,1,1.31,98.7,1,4.6,1,0,0,2,58.2,1
13192,19,0,3,2.54,43.7,1,4.4,0,1,1,1,26.0,1
13193,23,0,2,5.64,66.4,1,5.2,1,1,2,2,67.5,1
13194,18,1,4,3.63,93.1,1,9.4,1,3,1,2,67.9,1
13195,24,2,0,5.06,47.1,1,4.7,0,4,2,0,49.1,1
13196,19,1,0,3.31,61.7,1,7.6,1,0,2,1,67.2,1
13197,20,0,2,5.38,94.3,1,6.7,1,0,0,2,82.9,1
13198,17,2,6,5.13,45.5,1,7.7,2,0,1,1,77.1,1
13199,17,0,0,2.4,83.5,1,6.4,1,3,2,0,54.7,1
13200,20,2,5,7.05,97.0,1,6.8,1,1,2,2,83.2,1
13201,21,0,3,5.86,76.1,1,9.9,0,2,0,2,88.4,1
13202,17,1,4,0.55,92.7,0,5.8,1,1,2,2,46.0,1
13203,23,2,3,0.3,88.0,1,5.1,1,4,1,2,37.7,1
13204,17,1,4,5.73,88.4,1,4.2,1,4,0,2,83.0,1
13205,24,2,1,5.06,77.8,1,7.8,2,4,0,1,69.7,1
13206,19,1,6,7.4,44.2,1,4.8,0,1,2,0,56.6,1
13207,20,2,0,5.4,64.0,1,9.2,1,4,2,2,80.2,1
13208,18,1,2,1.67,90.0,0,7.7,1,0,0,2,70.8,1
13209,23,2,6,0.34,52.2,1,8.8,0,2,0,2,37.0,1
13210,22,0,2,4.26,58.0,1,8.3,2,4,2,0,68.5,1
13211,17,1,3,3.97,70.8,1,8.5,2,3,2,2,62.6,1
13212,17,1,5,7.5,65.4,1,9.9,2,3,1,0,64.2,1
13213,21,1,0,5.67,89.0,1,7.6,2,2,1,2,66.8,1
13214,23,2,1,7.2,98.4,1,5.9,2,0,1,2,82.3,1
13215,17,0,1,6.05,46.4,1,7.6,1,0,1,2,84.1,1
13216,18,1,4,5.28,41.1,0,7.2,0,1,2,2,52.0,1
13217,21,1,4,4.51,86.5,1,5.2,0,4,1,2,55.2,1
13218,17,1,3,4.64,44.5,1,5.8,0,3,1,2,38.4,1
13219,19,1,3,4.06,54.4,1,7.9,1,0,1,2,73.8,1
13220,17,2,0,6.71,61.0,1,6.8,2,4,0,0,68.3,1
13221,20,0,6,1.88,57.9,0,5.9,2,0,2,2,35.1,1
13222,22,0,1,7.32,78.9,1,7.5,2,4,0,0,62.0,1
13223,20,1,5,4.48,56.6,1,5.7,0,1,0,1,58.1,1
13224,19,0,5,3.5,76.4,1,9.9,2,3,1,2,46.5,1
13225,20,0,2,1.69,81.7,1,8.6,1,3,0,2,58.0,1
13226,21,1,1,2.21,41.3,1,4.9,1,3,0,1,56.4,1
13227,18,0,3,4.67,62.0,0,6.1,1,2,2,1,83.8,1
13228,17,0,1,1.21,43.1,1,5.6,0,4,0,1,25.2,1
13229,18,2,5,0.08,85.9,0,5.5,0,1,1,1,26.6,-1
13230,24,0,3,2.07,43.5,1,5.4,0,0,2,1,45.9,1
13231,22,1,5,2.43,91.7,1,4.6,0,3,1,2,56.8,1
13232,18,2,2,7.53,90.9,1,6.0,2,4,0,1,93.3,1
13233,19,0,2,4.65,71.0,1,4.3,2,3,1,2,67.5,1
13234,20,0,4,3.25,96.6,1,8.6,2,0,1,0,68.5,1
13235,18,2,5,7.86,62.0,1,5.1,2,2,1,2,71.1,1
13236,23,2,6,2.94,58.2,1,4.6,2,4,2,0,34.9,1
13237,24,1,5,7.67,46.8,1,8.5,2,4,1,2,57.4,1
13238,18,0,5,7.53,83.7,1,8.5,2,2,2,2,91.5,1
13239,17,1,2,5.52,65.5,1,6.5,1,4,0,2,95.8,1
13240,19,2,4,4.2,98.7,1,9.2,0,0,2,1,84.2,1
13241,21,1,4,6.57,92.2,1,6.5,2,3,2,0,97.6,1
13242,23,2,0,2.59,70.8,1,7.1,2,4,1,2,54.6,1
13243,19,1,6,2.94,67.1,1,8.8,0,0,0,2,46.5,1
13244,19,0,6,1.66,54.1,1,4.8,1,2,0,0,56.8,1
13245,18,1,5,2.04,49.2,1,4.3,2,3,2,0,19.599,1
13246,17,2,6,1.09,54.5,1,7.7,0,2,0,2,53.5,1
13247,17,0,3,6.81,73.0,1,6.2,0,1,2,2,72.4,1
13248,20,0,5,0.08,48.5,1,5.4,1,3,2,2,31.9,1
13249,21,0,2,3.4,93.0,1,8.9,1,3,0,2,68.3,1
13250,17,1,1,2.91,98.1,1,7.6,2,4,1,2,60.0,1
13251,18,0,4,3.1,56.0,1,9.3,1,1,0,2,85.1,1
13252,24,2,2,6.75,78.7,0,6.7,2,2,1,0,98.9,1
13253,24,0,5,6.57,64.6,1,7.5,0,3,2,2,66.0,1
13254,22,1,1,5.31,71.4,1,9.2,0,0,2,2,79.9,1
13255,21,2,0,5.51,86.2,1,6.6,2,2,2,2,83.5,1
13256,21,0,1,6.43,76.5,0,8.4,1,2,2,2,89.7,1
13257,19,1,3,3.08,79.9,1,5.5,2,2,0,0,53.8,1
13258,18,1,2,3.6,48.7,1,4.1,1,1,1,1,57.6,1
13259,20,1,5,1.96,54.4,1,7.7,0,4,1,0,34.3,1
13260,22,1,6,1.9,91.9,1,5.9,2,4,1,0,47.4,1
13261,22,2,5,7.48,98.2,1,5.3,1,0,1,0,100.0,1
13262,22,1,1,6.09,73.3,1,9.8,0,1,2,2,81.4,1
13263,21,1,0,3.62,52.5,1,5.4,0,0,2,2,50.7,1
13264,17,1,1,0.31,70.7,1,9.5,0,2,0,1,50.0,1
13265,22,1,4,5.94,68.5,1,7.8,0,1,0,1,84.1,1
13266,24,1,6,7.59,79.8,1,4.8,2,4,1,1,69.1,1
13267,22,0,6,7.41,59.7,1,9.3,2,4,0,0,81.5,1
13268,21,1,6,5.71,92.8,1,4.6,2,0,2,0,85.0,1
13269,18,2,4,5.18,98.7,0,7.9,0,0,1,0,92.4,1
13270,23,0,1,0.97,94.7,1,6.1,0,3,2,2,48.3,1
13271,20,1,0,0.69,99.3,1,5.2,2,2,0,0,43.2,1
13272,19,0,0,2.12,48.3,1,6.6,0,1,0,2,49.5,1
13273,20,1,2,4.51,55.1,1,5.0,1,2,2,0,60.9,1
13274,17,2,5,7.31,85.9,1,9.5,2,0,1,2,78.2,1
13275,24,0,4,6.97,68.0,0,7.7,0,4,2,2,62.7,1
13276,22,2,6,2.45,97.6,1,7.2,0,2,2,1,68.5,1
13277,19,0,5,2.93,48.9,1,8.2,0,3,0,0,38.3,1
13278,23,1,4,2.48,58.5,0,9.4,2,1,1,2,56.4,1
13279,17,1,2,4.24,78.8,1,8.1,1,0,1,1,70.5,1
13280,20,0,3,6.47,64.6,1,9.7,0,0,0,1,73.5,1
13281,22,2,3,6.26,61.7,1,5.7,2,0,2,1,88.4,1
13282,17,0,4,7.09,73.1,1,9.7,1,2,1,0,87.1,1
13283,22,2,3,4.17,88.3,1,8.1,2,0,0,1,78.9,1
13284,23,0,5,5.27,66.0,0,6.0,2,0,0,1,63.2,1
13285,21,1,2,7.63,42.1,1,7.7,2,0,1,1,84.7,1
13286,18,0,2,5.4,86.9,1,8.1,1,0,1,2,83.8,1
13287,22,1,6,1.34,83.3,1,6.4,1,1,0,0,37.6,1
13288,19,2,3,2.61,70.3,1,7.3,2,1,2,2,45.4,1
13289,22,1,5,0.61,76.2,1,4.7,1,4,2,2,48.6,1
13290,22,0,6,0.88,62.1,0,5.5,1,3,1,2,29.4,1
13291,17,0,2,3.93,46.3,1,4.1,1,3,0,0,41.2,1
13292,17,0,4,5.91,87.8,1,5.2,1,2,2,0,81.3,1
13293,17,0,1,1.51,63.6,1,9.7,0,0,1,2,71.5,1
13294,17,2,1,2.56,99.1,1,5.8,0,1,1,0,70.8,1
13295,19,2,1,2.69,98.6,1,7.3,2,3,1,0,66.4,1
13296,17,1,5,6.72,59.2,1,7.6,1,1,2,0,89.8,1
13297,24,2,2,1.47,51.7,0,8.3,0,1,0,0,43.7,1
13298,24,2,4,0.27,85.6,1,6.7,1,1,1,2,39.2,1
13299,18,2,0,4.99,85.9,1,4.8,0,4,2,2,69.9,1
13300,19,2,1,4.21,41.9,0,7.7,2,1,1,0,52.6,1
13301,22,2,1,0.08,72.2,0,7.9,0,2,0,1,33.9,1
13302,22,1,0,6.12,57.0,1,6.5,2,4,2,0,59.3,1
13303,21,2,0,3.39,43.0,1,9.9,2,2,2,1,64.2,1
13304,24,2,0,4.38,65.8,1,6.2,2,1,1,0,58.8,1
13305,22,1,3,5.37,48.0,0,4.2,1,0,0,2,84.2,1
13306,22,2,6,0.41,57.0,1,4.9,2,2,1,2,19.599,1
13307,21,2,3,1.38,74.0,1,9.7,0,4,2,1,51.4,1
13308,21,0,1,3.71,54.9,1,8.5,2,2,0,0,59.4,1
13309,19,2,4,1.38,61.8,1,9.0,2,2,2,2,31.4,1
13310,21,1,5,0.93,82.5,1,9.8,1,3,2,1,59.2,1
13311,24,2,4,2.6,88.4,0,8.2,0,0,0,0,85.2,1
13312,20,2,3,3.41,67.6,1,5.0,0,0,2,0,58.8,1
13313,18,1,4,6.8,75.4,0,9.1,0,3,1,1,82.9,1
13314,21,0,6,4.76,59.8,1,5.2,2,2,2,2,53.0,1
13315,23,0,2,7.44,93.1,1,8.1,1,4,2,1,97.9,1
13316,24,1,6,3.66,44.9,1,4.2,1,1,2,2,31.6,1
13317,21,2,6,3.78,45.8,1,6.0,2,1,2,2,36.6,1
13318,23,0,6,2.49,42.3,1,7.1,1,1,1,2,35.9,1
13319,19,1,3,0.65,46.1,1,8.2,1,0,0,2,49.0,1
13320,20,0,5,1.38,77.7,0,9.1,2,2,0,2,42.9,1
13321,20,1,2,0.54,99.4,1,4.4,2,0,2,0,57.1,1
13322,19,1,0,5.63,76.1,0,8.9,0,4,2,2,86.2,1
13323,22,2,6,2.79,55.3,1,8.5,1,1,0,0,64.7,1
13324,24,2,1,0.25,89.1,1,8.9,2,3,2,2,45.6,1
13325,19,1,5,6.02,61.3,1,7.2,0,2,0,2,78.9,1
13326,18,1,0,2.04,75.6,0,7.5,0,4,2,0,62.0,1
13327,23,2,4,7.15,66.4,1,4.7,2,0,1,2,62.2,1
13328,23,0,4,6.58,70.7,1,8.9,0,0,1,0,61.7,1
13329,24,1,6,2.43,46.3,1,4.9,2,0,1,1,26.4,1
13330,19,2,0,1.89,95.8,0,7.6,0,3,0,2,55.2,1
13331,22,1,5,7.91,58.3,1,5.7,2,4,2,0,73.1,1
13332,22,1,3,6.56,76.1,1,4.7,1,0,2,2,95.9,1
13333,23,0,0,7.41,40.6,1,5.4,0,0,0,2,78.7,1
13334,23,2,2,0.14,67.6,1,4.1,0,4,0,0,26.6,1
13335,24,0,2,4.79,86.0,1,5.5,0,0,2,2,76.0,1
13336,20,0,5,2.13,76.7,1,6.6,0,0,0,2,72.9,1
13337,17,1,2,3.0,59.1,0,7.5,0,4,0,2,51.9,1
13338,18,0,2,0.73,79.0,1,4.9,2,0,1,2,35.0,1
13339,24,2,1,5.99,87.7,1,5.7,0,1,0,2,91.3,1
13340,23,0,0,4.21,49.5,1,8.0,2,0,2,2,79.2,1
13341,17,1,1,6.34,44.0,1,5.2,1,1,0,2,74.7,1
13342,19,2,4,0.93,67.7,1,5.9,2,1,1,0,23.0,1
13343,18,1,5,7.91,66.2,0,7.4,2,3,0,1,74.0,1
13344,19,2,3,2.79,42.8,1,6.9,2,1,1,1,51.4,1
13345,22,2,4,7.61,80.8,1,6.3,1,4,2,1,95.8,1
13346,21,1,6,5.41,74.9,1,8.0,0,0,2,1,84.9,1
13347,20,1,6,0.87,58.8,1,5.7,0,1,1,0,37.4,1
13348,20,0,4,6.26,56.6,1,6.3,0,4,0,0,66.8,1
13349,22,2,2,4.49,57.3,0,7.3,2,4,2,1,61.1,1
13350,22,0,5,1.51,46.8,1,6.5,0,0,1,1,52.0,1
13351,17,1,5,1.5,95.7,1,6.0,2,2,2,2,53.3,1
13352,18,2,0,7.63,43.6,1,9.7,0,1,1,2,69.4,1
13353,19,1,1,7.91,42.6,0,5.6,2,2,0,2,73.3,1
13354,20,2,2,4.61,86.9,1,6.0,0,2,0,0,75.6,1
13355,24,2,1,1.5,67.6,1,4.6,0,2,1,1,50.7,1
13356,24,0,5,2.72,88.7,1,9.9,2,3,0,1,71.5,1
13357,22,1,6,1.7,70.6,1,8.9,1,2,2,1,61.0,1
13358,17,2,1,4.86,93.9,1,5.2,1,0,2,2,88.6,1
13359,17,2,0,3.2,60.9,1,5.2,2,0,1,0,49.9,1
13360,20,0,5,3.02,75.1,1,6.3,0,3,2,1,29.3,1
13361,21,1,2,6.41,53.2,0,6.6,2,0,0,0,69.4,1
13362,22,1,6,7.71,66.9,0,6.4,0,4,0,2,81.5,1
13363,18,1,2,1.58,48.0,1,6.5,0,3,1,0,34.1,1
13364,24,0,1,3.32,69.9,1,6.0,0,1,0,2,40.4,1
13365,20,0,2,4.29,67.6,1,5.2,2,0,1,2,69.8,1
13366,21,0,5,1.97,41.6,1,5.6,0,1,1,0,22.4,1
13367,17,0,0,3.22,45.4,1,5.8,2,2,1,0,45.7,1
13368,23,0,3,0.45,73.8,1,7.3,2,0,2,0,41.2,1
13369,21,1,3,0.33,83.0,1,4.5,1,1,2,2,49.0,1
13370,18,0,0,6.29,79.7,1,5.1,0,2,2,0,62.9,1
13371,19,2,5,2.71,83.2,1,7.3,2,2,2,0,50.5,1
13372,19,2,3,5.66,68.7,1,5.9,1,0,0,0,98.8,1
13373,17,2,5,0.66,60.4,1,7.5,0,4,0,0,34.8,1
13374,24,2,4,5.37,81.2,1,9.0,1,3,1,2,61.9,1
13375,23,1,4,5.23,56.2,1,9.2,1,4,2,1,71.8,1
13376,24,1,6,6.57,77.7,0,4.7,1,1,2,2,80.0,1
13377,19,0,3,1.64,45.5,1,5.5,0,3,2,1,29.3,1
13378,21,0,0,4.41,72.3,1,8.3,2,0,1,2,73.0,1
13379,20,2,5,7.21,83.1,1,7.2,1,3,0,2,87.0,1
13380,20,2,4,1.76,59.0,1,4.5,2,4,1,1,20.8,1
13381,21,2,3,1.0,95.1,1,9.4,1,1,1,0,62.9,1
13382,20,1,0,2.76,44.4,0,8.0,1,0,0,2,56.8,1
13383,23,2,6,7.72,55.9,1,4.1,1,0,2,2,78.9,1
13384,17,2,1,1.26,80.6,1,5.6,1,4,0,0,82.0,1
13385,18,2,2,0.95,89.6,1,9.9,2,4,1,0,51.9,1
13386,24,0,4,7.91,46.8,1,6.6,1,3,1,0,93.4,1
13387,24,1,2,3.15,45.9,1,5.3,2,2,1,2,38.7,1
13388,23,1,5,1.19,67.9,0,5.1,2,4,2,0,27.1,1
13389,19,2,5,4.47,60.7,1,4.8,2,2,1,2,39.2,1
13390,20,2,5,0.11,73.0,1,8.2,2,1,2,2,33.6,1
13391,17,2,1,3.4,90.6,1,8.3,0,3,0,2,50.0,1
13392,19,0,6,0.29,57.3,1,8.2,0,2,1,2,19.599,1
13393,22,0,2,4.52,40.6,1,9.4,0,0,2,1,60.7,1
13394,19,1,2,5.0,80.3,1,9.2,2,2,2,2,68.9,1
13395,20,0,0,0.08,73.8,1,4.4,0,4,1,2,25.6,1
13396,17,1,3,4.1,70.9,1,5.0,0,3,1,2,59.8,1
13397,20,2,4,7.56,87.1,1,4.8,2,0,2,2,81.3,1
13398,22,2,0,3.18,91.0,1,6.1,1,3,2,0,71.6,1
13399,21,1,6,7.64,48.7,0,6.2,2,3,2,2,68.5,1
13400,21,2,5,7.71,89.9,1,9.1,0,2,0,0,97.4,1
13401,24,2,1,1.92,72.5,1,7.1,2,1,1,2,28.6,1
13402,18,0,2,4.62,92.3,1,8.2,1,2,2,2,100.0,1
13403,19,0,4,6.64,74.1,1,4.8,1,3,2,2,95.3,1
13404,21,1,1,5.67,93.7,1,4.9,1,4,1,2,72.1,1
13405,20,2,1,6.08,89.9,1,4.5,0,1,0,1,92.1,1
13406,24,1,5,2.09,59.6,1,5.0,0,4,1,0,42.6,1
13407,17,2,1,7.35,78.6,1,5.5,2,4,2,2,84.7,1
13408,17,0,0,1.89,74.1,1,7.4,1,2,2,0,52.0,1
13409,19,2,6,5.16,72.1,1,8.0,1,1,2,1,88.9,1
13410,20,0,4,7.08,46.6,1,8.5,0,4,1,2,52.9,1
13411,24,2,4,2.88,41.4,1,8.7,2,0,2,0,29.5,1
13412,20,0,6,4.42,60.5,0,5.2,0,0,1,2,58.8,1
13413,20,0,5,5.52,69.9,1,4.4,2,2,2,0,58.1,1
13414,18,0,3,7.43,73.1,1,6.5,2,2,0,1,90.0,1
13415,20,2,4,3.58,71.1,1,9.7,0,4,1,2,40.0,1
13416,21,0,3,4.83,48.7,1,7.0,0,4,2,2,58.2,1
13417,21,0,0,1.13,89.0,1,8.8,2,4,1,2,35.7,1
13418,21,0,6,0.52,83.2,1,9.4,2,4,2,2,56.5,1
13419,20,0,4,0.17,91.8,1,7.3,2,0,0,0,37.5,1
13420,18,0,5,3.81,93.0,1,5.3,0,1,2,1,80.1,1
13421,18,0,0,4.37,89.9,1,8.5,2,1,0,2,83.1,1
13422,18,1,1,0.69,79.9,1,7.6,1,4,2,0,47.6,1
13423,21,2,2,1.45,66.4,1,9.8,0,4,1,0,47.8,1
13424,23,0,5,2.13,78.1,1,7.6,1,4,2,0,64.6,1
13425,24,2,3,7.13,54.9,1,9.5,1,0,0,0,94.7,1
13426,19,0,3,0.79,95.3,1,6.7,2,1,1,1,50.3,1
13427,17,0,2,3.92,78.0,1,9.9,2,1,0,0,61.9,1
13428,22,0,5,6.31,75.9,1,6.6,1,0,2,0,98.6,1
13429,17,2,1,6.96,74.8,1,5.3,0,3,0,1,76.6,1
13430,22,1,4,5.55,81.0,1,7.1,0,2,1,2,70.6,1
13431,20,0,0,2.12,81.1,1,4.1,1,0,0,2,74.5,1
13432,23,1,1,0.97,42.7,1,8.4,1,4,1,0,21.8,1
13433,22,2,1,1.26,65.5,1,8.3,2,3,0,2,56.6,1
13434,22,0,5,6.16,98.5,1,9.2,2,2,1,2,78.8,1
13435,20,2,2,2.37,85.5,0,8.3,2,4,1,0,52.6,1
13436,23,1,2,2.7,51.5,1,4.2,0,0,2,2,50.8,1
13437,21,1,0,1.4,65.7,0,9.3,0,0,2,1,61.0,1
13438,22,0,6,3.48,67.7,1,7.2,2,2,2,0,50.8,1
13439,19,1,4,2.68,98.7,0,7.7,2,4,0,2,65.3,1
13440,20,0,5,2.86,97.1,1,6.5,1,3,1,2,58.8,1
13441,23,1,1,0.27,44.6,1,6.6,2,4,2,1,49.1,1
13442,20,1,6,3.7,55.9,1,6.3,2,3,2,2,39.7,1
13443,17,1,2,0.9,44.4,1,8.8,2,0,0,2,51.9,1
13444,20,0,2,4.29,51.7,1,4.1,2,1,2,2,37.1,1
13445,20,2,3,5.35,67.0,1,5.1,1,3,2,1,58.2,1
13446,20,0,3,4.37,76.0,1,8.5,2,0,0,1,80.8,1
13447,17,1,0,1.17,88.7,1,6.5,1,1,2,0,22.5,1
13448,18,1,1,4.93,45.2,1,6.5,0,1,0,0,48.7,1
13449,19,2,0,3.3,56.9,1,7.7,1,0,0,1,60.2,1
13450,20,2,0,2.88,76.6,1,4.5,0,1,1,0,54.2,1
13451,17,0,4,1.19,67.6,1,8.1,0,3,2,2,40.7,1
13452,20,0,0,7.91,58.5,1,8.6,0,0,1,2,70.4,1
13453,19,0,1,3.14,50.7,1,6.4,2,3,0,2,43.7,1
13454,17,2,4,3.65,82.5,1,8.2,0,0,2,2,71.2,1
13455,19,2,4,0.76,54.1,1,6.7,0,4,2,2,37.3,1
13456,19,1,3,5.4,81.1,1,6.5,0,3,0,2,57.5,1
13457,18,0,2,2.26,95.0,1,4.1,2,2,1,0,48.2,1
13458,23,2,6,5.92,52.9,1,9.9,0,0,0,0,83.9,1
13459,17,0,3,0.54,83.3,1,6.9,1,3,1,2,47.8,1
13460,21,2,1,2.37,88.1,1,9.2,0,3,0,2,69.3,1
13461,22,2,5,5.97,78.0,0,6.4,1,3,1,0,78.4,1
13462,23,1,0,3.17,59.5,1,5.7,1,1,0,2,68.9,1
13463,21,0,1,0.27,54.4,1,8.5,0,1,2,0,47.2,1
13464,21,0,4,6.32,87.2,1,8.6,2,3,0,2,68.1,1
13465,23,1,2,7.72,59.6,1,9.4,1,0,1,2,94.8,1
13466,23,0,1,3.01,88.4,1,8.6,1,4,2,0,73.2,1
13467,18,1,4,4.97,90.4,1,8.2,0,1,2,2,71.2,1
13468,23,0,5,2.98,92.2,1,4.1,2,3,2,0,47.8,1
13469,20,0,6,4.44,89.0,1,5.0,0,4,0,1,93.1,1
13470,17,0,4,5.91,94.0,1,7.5,1,1,2,0,84.2,1
13471,21,0,1,5.06,95.8,1,7.4,0,1,1,2,83.6,1
13472,24,2,4,2.52,69.6,1,7.9,2,0,0,2,72.0,1
13473,18,2,5,1.56,57.5,1,7.8,2,4,0,0,53.6,1
13474,17,2,4,4.35,51.3,1,4.7,1,3,2,2,71.0,1
13475,24,1,5,5.28,63.5,1,9.7,0,3,1,2,67.5,1
13476,21,2,5,4.6,55.2,1,6.7,2,1,1,1,50.9,1
13477,18,2,3,1.03,90.5,1,8.4,2,3,2,1,45.9,1
13478,23,2,6,2.84,90.5,1,8.5,2,3,0,0,63.9,1
13479,20,2,4,5.96,66.6,1,5.3,1,0,1,0,78.0,1
13480,19,2,2,1.17,88.5,1,6.5,1,1,1,2,49.1,1
13481,19,2,1,7.07,78.5,1,4.3,2,0,2,2,67.4,1
13482,21,2,3,3.73,74.5,0,4.2,2,3,1,1,54.0,1
13483,18,0,3,6.33,88.7,1,4.9,0,4,1,0,65.9,1
13484,19,0,5,2.73,88.3,1,4.7,1,2,1,1,62.3,1
13485,19,0,4,2.87,88.0,1,8.3,0,3,2,0,56.5,1
13486,17,2,2,7.74,72.7,1,7.0,0,2,0,2,80.3,1
13487,23,0,3,4.54,59.2,1,6.3,0,2,0,0,58.2,1
13488,17,0,3,0.82,64.2,1,5.0,0,3,2,2,46.3,1
13489,24,2,6,7.66,80.9,1,6.4,2,2,0,0,73.3,1
13490,17,1,4,3.0,94.6,0,8.8,0,1,1,0,61.0,1
13491,19,2,1,5.68,83.4,1,9.5,1,2,1,2,89.4,1
13492,17,0,1,1.03,87.5,1,6.3,1,0,0,2,60.9,1
13493,19,2,0,6.84,57.5,0,8.3,0,1,1,2,65.6,1
13494,21,1,0,7.67,66.3,1,9.1,2,4,2,2,74.0,1
13495,17,1,2,3.06,84.8,1,6.4,0,1,1,1,48.8,1
13496,21,2,5,1.16,92.2,1,5.7,0,3,1,0,31.5,1
13497,23,2,2,4.46,70.7,1,6.2,2,4,0,1,58.6,1
13498,20,0,2,1.29,41.1,1,6.5,2,0,2,1,19.599,1
13499,17,0,2,3.54,93.1,1,8.3,1,3,1,0,66.7,1
13500,22,0,2,4.98,45.8,0,5.7,1,0,0,2,82.1,1
13501,18,0,3,1.11,71.8,0,4.9,1,0,2,1,53.9,1
13502,17,1,5,7.58,68.8,1,7.4,1,3,2,1,90.9,1
13503,20,0,6,5.64,97.7,0,4.1,0,4,1,0,70.4,1
13504,19,0,5,2.89,47.5,0,6.9,0,2,0,0,49.8,1
13505,17,1,4,3.33,79.8,1,8.2,0,2,0,2,67.2,1
13506,23,0,4,6.78,58.7,1,5.6,0,4,2,0,80.3,1
13507,21,2,0,3.81,66.0,1,4.1,2,0,0,2,67.9,1
13508,24,2,0,7.9,65.0,1,9.3,1,3,2,2,95.3,1
13509,20,0,6,0.5,60.9,1,6.2,1,4,2,0,51.7,1
13510,20,0,2,2.17,92.8,1,6.0,0,0,2,0,74.1,1
13511,23,1,5,4.15,83.3,1,8.2,2,0,2,0,65.5,1
13512,17,0,5,1.09,93.9,1,5.0,1,0,2,0,55.1,1
13513,19,0,2,2.85,88.5,1,8.1,1,1,1,0,69.3,1
13514,23,1,1,4.16,65.0,1,7.7,0,3,0,2,67.5,1
13515,19,1,0,2.09,43.7,0,5.3,2,0,2,2,50.9,1
13516,24,0,6,1.32,57.9,1,6.2,1,2,1,2,44.0,1
13517,19,2,3,2.15,60.7,1,9.5,2,2,2,1,52.8,1
13518,20,0,5,0.66,46.1,1,8.2,0,2,1,0,46.0,1
13519,24,2,4,1.57,49.2,1,9.0,1,0,2,2,42.8,1
13520,18,2,2,0.49,41.4,1,6.5,1,1,1,0,26.5,1
13521,24,2,4,7.62,66.3,1,7.8,2,3,2,2,87.3,1
13522,17,2,4,1.29,50.2,1,5.9,0,3,2,2,34.7,1
13523,19,0,6,0.08,56.3,1,6.6,2,3,2,2,28.3,1
13524,21,2,6,7.66,68.8,1,9.9,0,4,0,0,83.8,1
13525,21,1,4,6.07,49.8,1,7.9,1,4,2,2,75.3,1
13526,24,1,6,2.14,43.9,1,5.4,1,3,2,0,42.3,1
13527,24,0,2,7.03,85.9,1,8.2,2,2,1,0,76.5,1
13528,22,1,4,6.97,93.1,1,9.9,0,0,2,1,100.0,1
13529,22,2,4,5.93,60.3,0,8.2,0,2,0,1,71.7,1
13530,19,2,1,4.74,67.8,1,7.7,2,3,1,0,61.0,1
13531,23,1,3,4.68,57.3,1,7.7,1,0,2,2,78.9,1
13532,22,2,4,7.75,67.7,1,8.4,1,0,2,0,100.0,1
13533,17,1,0,3.72,45.3,0,9.8,2,2,0,0,65.6,1
13534,23,1,4,6.47,67.6,1,4.1,1,0,2,1,100.0,1
13535,19,2,5,0.9,67.7,0,4.9,0,4,2,0,25.0,1
13536,20,2,4,5.61,58.4,0,8.1,1,3,2,0,64.6,1
13537,20,2,0,7.91,92.1,0,4.3,1,0,1,2,94.4,-1
13538,23,0,1,0.08,65.2,1,8.8,0,4,2,2,31.1,1
13539,19,0,4,2.06,48.9,1,5.6,2,4,2,2,19.8,1
13540,20,1,6,6.28,85.0,1,8.6,2,3,1,0,63.0,1
13541,17,2,3,5.87,48.8,1,9.2,0,0,2,2,91.6,1
13542,19,2,3,5.87,45.1,1,5.2,0,0,0,2,63.4,1
13543,17,0,6,7.86,62.1,0,9.5,1,2,0,2,100.0,-1
13544,21,2,0,0.77,87.8,1,4.7,0,4,1,2,33.3,1
13545,24,0,5,5.4,97.1,1,5.6,2,4,1,0,67.3,1
13546,20,2,1,5.13,79.5,1,5.7,0,1,2,0,65.0,1
13547,24,0,1,1.65,93.7,1,6.2,0,3,1,1,43.3,1
13548,24,1,1,1.7,74.1,1,8.3,2,1,0,2,46.9,1
13549,17,0,2,5.2,51.4,1,5.1,0,2,0,2,78.9,1
13550,21,0,3,5.24,73.9,1,6.6,0,2,1,2,67.1,1
13551,21,1,0,4.8,84.2,1,9.2,1,1,2,2,78.4,1
13552,20,2,1,3.7,44.5,1,4.2,1,2,2,2,57.0,1
13553,23,1,5,5.5,65.2,1,7.4,1,2,1,2,88.6,1
13554,20,2,3,2.58,45.1,1,7.7,0,2,2,1,45.2,1
13555,17,2,1,1.89,63.8,0,5.7,1,3,0,2,46.7,1
13556,21,0,1,4.76,73.8,1,8.8,0,3,2,1,62.7,1
13557,18,0,5,4.94,83.1,1,9.7,2,4,2,1,71.4,1
13558,19,0,1,6.5,61.3,1,6.1,1,2,0,1,73.6,1
13559,21,2,0,3.33,47.3,1,9.1,1,3,0,2,48.6,1
13560,22,1,2,6.11,69.7,1,5.5,2,2,2,2,64.6,1
13561,19,0,5,7.34,47.8,1,5.4,2,4,1,0,61.8,1
13562,20,0,0,3.41,45.8,1,7.3,2,3,0,2,37.7,1
13563,17,1,4,4.34,83.9,1,7.2,1,4,2,0,82.4,1
13564,20,2,0,7.28,76.5,1,9.5,2,0,1,1,92.6,1
13565,21,0,5,2.4,71.8,1,6.7,2,4,2,1,46.8,1
13566,21,1,0,5.78,50.1,1,7.4,2,3,1,2,64.6,1
13567,19,1,6,4.62,95.2,0,6.1,0,0,2,2,80.8,1
13568,17,1,5,3.31,91.6,1,5.3,2,1,0,2,77.9,1
13569,21,0,3,6.91,90.6,1,8.2,2,4,2,0,69.9,1
13570,22,0,3,1.25,43.9,1,4.4,2,3,2,2,19.599,1
13571,17,0,4,0.28,44.3,1,9.2,2,4,0,2,19.599,1
13572,21,0,4,1.66,68.3,1,9.5,1,2,1,2,56.6,1
13573,17,0,4,7.01,57.3,1,7.2,0,0,1,2,86.6,1
13574,20,0,2,2.75,60.2,1,4.5,2,4,1,2,44.8,1
13575,22,1,1,5.47,82.6,1,6.0,0,4,0,1,93.0,1
13576,22,1,3,1.85,96.1,1,4.4,1,4,0,2,55.2,1
13577,22,2,3,3.93,76.2,1,5.4,2,3,0,2,60.7,1
13578,23,2,2,4.18,41.7,0,7.9,0,2,1,2,30.0,1
13579,18,1,1,1.96,42.4,1,4.2,1,3,1,0,24.5,1
13580,23,1,3,3.1,53.9,1,5.5,0,1,1,0,53.0,1
13581,19,0,3,2.09,40.6,1,7.6,0,0,2,2,45.0,1
13582,19,0,4,0.81,48.3,1,8.9,2,4,0,0,34.3,1
13583,23,0,2,3.45,43.2,1,8.1,2,1,0,2,42.8,1
13584,19,0,5,4.51,56.7,1,7.7,0,4,0,2,56.4,1
13585,17,1,0,0.72,42.7,1,5.0,2,2,2,2,22.9,1
13586,22,0,3,2.86,94.7,1,8.7,2,0,2,1,82.5,1
13587,22,2,6,3.7,71.4,1,5.6,1,1,0,0,81.7,1
13588,21,0,0,7.46,91.7,1,8.5,2,0,1,2,84.5,1
13589,18,2,0,4.88,80.7,0,6.2,0,3,1,0,74.1,1
13590,22,2,1,7.54,67.6,0,6.7,0,1,0,2,98.2,1
13591,18,2,4,4.2,67.9,1,9.4,1,0,1,2,70.8,1
13592,21,0,6,6.43,83.2,1,5.0,0,3,0,2,64.8,1
13593,21,0,3,0.77,59.3,1,7.6,1,4,0,2,58.7,1
13594,23,0,1,4.52,71.9,1,8.8,1,3,0,1,63.4,1
13595,24,1,6,2.82,47.0,1,5.4,2,4,1,2,19.599,1
13596,18,0,2,5.83,87.1,1,6.4,1,1,0,2,90.8,1
13597,17,1,0,7.02,59.7,1,5.8,1,1,1,2,69.1,1
13598,21,0,2,5.7,50.7,1,8.5,1,4,2,2,82.8,1
13599,24,1,2,0.71,84.4,1,7.7,1,3,2,2,39.2,1
13600,18,0,6,4.97,45.6,1,6.9,0,3,0,0,56.8,1
13601,20,2,2,5.95,97.1,1,9.1,2,1,0,2,83.1,1
13602,20,0,6,0.24,81.4,1,5.9,0,3,2,0,51.7,1
13603,19,2,3,1.36,84.4,1,5.2,2,0,2,2,42.8,1
13604,22,0,0,5.44,44.9,1,8.7,1,3,2,2,64.7,1
13605,19,2,6,2.52,73.8,1,6.0,1,1,1,2,21.5,1
13606,20,1,2,0.5,41.8,1,6.4,2,4,1,1,19.599,1
13607,23,2,4,7.12,59.6,0,7.3,2,0,1,2,52.8,1
13608,20,2,5,7.62,83.4,0,9.9,2,1,0,0,100.0,-1
13609,17,2,0,2.99,52.9,1,6.1,1,2,2,2,57.0,1
13610,24,1,0,7.91,81.8,0,7.8,1,2,1,0,100.0,-1
13611,19,2,2,6.85,73.0,0,9.5,2,0,1,1,76.1,1
13612,23,2,2,4.45,94.6,1,5.7,1,4,0,2,78.5,1
13613,23,1,2,5.98,69.8,0,8.7,2,1,1,1,53.6,1
13614,21,0,3,7.49,58.1,0,8.4,2,4,1,2,67.6,1
13615,17,0,3,5.82,92.5,1,8.7,2,1,0,2,83.9,1
13616,24,1,0,2.7,68.7,1,8.9,0,4,0,0,55.2,1
13617,22,0,4,1.54,57.3,0,6.7,1,4,1,1,47.9,1
13618,20,0,0,3.45,64.9,1,4.8,2,0,1,0,41.5,1
13619,23,1,5,1.49,66.6,1,7.1,1,3,2,2,69.3,1
13620,23,0,4,0.17,53.3,0,5.1,0,1,1,2,28.9,1
13621,23,0,6,3.65,87.8,1,4.9,2,4,0,0,45.1,1
13622,18,2,5,2.63,89.2,1,6.9,0,2,0,2,66.1,1
13623,22,1,2,0.76,66.7,1,5.6,2,0,2,0,35.4,1
13624,19,2,3,6.97,41.0,0,6.4,1,0,2,0,85.9,1
13625,17,2,4,0.98,46.2,1,5.2,0,2,0,1,22.0,1
13626,19,2,2,5.04,70.5,1,9.1,2,1,2,2,64.7,1
13627,17,1,2,4.55,55.7,1,8.4,0,4,2,2,77.8,1
13628,17,0,2,7.83,59.8,1,7.8,1,1,1,0,85.9,1
13629,22,0,1,2.03,71.8,1,4.6,1,2,2,1,35.5,1
13630,21,2,6,1.88,79.8,0,5.9,2,1,1,1,42.8,1
13631,20,2,1,5.02,51.2,1,7.8,2,3,0,0,57.5,1
13632,18,0,1,4.47,81.2,1,5.2,1,2,2,2,80.9,1
13633,23,1,3,6.49,46.5,0,9.0,0,4,2,0,73.1,1
13634,22,2,0,1.38,73.9,1,9.3,0,3,2,1,52.9,1
13635,21,0,6,2.4,80.2,1,7.4,2,4,1,0,39.9,1
13636,18,1,2,0.08,57.5,1,4.8,0,2,0,0,19.599,1
13637,17,2,5,5.77,90.2,0,5.3,0,2,2,1,81.3,1
13638,17,2,1,2.6,87.3,0,4.1,0,2,1,2,42.4,-1
13639,17,0,0,1.89,92.9,1,5.7,1,0,0,0,79.8,1
13640,24,0,3,4.84,60.5,1,8.9,1,3,1,2,55.5,1
13641,19,0,6,2.01,96.0,1,5.8,1,0,2,2,96.9,1
13642,22,1,1,0.45,69.1,1,8.9,2,3,2,0,25.1,1
13643,24,2,0,1.89,58.7,1,9.2,0,3,2,2,49.4,1
13644,24,2,4,6.8,77.4,1,9.1,0,2,0,0,70.3,1
13645,19,2,4,4.76,93.0,1,9.0,0,1,2,1,95.7,1
13646,20,2,0,3.77,93.3,1,5.2,0,2,0,2,62.6,1
13647,20,0,2,3.93,54.6,1,7.7,0,3,0,1,62.3,1
13648,17,2,5,7.91,49.2,0,6.5,1,0,1,0,90.9,-1
13649,23,2,6,0.25,66.9,1,5.3,2,2,1,2,37.0,1
13650,21,1,4,1.29,96.3,1,9.5,0,0,0,2,75.0,1
13651,19,0,6,6.92,97.9,1,9.8,1,4,0,2,97.9,1
13652,21,0,1,4.28,56.5,1,6.3,0,3,0,2,68.6,1
13653,22,0,6,7.91,44.0,1,9.0,0,4,1,2,73.3,1
13654,17,2,5,5.47,82.6,1,9.9,0,3,1,0,56.9,1
13655,22,0,6,5.79,53.9,1,9.7,0,4,2,2,59.1,1
13656,23,1,6,4.64,52.7,1,5.6,2,4,0,2,64.4,1
13657,22,1,0,0.14,84.1,1,4.1,0,3,2,1,45.5,1
13658,21,2,2,7.26,52.1,1,5.1,1,1,0,2,64.2,1
13659,17,2,5,4.18,87.0,1,5.1,0,2,0,2,67.5,1
13660,22,0,4,0.08,95.6,1,5.6,0,2,0,1,40.4,1
13661,23,0,4,1.68,49.2,1,6.3,1,4,1,1,36.6,1
13662,20,1,4,2.8,72.8,0,8.8,0,2,2,2,57.4,1
13663,21,1,2,2.29,82.0,1,6.1,0,3,0,0,57.5,1
13664,21,2,4,0.22,72.1,1,9.4,1,3,2,2,56.5,1
13665,17,0,3,2.24,94.6,1,8.1,0,3,1,0,56.0,1
13666,19,1,2,7.17,44.1,1,4.5,2,0,2,1,64.7,1
13667,23,0,5,4.71,99.4,1,9.9,2,2,1,2,81.0,1
13668,24,2,2,2.62,73.6,1,5.7,0,4,1,0,48.5,1
13669,19,0,1,0.7,52.8,1,8.2,0,0,1,0,33.4,1
13670,20,2,0,6.01,78.0,0,8.8,2,3,2,1,64.0,1
13671,24,0,5,5.75,79.9,1,6.2,1,3,2,2,76.2,1
13672,18,0,2,0.08,40.6,1,9.3,1,0,2,2,35.7,1
13673,19,2,0,7.91,90.2,1,8.9,0,1,1,2,79.7,1
13674,17,0,0,2.13,44.3,1,8.6,0,2,0,2,58.4,1
13675,18,1,0,2.1,52.9,1,9.3,0,0,0,2,74.2,1
13676,22,0,6,2.41,75.8,1,6.1,1,1,0,2,79.0,1
13677,19,0,0,7.69,86.5,1,8.4,2,2,2,2,88.0,1
13678,24,0,0,6.73,78.3,1,6.9,0,3,1,1,79.4,1
13679,24,0,0,5.1,77.2,0,8.2,2,3,2,2,59.9,1
13680,24,2,0,3.95,69.6,1,8.4,1,1,1,1,62.3,1
13681,22,0,6,2.62,70.8,1,7.8,1,4,1,2,44.2,1
13682,22,1,1,2.68,65.8,1,9.1,0,4,0,1,67.1,1
13683,21,1,2,2.61,56.7,1,5.4,0,4,0,0,45.2,1
13684,24,0,0,6.9,61.8,1,4.2,2,0,1,0,79.6,1
13685,17,2,2,5.45,92.7,1,8.0,2,3,2,2,81.2,1
13686,22,1,5,3.25,63.0,1,4.4,0,0,2,2,61.0,1
13687,18,0,6,7.91,85.7,1,5.5,0,4,1,2,85.3,1
13688,19,0,5,1.42,76.8,1,5.0,2,2,2,2,33.6,1
13689,19,2,5,0.61,53.4,1,6.1,1,0,0,0,40.8,1
13690,21,2,0,2.95,49.2,1,9.9,0,2,0,2,39.2,1
13691,23,1,4,7.85,47.4,1,8.2,0,2,0,0,76.8,1
13692,17,1,0,0.19,69.7,1,4.2,2,3,1,2,19.599,1
13693,21,2,5,0.65,52.2,1,9.9,0,3,2,2,46.0,1
13694,18,1,1,2.73,55.6,1,9.7,1,1,2,2,65.8,1
13695,17,0,2,7.9,90.3,0,8.3,0,1,0,2,96.4,-1
13696,20,1,6,2.75,69.3,1,8.7,1,2,1,2,64.1,1
13697,21,2,0,5.42,60.0,0,5.0,1,1,2,2,57.8,1
13698,18,1,0,6.91,51.1,1,7.2,2,4,0,2,66.2,1
13699,20,0,4,5.36,66.2,0,6.7,0,1,2,2,51.8,1
13700,24,0,0,0.72,55.8,1,8.0,1,0,1,2,44.3,1
13701,19,1,5,1.19,42.3,1,8.4,2,1,1,0,25.7,1
13702,24,2,3,2.07,92.0,1,5.5,2,0,0,1,49.2,1
13703,23,0,5,6.37,74.1,1,5.7,1,1,1,1,82.3,1
13704,19,0,2,6.42,89.8,1,9.2,0,3,1,2,73.7,1
13705,21,1,5,1.36,84.4,0,5.7,0,1,1,0,24.1,1
13706,22,1,0,3.03,40.9,1,6.1,0,1,1,0,30.3,1
13707,20,1,0,1.12,79.2,1,8.2,2,1,0,1,53.7,1
13708,20,0,6,3.78,48.4,1,8.3,0,2,2,2,40.5,1
13709,19,2,3,2.91,44.4,0,6.3,0,3,2,2,44.5,1
13710,18,2,2,7.91,41.8,1,9.8,1,4,2,2,73.2,1
13711,17,2,3,3.11,90.7,1,6.1,2,4,2,0,46.8,1
13712,19,0,1,0.4,74.2,1,5.6,0,4,2,1,28.1,1
13713,23,1,3,4.16,86.4,1,4.5,0,4,0,0,60.3,1
13714,18,1,1,7.26,78.3,1,6.3,2,0,2,1,79.1,1
13715,18,2,4,2.96,48.3,1,7.7,1,3,2,0,60.4,1
13716,19,2,1,6.55,76.5,1,4.5,0,3,1,0,76.4,1
13717,21,0,3,3.33,46.7,0,4.1,2,4,1,2,41.5,1
13718,18,1,6,4.55,43.2,1,6.3,0,0,1,0,57.8,1
13719,18,2,4,4.02,60.4,1,6.9,1,1,1,2,56.9,1
13720,17,2,4,6.99,46.0,1,5.6,2,4,1,2,58.7,1
13721,19,1,5,4.54,82.3,1,4.4,0,4,2,2,67.2,1
13722,18,2,6,3.03,76.3,1,8.3,2,0,2,2,62.2,1
13723,23,0,6,6.14,81.0,1,6.0,0,2,2,2,78.1,1
13724,24,2,6,0.4,94.4,1,5.4,1,1,1,2,56.9,1
13725,19,0,0,2.18,61.8,1,6.4,1,2,1,2,49.9,1
13726,17,1,4,2.29,73.5,0,6.4,2,2,2,2,50.8,1
13727,17,0,5,4.55,62.4,1,6.0,1,3,0,0,78.2,1
13728,19,1,3,6.67,48.4,1,8.5,0,3,2,0,89.7,1
13729,20,1,2,4.43,90.5,1,8.3,1,3,2,0,69.2,1
13730,21,2,3,3.67,74.3,0,4.2,2,1,2,2,48.6,1
13731,19,2,1,0.52,77.4,1,6.1,0,0,0,2,61.9,1
13732,19,0,4,7.76,55.5,1,7.4,2,3,2,2,77.2,1
13733,19,1,6,2.36,89.7,1,9.0,1,0,1,2,67.3,1
13734,21,0,4,1.04,70.6,1,5.9,2,4,1,0,53.8,1
13735,22,1,3,6.66,44.2,1,4.2,0,1,2,1,72.3,1
13736,17,0,4,7.12,59.2,1,9.1,1,0,2,0,86.3,1
13737,20,0,3,2.39,67.3,1,8.3,2,4,2,2,37.3,1
13738,22,1,3,4.39,60.0,1,7.4,1,4,0,0,69.9,1
13739,22,0,1,6.27,46.9,1,7.5,2,3,0,2,69.1,1
13740,21,0,4,0.17,59.5,1,8.5,2,4,0,2,31.4,1
13741,21,2,0,7.9,40.6,0,7.2,0,4,2,0,72.8,1
13742,22,2,1,2.59,52.7,0,7.7,2,2,1,1,45.3,1
13743,20,2,5,3.84,78.3,0,9.9,2,2,0,2,68.3,1
13744,21,2,3,0.4,72.4,1,5.3,2,1,2,0,32.8,1
13745,19,1,3,0.38,62.5,1,7.8,2,2,2,0,25.7,1
13746,20,0,3,0.89,97.6,1,8.7,0,4,1,2,60.8,1
13747,17,0,2,2.57,42.8,1,4.9,2,3,2,2,24.5,1
13748,19,2,3,7.37,78.4,0,9.5,0,1,1,0,97.8,-1
13749,18,0,3,4.12,77.3,1,5.8,0,0,1,2,78.7,1
13750,18,2,3,2.61,71.2,1,8.6,1,3,1,2,51.8,1
13751,20,0,2,3.61,55.8,1,7.7,0,1,1,1,65.1,1
13752,21,1,5,2.12,70.2,1,7.3,0,3,2,1,52.5,1
13753,24,2,4,4.99,68.2,0,9.6,2,3,0,1,62.0,1
13754,17,2,5,4.06,48.8,0,6.6,1,4,2,2,61.5,1
13755,24,1,3,3.03,54.2,1,6.8,2,4,1,1,32.9,1
13756,19,1,0,5.49,66.2,1,7.2,2,3,1,2,55.1,1
13757,22,2,5,3.13,62.3,1,9.4,2,0,0,0,60.0,1
13758,22,1,0,6.45,47.8,1,9.9,1,2,0,0,88.9,1
13759,24,1,3,4.79,54.3,1,9.7,0,3,2,2,65.9,1
13760,17,0,2,1.62,75.5,1,9.1,0,0,0,2,74.4,1
13761,24,1,1,1.31,82.2,1,6.9,2,0,0,2,71.1,1
13762,17,1,2,2.05,85.1,1,5.7,2,4,2,2,50.4,1
13763,24,2,0,7.35,72.4,1,9.7,2,2,0,0,99.1,1
13764,22,1,1,6.59,43.3,0,4.9,1,4,0,1,72.7,1
13765,20,2,0,7.78,53.9,1,4.2,0,0,0,2,79.9,1
13766,20,0,5,5.95,83.7,1,7.2,1,3,0,2,86.2,1
13767,17,1,4,7.32,57.3,1,7.6,1,0,2,0,93.7,1
13768,23,1,5,2.84,80.2,1,8.1,2,3,0,1,72.4,1
13769,22,0,5,4.96,78.9,0,6.5,1,1,2,1,66.0,1
13770,24,0,1,3.13,71.0,1,9.0,0,1,0,0,62.0,1
13771,22,2,4,6.92,58.5,0,8.1,2,2,1,0,72.1,1
13772,24,1,6,7.91,44.8,1,9.1,0,0,1,0,90.6,1
13773,24,0,0,5.96,83.8,1,9.2,0,4,0,2,80.7,1
13774,20,2,0,6.25,54.8,1,9.3,1,0,1,0,77.0,1
13775,22,1,3,7.05,57.0,1,7.6,1,2,2,1,75.0,1
13776,19,2,5,0.76,47.3,1,4.6,0,4,2,0,22.3,1
13777,23,2,1,3.85,83.7,1,5.3,2,1,2,0,79.0,1
13778,21,1,3,5.86,97.6,1,5.1,2,3,1,2,67.5,1
13779,20,1,1,4.84,68.9,1,6.9,1,2,1,1,85.1,1
13780,22,2,4,4.32,61.7,1,5.0,2,1,0,2,59.0,1
13781,19,2,1,3.09,71.0,1,5.9,2,2,1,2,43.7,1
13782,21,1,0,1.76,63.5,1,5.3,2,4,2,2,50.5,1
13783,20,2,0,7.38,58.5,1,8.7,0,4,0,1,92.0,1
13784,19,1,2,5.87,98.3,1,8.0,1,1,0,2,92.3,1
13785,24,1,4,4.91,96.1,1,8.9,2,0,1,1,66.7,1
13786,17,0,1,0.68,77.5,1,4.1,0,4,0,2,44.7,1
13787,23,2,3,0.89,41.2,1,8.2,0,1,0,2,50.4,1
13788,18,1,4,3.46,62.3,1,4.1,1,2,0,2,73.5,1
13789,18,0,5,1.01,51.9,1,6.2,1,3,0,0,45.7,1
13790,18,1,6,1.19,75.0,1,4.1,1,3,0,2,59.2,1
13791,17,1,2,0.65,64.0,0,8.6,1,0,2,2,48.7,1
13792,17,2,4,2.35,65.0,1,5.4,1,0,0,0,72.0,1
13793,23,0,0,0.09,95.4,1,7.5,2,4,1,2,40.0,1
13794,24,2,5,5.86,94.2,1,4.4,0,3,2,2,77.0,1
13795,21,2,0,4.79,56.3,1,4.1,1,0,0,2,95.8,1
13796,17,2,2,4.06,77.4,1,9.6,0,2,1,2,70.4,1
13797,23,1,5,7.9,92.0,1,9.5,0,3,0,0,83.7,1
13798,21,2,5,3.86,97.6,1,5.5,0,0,0,2,88.1,1
13799,21,2,0,6.96,84.6,0,9.7,2,0,2,2,100.0,1
13800,24,0,5,1.51,46.0,1,4.6,1,0,2,1,37.1,1
13801,20,1,0,2.12,80.8,1,5.1,1,1,0,1,62.6,1
13802,19,1,0,2.63,69.5,1,6.7,0,4,0,2,53.8,1
13803,23,0,0,7.91,57.3,1,7.8,1,1,2,2,92.4,1
13804,21,1,3,7.26,93.5,1,6.1,1,0,0,2,100.0,1
13805,22,1,6,3.59,78.3,1,6.7,0,3,1,0,59.6,1
13806,22,0,2,6.76,94.8,1,4.7,0,3,1,2,65.5,1
13807,23,0,4,1.87,44.0,1,9.8,1,4,0,1,61.8,1
13808,19,2,1,4.74,87.0,0,4.8,1,1,0,2,74.4,1
13809,17,2,2,1.29,75.2,0,4.4,2,3,2,0,58.0,1
13810,20,1,2,4.6,58.1,0,4.9,1,2,2,2,77.5,1
13811,22,1,1,1.78,92.6,1,5.3,0,3,2,2,47.9,1
13812,23,1,5,4.69,87.8,1,4.6,1,3,1,2,78.5,1
13813,19,1,5,3.43,74.1,1,5.7,1,2,1,1,73.1,1
13814,22,0,5,4.47,98.3,0,4.3,0,0,2,2,67.6,1
13815,23,2,1,1.29,87.9,1,5.2,0,1,0,1,44.4,1
13816,23,2,2,4.05,68.0,1,5.3,2,1,1,0,44.2,1
13817,23,2,6,2.53,43.3,1,4.1,1,3,2,1,21.7,1
13818,24,0,6,1.15,76.5,0,4.5,1,0,2,1,59.1,1
13819,22,0,4,4.0,66.0,1,8.1,2,0,1,0,72.1,1
13820,19,2,5,1.11,74.8,1,8.6,0,1,0,0,55.7,1
13821,20,1,5,3.42,42.8,1,5.4,1,2,0,2,65.6,1
13822,22,0,4,2.59,89.4,1,8.2,2,2,2,2,62.3,1
13823,18,0,3,4.34,88.3,1,6.4,0,4,2,2,70.6,1
13824,21,0,6,3.87,85.3,0,6.0,0,0,0,0,55.7,1
13825,21,0,4,1.08,86.8,1,8.2,0,1,2,2,59.5,1
13826,22,0,6,2.23,50.9,1,8.9,2,2,0,2,50.8,1
13827,20,1,1,4.45,70.7,0,7.5,2,4,1,2,53.6,1
13828,22,2,1,6.67,85.5,1,7.1,2,0,2,2,79.4,1
13829,17,2,4,0.47,77.4,0,6.8,0,2,0,0,40.1,1
13830,22,2,6,0.73,71.1,0,5.9,1,3,1,2,40.3,1
13831,23,2,4,6.38,61.3,1,8.8,0,1,2,2,78.2,1
13832,24,0,3,2.72,79.7,1,8.5,2,1,1,2,41.0,1
13833,24,1,2,2.05,42.4,1,8.6,2,2,1,0,48.1,1
13834,19,1,1,1.84,41.7,1,9.3,0,1,2,0,34.5,1
13835,17,2,1,7.77,66.2,1,9.5,1,4,0,2,93.6,1
13836,22,1,1,4.09,72.9,0,9.5,2,3,2,2,68.3,1
13837,17,0,4,1.29,59.5,0,8.3,1,2,0,1,45.8,1
13838,19,1,4,3.25,80.9,1,6.2,2,2,1,2,32.7,1
13839,22,1,0,2.09,95.8,1,8.2,2,3,0,2,55.2,1
13840,21,1,6,1.35,47.7,1,9.5,2,3,0,2,40.7,1
13841,21,1,0,7.83,68.5,1,4.9,1,0,2,2,100.0,1
13842,23,1,3,3.56,96.6,1,4.5,0,2,2,2,64.8,1
13843,18,0,3,5.53,97.3,1,7.8,0,3,0,2,87.8,1
13844,23,2,4,7.19,69.4,1,7.2,1,4,2,2,98.2,1
13845,21,1,1,1.64,86.2,1,5.7,2,4,2,0,35.8,1
13846,20,2,0,1.02,51.5,1,6.1,2,4,1,2,29.1,1
13847,20,0,4,2.08,88.3,0,5.4,0,2,0,0,72.3,1
13848,21,2,5,5.7,98.5,1,8.1,0,1,2,0,75.0,1
13849,21,0,0,3.06,59.9,1,8.6,0,2,2,1,50.9,1
13850,19,2,2,3.91,54.1,1,5.2,2,1,0,0,53.5,1
13851,18,2,5,0.16,47.1,1,6.6,2,2,1,2,19.599,1
13852,18,2,4,0.08,66.8,1,4.8,1,4,2,0,23.6,1
13853,19,0,3,3.26,59.6,1,4.3,1,0,2,1,58.0,1
13854,19,2,4,1.2,69.9,1,4.4,0,3,2,0,29.9,1
13855,21,2,5,6.33,71.1,1,6.4,0,0,0,2,81.9,1
13856,24,1,2,7.61,91.8,1,8.8,0,3,0,0,96.0,1
13857,17,2,0,7.41,93.0,1,6.0,2,0,2,1,100.0,1
13858,19,1,6,3.72,66.3,0,8.1,2,4,0,0,61.9,1
13859,17,0,0,2.29,85.5,1,7.4,0,2,1,1,57.5,1
13860,24,1,6,3.87,73.5,1,6.4,2,3,2,1,41.0,1
13861,22,2,1,0.83,83.6,0,5.0,1,4,2,2,28.5,1
13862,18,2,3,7.55,82.0,1,5.1,0,2,0,2,86.3,1
13863,20,2,2,5.37,89.7,1,7.9,0,2,0,0,91.5,1
13864,22,1,5,2.29,49.8,1,6.0,1,0,1,2,69.3,1
13865,24,1,1,6.07,87.8,1,8.1,2,1,2,0,78.8,1
13866,21,0,5,1.96,53.5,1,7.6,2,3,2,2,53.5,1
13867,19,1,2,6.01,81.3,1,8.0,2,4,0,2,66.7,1
13868,22,0,2,3.21,97.6,1,8.1,0,3,0,2,72.6,1
13869,22,1,3,6.91,75.1,1,6.7,0,3,0,1,68.3,1
13870,22,0,2,7.91,93.1,1,6.4,1,1,0,2,94.7,1
13871,17,0,0,2.56,88.6,1,7.9,0,2,2,0,75.3,1
13872,22,0,4,4.41,82.1,1,9.7,1,0,0,0,83.7,1
13873,17,2,3,1.9,44.5,1,7.6,2,4,2,0,25.1,1
13874,24,2,3,6.4,41.4,1,9.2,2,0,1,0,57.6,1
13875,24,1,2,3.94,94.4,1,5.3,0,1,2,0,75.0,1
13876,21,0,4,7.87,81.8,1,4.5,0,2,1,0,90.4,1
13877,22,2,2,7.1,72.8,1,7.8,2,4,1,1,70.9,1
13878,17,2,4,2.18,40.6,1,6.2,1,2,1,2,42.9,1
13879,23,0,5,0.96,47.5,0,7.9,0,4,1,2,19.599,-1
13880,19,1,5,4.96,81.4,1,4.8,0,0,0,2,71.8,1
13881,19,0,0,2.54,54.1,1,6.4,1,3,0,1,61.6,1
13882,22,2,1,2.03,61.4,1,9.3,0,2,2,0,54.3,1
13883,24,1,5,4.36,89.8,1,5.7,0,1,2,0,69.3,1
13884,20,0,1,4.31,59.5,1,9.8,0,1,1,2,65.9,1
13885,21,0,3,4.3,71.1,1,7.5,2,2,0,0,61.7,1
13886,21,1,1,2.35,44.2,1,8.7,2,0,1,2,59.3,1
13887,19,0,2,1.24,69.8,0,6.1,2,1,0,2,27.7,1
13888,21,2,0,1.47,83.0,1,6.8,2,2,0,1,60.1,1
13889,24,0,3,5.76,53.7,1,6.5,1,0,0,0,88.3,1
13890,20,2,5,3.74,74.8,1,8.5,0,0,2,2,74.8,1
13891,23,0,5,3.75,75.3,1,4.9,1,4,0,0,41.1,1
13892,23,2,5,7.81,88.9,0,6.9,0,3,1,2,89.7,1
13893,23,0,5,7.34,61.7,1,4.3,1,3,2,2,72.0,1
13894,22,2,0,0.52,93.7,1,8.6,0,3,1,1,60.0,1
13895,24,1,0,6.38,68.2,1,4.3,2,0,0,1,68.3,1
13896,22,0,4,1.98,42.0,1,6.6,1,2,2,0,53.4,1
13897,24,1,3,5.78,44.6,1,5.9,0,0,0,0,67.6,1
13898,22,1,0,1.39,94.7,1,6.0,1,1,2,2,40.9,1
13899,23,1,2,1.16,44.7,1,4.7,0,3,0,2,33.3,1
13900,24,1,3,7.51,87.6,0,8.5,2,2,1,2,90.6,1
13901,24,1,3,4.47,99.2,1,5.4,1,1,0,1,78.4,1
13902,21,2,6,2.8,90.2,1,7.0,1,1,1,2,62.4,1
13903,22,0,5,7.13,64.3,1,9.5,1,3,1,2,84.8,1
13904,24,2,1,2.32,54.0,1,7.3,2,0,0,0,58.8,1
13905,20,2,2,0.51,49.7,1,7.2,2,0,2,2,27.1,1
13906,17,2,5,3.16,62.0,1,4.9,1,3,0,2,74.2,1
13907,24,0,3,5.66,69.4,0,8.1,0,3,0,1,68.9,1
13908,22,2,2,5.3,68.5,1,5.8,2,1,2,1,65.6,1
13909,20,0,5,3.79,77.1,1,6.6,2,0,0,2,82.6,1
13910,22,0,0,4.08,87.5,1,6.6,2,3,1,2,48.5,1
13911,17,2,1,4.24,50.0,1,5.5,0,0,1,2,61.3,1
13912,20,1,4,3.0,59.9,1,4.3,0,2,2,1,44.0,1
13913,19,1,5,0.66,84.6,1,7.9,0,1,0,2,40.4,1
13914,19,1,5,1.26,93.5,1,9.1,2,3,1,0,59.5,1
13915,24,2,1,5.79,90.3,1,4.6,1,2,2,2,83.5,1
13916,21,0,4,6.48,98.1,0,6.2,1,3,1,0,82.4,1
13917,18,1,3,3.16,87.9,1,6.1,2,2,1,0,51.1,1
13918,19,2,6,2.63,98.3,1,4.5,2,1,1,2,46.0,1
13919,18,1,1,4.86,96.1,1,5.8,1,0,0,0,73.6,1
13920,24,1,5,0.17,79.3,1,6.6,1,2,0,2,65.1,1
13921,19,0,0,4.56,82.3,1,8.9,0,1,2,0,78.4,1
13922,19,2,4,3.75,58.5,1,4.3,1,1,1,0,32.9,1
13923,19,2,3,3.54,93.9,1,6.8,2,1,0,2,66.5,1
13924,18,2,0,0.08,82.0,1,6.3,0,4,1,0,39.6,1
13925,23,2,1,7.54,93.8,1,9.8,1,1,1,2,97.6,1
13926,21,1,0,1.39,52.7,1,9.8,2,4,2,2,43.0,1
13927,20,0,4,0.9,62.1,1,9.7,2,3,0,2,51.2,1
13928,20,2,4,3.09,45.1,1,6.1,1,0,2,2,57.7,1
13929,22,2,4,6.23,95.9,1,5.6,0,3,1,2,78.7,1
13930,17,0,4,6.12,88.6,1,4.7,0,2,1,0,69.5,1
13931,24,1,2,4.09,85.8,1,9.4,1,3,0,0,100.0,1
13932,21,2,0,4.39,66.2,1,5.7,2,0,0,1,85.8,1
13933,18,0,0,3.64,40.6,1,8.3,1,3,0,1,51.5,1
13934,21,0,0,0.2,98.2,0,5.2,2,0,0,0,52.2,1
13935,23,2,0,2.22,63.0,1,5.5,1,2,0,2,49.4,1
13936,18,0,1,3.11,54.9,1,7.8,1,0,1,0,73.7,1
13937,21,0,6,4.44,91.2,1,7.9,0,0,2,0,84.9,1
13938,21,1,2,5.27,52.3,1,5.9,0,2,0,1,67.3,1
13939,23,1,4,7.9,50.3,1,6.6,2,3,0,2,83.3,1
13940,21,0,3,4.06,68.3,1,6.8,0,4,2,2,51.7,1
13941,22,2,4,5.38,67.5,1,9.9,2,0,1,0,67.6,1
13942,23,2,5,7.69,93.1,0,7.9,2,0,2,2,87.7,1
13943,24,0,4,2.23,99.4,1,5.9,0,0,2,2,78.7,1
13944,19,2,5,3.63,55.6,1,4.8,2,4,0,2,40.2,1
13945,22,1,1,5.77,52.0,1,9.4,2,2,1,2,53.6,1
13946,18,2,6,4.52,68.1,0,5.2,0,3,2,2,68.9,1
13947,23,0,2,7.15,66.5,1,9.9,2,3,1,1,49.5,1
13948,24,1,4,4.53,89.4,1,5.8,2,3,0,0,69.0,1
13949,19,1,1,7.38,45.8,1,6.6,2,4,0,0,72.9,1
13950,21,2,1,1.19,49.6,1,7.7,1,4,2,0,46.4,1
13951,23,0,5,6.43,52.3,1,7.4,1,1,1,2,58.9,1
13952,17,1,4,1.71,45.0,1,4.6,1,3,2,0,46.4,1
13953,22,2,4,0.39,43.9,1,5.3,2,1,1,2,19.599,1
13954,23,1,5,0.89,70.9,1,8.8,0,1,0,2,44.9,1
13955,23,0,1,4.65,93.4,1,7.4,0,0,1,1,75.0,1
13956,18,2,4,2.33,89.4,1,9.9,1,2,0,2,89.7,1
13957,23,1,1,1.15,51.6,0,8.8,1,4,2,2,42.1,1
13958,23,2,3,5.03,48.6,1,9.8,0,0,1,0,82.9,1
13959,17,2,0,3.9,76.7,1,7.5,2,4,2,2,62.3,1
13960,22,2,4,3.04,59.8,1,6.4,2,1,2,0,71.8,1
13961,22,2,2,4.29,70.3,1,8.1,1,1,0,0,69.1,1
13962,24,2,2,6.89,83.0,1,6.9,0,3,2,2,79.4,1
13963,17,1,2,5.8,93.9,1,8.9,0,3,2,1,94.3,1
13964,24,1,1,3.96,51.2,1,5.6,0,4,2,2,59.7,1
13965,21,1,4,6.58,44.2,1,4.2,0,2,2,1,74.6,1
13966,19,1,1,6.9,53.7,1,6.8,1,3,2,2,82.6,1
13967,20,0,6,3.01,73.2,1,5.7,1,3,1,2,54.7,1
13968,23,1,0,1.2,45.4,1,6.8,1,0,1,2,30.0,1
13969,24,0,0,0.92,59.7,1,6.4,2,0,2,1,27.4,1
13970,19,0,6,5.11,58.3,1,5.4,2,0,2,0,68.3,1
13971,24,0,1,7.49,46.6,1,9.2,0,4,0,2,66.4,1
13972,22,0,1,0.31,98.8,0,8.4,0,4,1,1,51.6,1
13973,18,1,0,3.98,91.3,1,9.8,0,3,2,2,69.7,1
13974,21,1,2,1.55,75.6,0,7.0,2,3,1,1,50.9,1
13975,23,2,4,4.25,93.1,1,6.0,2,1,2,0,70.3,1
13976,17,0,5,6.85,57.1,0,7.5,2,0,0,1,74.1,1
13977,17,0,0,6.3,90.7,1,4.7,0,0,1,1,91.1,1
13978,17,0,6,7.77,80.7,1,7.0,0,4,1,1,87.7,1
13979,21,0,2,3.88,54.0,1,9.7,0,2,2,2,63.3,1
13980,17,2,3,5.31,80.4,1,8.7,2,1,0,1,83.0,1
13981,24,0,5,7.19,70.7,1,9.4,1,2,2,2,84.8,1
13982,18,0,0,5.58,69.8,1,5.4,0,2,0,2,69.5,1
13983,17,2,6,7.71,95.8,1,4.1,1,1,0,2,88.0,1
13984,19,1,3,1.96,63.3,1,8.4,1,1,0,2,36.8,1
13985,23,2,6,1.08,95.1,0,8.8,2,1,1,2,32.4,1
13986,24,0,4,1.19,89.7,0,6.0,2,1,1,1,36.9,1
13987,19,1,1,6.82,65.4,1,7.1,2,3,1,2,64.9,1
13988,21,2,5,0.42,86.5,0,6.5,2,4,1,0,42.2,1
13989,23,2,2,6.48,46.9,1,7.9,0,3,0,0,57.3,1
13990,23,1,1,3.71,70.1,1,9.3,0,0,1,0,57.4,1
13991,18,2,5,5.53,43.8,1,8.2,2,4,0,0,56.5,1
13992,23,1,6,5.96,51.8,1,7.2,2,4,2,2,58.5,1
13993,23,1,0,3.4,61.4,1,8.5,0,4,0,2,65.1,1
13994,22,2,4,1.17,45.5,1,8.3,1,3,0,2,30.4,1
13995,21,2,4,4.94,93.5,1,4.4,0,2,1,2,86.3,1
13996,20,2,5,7.65,92.5,1,8.7,0,3,2,0,89.3,1
13997,24,0,6,0.2,40.6,1,9.4,0,3,2,0,45.6,1
13998,23,1,2,1.82,46.0,1,4.5,0,1,1,2,39.4,1
13999,21,0,1,7.0,96.4,1,7.8,2,1,0,2,76.1,1
14000,22,0,6,0.56,40.6,1,4.1,2,4,1,2,19.599,1
14001,20,1,3,0.08,97.4,1,7.0,1,0,1,2,32.6,1
14002,22,0,3,7.02,74.4,1,7.6,0,3,0,0,72.9,1
14003,17,1,0,6.14,73.3,1,5.5,0,2,2,2,73.3,1
14004,24,1,0,2.03,42.1,1,4.8,1,4,2,2,32.5,1
14005,21,1,1,7.73,61.8,1,5.6,2,0,2,2,69.0,1
14006,21,1,0,5.7,90.2,1,9.0,1,2,0,0,87.6,1
14007,18,1,2,0.95,59.4,1,7.1,2,2,1,2,25.2,1
14008,21,2,0,3.68,94.3,0,5.8,2,1,1,2,47.4,1
14009,17,2,6,6.92,70.9,1,9.1,1,0,1,2,92.6,1
14010,24,0,1,5.34,90.3,1,9.4,1,4,0,2,68.9,1
14011,22,0,5,4.69,87.0,0,7.8,1,1,0,0,89.4,1
14012,20,1,2,3.34,67.8,1,5.1,2,4,0,0,49.0,1
14013,23,2,5,1.98,90.1,1,7.1,2,4,0,2,56.6,1
14014,23,2,1,4.91,91.8,1,5.9,2,3,2,2,63.8,1
14015,17,2,4,1.23,97.7,1,4.4,0,2,0,0,53.1,1
14016,17,0,3,6.48,44.5,1,9.9,1,2,0,2,66.1,1
14017,19,1,5,1.68,88.5,1,4.5,1,0,0,2,93.8,1
14018,17,0,4,0.96,80.0,1,5.9,0,3,1,0,46.4,1
14019,21,0,3,0.58,82.0,1,5.7,1,0,0,0,58.3,1
14020,21,1,5,6.52,95.6,1,5.7,2,2,0,0,90.2,1
14021,21,1,6,3.74,42.3,1,5.3,1,3,2,2,49.0,1
14022,17,1,4,3.19,85.3,1,7.3,0,1,1,0,46.8,1
14023,24,2,1,4.17,62.5,0,8.6,0,3,2,1,50.1,1
14024,24,1,2,4.7,76.2,1,5.2,1,4,0,2,87.1,1
14025,21,2,3,7.05,54.1,1,8.8,1,3,1,0,74.1,1
14026,17,2,3,2.75,57.5,1,7.4,1,3,0,1,66.3,1
14027,20,1,4,1.5,77.0,1,9.9,0,3,0,1,63.9,1
14028,22,0,4,6.95,62.1,1,7.2,1,1,2,0,78.7,1
14029,22,1,1,3.84,57.9,0,9.2,2,3,2,2,51.9,1
14030,18,2,5,4.64,42.2,1,6.2,0,1,1,2,43.1,1
14031,23,0,6,1.27,49.2,1,8.2,1,0,0,0,56.9,1
14032,24,1,0,6.9,76.5,1,5.4,0,2,1,2,86.4,1
14033,21,2,6,7.51,64.4,1,4.5,0,3,2,2,85.8,1
14034,20,2,6,3.58,41.8,1,8.4,2,1,1,2,27.4,1
14035,21,2,0,0.16,61.0,1,8.2,2,1,2,0,28.0,1
14036,17,0,5,0.22,61.9,0,7.3,0,4,2,0,23.1,-1
14037,21,2,6,2.42,53.8,1,9.0,2,0,1,1,61.3,1
14038,17,0,5,3.93,50.0,1,8.2,1,0,1,2,64.2,1
14039,17,0,0,3.46,40.6,1,7.0,2,2,0,2,53.2,1
14040,21,0,4,4.55,77.8,1,7.4,0,1,1,1,63.6,1
14041,21,1,4,2.06,86.1,1,8.6,0,3,2,2,49.4,1
14042,24,0,0,1.68,53.9,1,5.4,2,1,1,0,49.0,1
14043,21,2,4,7.79,59.5,1,5.5,2,3,1,1,80.0,1
14044,24,1,6,2.24,94.0,1,5.8,1,2,0,1,72.5,1
14045,23,0,2,7.57,98.0,1,8.0,2,1,2,1,79.0,1
14046,19,1,6,4.57,74.0,0,9.5,0,0,0,0,78.3,1
14047,24,0,0,0.56,64.0,1,4.4,0,0,0,0,48.5,1
14048,20,2,5,4.76,99.2,1,5.3,0,2,1,2,68.4,1
14049,21,2,2,7.88,43.5,1,5.1,0,4,1,2,56.7,1
14050,17,1,6,6.72,57.7,0,4.4,1,4,0,0,74.6,1
14051,18,2,3,2.43,71.5,1,8.6,1,3,2,0,53.7,1
14052,21,1,6,0.76,54.8,0,9.8,1,3,2,0,27.4,1
14053,19,1,0,3.68,95.4,1,7.8,0,4,2,2,50.2,1
14054,21,2,5,0.79,71.6,1,7.2,2,2,1,2,38.1,1
14055,17,1,4,2.38,93.4,1,9.4,2,1,1,2,54.3,1
14056,19,1,1,7.34,59.8,1,9.3,0,3,2,2,86.2,1
14057,22,1,1,5.23,49.9,1,6.1,0,0,2,0,80.5,1
14058,21,0,3,6.27,95.0,1,5.0,1,4,1,1,63.0,1
14059,24,0,3,4.32,68.7,1,5.5,1,2,2,1,60.3,1
14060,24,2,4,1.35,87.6,1,8.7,2,4,0,2,33.7,1
14061,23,2,5,1.2,58.9,1,8.5,1,1,0,0,68.9,1
14062,17,2,5,6.13,46.6,1,6.9,2,2,2,2,62.3,1
14063,21,0,2,3.43,78.0,1,4.6,2,0,0,0,48.2,1
14064,18,1,3,4.0,55.8,0,8.8,2,2,0,2,61.6,1
14065,19,2,1,1.43,95.0,1,7.4,2,2,1,2,37.8,1
14066,18,0,3,2.89,57.6,1,6.2,1,2,0,0,69.2,1
14067,20,1,3,1.06,57.2,1,9.6,0,1,2,2,35.5,1
14068,17,0,6,1.64,85.2,1,5.1,0,0,1,0,49.7,1
14069,21,0,0,7.11,62.6,1,5.7,0,2,2,2,62.4,1
14070,18,0,3,5.73,48.6,0,5.7,2,1,0,2,54.9,1
14071,21,0,3,6.82,54.4,1,9.6,2,3,2,2,67.1,1
14072,22,2,2,6.99,79.8,0,9.3,1,1,1,1,88.1,1
14073,18,1,2,4.72,47.4,1,8.0,0,0,0,2,89.6,1
14074,17,2,4,2.43,81.8,0,6.7,1,3,2,2,28.0,1
14075,23,1,0,3.94,96.9,1,4.8,2,2,1,1,66.8,1
14076,22,1,0,0.15,48.2,0,9.1,1,2,0,2,39.1,1
14077,19,2,6,6.54,56.7,1,4.3,1,1,2,2,69.3,1
14078,24,1,1,6.42,60.4,1,4.1,2,3,2,1,53.4,1
14079,18,2,6,4.07,75.2,1,6.6,0,0,1,1,60.0,1
14080,24,2,4,3.02,78.9,0,7.4,2,2,2,2,40.3,1
14081,17,0,1,1.38,97.9,1,7.8,0,1,2,0,65.5,1
14082,22,0,6,0.6,99.0,1,7.4,2,2,1,0,41.3,1
14083,17,2,4,2.6,59.2,0,6.8,2,3,1,2,56.7,1
14084,18,2,0,7.5,52.4,0,6.7,0,4,0,2,86.6,1
14085,20,0,3,0.55,55.0,1,5.5,1,4,2,1,43.4,1
14086,17,1,0,7.59,76.6,1,5.2,2,0,1,1,100.0,1
14087,20,0,5,4.23,56.1,1,5.5,0,4,1,2,43.9,1
14088,18,1,3,3.53,88.9,1,4.2,0,2,0,2,75.2,1
14089,17,1,2,0.98,67.8,1,5.3,2,0,1,2,20.8,1
14090,24,2,4,0.57,40.7,1,4.7,2,2,1,1,25.7,1
14091,24,0,5,4.36,87.2,1,9.2,0,0,0,0,90.6,1
14092,24,2,0,4.79,65.4,0,7.9,0,1,1,0,69.8,1
14093,18,2,6,3.47,99.4,1,5.6,0,1,2,0,58.1,1
14094,20,1,0,2.3,85.7,1,7.8,2,3,2,2,55.1,1
14095,19,2,1,0.11,73.6,1,8.9,0,3,1,2,31.5,1
14096,19,2,4,2.13,47.3,1,9.3,2,1,0,0,39.7,1
14097,20,1,2,5.72,71.3,1,8.5,0,3,1,2,65.9,1
14098,21,0,6,4.85,76.8,1,6.2,2,2,2,2,66.5,1
14099,20,2,4,1.26,91.3,1,5.2,2,1,0,0,50.1,1
14100,19,1,0,6.35,88.7,1,9.7,2,4,1,2,86.9,1
14101,24,1,2,1.19,96.2,0,4.8,1,2,1,2,64.8,1
14102,24,0,4,6.36,82.6,1,9.8,0,0,1,1,86.4,1
14103,19,2,4,4.1,68.8,1,9.5,1,1,1,2,72.5,1
14104,18,1,5,5.74,64.7,1,6.9,0,3,1,2,66.2,1
14105,21,2,1,0.66,68.6,1,6.8,1,2,0,0,45.3,1
14106,19,2,1,5.93,58.1,1,4.6,2,0,2,1,66.8,1
14107,24,1,0,5.77,48.4,1,9.5,0,0,0,2,85.0,1
14108,20,1,5,1.4,55.4,1,7.0,1,3,0,2,58.5,1
14109,17,0,6,1.1,81.6,1,4.1,2,0,1,2,45.8,1
14110,18,0,0,5.99,44.7,1,6.0,1,0,1,2,80.5,1
14111,17,1,2,3.33,63.5,1,7.5,2,1,1,0,56.5,1
14112,20,1,2,5.18,50.6,1,6.8,1,3,0,0,75.8,1
14113,19,0,3,0.08,81.3,1,5.9,2,2,0,2,40.5,1
14114,23,2,2,1.47,60.1,0,6.8,0,2,0,2,47.6,1
14115,24,0,5,5.97,71.4,1,6.1,2,0,2,0,67.8,1
14116,18,2,2,1.59,90.2,0,9.5,0,4,1,0,56.6,1
14117,24,2,0,0.64,71.7,0,5.2,0,1,0,0,28.3,-1
14118,21,0,5,1.4,57.9,1,6.4,2,3,1,2,47.2,1
14119,19,2,3,6.66,75.8,1,9.3,0,3,0,0,84.0,1
14120,20,0,4,2.77,98.5,1,6.5,0,0,0,1,62.4,1
14121,20,2,0,4.24,74.1,1,7.0,2,2,2,2,71.0,1
14122,18,2,5,4.62,60.7,1,7.0,1,3,1,2,55.1,1
14123,23,2,0,2.98,86.2,1,8.4,2,1,2,2,59.7,1
14124,17,1,5,0.75,77.2,0,6.6,0,3,0,0,36.6,1
14125,17,1,6,2.05,98.0,1,5.0,2,2,1,1,42.9,1
14126,19,2,0,1.26,49.5,1,9.0,1,1,0,2,62.6,1
14127,18,2,1,7.28,99.3,1,8.2,0,2,1,0,89.9,1
14128,17,0,6,5.92,81.9,1,9.2,0,1,1,0,81.1,1
14129,20,1,4,6.58,76.8,1,5.9,0,1,0,2,81.5,1
14130,20,2,6,6.5,85.6,1,5.8,1,4,0,2,85.5,1
14131,18,0,0,0.08,49.1,1,4.1,0,0,0,1,31.2,1
14132,23,1,0,5.99,55.4,1,4.2,0,4,0,2,53.5,1
14133,24,0,2,3.86,47.1,0,6.6,0,1,2,0,56.0,1
14134,22,1,5,6.2,69.5,1,8.5,1,1,2,0,81.9,1
14135,21,1,5,7.68,70.8,1,4.5,1,4,2,2,77.5,1
14136,24,1,5,2.86,94.1,1,4.7,2,4,1,2,44.5,1
14137,19,2,0,4.84,66.5,1,6.3,2,1,1,2,66.8,1
14138,20,1,3,2.44,83.1,1,8.5,2,3,2,2,60.0,1
14139,17,0,3,7.15,64.2,1,4.6,2,1,0,2,75.6,1
14140,22,1,2,2.03,87.9,1,7.7,1,1,0,2,57.5,1
14141,17,0,2,2.81,47.0,0,6.1,1,4,2,2,51.4,1
14142,22,2,0,7.1,46.2,1,5.4,0,3,2,2,60.8,1
14143,23,2,3,0.81,59.3,1,9.9,0,1,2,2,38.7,1
14144,18,1,6,3.95,99.4,1,9.1,2,2,0,1,89.6,1
14145,21,0,6,4.65,72.0,0,5.2,2,3,2,2,46.3,1
14146,19,1,5,4.63,79.1,1,6.6,2,0,0,1,68.4,1
14147,20,0,6,0.96,45.9,1,5.6,1,1,1,1,40.4,1
14148,21,1,5,0.32,63.4,1,6.9,0,1,2,1,47.4,1
14149,18,0,3,3.33,95.9,1,5.3,2,4,2,1,48.1,1
14150,23,0,6,3.63,74.2,1,4.3,1,1,2,2,58.3,1
14151,20,2,6,7.54,43.4,0,6.9,1,4,2,2,90.9,-1
14152,20,0,1,6.05,91.0,1,7.9,2,1,1,0,87.8,1
14153,23,2,1,4.79,46.4,1,6.4,2,4,0,2,48.5,1
14154,18,1,6,1.68,77.1,1,5.1,0,1,0,2,49.7,1
14155,20,2,2,7.21,49.1,0,7.7,1,0,2,2,89.7,1
14156,24,2,3,1.55,92.3,1,8.8,2,0,1,2,65.0,1
14157,20,2,0,7.58,98.4,0,6.0,2,4,2,0,79.7,1
14158,17,2,5,7.57,55.5,0,9.3,0,4,2,2,75.9,-1
14159,19,1,6,7.82,90.9,1,4.9,2,4,0,1,100.0,1
14160,24,1,0,2.26,94.4,1,6.3,1,4,0,0,75.8,1
14161,23,1,1,1.1,85.6,1,4.3,2,4,1,1,40.1,1
14162,23,2,0,5.03,86.6,1,8.3,0,4,2,2,67.6,1
14163,19,0,5,3.38,82.1,1,9.6,0,4,0,2,69.9,1
14164,23,0,0,3.11,44.2,1,7.5,0,1,1,1,42.3,1
14165,20,0,4,4.45,61.3,0,6.6,0,1,2,2,55.9,1
14166,23,0,0,5.52,58.4,1,7.4,1,4,1,2,59.3,1
14167,24,0,5,2.66,52.5,1,8.5,1,1,1,0,42.5,1
14168,18,2,2,2.68,67.6,1,6.6,1,1,1,2,52.2,1
14169,24,1,0,4.88,55.6,1,9.1,0,0,2,1,59.9,1
14170,22,2,0,0.57,71.6,1,6.0,1,0,0,2,36.2,1
14171,22,0,4,5.6,68.8,1,6.0,2,3,1,2,50.2,1
14172,23,0,4,6.39,40.6,1,9.1,2,4,2,2,61.7,1
14173,18,2,5,7.04,47.9,1,8.7,0,0,2,2,68.8,1
14174,22,0,6,6.03,75.2,1,4.2,0,0,0,2,66.2,1
14175,18,1,5,4.05,98.8,1,6.9,2,2,2,0,58.4,1
14176,19,1,2,6.99,74.6,1,9.3,1,3,0,2,94.7,1
14177,17,2,4,3.93,95.8,1,6.9,2,2,1,0,65.3,1
14178,18,0,2,6.3,99.4,1,4.1,2,1,1,0,62.5,1
14179,24,0,0,0.51,81.1,1,7.4,1,3,2,2,40.6,1
14180,19,2,4,5.67,75.4,1,4.4,2,4,0,0,65.7,1
14181,20,1,0,0.67,74.8,1,5.2,0,1,0,0,45.0,1
14182,20,1,4,0.22,52.1,1,4.3,2,4,2,1,19.599,1
14183,22,0,5,4.02,50.0,1,9.3,0,3,2,2,67.9,1
14184,21,2,4,0.96,57.9,1,7.5,0,3,0,2,39.3,1
14185,21,1,3,2.6,59.8,1,6.3,1,4,0,2,64.5,1
14186,23,2,6,6.19,56.7,0,6.7,0,3,2,0,78.0,1
14187,20,2,4,4.4,51.5,1,6.9,0,0,2,2,48.1,1
14188,23,1,1,5.87,85.2,1,4.6,1,2,1,1,86.1,1
14189,24,1,4,6.27,62.4,1,6.5,1,4,2,1,83.4,1
14190,22,2,3,3.84,74.9,1,6.8,0,0,1,2,72.7,1
14191,17,1,2,7.89,63.9,1,7.7,0,3,2,1,67.9,1
14192,19,2,6,1.62,66.4,1,5.5,0,3,2,0,38.1,1
14193,21,2,5,0.68,65.6,1,9.1,1,3,0,0,45.8,1
14194,20,1,4,2.55,74.5,1,6.5,1,3,1,0,67.7,1
14195,19,1,4,6.1,53.9,1,5.3,1,0,1,0,87.3,1
14196,19,0,4,0.77,99.0,1,7.4,1,4,1,2,45.0,1
14197,17,0,0,3.73,76.1,1,6.6,2,4,0,1,54.5,1
14198,18,2,6,4.57,81.7,1,5.1,1,4,2,2,53.4,1
14199,23,0,3,6.46,60.7,1,9.1,2,4,2,2,67.9,1
14200,17,2,0,6.77,91.6,1,7.6,2,3,1,0,94.2,1
14201,23,1,4,1.91,62.0,1,8.7,1,3,1,0,29.2,1
14202,19,1,1,2.19,90.0,1,8.9,2,4,1,2,32.2,1
14203,23,1,0,5.47,53.6,1,6.4,0,2,1,2,54.3,1
14204,19,0,2,6.88,90.2,0,9.7,1,4,1,2,88.8,1
14205,23,1,2,1.35,97.1,1,4.4,1,1,0,2,60.6,1
14206,21,2,5,5.78,52.2,1,5.4,0,2,0,2,61.5,1
14207,23,2,3,1.9,42.0,1,5.2,0,2,0,0,48.9,1
14208,17,2,5,1.45,89.4,0,5.1,0,0,1,2,55.2,1
14209,23,2,4,2.7,75.0,1,8.6,0,1,0,2,73.9,1
14210,19,1,1,6.36,54.7,1,4.5,2,1,1,0,56.1,1
14211,19,2,1,5.94,72.1,1,5.3,2,1,0,1,65.2,1
14212,17,0,3,3.83,99.0,0,5.2,2,3,0,2,73.8,1
14213,24,2,2,5.71,96.5,1,8.7,1,1,2,2,100.0,1
14214,22,2,4,3.25,58.4,1,9.2,1,2,2,1,48.4,1
14215,24,0,3,1.68,81.3,1,4.7,2,2,0,1,60.2,1
14216,21,1,2,6.74,70.6,1,4.6,0,0,0,2,72.3,1
14217,18,2,3,0.43,57.2,0,4.1,1,2,2,0,52.8,1
14218,19,0,5,7.21,48.6,0,7.8,1,2,1,0,60.3,1
14219,20,0,6,6.31,47.6,0,6.8,2,2,0,2,75.8,1
14220,18,0,0,5.79,41.5,1,8.7,2,3,2,0,64.4,1
14221,24,2,2,4.55,78.3,0,9.1,1,3,0,0,77.4,1
14222,24,0,6,6.48,56.3,1,5.5,0,1,2,2,75.9,1
14223,21,1,3,0.23,75.1,1,6.0,1,4,2,2,49.4,1
14224,21,2,5,4.73,85.4,1,5.2,2,1,2,1,68.3,1
14225,22,0,2,2.09,40.6,0,5.8,1,4,0,0,35.1,1
14226,22,1,0,5.11,66.6,1,8.4,0,3,1,2,54.4,1
14227,17,0,1,5.4,56.3,1,6.5,1,1,0,0,79.9,1
14228,21,2,5,1.72,76.8,1,7.9,2,2,1,0,33.3,1
14229,23,2,4,1.24,48.6,1,7.3,0,1,1,0,19.599,1
14230,23,1,5,4.7,74.2,1,9.2,1,4,2,1,66.9,1
14231,21,0,0,7.52,75.2,1,7.4,1,0,1,0,84.7,1
14232,24,2,0,5.31,78.4,1,5.3,2,0,1,2,75.3,1
14233,21,0,1,3.87,46.1,1,9.4,0,3,2,2,57.3,1
14234,20,0,1,7.48,98.8,1,8.2,1,1,0,2,100.0,1
14235,20,1,1,6.55,66.2,1,6.3,1,1,2,1,90.8,1
14236,22,1,5,5.86,67.5,0,5.1,2,2,1,2,70.3,1
14237,24,2,4,3.5,83.1,1,8.0,1,4,1,2,51.7,1
14238,18,2,4,3.93,95.5,1,7.5,1,3,1,1,78.7,1
14239,19,0,6,2.12,81.1,1,6.4,0,2,0,2,82.3,1
14240,22,2,5,6.54,80.0,1,5.9,1,2,1,2,82.5,1
14241,23,2,0,2.28,81.7,1,7.8,0,3,0,0,66.8,1
14242,20,0,0,5.63,80.7,0,4.7,1,3,2,1,71.8,1
14243,22,0,2,7.0,72.4,1,7.1,0,4,0,2,56.3,1
14244,17,1,5,4.42,70.9,1,9.9,1,2,2,2,69.6,1
14245,19,1,6,1.25,68.6,0,9.5,1,1,2,0,67.0,1
14246,24,0,5,0.2,85.8,1,5.7,0,2,1,2,38.0,1
14247,21,0,3,5.39,68.0,1,6.4,0,0,0,1,89.4,1
14248,23,2,0,1.8,48.3,1,9.3,1,3,1,2,58.5,1
14249,18,1,3,0.31,69.3,1,7.8,1,4,2,2,37.6,1
14250,19,1,1,2.75,78.2,1,5.6,2,4,0,2,45.2,1
14251,24,1,1,4.66,73.9,1,5.7,2,0,0,2,66.5,1
14252,24,2,3,4.41,77.1,1,4.1,2,1,2,2,44.6,1
14253,24,2,1,1.34,62.9,0,9.2,1,0,2,2,58.1,1
14254,19,1,5,4.83,50.5,1,4.7,1,1,2,2,43.8,1
14255,23,2,6,3.29,83.2,0,5.9,0,0,1,2,38.5,1
14256,20,2,1,3.82,42.3,1,6.1,0,3,1,2,47.9,1
14257,23,0,2,7.0,55.3,0,9.0,2,1,2,2,66.7,1
14258,23,0,6,0.63,95.9,1,4.1,2,3,1,2,28.4,1
14259,20,0,0,4.22,62.1,1,4.8,2,4,1,2,54.1,1
14260,19,1,1,1.39,60.0,0,9.4,0,1,1,0,43.6,1
14261,24,1,5,1.46,47.5,1,5.3,0,0,0,2,35.6,1
14262,20,2,5,4.88,55.0,0,5.1,0,4,1,1,55.3,1
14263,20,1,4,5.36,60.4,1,7.3,0,3,2,0,77.4,1
14264,22,1,1,4.85,56.8,1,5.4,0,1,2,2,69.4,1
14265,24,2,4,7.39,54.9,0,8.0,2,3,1,0,78.4,1
14266,18,2,5,6.36,95.8,1,9.4,2,4,1,2,77.3,1
14267,24,2,3,1.59,73.6,1,9.5,2,3,0,0,45.7,1
14268,20,1,3,5.09,43.0,1,9.0,2,2,0,1,73.0,1
14269,17,2,3,4.96,95.9,1,9.6,2,1,1,2,89.1,1
14270,19,1,4,5.17,88.5,1,9.5,0,4,1,1,69.8,1
14271,20,1,3,3.43,46.0,1,5.2,2,4,0,2,38.2,1
14272,22,2,6,7.58,54.1,1,7.7,0,0,1,2,98.5,1
14273,21,1,2,3.71,51.5,1,6.3,1,2,2,0,58.1,1
14274,18,0,2,6.31,81.4,0,6.4,1,0,0,2,91.2,1
14275,20,1,1,3.85,76.1,1,5.9,0,1,2,1,55.2,1
14276,18,1,1,6.3,86.0,1,7.7,1,3,0,2,95.6,1
14277,19,2,3,3.17,70.5,1,6.1,0,0,1,0,58.5,1
14278,22,0,2,0.08,58.1,1,5.8,2,0,1,2,25.7,1
14279,23,2,1,4.0,54.6,1,6.4,1,3,2,0,58.0,1
14280,18,1,3,4.38,79.8,0,8.7,2,0,1,2,65.7,1
14281,21,2,6,0.92,62.4,1,8.2,1,0,2,2,50.1,1
14282,20,2,5,5.32,64.0,1,5.4,0,2,0,0,75.2,1
14283,19,2,1,6.83,52.6,1,9.3,1,0,2,1,89.9,1
14284,22,1,2,6.95,87.2,1,4.4,0,0,2,0,92.2,1
14285,18,1,5,3.02,76.5,1,6.0,2,0,2,2,69.1,1
14286,23,0,5,3.28,53.3,1,4.5,2,0,1,0,33.4,1
14287,20,1,6,6.87,65.0,1,7.4,1,4,1,0,60.5,1
14288,17,1,3,7.91,82.3,1,9.4,2,2,2,0,82.3,1
14289,23,2,2,0.42,81.5,1,4.5,2,4,1,2,28.8,1
14290,23,2,6,0.49,67.0,1,7.6,2,3,0,2,39.1,1
14291,21,2,0,0.43,79.3,0,8.7,1,3,1,2,38.6,1
14292,22,2,0,3.7,77.3,1,7.5,0,4,2,1,59.8,1
14293,18,1,0,6.28,45.1,1,9.2,1,3,0,0,69.7,1
14294,19,2,6,0.75,75.0,1,7.0,0,4,1,0,21.6,1
14295,19,1,0,5.51,42.9,0,6.3,0,0,2,0,53.9,1
14296,23,0,3,1.37,87.9,1,4.7,1,3,2,1,57.6,1
14297,19,1,3,0.26,89.6,0,7.4,2,1,0,0,28.2,1
14298,22,1,6,4.76,43.1,1,5.2,2,0,0,2,70.8,1
14299,19,2,6,4.75,59.9,1,8.0,1,4,1,0,63.0,1
14300,21,1,4,2.27,86.9,1,8.4,2,2,0,2,51.2,1
14301,18,2,2,2.58,79.8,1,6.3,0,2,2,2,56.1,1
14302,21,2,0,2.83,63.2,1,7.2,1,2,2,2,50.0,1
14303,17,0,4,7.43,55.7,0,8.5,1,0,0,2,100.0,-1
14304,22,1,5,6.93,57.7,1,7.3,2,3,0,0,68.5,1
14305,17,0,5,4.22,47.3,1,5.6,0,0,1,0,45.0,1
14306,24,0,3,7.71,99.4,1,8.9,0,0,1,0,100.0,1
14307,23,0,4,4.65,80.6,1,9.2,1,3,0,0,79.2,1
14308,21,0,0,0.81,73.0,0,7.4,2,2,2,1,48.4,1
14309,24,0,4,3.9,99.1,0,4.5,2,2,1,0,62.2,1
14310,23,2,3,7.16,62.3,1,7.0,1,0,2,1,92.9,1
14311,18,1,4,5.3,92.2,1,9.8,2,0,2,0,91.0,1
14312,22,0,6,7.62,93.5,0,8.8,2,2,2,2,100.0,1
14313,20,1,5,4.25,47.3,1,8.6,1,1,0,0,58.1,1
14314,23,0,5,7.29,99.4,1,7.4,0,2,1,2,89.7,1
14315,23,1,5,6.13,85.0,0,5.6,1,1,2,0,82.2,1
14316,24,2,1,6.58,60.7,1,5.2,2,0,0,2,74.5,1
14317,20,0,1,7.91,64.2,1,6.6,0,1,2,0,95.3,1
14318,18,2,5,2.42,44.3,1,4.2,0,4,1,2,44.8,1
14319,18,1,3,5.02,87.0,0,9.4,0,3,0,1,55.7,1
14320,18,0,3,2.05,58.3,0,5.3,1,0,2,2,62.9,1
14321,24,2,4,6.83,60.5,0,7.3,2,0,0,0,87.1,1
14322,21,2,2,4.69,71.0,1,8.0,2,3,1,2,62.6,1
14323,19,1,1,1.41,70.3,1,6.0,0,2,1,2,47.6,1
14324,20,0,1,3.37,52.4,1,9.2,2,1,1,0,41.2,1
14325,18,1,3,1.45,40.7,1,4.2,0,2,1,0,46.3,1
14326,21,0,2,3.66,82.8,1,8.5,2,0,0,2,45.9,1
14327,20,1,2,0.62,66.2,1,6.7,2,2,0,0,21.3,1
14328,23,1,4,7.72,83.1,0,5.3,2,0,0,2,80.2,1
14329,17,2,5,4.77,63.3,1,5.9,2,2,1,1,58.5,1
14330,24,2,1,7.91,62.3,1,4.8,1,4,2,2,73.6,1
14331,17,2,4,1.39,94.4,1,4.1,2,1,0,0,49.2,1
14332,20,2,2,3.08,56.1,1,7.9,2,3,0,0,42.1,1
14333,19,0,0,7.45,63.0,1,4.1,0,3,1,2,59.9,1
14334,22,1,0,5.54,61.2,1,9.8,1,1,0,0,84.3,1
14335,22,2,0,0.56,51.7,1,5.5,2,2,0,2,38.7,1
14336,18,1,6,7.07,52.2,1,9.8,2,2,2,2,97.5,1
14337,20,1,2,1.51,96.8,1,9.5,0,0,1,1,65.8,1
14338,21,2,4,2.09,45.8,1,6.4,2,4,0,0,32.6,1
14339,20,0,1,5.85,82.7,0,7.7,0,2,1,1,72.1,1
14340,17,1,3,5.69,46.8,1,6.5,1,3,2,0,46.0,1
14341,18,0,1,5.28,49.5,1,5.9,2,3,2,0,59.7,1
14342,21,2,5,0.08,84.0,1,9.9,0,0,0,2,60.1,1
14343,19,0,2,2.0,77.8,1,9.2,0,3,0,2,56.4,1
14344,21,2,2,2.76,61.2,1,5.7,0,2,0,2,56.1,1
14345,18,0,0,3.2,54.7,1,5.7,1,4,0,2,46.1,1
14346,22,0,6,0.59,65.1,1,8.2,2,1,0,0,19.599,1
14347,18,1,2,5.4,92.4,1,5.2,0,4,1,2,66.4,1
14348,22,1,1,7.13,83.5,0,7.6,1,4,0,1,89.1,1
14349,23,2,3,7.91,93.9,1,5.3,0,1,1,2,88.7,1
14350,19,0,2,6.38,57.3,1,6.2,0,1,0,2,74.6,1
14351,18,2,3,1.62,67.9,1,5.3,0,3,0,1,47.3,1
14352,17,0,0,4.09,80.0,1,6.5,1,0,0,0,74.8,1
14353,19,0,4,7.33,92.2,1,6.9,2,2,2,0,100.0,1
14354,17,0,2,0.53,76.5,1,7.9,1,0,2,2,68.2,1
14355,24,0,1,1.83,42.9,1,6.7,0,4,1,0,22.6,1
14356,24,2,1,2.12,66.8,1,9.1,0,4,0,2,67.4,1
14357,24,2,5,4.88,91.6,1,4.5,2,3,1,2,64.2,1
14358,24,2,5,7.61,87.3,1,6.2,2,0,2,0,75.1,1
14359,21,2,2,3.86,97.4,1,9.3,1,4,0,2,92.1,1
14360,19,1,0,4.51,84.9,1,4.3,1,1,2,2,65.6,1
14361,20,2,4,5.12,49.7,1,8.7,0,2,0,0,66.0,1
14362,19,2,2,6.81,52.1,1,4.1,2,0,1,0,64.1,1
14363,23,0,2,2.29,60.7,1,6.3,1,2,1,2,51.8,1
14364,20,1,4,5.01,46.9,1,9.1,0,3,0,0,62.6,1
14365,20,1,3,7.4,81.6,1,5.2,1,2,2,1,100.0,1
14366,22,2,4,7.51,61.5,1,4.9,2,4,0,1,89.6,1
14367,19,2,3,3.06,51.8,1,5.7,2,2,0,2,45.6,1
14368,19,1,6,0.89,54.2,1,6.3,0,0,0,0,32.6,1
14369,18,0,2,7.4,96.4,1,7.7,0,3,0,1,90.2,1
14370,17,0,1,7.37,86.2,1,6.8,2,4,1,2,66.6,1
14371,17,1,4,0.78,59.3,1,9.1,0,4,0,0,37.6,1
14372,20,0,6,0.65,86.9,1,9.4,1,3,0,2,44.6,1
14373,24,2,2,1.48,95.2,1,9.1,1,1,2,2,67.3,1
14374,19,1,4,5.17,86.2,1,8.9,2,4,0,1,59.3,1
14375,22,2,6,2.42,63.4,1,8.8,0,4,0,1,42.5,1
14376,19,2,3,1.92,50.7,1,6.2,0,0,0,1,68.6,1
14377,19,0,5,6.4,87.3,1,9.0,1,1,1,2,70.6,1
14378,18,1,1,1.95,43.3,1,5.3,2,3,1,1,19.599,1
14379,21,1,5,7.68,57.2,1,9.4,0,1,1,0,93.5,1
14380,22,1,3,3.51,44.7,1,9.2,1,0,1,0,60.4,1
14381,19,0,0,3.38,54.8,0,8.3,2,2,0,2,44.4,1
14382,21,0,1,7.55,58.9,1,8.7,1,2,0,0,82.6,1
14383,20,1,5,0.96,61.9,1,9.6,2,3,1,2,61.0,1
14384,19,0,5,0.92,48.6,0,8.9,1,3,1,2,46.0,1
14385,22,2,5,3.47,76.8,1,7.6,0,4,2,2,62.0,1
14386,21,1,4,4.7,97.7,1,9.8,0,4,0,2,89.4,1
14387,17,2,1,4.06,46.9,1,6.4,0,4,2,1,46.9,1
14388,20,1,1,7.64,82.7,1,9.2,0,0,2,1,100.0,1
14389,20,0,4,7.91,50.8,1,8.4,0,1,2,1,84.9,1
14390,23,1,1,0.33,78.6,1,9.5,0,1,1,2,36.0,1
14391,19,1,4,1.32,49.8,0,5.5,2,0,2,0,39.6,1
14392,24,2,6,4.43,93.3,1,6.2,2,1,0,1,84.9,1
14393,21,0,5,7.6,41.4,1,6.3,2,2,2,2,58.1,1
14394,18,0,3,2.24,53.1,1,8.2,2,1,1,0,32.3,1
14395,20,0,6,2.94,79.3,1,7.3,1,3,2,2,56.2,1
14396,24,1,3,1.85,80.5,1,5.1,0,3,0,2,59.4,1
14397,19,2,3,7.74,67.5,0,6.3,2,4,2,1,85.6,1
14398,22,0,6,1.23,54.7,1,9.0,0,2,0,1,34.1,1
14399,23,1,0,4.52,77.3,1,7.7,1,4,2,1,67.4,1
14400,22,2,1,0.18,99.4,1,8.0,1,0,0,0,59.5,1
14401,17,1,2,4.81,78.4,1,4.8,0,4,1,2,64.4,1
14402,19,2,4,3.14,50.7,1,6.9,1,4,1,0,48.0,1
14403,19,1,3,4.53,95.0,1,9.3,0,2,0,0,92.2,1
14404,19,1,5,0.64,82.8,0,9.4,1,4,0,1,74.9,1
14405,24,1,1,0.73,76.0,1,9.6,1,1,1,1,27.2,1
14406,17,0,0,0.74,50.6,1,9.3,2,1,1,2,19.599,1
14407,21,0,2,6.68,57.8,1,5.7,1,3,0,1,78.9,1
14408,24,1,0,5.79,68.7,1,6.4,1,3,2,0,78.6,1
14409,24,1,6,1.03,75.7,1,8.2,2,1,0,2,37.3,1
14410,21,1,6,2.53,61.1,1,5.3,0,2,0,1,54.2,1
14411,24,0,3,3.49,78.9,1,8.6,1,2,1,0,70.3,1
14412,20,2,2,0.79,49.9,1,8.0,2,2,2,0,20.7,1
14413,21,1,6,6.72,89.2,1,7.4,2,1,1,2,78.7,1
14414,21,2,1,2.9,50.3,1,9.8,2,2,1,2,52.2,1
14415,17,0,2,5.36,97.4,1,8.3,0,3,1,2,76.0,1
14416,17,1,0,5.14,83.5,1,4.4,1,2,1,0,57.6,1
14417,24,1,6,7.31,86.2,1,4.2,1,0,2,2,85.7,1
14418,18,2,5,5.94,59.7,1,9.0,2,3,2,2,70.6,1
14419,19,2,0,0.28,58.7,1,6.0,0,2,2,2,53.9,1
14420,21,2,3,1.24,88.9,1,5.4,2,4,2,0,45.9,1
14421,21,0,2,3.56,90.1,1,7.3,1,3,2,2,67.1,1
14422,21,2,1,0.74,75.1,1,8.0,0,4,2,2,44.6,1
14423,24,2,4,3.13,63.1,1,7.3,1,2,0,2,63.1,1
14424,23,2,0,7.82,73.6,1,8.3,2,0,1,2,89.6,1
14425,24,0,6,1.64,82.2,1,6.9,0,0,1,2,59.6,1
14426,22,0,3,5.64,87.3,1,9.3,0,4,0,2,66.5,1
14427,24,2,5,2.08,67.0,1,8.1,0,3,0,2,65.5,1
14428,21,2,5,0.27,87.6,1,7.0,0,3,2,1,61.1,1
14429,21,0,3,0.79,78.6,1,8.7,0,4,2,2,33.2,1
14430,23,1,6,0.83,90.6,1,4.1,1,3,0,2,46.0,1
14431,23,0,6,2.39,88.1,1,9.8,0,1,2,1,69.2,1
14432,17,0,0,7.68,64.7,1,5.9,0,4,1,0,70.4,1
14433,24,2,1,4.97,86.1,1,4.6,2,4,1,2,46.3,1
14434,22,1,4,0.98,76.3,1,6.0,1,3,0,0,35.8,1
14435,24,1,2,0.56,79.8,1,8.3,0,1,0,2,48.2,1
14436,22,2,4,7.77,53.7,1,4.8,0,0,2,2,69.8,1
14437,24,2,3,1.37,86.4,1,6.0,2,3,1,2,45.0,1
14438,19,1,5,2.16,46.9,1,5.6,1,4,2,2,42.9,1
14439,18,1,2,6.73,51.7,1,4.1,2,1,1,0,75.1,1
14440,18,0,4,4.44,61.0,1,4.9,1,1,0,2,78.2,1
14441,19,2,3,1.81,85.7,1,7.0,2,2,2,2,50.9,1
14442,18,2,2,5.32,64.9,1,4.6,0,2,0,0,82.2,1
14443,20,0,3,2.97,77.1,1,9.4,2,0,1,0,53.6,1
14444,18,1,4,4.65,95.1,1,4.7,2,2,2,0,60.5,1
14445,18,0,0,0.77,82.7,1,4.7,1,4,1,2,54.3,1
14446,21,1,4,7.04,89.9,1,5.9,0,2,1,2,100.0,1
14447,23,0,0,4.76,48.0,1,7.7,0,4,1,2,64.0,1
14448,18,1,4,0.08,43.6,1,8.4,2,2,0,1,20.0,1
14449,21,1,1,4.47,54.5,1,5.1,1,1,1,1,43.8,1
14450,22,2,1,2.9,93.8,1,5.1,0,0,0,2,79.0,1
14451,22,2,2,7.24,83.8,1,5.5,0,1,1,1,70.0,1
14452,17,1,2,1.11,62.9,1,9.3,2,0,0,1,43.2,1
14453,22,0,2,2.67,94.6,1,6.9,1,4,2,2,62.9,1
14454,17,0,1,6.12,79.3,1,8.8,0,2,2,1,76.0,1
14455,18,1,5,1.8,88.0,1,9.2,1,0,0,2,93.2,1
14456,19,0,1,2.51,45.3,1,7.9,0,4,1,0,55.5,1
14457,23,0,0,6.17,89.9,1,6.7,2,3,1,2,86.9,1
14458,18,2,1,5.7,69.4,1,9.6,2,1,0,2,70.9,1
14459,23,0,0,2.88,45.1,1,4.9,2,4,1,2,48.9,1
14460,24,2,1,3.74,42.3,1,5.1,0,4,1,2,39.6,1
14461,24,0,0,4.42,74.0,0,7.0,2,1,2,0,67.3,1
14462,19,1,2,7.1,75.2,0,5.5,1,1,2,0,92.4,1
14463,17,0,3,5.29,50.9,1,8.8,1,2,1,1,62.3,1
14464,18,2,1,4.74,58.4,1,5.9,2,1,2,1,63.0,1
14465,23,1,4,6.49,63.7,1,9.3,1,3,2,0,78.7,1
14466,18,2,6,2.43,40.6,1,8.6,1,0,0,2,66.5,1
14467,22,0,3,3.55,98.2,1,8.4,1,0,1,2,71.7,1
14468,19,2,3,5.49,89.8,1,7.4,1,3,2,0,86.8,1
14469,23,2,5,3.23,55.0,1,9.7,2,1,0,0,61.0,1
14470,21,0,0,3.83,90.7,0,9.3,0,0,2,1,86.1,1
14471,21,0,2,1.28,76.6,1,5.4,1,3,1,0,65.7,1
14472,23,1,5,4.88,50.7,0,4.1,1,2,2,2,77.3,1
14473,24,2,4,5.12,87.4,1,9.2,2,1,0,1,69.2,1
14474,19,2,3,6.85,45.8,1,4.2,1,1,2,0,62.2,1
14475,21,1,0,0.68,65.4,1,7.8,0,1,2,0,52.2,1
14476,22,0,2,7.2,85.3,0,9.0,0,2,2,2,100.0,1
14477,23,0,3,0.69,93.8,1,4.1,2,3,0,0,21.3,1
14478,20,1,3,5.96,57.2,1,5.4,2,3,2,1,64.1,1
14479,19,1,3,4.71,76.2,1,8.8,0,3,0,0,54.4,1
14480,23,1,0,3.25,90.5,1,8.3,2,4,1,2,59.8,1
14481,24,1,1,7.39,91.9,1,5.7,0,0,2,2,100.0,1
14482,21,1,3,3.65,40.6,1,5.9,1,2,2,2,55.7,1
14483,17,1,4,0.2,45.7,1,9.7,2,1,1,2,24.6,1
14484,19,0,1,4.16,51.3,1,4.9,1,2,1,2,53.8,1
14485,20,0,2,4.26,40.8,0,6.9,1,3,2,2,62.5,1
14486,22,1,3,5.95,93.6,1,6.4,1,0,2,2,99.1,1
14487,22,1,2,2.87,44.0,1,7.0,2,3,1,1,45.3,1
14488,23,0,1,0.59,94.9,1,6.5,1,1,2,0,58.0,1
14489,17,2,4,2.8,58.4,1,5.2,0,3,0,1,38.5,1
14490,20,2,0,4.82,44.5,0,8.8,1,0,1,2,50.5,1
14491,22,2,3,4.36,62.7,0,7.5,1,2,2,2,60.6,1
14492,24,1,4,6.78,83.7,1,7.3,1,1,1,2,82.3,1
14493,18,2,1,2.16,48.1,1,9.7,0,2,1,2,60.9,1
14494,24,1,1,4.55,97.2,1,8.0,2,3,1,2,73.8,1
14495,17,1,0,7.8,50.6,1,6.7,0,1,2,2,95.4,1
14496,18,1,0,2.51,93.9,1,9.0,2,0,2,1,73.3,1
14497,23,1,3,3.49,40.9,0,9.5,2,1,2,0,58.5,1
14498,23,0,2,7.91,84.2,0,5.1,2,4,0,0,65.3,1
14499,24,1,3,1.16,69.2,1,6.4,1,0,1,2,37.2,1
14500,21,2,4,4.59,86.1,1,8.4,0,2,0,2,93.5,1
14501,21,2,5,2.96,79.4,1,8.1,0,2,1,2,60.6,1
14502,21,0,3,0.37,51.7,1,5.0,0,1,0,0,32.7,1
14503,21,1,4,6.09,43.0,0,6.8,2,1,0,1,44.4,1
14504,21,2,5,1.59,64.3,1,6.7,1,1,0,2,59.8,1
14505,19,1,5,7.14,74.8,1,5.7,2,1,0,0,76.8,1
14506,23,2,3,3.34,91.0,1,5.6,1,3,0,2,49.6,1
14507,19,2,3,1.16,54.2,0,8.0,1,1,0,0,55.8,1
14508,21,1,6,1.97,58.1,0,9.0,2,0,0,0,53.2,1
14509,22,1,5,6.66,60.4,0,9.3,0,2,1,1,73.7,1
14510,21,2,1,2.99,83.5,1,4.2,1,2,1,2,67.0,1
14511,21,2,3,2.05,47.5,0,5.8,0,0,2,2,40.5,1
14512,17,0,5,1.99,71.3,0,8.4,0,1,1,1,34.8,1
14513,19,1,3,4.67,75.4,0,7.4,0,0,2,0,69.2,1
14514,20,0,3,2.05,71.3,1,9.3,1,0,2,0,75.0,1
14515,20,0,4,7.48,72.7,1,9.6,1,2,1,2,80.2,1
14516,24,1,0,0.39,66.0,1,4.8,2,4,1,0,25.0,1
14517,24,2,4,1.25,99.2,1,4.6,0,4,0,0,63.6,1
14518,22,0,5,3.43,67.0,1,7.6,0,2,1,1,57.0,1
14519,19,1,6,1.67,90.2,1,6.8,0,0,1,0,52.1,1
14520,17,2,6,6.23,73.3,0,5.7,0,4,2,2,77.7,1
14521,23,0,4,7.33,76.7,1,5.5,2,0,2,2,83.8,1
14522,24,0,5,4.8,88.8,1,7.8,0,1,1,2,66.9,1
14523,20,0,5,6.83,98.9,1,5.5,1,3,2,0,83.3,1
14524,23,1,0,6.4,48.5,1,4.6,1,4,1,0,64.0,1
14525,24,1,6,1.27,74.9,1,9.4,0,0,2,2,65.9,1
14526,21,1,3,0.63,50.9,1,8.1,1,1,2,2,35.7,1
14527,18,1,6,5.03,42.9,1,9.2,1,3,2,2,63.2,1
14528,17,0,1,7.86,93.9,1,5.0,2,2,2,2,96.5,1
14529,23,0,0,6.66,99.4,1,4.8,1,0,1,2,92.4,1
14530,21,2,4,4.93,81.4,1,8.4,2,1,1,2,62.4,1
14531,18,2,4,0.89,64.3,1,6.7,1,2,1,0,30.6,1
14532,17,0,0,6.24,85.4,1,9.5,0,0,1,0,88.2,1
14533,24,1,1,5.46,99.2,1,9.0,1,0,1,2,97.1,1
14534,19,1,1,7.47,94.9,1,5.9,1,2,0,0,97.7,1
14535,19,1,5,5.68,91.8,1,9.2,0,4,1,1,77.9,1
14536,22,1,2,0.83,70.9,1,4.6,1,4,1,1,33.2,1
14537,19,1,2,4.87,52.9,1,4.1,2,3,0,1,38.9,1
14538,24,2,6,3.23,48.0,1,6.1,2,2,0,2,29.2,1
14539,22,0,6,3.37,44.3,1,9.8,1,0,1,2,70.8,1
14540,19,2,2,5.06,60.5,0,7.8,2,2,0,0,86.2,1
14541,19,1,2,7.2,42.4,1,7.7,2,0,1,2,84.1,1
14542,23,1,0,6.08,80.5,1,6.9,1,0,0,1,86.4,1
14543,21,1,4,0.18,89.5,1,4.2,2,4,0,0,46.6,1
14544,24,0,1,1.18,87.8,0,7.0,0,4,1,2,38.7,1
14545,19,0,6,2.91,45.1,0,8.1,2,0,1,2,38.6,1
14546,17,0,3,5.48,52.0,1,7.6,2,3,1,0,67.5,1
14547,24,2,3,5.07,98.1,0,7.3,0,0,1,0,74.4,1
14548,18,0,1,4.03,99.4,1,6.8,2,3,0,0,66.7,1
14549,23,2,0,3.44,98.3,1,8.9,2,1,2,2,62.5,1
14550,22,1,5,6.32,95.4,1,6.5,0,0,1,2,80.4,1
14551,18,0,4,0.77,48.7,1,8.4,2,4,2,2,44.5,1
14552,23,0,1,4.76,87.4,1,7.1,1,2,1,0,89.8,1
14553,17,0,3,6.47,52.7,0,9.4,0,1,1,2,54.0,1
14554,20,2,1,2.18,55.4,1,4.7,0,1,1,1,42.0,1
14555,19,0,0,1.62,69.5,1,8.3,1,0,1,2,56.0,1
14556,22,0,1,5.39,88.2,1,4.8,0,4,0,1,67.3,1
14557,21,2,6,1.41,66.6,1,9.6,1,3,1,2,44.4,1
14558,21,0,0,3.91,53.5,1,9.1,1,3,0,1,67.9,1
14559,20,0,3,7.38,94.6,1,6.2,0,3,1,1,84.6,1
14560,22,1,4,0.49,57.2,0,8.7,2,0,1,2,43.0,1
14561,18,1,2,7.27,86.4,1,4.5,2,4,1,2,78.4,1
14562,22,1,1,1.52,85.9,1,7.9,2,4,0,2,35.5,1
14563,17,0,6,3.86,45.4,1,9.5,0,1,0,2,58.0,1
14564,17,2,4,1.06,66.7,1,4.1,2,1,1,1,26.6,1
14565,22,1,1,5.68,47.9,1,6.3,1,1,0,2,79.9,1
14566,18,2,3,7.91,83.4,1,5.4,0,0,2,0,72.4,1
14567,23,2,6,2.42,84.5,0,6.9,1,4,0,2,81.2,1
14568,18,1,1,7.4,58.1,1,8.7,1,3,0,0,87.7,1
14569,18,1,0,5.84,80.9,1,6.2,1,0,0,1,95.1,1
14570,24,2,1,7.72,64.9,1,6.1,0,3,2,1,60.5,1
14571,18,0,4,5.37,73.7,0,6.8,0,3,1,1,62.0,1
14572,24,1,3,5.46,81.1,1,5.5,1,0,2,0,73.5,1
14573,19,2,3,7.55,90.4,0,8.9,2,2,0,1,100.0,-1
14574,23,0,0,5.82,69.6,0,4.8,0,3,0,2,66.6,1
14575,24,0,0,6.78,82.1,1,8.4,2,2,1,2,76.6,1
14576,17,2,3,2.28,56.7,1,5.0,0,3,2,2,35.1,1
14577,19,1,5,1.35,68.0,0,7.0,1,4,1,2,33.4,1
14578,21,0,5,5.12,45.2,0,9.1,0,4,1,0,63.4,1
14579,23,1,5,2.02,68.9,1,7.0,1,2,2,1,47.0,1
14580,18,0,2,3.44,62.3,1,5.1,2,0,0,2,60.9,1
14581,18,2,3,6.84,95.3,1,4.1,2,1,2,2,72.2,1
14582,19,0,0,5.05,55.7,1,7.4,1,4,0,0,73.9,1
14583,18,2,6,7.55,99.4,1,7.3,2,0,0,2,100.0,1
14584,19,1,0,2.84,52.6,1,9.5,1,3,1,2,52.7,1
14585,18,0,1,2.24,75.9,1,9.4,0,0,1,0,69.5,1
14586,23,2,1,1.71,59.6,1,8.0,2,3,1,2,44.2,1
14587,23,1,1,7.81,94.0,1,4.4,0,0,0,2,100.0,1
14588,18,1,3,3.44,69.0,1,7.2,1,2,0,2,71.6,1
14589,21,2,1,7.36,55.8,1,5.0,1,2,2,2,73.1,1
14590,22,1,3,2.76,50.1,1,4.6,2,4,1,0,25.0,1
14591,22,1,1,2.3,84.8,0,9.1,2,0,2,2,64.8,1
14592,24,2,4,6.17,93.6,0,5.0,2,0,0,2,78.4,1
14593,22,1,4,4.94,86.0,1,8.8,2,3,1,2,60.1,1
14594,22,0,4,4.2,71.1,1,5.3,0,4,0,0,68.7,1
14595,17,1,6,3.52,95.2,1,5.0,0,0,1,2,77.4,1
14596,17,0,2,3.73,70.7,1,6.8,2,1,2,1,26.1,1
14597,21,1,2,6.68,53.3,1,5.1,2,3,2,2,61.4,1
14598,24,1,3,1.22,54.0,1,8.6,2,3,1,0,39.1,1
14599,20,2,3,0.41,78.5,1,9.8,1,2,1,2,46.5,1
14600,22,1,5,0.08,88.9,1,7.4,2,4,1,2,39.7,1
14601,18,1,1,3.96,81.9,1,5.5,0,4,0,0,69.9,1
14602,20,1,3,6.54,47.4,1,9.0,0,2,2,2,73.4,1
14603,23,2,4,5.37,67.7,1,5.9,2,0,2,1,64.6,1
14604,22,0,4,7.91,43.9,1,6.5,0,0,1,0,67.3,1
14605,17,1,3,4.88,95.2,1,6.0,1,2,1,2,62.2,1
14606,24,0,4,4.07,46.2,1,9.5,1,1,1,1,59.3,1
14607,24,0,1,4.65,94.7,1,4.6,2,3,1,1,44.4,1
14608,20,0,3,7.06,61.5,0,4.4,0,3,1,1,74.1,1
14609,19,1,3,0.12,75.1,1,6.0,0,4,0,0,49.2,1
14610,21,2,2,3.73,82.3,1,7.9,1,2,2,0,81.7,1
14611,23,2,6,3.29,90.0,1,4.3,0,3,2,2,52.9,1
14612,20,2,4,7.63,82.8,1,7.2,0,4,2,2,96.3,1
14613,17,2,5,1.5,70.2,1,9.6,1,3,1,0,23.0,1
14614,17,1,3,0.2,55.7,1,7.5,1,2,0,2,39.8,1
14615,23,0,6,5.05,52.1,1,6.6,1,0,0,2,57.8,1
14616,23,2,2,5.0,80.8,1,8.2,0,3,0,2,78.4,1
14617,23,0,6,2.55,64.0,1,8.9,0,4,2,1,43.9,1
14618,18,2,1,4.32,83.4,1,7.9,2,1,1,2,49.6,1
14619,18,0,6,4.77,86.8,1,6.5,1,1,0,2,62.7,1
14620,20,2,2,2.82,55.0,0,4.8,1,4,2,1,50.5,1
14621,18,1,0,3.36,41.5,1,6.4,2,1,1,2,35.6,1
14622,20,2,3,1.13,70.0,1,7.1,1,1,2,1,40.9,1
14623,21,2,4,6.17,59.5,1,7.7,0,2,0,0,83.2,1
14624,19,1,2,3.11,46.2,1,6.9,1,4,1,1,39.3,1
14625,17,2,0,5.16,65.9,0,9.4,0,3,0,2,78.4,1
14626,20,1,5,3.41,63.4,1,9.8,0,4,0,1,46.6,1
14627,22,2,1,1.3,53.5,1,6.8,2,1,2,1,49.6,1
14628,21,2,6,5.61,59.7,0,5.0,2,1,1,0,72.4,1
14629,19,1,4,3.34,42.7,1,4.8,2,3,2,2,32.0,1
14630,19,0,6,1.48,97.8,0,7.4,1,4,0,2,76.6,1
14631,21,0,6,7.47,83.1,1,4.1,2,0,2,1,79.0,1
14632,18,2,1,7.15,51.0,0,5.1,1,0,0,2,91.4,1
14633,23,1,6,5.82,73.9,1,8.7,0,0,0,2,67.0,1
14634,23,2,3,4.61,79.5,1,4.5,0,3,1,2,52.1,1
14635,17,1,1,5.0,71.8,1,4.9,2,3,2,2,66.0,1
14636,24,1,6,2.88,76.3,1,9.9,0,1,1,2,74.5,1
14637,17,2,3,2.1,92.2,1,8.0,2,0,2,2,60.4,1
14638,20,0,4,4.74,93.4,1,8.7,2,4,1,1,52.1,1
14639,22,2,4,5.92,41.6,1,7.4,0,0,1,2,70.3,1
14640,19,2,0,3.96,70.9,1,7.5,1,0,0,2,64.7,1
14641,18,2,6,7.16,67.5,1,6.8,1,4,0,2,75.9,1
14642,17,1,5,3.11,42.5,0,5.1,2,2,2,2,36.4,1
14643,22,1,3,3.01,94.4,1,9.7,1,1,2,2,76.8,1
14644,17,2,4,3.4,99.4,1,9.3,1,3,1,1,61.3,1
14645,20,2,2,5.63,82.6,0,5.1,2,2,1,0,61.6,1
14646,20,2,5,0.22,56.4,1,8.4,2,0,0,2,44.1,1
14647,24,2,6,2.83,44.0,1,5.5,1,4,1,2,47.9,1
14648,24,1,6,5.94,57.0,0,8.7,2,1,2,0,51.6,1
14649,23,2,3,4.44,76.4,1,8.5,0,0,1,0,66.9,1
14650,22,1,6,2.48,57.2,1,7.9,1,0,2,2,62.6,1
14651,21,2,5,5.25,84.6,1,8.4,1,1,1,0,78.7,1
14652,19,0,3,7.21,98.9,0,8.8,0,4,1,2,90.0,-1
14653,18,1,5,4.04,52.8,1,7.2,0,2,0,1,64.7,1
14654,24,2,1,5.91,99.4,1,4.7,0,0,0,1,88.6,1
14655,20,2,4,1.59,70.0,1,7.2,1,0,1,2,65.3,1
14656,20,0,4,3.78,65.0,1,8.4,0,1,1,1,62.7,1
14657,18,2,3,2.33,51.8,1,6.1,0,3,0,0,58.0,1
14658,19,1,4,7.91,44.3,1,9.6,0,4,2,2,71.1,1
14659,22,1,5,1.75,84.7,1,6.9,0,2,2,0,43.4,1
14660,20,1,4,7.58,80.3,1,5.8,1,3,0,0,89.5,1
14661,21,1,0,3.27,86.0,1,9.5,1,3,0,2,74.4,1
14662,18,0,0,3.99,53.0,1,6.9,1,1,0,1,66.6,1
14663,17,0,3,4.19,84.9,1,4.4,0,3,1,2,39.5,1
14664,24,1,4,1.93,77.7,1,5.8,1,3,0,2,48.1,1
14665,20,0,0,1.91,63.8,1,5.1,2,3,0,0,33.5,1
14666,19,1,3,3.01,50.4,1,9.3,1,1,2,1,59.2,1
14667,19,0,0,5.96,79.9,1,5.8,1,4,2,2,64.1,1
14668,22,2,6,5.61,94.6,0,6.9,2,0,2,2,87.0,1
14669,21,0,3,7.91,88.1,1,6.4,1,4,2,0,80.1,1
14670,20,1,5,0.71,99.1,1,6.8,1,4,0,1,50.0,1
14671,24,1,0,6.07,49.1,1,7.1,2,0,1,2,53.7,1
14672,24,2,0,1.56,78.9,1,6.2,2,0,1,2,48.5,1
14673,18,1,0,4.09,61.4,1,5.0,2,4,0,0,58.9,1
14674,22,2,3,1.57,60.6,1,8.6,2,3,2,1,58.6,1
14675,24,1,4,7.49,60.1,1,6.4,2,2,2,0,78.2,1
14676,20,0,3,4.06,79.7,0,8.8,1,2,2,0,72.7,1
14677,17,0,5,3.76,87.1,1,6.7,1,4,2,2,62.5,1
14678,18,0,3,2.46,73.1,1,9.9,2,2,1,2,52.7,1
14679,22,2,5,3.59,82.0,1,9.9,2,2,1,2,83.0,1
14680,24,1,2,0.89,61.1,0,9.5,2,0,2,0,37.4,1
14681,18,0,0,5.47,70.0,1,7.2,2,4,0,1,83.7,1
14682,21,0,4,4.57,49.7,1,4.8,1,4,2,2,63.7,1
14683,20,1,0,0.8,43.2,1,7.3,1,1,2,2,30.5,1
14684,19,0,5,0.82,67.3,1,6.4,2,0,2,0,43.1,1
14685,22,2,4,2.34,98.6,1,4.4,2,1,2,0,34.6,1
14686,24,1,3,3.78,95.4,1,6.9,1,3,2,2,76.9,1
14687,18,1,3,1.78,93.8,1,8.5,1,3,0,1,54.5,1
14688,17,0,6,1.05,61.9,1,7.9,0,4,0,2,44.2,1
14689,19,1,4,0.77,85.0,1,8.8,2,3,2,2,42.1,1
14690,19,1,6,2.44,96.2,1,9.6,1,1,2,2,72.9,1
14691,22,2,2,5.04,43.6,1,8.6,1,2,1,2,59.4,1
14692,21,1,5,5.43,66.8,1,7.6,2,3,2,1,66.8,1
14693,17,1,6,2.26,62.3,1,7.9,1,0,0,0,62.0,1
14694,19,0,6,3.52,90.6,1,7.6,2,0,0,2,69.7,1
14695,22,0,3,5.03,74.7,1,5.4,0,4,0,0,72.6,1
14696,20,0,3,2.88,99.4,1,4.8,2,1,1,1,37.8,1
14697,21,0,4,7.83,43.4,1,7.7,0,2,2,0,80.3,1
14698,19,1,6,5.54,58.8,1,9.9,2,2,1,2,57.0,1
14699,19,2,6,4.63,73.2,1,5.6,2,3,0,0,55.2,1
14700,18,1,6,3.98,53.2,0,8.9,0,4,1,1,37.0,1
14701,17,0,6,3.94,98.1,1,6.9,1,2,2,0,62.5,1
14702,17,1,4,2.33,81.6,1,7.6,2,4,0,0,47.8,1
14703,21,0,1,0.62,76.4,1,6.9,1,0,2,1,54.5,1
14704,18,0,1,6.7,48.2,1,5.8,0,1,1,2,66.1,1
14705,21,0,6,7.24,87.5,1,9.5,0,2,1,2,87.9,1
14706,24,0,1,7.8,98.2,1,6.0,0,3,1,1,90.9,1
14707,22,1,2,3.23,88.1,1,4.7,1,0,0,0,71.2,1
14708,21,1,3,7.57,73.9,0,6.1,2,3,2,0,71.9,1
14709,17,2,5,5.62,81.1,1,7.9,2,1,2,2,85.8,1
14710,20,0,5,3.38,72.0,1,6.9,1,4,0,2,71.4,1
14711,24,0,1,7.35,42.2,0,5.5,0,1,0,0,66.4,1
14712,20,2,3,7.75,92.3,1,9.8,0,4,1,1,86.0,1
14713,23,2,6,4.27,54.0,1,7.5,1,2,2,2,55.8,1
14714,22,0,5,6.24,58.8,1,9.7,2,4,0,2,83.6,1
14715,19,2,6,6.21,94.9,1,7.9,1,1,0,2,93.0,1
14716,18,0,5,4.87,84.9,1,4.2,1,1,1,2,54.6,1
14717,17,1,2,3.38,73.0,1,8.3,1,1,0,0,67.2,1
14718,19,0,1,1.07,55.3,1,6.5,2,4,1,2,19.599,1
14719,19,2,1,7.91,89.4,0,7.6,0,4,0,0,90.1,1
14720,22,2,2,0.57,72.1,1,7.7,0,3,2,0,39.6,1
14721,21,0,6,1.08,72.8,0,9.3,0,2,2,1,45.8,1
14722,20,2,4,3.0,51.4,0,4.2,2,2,0,1,47.7,1
14723,22,1,6,3.19,66.4,1,7.6,0,1,2,0,57.6,1
14724,23,1,0,2.14,61.4,1,4.4,0,2,1,2,45.8,1
14725,22,0,6,0.62,57.6,1,5.0,0,4,2,0,36.8,1
14726,24,1,6,7.2,68.4,1,6.7,0,0,1,2,93.2,1
14727,19,2,2,4.11,90.5,1,8.6,0,2,2,1,77.4,1
14728,23,1,6,7.76,59.0,1,4.8,1,4,2,0,69.3,1
14729,20,0,2,7.02,54.8,0,4.2,1,2,2,2,90.6,1
14730,18,2,3,3.95,92.9,0,6.8,0,4,0,0,91.0,1
14731,18,1,1,3.11,86.4,1,4.8,1,3,0,2,56.1,1
14732,17,1,4,2.04,73.9,1,6.9,1,1,1,0,42.6,1
14733,24,0,2,7.91,80.8,0,4.4,2,2,1,2,88.6,-1
14734,18,2,5,4.84,45.1,0,9.1,1,0,1,2,78.9,1
14735,23,1,3,6.73,84.3,1,5.3,2,3,1,2,64.7,1
14736,23,1,6,7.88,93.5,1,6.5,2,4,0,2,73.5,1
14737,20,2,3,1.79,68.4,1,5.6,0,4,1,2,21.2,1
14738,24,0,3,7.4,90.5,1,7.9,2,4,2,1,75.8,1
14739,24,2,5,6.36,74.2,1,4.8,0,1,0,1,89.6,1
14740,24,1,6,3.64,42.2,1,5.9,0,4,1,2,42.3,1
14741,20,1,0,7.59,40.8,1,5.8,2,3,1,0,55.7,1
14742,19,0,3,4.72,47.6,1,9.9,2,3,0,1,74.3,1
14743,17,1,0,3.15,97.8,1,9.0,1,3,2,0,75.7,1
14744,23,0,2,1.28,97.4,1,5.6,2,4,1,2,36.2,1
14745,23,2,6,5.82,42.5,1,7.9,0,4,1,0,44.6,1
14746,21,2,3,6.19,62.2,1,9.1,1,2,2,2,73.0,1
14747,17,2,0,1.66,96.8,1,8.4,1,4,2,0,76.0,1
14748,23,0,5,2.97,73.2,1,8.5,2,2,2,1,53.8,1
14749,19,2,5,0.44,87.5,1,9.9,0,1,0,0,37.6,1
14750,21,0,6,4.46,52.3,1,8.7,1,1,2,2,61.0,1
14751,22,0,3,4.8,46.2,1,4.2,2,3,0,0,54.1,1
14752,18,2,2,6.79,59.8,1,6.6,2,3,2,0,67.1,1
14753,17,2,3,0.21,81.5,1,7.7,2,3,0,0,54.7,1
14754,17,2,3,0.96,95.8,1,9.9,1,1,2,0,70.4,1
14755,24,1,1,0.25,86.8,1,7.1,1,0,0,1,51.1,1
14756,24,2,4,7.56,64.6,1,9.5,2,3,2,1,71.5,1
14757,20,2,0,4.1,62.4,0,5.2,1,0,0,0,74.3,1
14758,20,2,6,1.97,92.2,1,6.4,0,1,0,1,63.7,1
14759,20,1,2,0.15,71.0,1,5.3,0,1,2,2,27.1,1
14760,19,0,5,0.77,67.4,1,8.3,1,0,0,1,66.6,1
14761,21,2,4,5.76,57.1,0,8.6,0,1,2,2,64.4,1
14762,19,2,1,3.84,81.4,1,5.5,1,2,1,2,71.2,1
14763,21,1,0,5.88,49.1,1,7.8,1,4,1,0,64.7,1
14764,20,0,6,2.12,63.3,1,8.3,1,3,0,0,56.9,1
14765,22,2,0,3.52,85.1,1,9.9,2,1,1,2,60.7,1
14766,24,2,4,4.99,80.5,1,4.3,1,4,0,0,75.8,1
14767,18,1,3,1.7,48.0,1,7.8,0,1,0,2,45.6,1
14768,17,2,6,2.3,61.5,1,8.3,0,4,1,2,43.1,1
14769,21,2,4,1.13,63.7,1,6.4,2,0,2,2,51.8,1
14770,17,1,5,5.69,54.0,1,5.4,0,2,1,2,83.6,1
14771,18,1,6,4.66,52.0,1,4.1,1,3,0,2,71.8,1
14772,23,1,2,3.56,70.5,0,8.9,1,1,1,0,57.3,1
14773,20,1,5,4.54,60.1,1,4.6,0,2,2,0,69.2,1
14774,21,2,6,1.36,76.4,1,5.4,1,1,1,1,51.5,1
14775,23,0,2,6.5,78.5,1,8.2,1,2,2,1,98.1,1
14776,18,2,3,6.04,97.3,1,8.3,2,0,2,1,92.3,1
14777,20,1,1,1.46,75.4,1,4.4,0,1,0,1,50.0,1
14778,17,0,6,7.09,89.3,0,8.9,2,1,1,2,57.8,1
14779,20,2,0,3.15,94.6,1,7.7,0,0,1,2,64.1,1
14780,18,2,1,3.71,65.5,1,4.3,1,3,2,1,65.7,1
14781,24,1,2,4.25,50.5,1,9.1,1,2,2,2,78.6,1
14782,19,0,5,6.34,56.8,0,7.9,2,0,2,2,62.1,1
14783,18,0,2,1.31,81.1,1,8.2,2,4,1,0,28.5,1
14784,17,0,0,2.12,59.3,1,9.8,2,3,1,2,47.8,1
14785,18,0,3,7.49,47.9,1,5.8,2,2,0,2,70.5,1
14786,18,0,2,7.5,48.4,1,8.8,2,2,1,2,74.0,1
14787,18,2,1,6.47,60.1,1,9.7,2,1,0,2,79.3,1
14788,22,1,6,1.35,48.7,1,5.5,0,0,0,1,56.9,1
14789,24,1,3,4.76,95.1,1,8.0,1,4,2,1,93.0,1
14790,23,0,0,3.57,40.6,1,6.9,1,3,2,2,42.6,1
14791,24,0,6,0.65,53.9,1,8.1,0,2,0,1,36.9,1
14792,24,2,2,0.6,95.7,1,7.7,1,0,1,2,70.3,1
14793,20,2,1,6.85,88.4,1,6.9,2,0,1,0,82.6,1
14794,20,1,6,0.72,95.5,0,7.1,0,2,2,0,57.0,1
14795,22,0,5,2.17,92.6,1,5.0,1,0,0,2,59.9,1
14796,19,2,3,1.21,65.2,1,9.5,0,0,1,1,48.2,1
14797,21,2,6,4.6,45.6,0,6.2,0,1,0,0,67.5,1
14798,24,2,4,6.08,89.9,0,7.0,0,1,2,1,83.8,1
14799,18,0,5,2.12,62.4,1,7.5,1,1,1,0,48.3,1
14800,23,1,6,6.26,46.9,0,6.1,0,2,1,2,45.2,1
14801,24,1,3,1.4,86.4,0,4.6,1,0,0,1,50.3,1
14802,21,2,3,2.85,41.5,1,4.7,2,0,0,2,57.3,1
14803,19,0,4,1.94,53.1,1,6.6,2,0,0,2,53.7,1
14804,19,2,2,3.63,79.4,1,8.3,0,3,1,0,62.5,1
14805,18,1,3,7.85,54.4,1,4.9,1,2,0,0,97.7,1
14806,19,0,4,5.89,44.0,1,9.8,1,3,2,2,75.6,1
14807,22,2,0,1.65,80.9,1,7.8,1,3,2,1,47.3,1
14808,21,1,4,7.73,58.2,1,9.2,1,3,0,2,93.3,1
14809,18,1,0,5.45,95.0,1,8.5,2,3,1,1,74.1,1
14810,21,1,1,3.63,43.8,1,6.1,0,4,0,0,51.6,1
14811,23,1,1,7.33,61.0,0,7.9,2,2,1,0,77.5,1
14812,17,0,3,6.1,93.9,1,9.9,1,1,2,2,89.9,1
14813,17,1,1,5.83,44.8,1,4.1,2,0,0,1,62.5,1
14814,24,1,0,1.61,92.6,1,9.9,2,2,1,0,51.9,1
14815,22,0,3,1.02,90.2,1,9.6,0,3,0,2,66.2,1
14816,21,1,2,6.92,47.9,0,6.0,1,0,2,2,99.3,1
14817,24,0,0,5.44,73.5,1,7.0,1,3,1,0,71.1,1
14818,21,2,0,6.54,47.1,1,6.5,2,4,1,1,64.1,1
14819,21,2,0,6.13,95.6,1,6.6,0,1,0,1,91.5,1
14820,18,2,6,7.22,99.2,1,5.2,1,1,0,2,100.0,1
14821,23,2,6,3.0,60.8,0,8.2,0,1,0,0,75.0,1
14822,23,2,0,2.8,97.6,1,5.4,2,4,0,0,59.1,1
14823,19,1,6,1.89,56.5,1,4.8,1,2,0,2,48.4,1
14824,22,2,1,0.84,76.2,1,4.1,0,0,0,2,31.3,1
14825,22,0,0,3.86,54.5,1,4.2,0,4,2,2,50.5,1
14826,17,1,6,3.99,41.3,0,8.6,2,4,1,2,45.1,-1
14827,18,0,2,0.92,61.0,1,7.5,1,0,2,0,54.8,1
14828,21,1,0,4.83,66.5,1,4.2,1,2,0,0,75.2,1
14829,21,0,5,2.91,51.6,1,9.7,1,4,1,2,57.1,1
14830,22,0,6,3.65,71.0,1,6.0,1,0,2,0,70.3,1
14831,19,1,6,4.08,95.8,1,9.5,1,4,1,2,63.1,1
14832,23,0,6,2.48,88.9,1,7.5,1,2,0,0,76.4,1
14833,20,1,6,5.48,64.8,1,8.4,2,4,2,2,63.1,1
14834,18,1,3,4.08,65.2,1,9.6,2,3,0,1,56.8,1
14835,17,1,0,3.53,92.1,1,9.5,0,1,2,2,90.0,1
14836,24,2,0,3.28,74.2,1,6.9,0,0,1,2,63.9,1
14837,22,0,2,0.19,65.1,1,4.3,2,3,0,2,25.1,1
14838,20,1,2,6.17,56.6,1,9.9,1,4,1,0,77.6,1
14839,18,2,6,7.73,96.3,0,6.3,1,2,2,2,100.0,-1
14840,17,0,1,1.05,69.3,1,6.1,0,1,1,0,43.5,1
14841,18,1,4,2.32,59.6,0,8.0,0,1,2,1,44.3,1
14842,17,0,1,6.78,94.0,1,8.5,2,0,2,2,100.0,1
14843,21,1,4,5.67,80.8,0,7.6,2,2,0,1,83.5,1
14844,18,0,3,2.5,93.1,1,8.6,2,1,1,2,58.4,1
14845,18,2,2,5.2,58.0,1,4.3,2,4,2,2,45.8,1
14846,19,1,0,7.34,98.6,1,9.1,1,2,1,2,98.0,1
14847,22,2,5,1.76,92.3,1,7.2,2,4,0,2,61.3,1
14848,20,1,5,5.44,78.2,1,5.9,1,3,0,2,86.8,1
14849,18,0,0,6.5,98.5,1,5.3,1,2,2,2,70.2,1
14850,22,2,0,0.76,66.4,1,7.6,2,1,2,2,33.1,1
14851,20,1,5,7.48,70.1,1,8.4,1,0,0,0,100.0,1
14852,18,2,0,7.67,75.8,0,8.6,2,0,2,0,76.6,1
14853,22,1,2,5.86,86.8,1,6.9,1,3,0,1,69.6,1
14854,24,0,2,4.12,82.1,1,4.9,2,1,1,0,64.0,1
14855,21,1,0,4.83,95.0,1,6.8,0,3,2,0,73.4,1
14856,18,1,1,5.19,68.2,1,6.9,0,0,0,1,76.1,1
14857,19,0,2,1.23,74.1,1,4.1,0,1,0,0,42.9,1
14858,21,0,5,2.36,64.9,1,7.2,2,4,2,2,48.5,1
14859,24,2,3,0.81,87.4,1,7.5,2,1,1,2,44.8,1
14860,24,1,4,2.96,83.1,1,8.1,0,0,0,2,81.4,1
14861,24,0,2,5.96,97.3,1,4.3,2,4,1,2,71.1,1
14862,23,1,0,7.08,98.1,1,5.3,1,1,1,2,94.8,1
14863,21,2,3,2.97,73.6,1,7.5,1,2,0,2,78.6,1
14864,22,1,4,4.93,42.3,1,8.8,1,3,0,1,81.4,1
14865,22,2,6,4.76,75.2,1,5.0,1,3,0,1,75.2,1
14866,22,1,3,3.78,78.9,1,6.3,2,1,1,2,52.9,1
14867,22,0,3,5.55,44.0,1,7.2,2,4,2,2,68.3,1
14868,18,1,6,1.21,50.8,1,7.1,1,3,0,0,36.9,1
14869,24,2,0,0.6,92.0,1,7.7,1,1,0,0,51.9,1
14870,17,1,0,2.78,65.9,1,6.9,1,4,1,1,57.8,1
14871,20,2,1,7.75,95.4,1,7.1,2,0,2,0,100.0,1
14872,20,2,5,7.62,59.4,1,5.4,1,2,0,2,81.6,1
14873,24,0,2,5.06,98.8,1,4.2,0,1,0,1,82.1,1
14874,17,0,1,4.63,80.4,1,9.0,1,0,2,0,82.8,1
14875,20,0,0,5.07,84.9,0,6.5,2,2,1,2,62.8,1
14876,19,0,3,3.44,76.0,0,5.8,1,0,0,2,76.2,1
14877,17,0,2,2.31,72.6,1,9.4,0,3,1,2,58.9,1
14878,18,1,3,0.08,83.6,1,6.2,0,0,2,0,60.1,1
14879,20,1,6,0.15,52.0,1,7.8,0,1,2,0,45.6,1
14880,24,2,2,7.78,69.2,1,4.3,1,1,0,2,92.2,1
14881,20,2,3,5.96,97.0,1,6.5,1,0,1,0,86.0,1
14882,24,1,4,5.52,93.7,1,4.7,2,1,2,2,68.6,1
14883,22,2,0,6.76,95.9,1,9.9,2,1,0,0,89.1,1
14884,23,1,4,4.86,88.1,1,8.7,2,4,2,0,56.3,1
14885,23,0,0,5.34,87.1,1,5.9,0,0,0,2,75.0,1
14886,22,0,1,6.32,95.6,1,9.5,2,0,2,0,67.3,1
14887,22,2,5,1.0,85.9,1,9.7,2,0,1,0,47.1,1
14888,18,2,6,1.5,45.4,1,6.1,2,1,0,1,26.0,1
14889,22,2,0,4.45,74.6,1,7.5,1,3,0,0,76.5,1
14890,17,2,2,0.78,42.3,1,6.5,2,3,1,1,19.599,1
14891,22,0,1,5.28,50.7,1,8.9,1,4,0,2,86.5,1
14892,22,0,6,6.66,80.7,1,4.2,1,4,2,2,85.8,1
14893,23,0,6,6.7,95.3,1,4.2,0,0,1,1,54.2,1
14894,22,0,3,2.59,40.9,1,9.8,2,4,0,0,33.2,1
14895,19,0,6,1.62,85.4,1,7.3,0,0,1,2,53.2,1
14896,19,1,1,7.67,67.4,0,6.2,2,0,1,0,75.0,1
14897,21,1,0,7.3,89.4,1,6.9,0,4,0,0,85.3,1
14898,20,0,2,2.51,78.0,0,8.8,0,3,1,1,36.6,1
14899,19,1,3,7.15,75.3,0,5.1,2,0,2,2,85.2,1
14900,20,0,4,7.05,65.6,0,6.8,0,1,1,2,69.2,1
14901,21,2,6,2.7,60.9,1,8.9,0,0,1,2,46.6,1
14902,18,1,5,2.91,70.2,1,6.6,1,2,2,2,50.9,1
14903,22,1,4,7.46,80.4,1,8.7,2,2,1,1,80.1,1
14904,19,1,4,5.93,62.7,1,7.9,0,1,2,0,93.9,1
14905,19,2,4,4.94,69.3,1,6.0,2,4,2,0,53.3,1
14906,20,2,0,7.62,75.8,1,9.6,2,1,2,0,91.3,1
14907,17,2,3,6.92,40.6,1,7.5,1,4,0,0,86.4,1
14908,21,1,1,0.6,52.8,1,7.7,0,1,2,2,29.9,1
14909,22,0,2,3.99,51.1,1,4.8,1,0,0,1,69.6,1
14910,24,1,5,7.17,92.4,1,6.4,1,1,1,0,76.4,1
14911,19,1,3,0.89,94.0,1,6.1,1,1,0,2,34.9,1
14912,21,2,6,0.58,50.8,1,4.6,1,3,1,0,30.6,1
14913,21,2,2,6.87,81.9,1,5.6,0,3,0,0,83.1,1
14914,22,2,0,6.22,65.0,1,7.5,0,2,1,0,65.1,1
14915,21,0,1,1.34,72.9,1,9.1,0,2,2,1,64.0,1
14916,23,0,5,1.45,64.6,1,9.8,0,2,0,0,58.7,1
14917,23,2,0,6.66,68.1,1,9.4,1,3,1,2,59.4,1
14918,17,0,4,1.67,81.4,1,6.2,2,0,0,0,51.0,1
14919,19,0,2,1.15,57.4,1,8.9,2,1,0,2,42.5,1
14920,22,1,3,7.26,41.3,1,9.1,2,1,0,2,78.5,1
14921,21,2,3,6.44,70.2,1,9.8,2,1,1,2,74.6,1
14922,20,2,4,3.23,45.9,1,9.3,0,2,2,2,57.3,1
14923,18,0,4,5.01,97.4,1,4.7,0,0,0,2,92.9,1
14924,21,1,2,3.44,60.5,1,9.3,0,3,0,2,45.2,1
14925,22,2,2,2.2,41.3,0,4.1,1,4,0,1,40.9,-1
14926,17,2,2,7.89,68.8,1,7.0,0,3,0,2,78.4,1
14927,21,0,1,4.37,59.3,1,8.3,1,0,0,0,94.3,1
14928,24,1,5,5.1,81.2,1,7.5,2,2,0,2,78.6,1
14929,21,2,1,3.27,82.3,1,6.5,2,2,1,0,58.6,1
14930,24,0,6,4.01,81.9,1,9.0,1,4,2,0,77.4,1
14931,19,2,2,2.3,63.5,1,7.0,1,3,2,2,50.8,1
14932,17,0,3,3.43,91.5,1,8.8,0,3,0,2,61.5,1
14933,22,0,5,5.02,42.8,1,4.4,1,3,1,0,53.5,1
14934,18,1,2,6.5,68.2,1,5.0,0,0,0,0,88.9,1
14935,17,0,3,6.42,96.8,1,7.6,1,4,1,2,100.0,1
14936,18,0,2,0.09,65.1,1,7.4,2,2,0,1,51.6,1
14937,24,1,5,4.28,98.9,0,5.1,0,0,2,2,69.1,1
14938,23,2,3,2.99,82.7,1,9.3,2,4,0,0,66.1,1
14939,19,0,6,4.86,64.5,0,4.8,1,3,0,2,77.4,1
14940,21,1,4,7.05,81.0,1,5.0,0,0,1,0,72.0,1
14941,19,2,0,6.2,96.8,0,8.6,1,0,1,0,90.7,1
14942,18,2,1,2.65,91.0,1,6.1,0,4,2,2,54.0,1
14943,24,0,1,5.91,51.7,1,6.4,0,1,2,2,52.3,1
14944,23,1,2,0.81,89.0,1,9.9,0,4,1,1,42.8,1
14945,19,1,0,1.03,53.6,1,6.7,0,1,1,1,31.0,1
14946,19,0,5,1.8,46.0,1,4.6,2,4,0,2,40.8,1
14947,23,0,0,3.2,64.2,1,9.5,1,2,2,2,62.6,1
14948,20,0,1,4.09,75.5,1,7.4,2,2,1,2,51.6,1
14949,20,2,2,3.18,58.7,1,5.5,1,2,2,2,52.9,1
14950,20,0,3,5.02,90.8,1,4.5,0,0,2,1,91.4,1
14951,20,2,1,0.99,59.6,1,6.6,1,1,0,2,55.0,1
14952,21,0,5,4.17,47.2,1,9.6,1,1,1,1,44.8,1
14953,17,2,0,2.18,69.9,1,7.0,1,1,1,2,52.0,1
14954,20,2,2,2.92,78.0,0,6.8,2,0,2,2,52.5,1
14955,20,1,1,4.07,56.6,1,6.7,1,0,1,0,49.6,1
14956,19,0,3,1.06,93.7,1,5.6,0,2,1,0,46.7,1
14957,19,2,2,3.11,43.7,1,6.6,0,3,1,0,56.4,1
14958,20,0,2,6.09,75.8,1,4.9,2,4,0,0,73.9,1
14959,19,0,6,2.22,90.5,1,9.2,0,3,0,0,59.6,1
14960,24,0,0,6.12,88.6,1,5.6,2,3,2,2,81.3,1
14961,21,0,5,1.85,79.1,0,6.0,0,0,2,2,64.3,1
14962,21,0,6,6.03,42.5,1,7.8,2,0,1,2,60.0,1
14963,19,2,2,1.56,44.8,1,6.7,1,4,1,2,48.2,1
14964,24,1,4,7.61,68.9,1,9.1,2,3,2,0,68.3,1
14965,17,2,5,1.23,96.7,0,4.2,0,4,1,2,57.0,-1
14966,21,1,2,7.91,44.7,1,5.7,0,1,0,2,83.9,1
14967,18,1,0,1.83,91.2,1,6.6,0,1,1,0,52.4,1
14968,23,0,2,5.68,88.8,1,6.9,2,1,0,2,72.9,1
14969,20,0,2,2.44,97.2,1,9.9,2,3,1,2,35.6,1
14970,19,2,0,0.66,49.1,0,5.8,1,3,2,2,27.4,1
14971,17,1,1,0.2,46.3,1,9.1,1,0,0,1,49.9,1
14972,23,1,6,1.18,62.8,1,4.9,2,2,2,0,29.6,1
14973,20,1,1,3.26,71.1,0,8.3,1,1,2,2,54.8,1
14974,19,0,5,4.64,91.5,1,8.7,1,1,2,0,82.9,1
14975,23,0,2,3.83,95.2,1,5.3,2,0,0,0,60.1,1
14976,17,1,4,5.04,59.2,1,4.7,0,3,1,2,54.3,1
14977,20,2,4,0.77,89.4,1,7.3,2,0,1,2,37.0,1
14978,18,0,1,5.41,90.2,1,8.1,1,3,2,0,70.6,1
14979,18,2,3,6.28,64.7,1,9.5,1,4,1,2,88.1,1
14980,17,2,6,1.85,67.5,0,7.7,0,4,0,2,38.9,1
14981,18,0,4,6.34,92.9,1,6.3,2,0,2,2,63.1,1
14982,24,2,5,2.0,92.6,1,9.5,0,2,0,1,86.0,1
14983,20,2,0,3.55,97.7,1,6.8,0,2,1,2,60.3,1
14984,24,2,1,6.45,76.7,1,5.0,2,1,0,0,63.9,1
14985,19,1,3,5.5,69.2,0,9.8,0,1,1,0,77.8,1
14986,23,2,0,4.03,89.6,1,6.8,2,4,1,0,50.0,1
14987,17,1,6,2.96,44.8,1,6.1,0,4,1,1,34.3,1
14988,17,1,0,4.51,92.3,1,9.1,1,2,0,1,85.3,1
14989,17,0,4,4.16,53.0,1,9.8,0,0,2,0,72.4,1
14990,24,0,4,7.77,68.2,1,5.7,0,0,2,2,93.3,1
14991,22,0,0,6.61,81.2,1,5.5,2,2,1,0,86.2,1
14992,22,1,0,0.93,41.7,1,7.7,1,3,2,1,50.3,1
14993,24,1,5,3.3,63.4,0,7.6,0,4,0,2,58.1,1
14994,19,2,1,4.7,57.6,1,8.8,1,0,0,2,94.1,1
14995,22,1,0,5.64,44.1,0,9.7,2,1,2,1,71.5,1
14996,21,2,4,1.42,50.1,1,4.1,2,2,2,2,26.7,1
14997,21,1,2,6.65,49.6,1,5.8,0,1,0,2,81.4,1
14998,22,1,4,5.04,85.1,1,4.6,0,3,0,1,99.3,1
14999,20,1,5,0.54,64.3,1,6.0,1,2,1,1,36.0,1
15000,17,1,3,0.47,42.8,1,5.5,2,3,1,1,19.599,1
15001,17,2,4,5.49,53.4,1,8.3,0,4,0,2,43.4,1
15002,21,0,3,6.04,83.4,1,8.9,1,0,2,2,97.7,1
15003,21,2,4,2.48,53.4,1,8.1,1,4,0,2,61.7,1
15004,22,2,2,1.3,66.3,1,7.9,0,4,2,0,45.5,1
15005,21,1,4,1.76,79.5,1,8.7,0,1,1,0,54.0,1
15006,18,1,3,3.14,97.7,1,6.8,0,4,2,1,72.6,1
15007,19,2,2,5.06,43.6,1,4.9,2,4,2,2,40.3,1
15008,20,0,5,1.5,53.3,1,6.6,2,2,0,1,32.4,1
15009,24,0,1,6.33,53.3,1,5.9,0,2,1,2,73.4,1
15010,21,0,4,1.99,93.0,1,4.4,2,1,2,2,53.7,1
15011,22,2,5,6.48,73.1,0,8.4,0,0,0,2,86.1,1
15012,22,0,6,7.39,85.1,1,7.4,1,1,1,2,91.4,1
15013,19,1,4,1.31,67.6,1,7.5,2,1,2,2,37.6,1
15014,24,0,5,7.34,68.4,0,6.6,0,4,0,2,91.3,1
15015,22,1,4,5.64,98.4,1,7.8,1,2,1,0,92.7,1
15016,23,1,5,7.1,49.9,1,7.7,2,1,0,0,76.5,1
15017,22,1,6,2.77,63.8,1,5.7,2,4,2,2,36.7,1
15018,21,2,3,6.91,99.2,1,4.8,0,2,1,2,73.9,1
15019,17,2,0,3.81,55.6,1,6.7,2,1,1,1,52.4,1
15020,21,1,1,1.52,46.7,1,8.3,2,4,1,2,55.6,1
15021,18,2,6,7.91,57.8,1,7.7,1,1,0,0,92.2,1
15022,21,2,6,7.58,90.2,1,8.0,1,3,1,2,79.5,1
15023,22,0,4,1.0,99.4,0,7.1,2,2,2,1,69.1,1
15024,21,1,4,3.65,77.4,1,6.2,0,1,2,2,75.5,1
15025,19,0,1,7.89,99.4,1,4.8,1,1,1,2,100.0,1
15026,17,0,6,4.39,50.7,1,9.1,2,1,0,2,55.8,1
15027,22,0,2,3.98,77.7,1,4.7,0,3,2,2,55.4,1
15028,22,0,4,1.56,75.6,1,5.7,0,3,2,0,40.4,1
15029,20,1,1,3.36,47.9,1,4.5,0,2,0,1,47.9,1
15030,22,0,3,3.99,77.0,0,7.5,1,2,1,2,70.0,1
15031,23,2,2,5.71,72.2,1,9.9,0,3,0,2,77.5,1
15032,21,1,2,3.6,85.4,1,5.4,0,3,0,1,65.3,1
15033,17,0,0,5.08,89.8,1,7.1,2,2,1,2,72.4,1
15034,23,0,0,0.81,53.4,1,9.6,0,2,0,0,43.9,1
15035,20,0,6,6.11,46.6,1,7.7,2,0,2,0,56.0,1
15036,22,1,4,0.08,95.5,1,4.5,1,2,0,2,43.9,1
15037,24,1,2,5.14,84.4,1,9.5,2,3,1,2,66.0,1
15038,19,0,6,6.61,61.7,1,6.2,0,2,0,2,81.0,1
15039,21,2,4,6.13,72.2,0,9.8,0,2,2,1,66.6,1
15040,17,2,5,1.18,89.3,1,4.9,0,1,2,1,45.5,1
15041,24,2,6,6.75,49.8,1,9.5,1,2,1,2,82.9,1
15042,17,0,3,0.63,40.6,1,9.6,1,4,1,1,41.6,1
15043,21,1,1,0.53,72.8,1,8.3,1,4,0,2,54.5,1
15044,19,0,3,6.58,45.6,1,8.3,2,3,2,0,73.1,1
15045,17,2,4,1.46,97.7,0,9.6,0,2,0,2,72.6,-1
15046,20,0,2,3.58,52.2,1,6.4,1,3,0,1,42.6,1
15047,24,0,6,7.49,84.2,1,9.1,0,4,1,2,81.8,1
15048,18,0,0,1.67,82.7,1,8.0,1,4,1,0,58.4,1
15049,19,2,4,6.24,50.0,1,6.0,0,0,2,1,64.0,1
15050,18,2,6,4.68,41.5,1,4.1,2,3,2,0,51.5,1
15051,17,2,6,3.25,53.8,1,8.5,2,0,2,2,39.3,1
15052,18,0,5,3.67,72.5,1,6.9,1,4,0,0,80.4,1
15053,21,2,0,3.28,47.6,1,8.8,2,3,2,0,46.9,1
15054,23,2,3,6.62,96.4,1,6.7,2,3,1,1,63.7,1
15055,22,2,3,6.51,87.0,0,4.6,0,2,2,0,71.7,1
15056,23,2,6,2.99,53.5,1,7.4,2,1,2,1,47.6,1
15057,22,1,2,5.58,46.8,1,7.8,2,2,0,2,61.7,1
15058,20,0,2,4.25,44.1,1,6.7,1,2,0,0,83.0,1
15059,24,1,2,5.99,89.2,0,5.0,2,2,1,2,67.2,1
15060,18,0,6,0.4,92.9,1,4.6,2,1,2,2,41.0,1
15061,22,2,3,2.69,71.6,0,5.7,1,3,2,2,71.7,1
15062,17,2,4,2.69,73.9,0,8.1,2,0,1,1,59.4,1
15063,23,1,2,4.77,65.3,1,6.9,0,3,0,0,62.3,1
15064,17,2,2,1.66,87.9,0,7.1,1,4,2,2,51.6,1
15065,18,1,4,4.25,92.4,1,6.5,1,0,0,2,97.4,1
15066,20,1,4,7.84,58.8,1,8.4,1,3,2,2,100.0,1
15067,22,0,0,0.35,94.0,1,9.4,1,3,0,2,52.1,1
15068,17,1,2,4.03,54.5,0,7.2,1,2,0,2,61.6,1
15069,19,2,3,1.11,53.2,1,9.7,1,1,1,0,37.4,1
15070,19,1,4,4.66,91.1,1,5.5,2,2,2,1,70.8,1
15071,22,1,1,1.93,71.2,0,8.2,1,0,2,1,82.1,1
15072,24,2,0,7.22,43.1,0,9.6,1,1,0,2,92.8,-1
15073,21,1,5,2.54,46.1,1,9.8,1,0,2,2,62.9,1
15074,21,2,1,7.67,57.3,1,4.5,2,3,2,0,71.3,1
15075,19,2,2,0.08,50.7,1,7.5,1,1,1,1,37.8,1
15076,23,1,4,6.66,99.4,1,4.6,1,3,1,1,67.2,1
15077,17,0,2,2.09,83.0,0,5.8,2,1,0,0,54.5,1
15078,18,0,3,1.61,66.3,1,7.8,1,0,2,2,83.9,1
15079,18,1,3,7.07,88.4,0,9.9,0,3,2,2,82.6,1
15080,19,2,2,2.43,57.6,1,9.3,2,0,0,2,34.2,1
15081,20,2,4,4.67,41.7,1,6.4,0,4,1,2,64.7,1
15082,24,2,5,5.89,61.9,0,6.0,0,1,1,0,59.0,1
15083,22,1,6,3.35,61.5,1,7.6,2,1,2,2,51.6,1
15084,20,1,1,0.81,48.4,1,4.1,2,3,1,2,28.1,1
15085,18,2,0,7.38,77.8,1,8.1,1,4,1,2,93.7,1
15086,22,1,4,5.18,63.2,1,4.5,2,4,2,0,71.2,1
15087,19,0,4,7.14,57.9,1,4.2,2,1,1,1,68.3,1
15088,24,0,4,6.14,76.3,1,5.5,1,3,1,0,78.0,1
15089,20,1,0,6.19,83.4,0,5.5,2,4,0,1,84.3,1
15090,21,0,2,4.72,99.4,1,8.5,2,2,2,0,61.4,1
15091,24,1,2,0.08,93.1,1,8.2,0,0,0,0,76.1,1
15092,19,1,6,7.06,40.9,0,4.4,0,2,1,2,30.2,-1
15093,20,0,0,6.65,49.1,0,6.4,0,0,1,0,73.6,1
15094,21,1,3,5.82,72.7,1,8.0,2,2,2,2,75.0,1
15095,19,1,4,7.03,67.8,0,4.9,0,3,0,0,84.8,1
15096,17,2,1,1.47,92.4,1,7.5,0,2,0,1,34.6,1
15097,19,0,0,2.25,88.9,1,6.7,1,4,0,2,50.5,1
15098,17,0,3,1.26,71.7,1,7.3,1,1,0,0,61.3,1
15099,22,1,2,5.17,96.9,1,9.7,1,0,2,2,100.0,1
15100,17,1,4,3.51,61.6,1,7.5,2,0,1,1,50.6,1
15101,19,0,1,0.82,79.1,1,9.6,0,2,0,2,51.1,1
15102,24,0,2,4.61,81.8,1,4.4,2,1,2,2,55.9,1
15103,21,0,4,2.71,70.5,1,9.1,1,0,2,2,80.5,1
15104,22,1,0,3.92,52.9,1,5.7,2,0,1,1,67.3,1
15105,22,2,5,2.09,49.3,1,6.0,1,2,1,0,44.7,1
15106,19,0,3,1.29,49.7,1,4.9,0,2,2,2,40.7,1
15107,22,2,2,3.61,63.3,1,6.2,2,0,2,2,52.9,1
15108,18,0,4,1.81,80.3,1,7.2,1,0,0,0,68.5,1
15109,22,0,2,3.24,58.6,1,8.0,1,2,2,0,66.3,1
15110,22,1,0,3.06,91.6,1,6.7,2,0,2,0,74.7,1
15111,24,2,4,7.52,75.8,1,9.8,0,4,1,2,74.6,1
15112,24,1,0,1.49,67.2,1,7.7,2,2,0,2,56.1,1
15113,17,2,0,2.29,59.3,1,5.6,0,1,1,2,30.8,1
15114,19,2,1,6.33,46.8,1,7.9,2,0,1,0,43.9,1
15115,21,0,3,2.37,73.0,1,8.4,2,1,0,2,63.7,1
15116,19,2,0,3.84,62.7,1,4.2,2,4,1,0,46.2,1
15117,21,2,6,6.1,97.8,1,8.5,0,4,2,2,100.0,1
15118,23,1,4,0.08,84.5,1,4.3,2,2,0,1,29.6,1
15119,19,1,6,7.65,48.1,1,7.0,2,4,1,2,73.6,1
15120,24,0,0,3.7,73.4,1,4.1,0,0,1,2,56.5,1
15121,24,2,6,6.08,92.4,1,4.9,1,4,2,1,93.2,1
15122,24,1,1,7.37,96.4,1,7.6,2,3,0,2,91.3,1
15123,17,2,0,7.01,95.9,1,6.3,2,4,0,2,81.3,1
15124,19,2,0,1.76,89.0,1,5.4,2,3,0,1,41.3,1
15125,17,1,4,4.44,56.6,1,5.3,0,3,1,0,55.8,1
15126,17,2,4,3.29,77.9,1,9.3,0,1,2,1,63.6,1
15127,17,0,2,4.26,82.6,0,7.5,2,3,2,2,56.7,1
15128,20,0,3,6.24,90.0,1,8.9,2,2,2,2,93.3,1
15129,17,1,6,2.84,93.2,1,7.7,2,4,0,0,66.9,1
15130,19,0,0,3.82,71.9,1,4.6,1,3,2,0,42.4,1
15131,24,0,4,4.86,59.4,0,7.7,1,2,2,2,65.0,1
15132,24,0,4,2.16,71.6,1,5.8,0,4,1,1,48.2,1
15133,24,2,6,4.85,95.3,1,8.0,0,1,1,2,66.3,1
15134,17,1,4,1.19,71.6,0,7.1,0,4,0,2,35.9,1
15135,22,1,3,4.97,48.4,1,9.8,1,4,1,2,49.1,1
15136,22,0,2,1.15,66.1,1,7.0,1,4,2,1,33.9,1
15137,18,2,5,6.21,85.7,1,9.1,0,2,1,2,87.1,1
15138,24,1,0,1.55,98.4,1,4.5,2,0,0,0,56.3,1
15139,20,2,6,5.17,65.4,1,4.8,0,0,1,2,50.4,1
15140,24,2,1,4.65,87.8,0,4.9,0,4,1,1,53.6,1
15141,17,2,3,3.4,56.4,1,9.3,1,3,2,2,55.3,1
15142,22,0,5,5.16,61.8,1,5.1,0,0,1,0,70.4,1
15143,18,1,1,6.77,57.9,1,9.6,1,1,2,2,70.4,1
15144,24,1,1,0.96,80.7,1,8.6,2,1,0,1,29.0,1
15145,21,0,5,5.41,95.0,1,6.1,0,0,2,1,86.5,1
15146,17,0,0,3.28,89.1,1,8.5,0,4,0,2,70.6,1
15147,18,2,6,5.39,75.6,1,6.9,0,3,0,1,87.4,1
15148,19,2,3,7.0,72.1,1,6.5,1,0,0,1,100.0,1
15149,17,2,5,5.22,91.0,1,9.3,0,4,0,1,73.5,1
15150,17,0,3,1.28,96.3,1,4.8,1,1,1,2,58.3,1
15151,24,1,2,3.33,86.8,1,4.9,0,4,2,1,64.5,1
15152,24,0,5,4.4,79.4,1,5.4,0,0,0,2,66.8,1
15153,21,2,0,1.02,87.8,1,8.0,1,0,2,0,65.2,1
15154,24,2,0,5.15,69.2,1,6.1,2,0,1,2,62.1,1
15155,22,2,5,5.71,65.5,1,8.7,2,2,2,2,69.4,1
15156,17,1,1,6.1,97.8,1,5.1,0,0,1,0,80.6,1
15157,22,0,0,0.96,73.1,1,8.2,1,2,0,1,72.0,1
15158,17,0,4,5.64,74.5,1,9.9,2,1,2,2,81.9,1
15159,23,1,4,2.93,47.0,1,9.7,0,4,2,1,58.8,1
15160,19,0,5,1.69,70.9,1,8.7,0,1,1,1,59.6,1
15161,18,1,2,4.19,62.7,1,6.6,0,4,1,2,46.4,1
15162,19,1,6,4.58,56.8,1,4.3,1,4,2,1,56.6,1
15163,22,1,4,3.65,97.9,1,8.0,1,0,0,0,92.5,1
15164,23,2,4,6.73,95.8,1,4.1,1,0,1,2,81.6,1
15165,21,2,6,1.25,98.7,1,8.7,2,3,0,2,67.3,1
15166,18,0,3,3.26,61.0,1,5.8,0,1,1,2,41.6,1
15167,24,1,2,2.14,79.0,1,9.2,1,4,2,1,39.4,1
15168,23,0,2,0.39,58.5,1,5.8,1,0,1,2,38.0,1
15169,20,0,6,2.71,66.7,1,7.6,0,1,2,0,48.7,1
15170,21,1,6,5.74,56.0,1,4.1,2,3,1,0,56.1,1
15171,24,0,2,4.19,75.1,1,9.3,2,0,2,0,45.4,1
15172,20,2,4,3.35,57.3,1,8.9,1,3,2,2,61.4,1
15173,17,2,4,3.8,57.6,1,7.4,1,0,1,0,67.1,1
15174,18,2,1,2.5,65.3,1,4.6,1,2,0,1,74.5,1
15175,21,2,5,0.98,41.4,1,8.1,1,1,2,0,35.2,1
15176,24,1,3,4.72,93.9,1,8.9,1,3,2,2,83.2,1
15177,22,0,1,6.52,53.3,1,9.2,1,0,0,0,88.0,1
15178,21,0,3,6.31,77.8,1,7.8,0,4,1,2,72.7,1
15179,19,1,6,1.87,44.1,1,5.4,1,4,2,2,33.2,1
15180,20,1,1,3.47,62.9,1,9.8,0,4,0,0,85.3,1
15181,17,0,4,4.42,42.6,0,7.3,0,2,0,1,58.0,1
15182,19,2,5,6.42,99.4,1,4.5,1,4,0,2,88.9,1
15183,21,1,4,1.57,92.1,1,9.7,1,4,2,1,71.8,1
15184,24,0,4,1.06,91.1,1,9.5,0,4,0,2,50.0,1
15185,24,1,5,7.45,52.4,1,5.5,2,2,2,2,87.9,1
15186,23,1,1,1.17,74.1,0,4.1,2,3,0,0,42.9,1
15187,17,0,2,7.91,92.1,1,5.2,1,2,0,0,100.0,1
15188,23,0,6,4.79,62.7,0,7.3,1,0,2,0,78.1,1
15189,18,2,0,3.99,42.1,0,4.1,1,4,2,1,51.7,-1
15190,21,2,6,1.51,65.2,1,9.8,2,0,2,0,49.7,1
15191,24,1,1,6.88,93.5,0,5.0,2,1,2,2,88.0,1
15192,24,0,1,1.38,46.7,1,9.6,2,0,0,2,32.5,1
15193,22,2,2,3.21,45.2,1,8.5,1,2,0,0,71.4,1
15194,19,1,3,0.38,75.9,0,9.9,2,4,2,0,43.5,1
15195,21,2,6,0.18,53.6,1,4.4,1,0,0,1,67.4,1
15196,22,2,6,5.84,63.3,1,4.6,2,1,0,0,75.2,1
15197,21,1,0,1.66,64.0,1,9.7,1,3,2,2,42.7,1
15198,20,1,0,4.81,82.0,1,4.2,0,2,0,2,76.5,1
15199,20,2,4,5.79,41.7,1,5.3,0,3,0,2,80.0,1
15200,21,0,6,3.93,79.5,1,5.2,1,4,1,1,59.5,1
15201,17,2,4,5.25,69.4,0,7.2,2,0,1,0,61.4,1
15202,24,0,1,1.93,70.8,1,9.0,1,4,2,2,65.8,1
15203,17,0,0,6.54,82.4,1,8.3,0,3,1,2,78.0,1
15204,24,1,5,1.65,78.5,1,5.7,0,2,0,1,49.7,1
15205,17,1,2,4.72,80.6,1,7.1,0,1,1,2,51.7,1
15206,21,1,4,6.69,57.9,1,8.7,1,2,0,0,93.4,1
15207,20,1,5,6.35,91.2,1,4.8,0,0,0,2,76.8,1
15208,21,1,0,0.41,76.9,1,5.2,2,4,2,0,41.8,1
15209,20,2,3,2.94,67.6,1,5.7,1,3,1,0,56.2,1
15210,24,1,5,6.82,70.1,1,7.1,2,3,2,0,62.3,1
15211,17,0,4,6.81,54.7,1,9.9,2,4,2,1,82.3,1
15212,24,0,2,5.09,87.3,1,9.8,1,0,1,2,85.5,1
15213,22,1,4,0.87,56.7,1,9.0,1,0,1,2,42.6,1
15214,23,2,1,3.23,74.8,1,5.4,1,1,2,0,47.9,1
15215,18,0,5,7.69,96.0,1,9.9,1,4,2,1,89.8,1
15216,17,1,1,0.85,73.1,1,8.3,2,4,1,0,37.4,1
15217,20,1,6,6.41,42.3,1,9.9,2,2,1,1,62.3,1
15218,19,2,2,3.34,98.1,1,9.8,1,1,2,2,75.2,1
15219,23,0,6,5.96,73.9,0,6.1,2,4,2,0,63.0,1
15220,24,0,2,0.43,50.9,1,4.2,1,3,2,0,53.8,1
15221,20,0,4,0.08,69.8,1,7.8,0,3,1,2,46.2,1
15222,23,1,0,2.41,62.1,1,9.7,2,2,1,0,65.5,1
15223,17,1,1,6.96,65.2,1,4.2,2,2,2,0,66.7,1
15224,22,0,1,5.44,69.0,1,7.4,0,3,2,0,77.8,1
15225,17,0,2,4.89,89.6,1,5.0,0,2,0,0,71.3,1
15226,22,1,2,7.91,54.4,1,6.4,2,4,0,0,52.6,1
15227,20,0,0,2.78,79.6,1,8.2,0,1,2,0,48.3,1
15228,20,0,1,6.8,83.1,0,4.4,2,1,2,2,89.8,1
15229,19,1,6,0.88,98.8,1,9.8,1,0,2,0,73.8,1
15230,20,0,5,1.37,58.8,1,4.7,1,4,1,0,49.8,1
15231,23,1,3,3.82,52.0,1,6.2,0,3,2,2,39.7,1
15232,23,0,2,7.68,96.1,1,6.6,0,4,1,1,85.9,1
15233,19,1,6,5.63,97.1,1,5.1,2,4,2,2,69.2,1
15234,19,2,5,0.9,86.7,1,5.0,2,4,0,2,22.2,1
15235,21,0,1,7.64,63.2,1,4.7,0,1,0,2,95.9,1
15236,22,1,2,6.13,98.3,1,8.4,2,0,2,2,96.4,1
15237,18,2,4,5.89,75.0,1,4.7,1,2,0,2,77.8,1
15238,22,2,2,4.41,53.1,1,8.4,0,1,1,0,69.9,1
15239,24,1,4,3.15,89.5,1,6.0,1,3,2,0,50.8,1
15240,23,1,3,0.88,68.9,1,9.7,0,1,1,1,43.2,1
15241,21,1,6,4.96,43.5,1,8.1,1,1,1,0,59.1,1
15242,19,1,0,1.02,86.7,1,5.9,1,1,0,0,52.8,1
15243,19,2,3,4.72,89.0,1,7.8,2,1,2,0,81.4,1
15244,22,1,3,4.32,91.3,1,4.8,1,0,1,0,76.8,1
15245,20,0,6,4.77,49.8,1,5.5,2,3,0,1,43.8,1
15246,17,2,4,6.61,60.2,1,5.2,1,2,2,2,82.0,1
15247,22,0,4,3.29,87.5,1,7.8,2,2,0,0,59.8,1
15248,18,2,0,3.49,85.7,1,4.4,1,0,2,2,70.1,1
15249,24,1,3,0.48,93.1,1,7.0,0,0,1,0,60.6,1
15250,20,2,1,2.3,72.9,1,7.6,1,1,1,0,46.2,1
15251,19,1,0,0.65,58.6,1,8.9,0,3,0,0,46.0,1
15252,17,2,5,1.13,64.6,1,4.5,0,4,1,2,27.4,1
15253,18,0,2,3.41,57.6,1,9.8,2,4,2,1,52.8,1
15254,24,0,1,3.26,78.5,1,7.6,0,2,2,0,68.7,1
15255,21,2,4,7.49,69.7,0,5.5,1,3,1,2,99.9,1
15256,24,2,5,0.95,74.0,1,4.5,1,4,2,2,51.3,1
15257,24,1,6,1.19,80.3,1,7.9,0,1,2,0,63.9,1
15258,17,2,4,6.01,54.4,1,7.9,2,4,0,0,65.1,1
15259,20,1,4,0.18,93.7,1,4.8,1,1,1,1,36.2,1
15260,23,2,0,5.21,42.8,1,5.9,1,2,1,1,53.8,1
15261,20,2,0,5.98,54.7,1,4.6,1,0,0,1,87.5,1
15262,21,0,0,5.03,47.5,1,9.2,0,0,2,2,91.4,1
15263,21,2,2,2.3,64.7,0,5.5,0,0,2,0,54.8,1
15264,22,2,0,0.83,96.7,1,6.7,1,1,1,0,68.4,1
15265,24,0,1,7.91,89.6,1,7.9,0,3,1,2,73.1,1
15266,24,1,4,6.87,69.6,1,5.2,0,1,0,1,84.0,1
15267,22,0,5,5.85,64.1,1,8.1,1,3,1,0,70.6,1
15268,21,2,6,1.5,42.4,1,7.2,0,1,2,2,33.7,1
15269,19,1,6,3.45,69.4,1,8.1,0,3,1,2,53.7,1
15270,17,2,0,5.68,55.3,0,8.4,1,1,2,2,67.9,1
15271,22,1,6,0.81,40.6,1,5.4,1,2,2,2,39.2,1
15272,17,0,6,7.66,90.7,0,4.1,2,1,2,0,83.2,-1
15273,22,0,3,7.64,83.3,1,5.0,0,1,0,1,95.7,1
15274,20,1,1,1.2,96.4,1,7.4,2,0,0,0,61.6,1
15275,23,0,5,1.58,68.1,1,7.2,0,3,2,2,46.2,1
15276,24,1,2,2.91,69.8,1,9.0,0,1,1,0,55.4,1
15277,21,0,0,3.61,73.7,1,4.8,0,1,0,2,57.6,1
15278,21,2,3,3.53,92.9,1,4.5,2,1,1,1,47.1,1
15279,20,1,6,5.51,52.4,1,7.6,1,2,2,0,72.6,1
15280,19,2,6,3.76,44.1,1,7.7,0,1,1,2,33.5,1
15281,17,2,5,1.47,79.8,1,8.7,0,1,0,0,49.0,1
15282,17,2,3,2.09,70.6,1,5.8,2,1,2,1,27.9,1
15283,22,1,2,3.29,75.6,1,4.1,1,3,1,1,48.6,1
15284,24,2,5,4.15,93.2,1,9.5,0,3,1,0,70.7,1
15285,17,1,5,7.38,94.4,1,6.1,0,1,1,2,73.4,1
15286,19,0,3,0.77,62.7,1,7.1,0,2,1,0,35.9,1
15287,21,1,3,6.43,81.3,1,5.1,2,4,0,2,76.9,1
15288,22,2,5,2.49,69.5,1,5.3,2,2,2,2,49.5,1
15289,22,2,2,5.82,73.4,1,9.9,1,2,2,2,88.8,1
15290,22,1,5,2.07,88.8,1,4.8,0,0,0,2,51.7,1
15291,17,0,3,3.08,56.8,1,9.0,2,2,0,0,59.9,1
15292,19,1,4,3.55,45.5,1,8.2,2,1,0,2,49.2,1
15293,20,0,1,6.01,80.9,1,8.7,1,2,2,1,100.0,1
15294,17,0,4,1.33,58.3,1,4.9,1,0,0,0,55.0,1
15295,19,2,1,2.77,57.9,1,7.5,2,2,0,2,58.8,1
15296,20,1,3,4.23,47.5,1,4.1,0,0,2,0,55.8,1
15297,24,1,3,5.26,97.1,1,7.9,0,3,1,0,71.3,1
15298,19,0,6,0.61,90.1,1,5.3,2,3,0,0,35.6,1
15299,24,2,4,0.76,83.9,1,4.2,1,0,1,0,21.1,1
15300,22,2,3,5.75,72.6,1,9.9,2,0,2,2,70.0,1
15301,22,1,0,2.93,41.8,1,4.4,0,0,1,1,55.5,1
15302,23,1,0,1.32,98.3,1,5.7,1,3,1,1,52.3,1
15303,23,2,4,2.11,51.8,1,6.3,0,3,0,0,54.7,1
15304,18,2,6,4.79,82.9,1,6.8,2,3,1,1,74.0,1
15305,20,0,4,7.63,72.8,1,6.2,0,3,0,0,79.0,1
15306,21,1,4,5.86,56.9,1,8.6,1,2,1,0,82.8,1
15307,24,1,0,6.38,67.4,1,5.5,2,1,0,2,56.3,1
15308,17,2,3,4.87,74.6,1,5.0,0,3,0,1,58.1,1
15309,20,1,4,2.97,82.1,1,7.3,2,4,0,1,57.1,1
15310,18,1,4,7.7,84.7,1,6.8,0,2,0,2,97.4,1
15311,18,0,0,0.65,42.1,1,5.9,1,1,0,2,41.3,1
15312,23,2,0,6.47,92.3,1,5.3,1,3,1,2,99.5,1
15313,18,2,0,2.07,83.2,1,8.0,0,4,0,2,72.8,1
15314,23,0,0,4.86,86.9,1,9.7,2,2,0,2,81.4,1
15315,24,0,0,7.86,60.8,1,4.5,2,2,2,0,75.0,1
15316,23,0,1,6.74,81.6,1,5.2,2,0,1,1,91.3,1
15317,18,1,3,6.8,76.7,1,9.3,1,4,1,2,77.3,1
15318,18,1,5,6.58,60.3,1,5.3,1,3,1,2,74.9,1
15319,20,1,2,3.63,50.1,1,6.1,1,1,0,2,44.1,1
15320,21,1,4,3.14,75.0,1,7.5,1,2,2,0,68.5,1
15321,23,2,5,4.15,86.2,1,4.1,0,2,2,0,89.6,1
15322,20,0,5,2.28,60.7,0,4.2,0,4,1,2,49.3,1
15323,18,0,5,3.83,92.1,1,5.2,1,3,2,2,72.1,1
15324,24,1,0,1.01,92.1,1,8.9,2,0,0,1,68.6,1
15325,24,0,2,7.14,85.7,1,4.3,1,4,0,1,72.0,1
15326,22,1,6,5.89,47.7,1,8.0,1,4,1,2,72.1,1
15327,22,2,4,0.5,70.8,1,6.4,0,3,2,0,40.1,1
15328,24,2,0,5.28,98.9,1,5.1,1,0,2,2,100.0,1
15329,20,1,5,6.07,55.6,1,5.4,0,2,1,2,70.0,1
15330,18,1,0,6.89,42.2,1,6.1,1,4,0,0,63.0,1
15331,21,2,5,2.63,71.1,1,7.5,1,0,1,0,79.4,1
15332,20,1,6,5.05,56.0,1,8.7,0,3,2,2,62.2,1
15333,23,1,5,2.21,84.4,1,7.3,2,0,0,2,81.5,1
15334,23,0,4,6.79,96.5,1,6.0,0,1,0,1,88.1,1
15335,20,2,1,7.0,65.9,1,5.9,1,1,1,2,67.7,1
15336,19,0,6,0.61,87.9,1,8.6,2,4,1,0,27.0,1
15337,20,1,0,2.28,82.9,1,4.2,1,2,0,2,48.2,1
15338,22,0,4,0.82,80.3,1,5.2,2,3,1,0,40.7,1
15339,22,0,4,3.19,41.9,1,7.5,1,1,2,1,47.6,1
15340,21,0,1,0.08,83.5,1,7.7,0,1,1,2,46.9,1
15341,21,0,4,6.26,86.7,1,8.0,0,3,0,1,76.5,1
15342,24,0,0,3.45,44.5,1,5.0,0,0,0,0,63.1,1
15343,19,0,0,4.27,94.5,1,9.9,2,2,1,0,67.7,1
15344,18,0,6,5.94,67.8,1,9.4,2,1,1,2,66.1,1
15345,23,0,5,5.7,86.3,1,7.9,0,1,0,0,88.6,1
15346,24,0,3,2.52,81.9,0,5.7,2,0,0,0,72.5,1
15347,21,2,2,6.26,88.0,1,8.8,2,4,1,2,78.1,1
15348,20,1,4,5.13,41.3,1,7.2,0,1,1,2,69.5,1
15349,19,2,5,1.75,78.6,1,8.6,0,3,2,2,35.7,1
15350,20,2,1,0.23,59.1,1,6.2,0,2,2,1,26.7,1
15351,17,0,5,6.05,62.5,1,7.3,0,1,1,1,61.7,1
15352,21,1,0,1.33,48.1,0,4.5,2,3,1,0,29.6,1
15353,19,0,5,0.9,74.3,1,7.3,2,2,1,0,23.3,1
15354,19,2,5,3.36,83.3,1,4.2,1,1,2,1,52.0,1
15355,21,1,4,7.37,54.6,1,5.5,2,4,1,2,66.2,1
15356,24,0,6,5.75,49.4,1,9.1,2,3,0,2,60.5,1
15357,18,2,2,6.38,97.1,1,8.9,0,2,0,2,76.6,1
15358,24,0,0,2.16,54.5,1,6.5,0,4,2,2,45.8,1
15359,21,1,2,6.68,59.7,1,6.5,0,4,1,0,64.3,1
15360,24,0,1,3.32,92.9,1,5.0,1,1,0,0,57.9,1
15361,20,1,0,7.84,65.1,1,9.0,2,1,0,0,85.7,1
15362,24,2,2,4.56,59.9,1,5.2,2,1,1,1,19.7,1
15363,22,0,0,4.85,44.2,0,4.4,1,0,1,1,53.3,1
15364,22,0,2,7.32,87.3,1,7.9,2,0,2,2,100.0,1
15365,21,2,2,7.59,84.2,1,9.4,2,0,1,2,99.2,1
15366,20,0,5,0.14,56.4,0,9.3,1,0,1,2,44.6,1
15367,21,1,5,1.86,76.6,1,9.5,2,0,1,2,58.0,1
15368,23,2,3,4.91,43.5,1,5.0,1,4,1,2,39.8,1
15369,23,0,3,0.08,53.9,1,9.7,1,2,2,2,59.3,1
15370,17,0,0,2.54,88.7,1,4.5,0,2,2,2,59.4,1
15371,22,1,3,1.57,96.9,1,8.7,0,4,1,2,52.7,1
15372,23,0,5,4.19,86.3,1,8.0,1,3,1,2,70.5,1
15373,22,0,3,4.78,83.2,1,6.2,1,3,0,2,77.4,1
15374,20,1,5,1.51,80.0,1,8.5,1,2,2,1,59.4,1
15375,19,0,3,4.29,44.4,1,5.9,2,3,1,2,56.2,1
15376,22,1,0,3.17,73.3,1,4.1,2,3,1,2,47.0,1
15377,22,0,6,7.91,80.4,1,5.7,2,2,1,0,74.7,1
15378,19,2,6,0.52,85.8,1,9.0,1,1,2,2,51.8,1
15379,20,2,1,6.73,82.7,1,5.8,0,2,1,2,91.2,1
15380,19,1,3,7.91,59.8,0,6.0,1,4,2,2,96.5,-1
15381,17,1,5,4.33,74.8,1,6.7,0,2,2,0,54.3,1
15382,17,1,1,5.44,88.5,1,7.0,1,0,1,1,87.0,1
15383,17,0,5,1.02,69.7,1,4.6,2,3,1,0,19.599,1
15384,20,1,6,2.81,64.7,1,9.1,1,4,2,1,60.7,1
15385,21,1,1,1.45,45.4,1,5.1,0,1,1,0,23.6,1
15386,20,2,1,4.67,72.8,1,5.9,2,2,0,0,52.6,1
15387,24,2,6,7.54,82.5,1,6.5,0,1,0,2,100.0,1
15388,18,0,6,0.24,61.2,1,5.0,2,2,2,0,41.7,1
15389,20,2,6,3.96,85.2,1,8.8,0,3,0,0,64.0,1
15390,18,0,4,5.79,99.4,1,7.1,2,4,1,0,75.7,1
15391,19,0,2,3.44,52.5,1,7.7,2,2,1,0,45.1,1
15392,21,2,6,4.31,77.3,1,6.3,0,2,1,2,61.5,1
15393,19,1,1,3.62,60.1,1,8.8,1,3,1,1,66.4,1
15394,19,0,1,4.78,54.6,0,6.7,1,3,0,0,71.5,1
15395,22,1,5,0.55,73.5,0,9.8,1,0,1,0,54.7,1
15396,23,2,0,4.37,63.0,1,9.4,0,4,1,0,82.1,1
15397,18,2,6,4.09,77.2,1,7.2,1,2,2,2,72.0,1
15398,17,2,6,1.45,79.8,1,8.9,2,3,1,1,40.6,1
15399,18,0,5,4.28,64.7,0,4.3,0,0,2,1,46.1,1
15400,21,0,5,3.71,40.8,1,8.9,1,1,1,2,76.0,1
15401,24,1,3,4.75,94.8,1,4.4,2,0,2,0,61.3,1
15402,18,2,6,4.51,97.7,1,6.0,1,4,1,1,84.4,1
15403,17,2,6,3.24,56.5,1,6.3,2,0,1,1,39.6,1
15404,21,2,1,6.25,91.7,1,4.2,2,1,0,2,76.1,1
15405,24,0,0,2.86,94.8,1,6.5,1,4,1,2,67.6,1
15406,21,1,4,3.8,53.2,1,6.8,0,1,0,2,81.6,1
15407,24,0,6,3.41,69.1,1,8.6,1,3,0,2,59.0,1
15408,22,1,0,3.89,44.8,1,5.3,0,2,0,1,71.0,1
15409,17,1,1,6.4,66.6,0,5.0,1,0,2,1,77.4,1
15410,20,2,0,5.68,58.4,0,8.7,2,4,2,1,66.1,1
15411,23,2,5,0.34,49.8,1,4.4,0,1,0,1,21.2,1
15412,21,0,3,3.96,73.4,1,7.7,0,2,1,0,64.0,1
15413,18,0,1,1.0,47.7,1,6.7,1,2,2,2,48.7,1
15414,18,0,5,5.83,61.2,0,7.6,2,4,1,0,67.6,1
15415,22,1,4,7.89,91.8,1,9.1,1,1,0,2,100.0,1
15416,20,1,3,4.95,80.8,1,8.5,1,1,1,0,73.2,1
15417,21,1,4,3.04,88.3,0,5.5,2,3,0,2,53.2,1
15418,19,2,1,0.58,54.0,1,8.6,1,2,1,0,52.1,1
15419,19,0,1,2.66,73.7,1,5.5,0,4,0,0,69.1,1
15420,22,2,5,4.2,57.6,1,4.1,0,3,0,2,44.6,1
15421,17,1,4,7.05,67.2,0,5.7,2,2,2,0,73.2,1
15422,20,2,6,4.1,76.5,1,4.4,0,3,2,2,53.3,1
15423,19,2,6,7.88,62.8,1,9.5,1,2,0,2,100.0,1
15424,23,0,0,2.95,71.8,1,4.5,2,2,1,1,39.5,1
15425,22,1,3,0.08,75.3,1,4.1,1,2,1,2,40.4,1
15426,20,2,5,5.03,47.7,1,8.1,1,4,2,0,74.0,1
15427,19,2,2,1.75,41.3,1,8.2,1,2,0,2,34.2,1
15428,18,0,6,1.95,45.4,0,9.1,1,2,2,1,45.4,1
15429,18,1,1,0.14,93.0,1,9.1,0,4,2,1,47.4,1
15430,19,0,1,4.25,99.2,0,8.4,0,2,0,0,73.5,1
15431,23,0,3,1.98,48.8,1,5.9,0,1,1,0,40.4,1
15432,17,2,4,7.91,61.2,1,7.8,2,3,0,1,70.0,1
15433,17,2,0,6.69,60.0,1,8.1,0,3,1,1,74.2,1
15434,21,0,6,5.77,75.7,1,7.3,1,2,2,0,81.6,1
15435,18,1,5,2.83,58.5,1,6.0,1,4,2,2,43.5,1
15436,23,0,5,0.57,97.4,1,4.6,1,2,0,2,45.2,1
15437,23,2,5,5.35,51.0,0,4.5,2,2,2,2,60.4,1
15438,23,1,2,0.18,68.8,1,9.7,2,1,1,2,52.1,1
15439,20,2,5,3.53,53.2,0,7.6,2,2,0,2,62.8,1
15440,20,0,4,0.42,64.1,1,6.5,0,2,2,1,46.9,1
15441,20,2,1,4.48,52.0,1,6.1,2,4,0,0,49.4,1
15442,18,2,5,4.48,45.3,1,5.4,2,4,2,0,46.0,1
15443,21,1,2,4.24,94.1,1,6.4,0,3,0,2,63.1,1
15444,23,1,4,5.72,75.0,0,9.1,2,1,0,2,67.3,1
15445,19,2,3,1.83,80.3,1,8.1,2,0,1,2,57.7,1
15446,17,2,2,1.94,64.3,1,4.3,0,3,1,0,26.4,1
15447,21,0,0,3.33,49.5,0,8.3,1,4,2,0,53.0,1
15448,20,1,2,5.62,98.2,1,7.5,1,3,0,2,81.1,1
15449,23,1,6,0.93,60.3,0,7.2,2,1,1,1,28.2,1
15450,23,1,5,7.09,84.4,1,6.0,0,0,0,2,85.7,1
15451,24,0,6,2.02,94.2,1,9.9,1,2,1,1,46.4,1
15452,20,2,3,1.02,73.6,1,5.8,2,4,2,2,39.8,1
15453,24,1,0,4.79,64.6,1,9.5,0,3,0,2,70.5,1
15454,17,1,6,2.2,55.4,0,4.5,2,0,1,2,48.3,1
15455,19,1,0,3.27,43.0,0,5.1,2,0,0,2,66.5,1
15456,19,2,0,0.49,44.4,1,7.2,0,4,2,1,33.9,1
15457,24,0,2,3.72,80.2,1,4.9,1,1,0,2,77.0,1
15458,21,2,5,2.43,95.2,1,9.3,0,0,1,1,75.9,1
15459,19,1,2,1.36,85.5,1,7.4,2,3,2,2,62.8,1
15460,18,0,2,3.09,58.5,1,7.9,1,1,2,2,49.7,1
15461,23,0,5,6.16,46.8,1,7.9,0,2,2,2,67.3,1
15462,22,0,5,6.11,52.2,1,7.6,1,3,0,0,70.8,1
15463,23,0,5,2.88,91.5,1,7.5,2,1,1,2,54.1,1
15464,20,1,6,7.79,55.0,1,9.7,0,2,0,2,82.6,1
15465,18,1,2,1.01,72.6,0,7.4,2,2,0,0,36.6,1
15466,19,2,0,6.84,99.4,0,7.1,1,2,2,2,91.0,1
15467,21,0,5,7.83,99.4,1,4.7,0,0,2,0,89.8,1
15468,18,1,0,4.58,52.9,0,7.1,1,0,1,2,60.2,1
15469,17,0,5,0.48,97.5,1,7.5,0,2,2,2,35.9,1
15470,23,2,6,7.37,58.5,1,6.1,0,3,2,2,95.3,1
15471,21,0,6,3.5,90.0,1,7.5,2,1,2,2,52.6,1
15472,20,2,5,1.38,54.1,1,8.8,1,1,1,2,53.8,1
15473,21,1,5,7.13,42.3,1,8.5,1,0,0,2,99.6,1
15474,22,1,4,3.42,88.2,1,9.3,2,0,0,2,75.4,1
15475,17,0,2,4.0,67.4,1,7.8,1,0,0,1,68.8,1
15476,20,2,3,4.57,99.2,1,4.5,2,3,2,2,75.7,1
15477,19,2,6,7.25,61.2,1,7.6,0,0,1,1,91.7,1
15478,17,0,6,4.03,62.0,1,5.1,1,4,2,0,67.2,1
15479,17,1,1,7.11,74.0,0,6.7,2,4,0,0,86.6,1
15480,20,0,5,1.36,87.7,1,9.4,1,4,1,1,59.0,1
15481,21,1,0,4.93,41.2,1,4.5,0,2,2,2,62.1,1
15482,21,1,0,4.2,78.1,1,8.6,2,0,2,1,79.9,1
15483,23,1,4,2.6,54.6,0,6.1,2,0,0,2,46.7,1
15484,20,2,3,1.7,53.5,1,8.5,0,0,1,2,46.9,1
15485,21,0,4,0.56,45.3,1,5.1,2,0,2,0,19.599,1
15486,23,1,2,2.09,40.6,1,4.6,0,4,0,0,52.4,1
15487,22,0,0,5.44,58.2,1,8.7,0,4,0,2,74.6,1
15488,24,2,5,2.23,78.8,1,7.8,1,1,2,1,47.0,1
15489,18,2,4,5.82,65.7,1,9.6,2,1,2,0,46.3,1
15490,23,0,5,7.0,47.0,1,6.2,2,3,0,0,68.9,1
15491,22,1,6,5.55,69.5,1,6.8,2,0,2,2,71.1,1
15492,21,0,0,6.44,89.4,1,8.0,1,1,1,1,80.0,1
15493,17,0,1,4.59,90.2,0,5.0,1,2,2,2,79.7,1
15494,21,2,0,7.57,74.9,1,4.1,0,2,0,0,96.4,1
15495,23,0,4,6.1,73.1,1,8.8,1,4,0,1,96.7,1
15496,22,2,1,2.58,61.9,1,6.9,2,4,0,0,60.8,1
15497,17,0,0,5.79,69.3,1,9.7,0,4,0,0,78.1,1
15498,19,0,1,5.37,86.3,1,4.6,2,1,2,2,83.5,1
15499,21,1,0,6.01,66.0,1,5.1,2,2,0,1,66.5,1
15500,23,0,6,2.55,90.5,1,4.3,1,1,1,0,59.7,1
15501,20,1,0,4.08,76.8,0,9.7,0,3,1,0,67.8,1
15502,23,0,5,7.04,64.4,1,8.9,1,1,2,2,92.8,1
15503,23,2,3,7.81,95.4,1,9.8,1,0,2,2,99.0,1
15504,19,0,3,2.88,93.3,1,9.6,2,2,1,0,68.7,1
15505,18,0,4,3.89,63.9,1,5.3,1,4,1,2,60.9,1
15506,24,2,2,2.65,84.5,1,9.3,0,4,2,2,45.4,1
15507,21,1,0,5.74,95.7,1,8.5,0,1,0,0,88.3,1
15508,23,1,2,0.31,75.3,1,5.8,1,0,2,2,49.9,1
15509,24,0,1,7.63,96.2,1,7.0,2,2,2,0,100.0,1
15510,20,0,4,4.39,44.8,1,7.3,0,1,0,0,63.1,1
15511,17,0,1,2.17,96.3,1,5.6,0,4,1,0,47.6,1
15512,24,2,1,0.3,80.9,0,5.8,0,1,0,0,39.9,1
15513,21,0,4,4.49,49.5,1,8.7,2,3,2,0,62.8,1
15514,17,0,0,4.69,47.2,0,6.1,2,4,1,1,48.0,1
15515,21,0,2,5.56,83.8,1,6.3,0,4,1,2,69.6,1
15516,17,2,6,4.2,55.0,1,9.6,1,0,1,2,76.6,1
15517,19,2,6,4.13,42.0,1,9.2,1,0,2,1,69.4,1
15518,19,1,4,2.43,52.1,0,4.9,0,3,1,2,50.5,1
15519,20,1,3,1.55,46.3,1,4.8,0,3,2,2,31.4,1
15520,21,1,5,2.01,50.2,1,5.6,1,4,0,2,37.3,1
15521,23,0,6,3.0,71.7,1,8.1,2,3,1,2,44.1,1
15522,19,0,2,6.19,72.0,1,6.1,2,4,2,1,66.3,1
15523,22,1,2,0.95,66.9,1,6.7,2,4,2,1,36.5,1
15524,24,0,0,5.15,84.8,1,4.1,2,3,2,0,65.3,1
15525,22,0,0,0.3,41.0,1,6.6,2,3,2,2,24.8,1
15526,19,2,6,0.34,93.3,1,5.7,0,4,0,2,41.4,1
15527,22,0,3,2.19,99.4,1,6.1,1,3,0,1,52.8,1
15528,19,0,5,2.86,96.7,1,4.3,2,1,1,0,31.4,1
15529,20,0,4,1.52,55.9,1,7.0,1,0,2,2,61.4,1
15530,22,1,5,7.09,92.7,0,7.7,1,4,0,0,72.1,1
15531,19,0,6,2.44,84.5,1,6.4,0,4,0,0,60.7,1
15532,17,1,4,3.75,69.0,1,4.5,2,2,0,1,62.2,1
15533,23,1,5,7.91,99.3,1,6.4,2,2,2,2,98.1,1
15534,22,0,1,2.03,53.6,1,5.8,2,4,2,0,39.2,1
15535,17,0,1,4.95,75.1,1,6.4,0,0,2,2,74.9,1
15536,20,0,4,5.97,52.8,1,8.6,0,1,1,2,52.1,1
15537,19,2,6,2.17,55.3,1,9.7,1,1,0,2,51.5,1
15538,24,1,2,0.46,89.9,1,7.7,2,0,0,0,68.5,1
15539,24,2,3,6.33,78.2,1,6.4,2,1,1,0,72.9,1
15540,22,0,1,2.31,82.8,1,7.0,2,2,1,2,38.2,1
15541,20,2,6,2.57,61.4,1,9.2,2,1,2,2,38.4,1
15542,17,2,3,3.32,95.4,1,9.1,0,4,2,0,87.1,1
15543,18,2,2,0.31,67.3,1,9.1,0,2,0,0,36.2,1
15544,17,0,2,6.81,59.7,1,9.6,0,3,2,2,77.1,1
15545,23,0,4,6.91,51.2,1,9.3,0,1,0,2,81.3,1
15546,17,0,1,6.97,55.9,0,6.3,2,3,0,2,80.7,1
15547,22,2,2,1.46,87.3,1,7.5,0,3,0,1,65.2,1
15548,24,1,1,7.81,60.0,1,6.8,1,2,2,0,94.1,1
15549,19,2,1,5.29,59.3,1,7.3,0,0,0,0,78.5,1
15550,22,2,0,4.74,63.2,1,7.3,0,4,0,0,70.9,1
15551,24,1,5,5.78,59.6,1,9.0,0,1,0,0,100.0,1
15552,20,1,6,6.05,71.4,0,9.0,0,3,2,0,100.0,1
15553,20,1,3,3.33,98.7,1,6.6,1,2,2,1,80.6,1
15554,18,0,6,4.67,96.9,1,7.0,2,2,2,2,68.5,1
15555,20,1,5,4.68,96.0,1,7.3,2,0,2,0,77.9,1
15556,23,1,1,0.08,76.2,1,8.1,0,3,2,1,48.8,1
15557,22,1,5,0.08,99.1,1,7.1,2,2,0,2,40.3,1
15558,18,1,1,3.77,61.9,0,8.7,1,4,2,2,69.5,1
15559,21,0,6,4.47,51.9,1,6.1,2,4,1,2,47.0,1
15560,22,1,5,5.66,94.3,1,7.7,1,1,2,0,70.1,1
15561,17,0,2,6.02,89.1,1,9.7,2,1,0,2,86.8,1
15562,23,1,1,4.69,63.3,1,6.2,2,0,0,1,63.4,1
15563,18,1,3,2.28,54.4,1,4.8,1,4,2,0,55.8,1
15564,19,2,5,4.95,62.2,1,8.5,2,4,0,2,61.4,1
15565,20,2,3,2.08,65.9,0,8.5,0,3,1,2,30.7,1
15566,21,1,2,6.54,90.1,1,7.1,1,3,0,2,86.7,1
15567,24,1,4,3.39,63.4,1,5.2,1,1,1,0,55.2,1
15568,18,2,4,7.16,68.9,1,6.1,1,0,2,2,71.0,1
15569,19,2,6,1.02,51.1,1,9.0,2,0,2,2,48.9,1
15570,20,0,1,5.64,83.9,1,8.4,2,2,1,2,63.9,1
15571,23,2,2,3.43,77.6,1,6.0,2,2,0,0,68.4,1
15572,24,1,5,1.02,48.8,1,5.3,1,3,0,2,59.7,1
15573,20,0,4,4.47,57.0,1,5.2,2,3,2,0,62.4,1
15574,22,0,3,1.69,58.6,1,6.3,1,3,1,2,40.7,1
15575,24,2,4,2.34,76.9,1,5.6,2,2,1,2,55.3,1
15576,23,1,1,3.65,41.3,1,7.0,0,2,0,2,61.4,1
15577,22,0,2,2.91,75.0,0,4.9,1,2,2,1,61.7,1
15578,21,2,0,3.11,55.4,1,6.9,1,0,1,2,90.8,1
15579,24,1,6,3.18,94.5,1,7.4,1,4,2,0,77.8,1
15580,18,1,3,0.14,89.3,1,4.2,2,0,0,0,42.1,1
15581,19,2,4,2.94,73.6,1,6.4,0,0,0,2,69.6,1
15582,22,2,6,3.15,57.9,1,9.0,0,0,0,2,72.2,1
15583,17,0,0,4.74,55.8,1,5.7,0,3,1,1,58.2,1
15584,21,1,3,3.85,43.5,0,9.4,0,2,2,2,57.7,1
15585,23,0,4,1.38,62.9,1,4.4,2,0,2,2,45.6,1
15586,18,1,1,4.7,48.9,0,8.1,1,1,1,2,58.7,1
15587,23,0,0,0.28,77.7,1,6.8,0,2,0,2,51.3,1
15588,20,1,3,2.67,91.7,1,8.5,1,2,2,0,90.2,1
15589,23,2,0,4.96,44.7,1,7.1,0,1,1,2,58.5,1
15590,22,2,1,4.99,93.7,1,5.1,1,1,0,1,83.2,1
15591,18,0,3,1.44,64.2,1,9.0,0,2,1,1,59.3,1
15592,22,0,6,2.71,41.7,0,9.4,2,0,1,0,55.5,1
15593,17,1,0,3.66,45.0,1,8.4,1,2,1,0,54.0,1
15594,18,2,5,3.29,40.6,0,6.3,2,1,0,1,32.8,1
15595,24,1,4,5.48,75.5,1,5.2,0,4,1,2,48.2,1
15596,24,0,2,5.92,56.2,1,4.5,1,3,2,2,76.1,1
15597,17,2,6,0.33,68.1,1,8.6,0,4,2,2,66.9,1
15598,20,1,4,5.96,83.7,0,5.5,0,2,2,2,77.0,1
15599,17,1,3,7.03,65.2,1,7.7,2,2,1,0,46.8,1
15600,19,2,4,7.31,51.8,1,8.9,2,0,1,2,89.2,1
15601,24,0,2,0.45,90.3,1,6.9,2,3,1,2,40.2,1
15602,18,0,1,7.07,52.4,1,7.8,1,0,1,2,81.7,1
15603,22,0,5,1.31,83.5,1,5.7,0,4,1,2,29.4,1
15604,23,2,4,2.71,81.3,1,6.5,1,0,1,0,79.1,1
15605,24,0,0,3.05,88.1,0,6.6,1,4,1,0,61.0,1
15606,19,0,3,2.39,66.7,1,7.4,0,0,0,2,73.4,1
15607,22,0,4,2.36,95.7,1,7.4,1,1,2,2,66.3,1
15608,20,2,3,1.36,47.3,1,6.6,1,3,0,2,63.9,1
15609,17,0,3,5.27,72.2,1,4.2,0,4,0,0,69.6,1
15610,18,1,3,4.64,82.4,1,7.1,1,3,0,2,70.6,1
15611,22,0,1,4.91,91.9,1,6.6,1,4,1,2,78.3,1
15612,22,2,3,4.17,78.9,0,8.0,0,3,0,2,71.0,1
15613,21,1,4,1.77,79.7,1,5.1,1,0,1,2,45.9,1
15614,23,1,4,4.69,97.7,1,9.9,2,4,0,0,67.7,1
15615,22,2,4,5.23,64.7,1,9.6,1,1,2,2,76.5,1
15616,19,2,3,0.42,72.0,1,8.5,0,1,1,1,52.7,1
15617,19,1,4,7.9,80.4,1,6.0,0,0,2,0,89.5,1
15618,24,1,5,4.64,56.1,1,7.4,1,0,0,0,88.4,1
15619,24,2,0,5.11,63.2,1,7.1,2,4,1,0,52.9,1
15620,17,2,3,4.56,81.3,1,8.5,0,4,0,1,87.4,1
15621,23,2,4,5.53,63.7,1,6.6,0,2,1,0,86.5,1
15622,18,2,4,5.25,94.5,1,6.9,0,3,1,0,74.4,1
15623,23,0,3,6.39,74.1,1,8.5,2,2,1,0,67.3,1
15624,21,2,1,1.29,81.7,1,6.5,2,4,2,0,35.2,1
15625,22,0,6,1.31,49.7,1,8.6,0,3,1,0,46.2,1
15626,22,0,3,1.76,98.2,1,8.1,2,2,0,2,52.2,1
15627,21,0,3,7.71,99.4,1,7.6,0,3,2,0,76.8,1
15628,19,0,3,2.86,80.2,1,6.3,0,2,0,2,76.4,1
15629,23,0,5,2.53,52.6,1,8.5,1,2,0,0,52.1,1
15630,21,2,0,1.83,72.6,1,8.0,1,1,2,2,42.3,1
15631,21,2,6,3.85,45.9,1,8.8,1,1,2,2,51.9,1
15632,19,0,2,7.24,43.3,1,6.3,2,0,2,2,71.3,1
15633,17,1,2,5.39,58.2,1,5.6,1,1,0,0,60.1,1
15634,21,0,3,1.5,53.4,1,4.2,1,3,1,0,25.0,1
15635,19,1,6,6.7,97.5,1,7.3,0,0,2,2,98.1,1
15636,22,1,2,7.56,84.9,1,8.6,1,0,0,0,100.0,1
15637,19,2,4,5.7,82.8,1,7.9,0,0,1,2,86.0,1
15638,24,0,0,4.75,85.7,0,8.1,2,1,0,0,78.1,1
15639,22,2,2,5.37,61.6,1,5.9,0,3,1,0,54.0,1
15640,20,0,0,5.89,99.4,1,9.8,0,2,0,1,92.7,1
15641,22,0,4,6.88,74.9,1,4.1,2,1,0,0,83.3,1
15642,22,0,4,5.27,52.6,1,4.6,1,0,0,1,88.3,1
15643,21,2,5,4.25,80.4,1,8.6,0,3,0,0,47.7,1
15644,21,1,6,1.46,73.2,1,5.6,1,4,2,0,33.3,1
15645,24,0,2,2.99,76.5,1,5.0,0,4,0,1,58.5,1
15646,19,0,6,0.68,56.0,1,6.1,1,2,2,2,43.5,1
15647,20,0,2,5.83,75.1,1,4.1,1,3,0,0,74.9,1
15648,19,2,6,7.91,44.5,1,7.5,1,3,2,0,77.0,1
15649,21,1,5,0.77,88.9,1,6.7,2,1,2,2,35.1,1
15650,24,0,6,3.52,76.3,1,5.3,0,2,1,2,72.2,1
15651,21,0,2,5.6,79.8,1,8.7,0,2,2,2,69.5,1
15652,18,2,2,0.24,74.6,1,8.4,0,1,0,2,45.5,1
15653,24,1,6,3.52,99.2,0,8.1,2,2,1,0,63.4,1
15654,23,1,1,6.36,45.0,1,9.6,0,0,0,2,91.4,1
15655,20,1,0,2.35,68.1,1,5.8,2,3,1,2,46.5,1
15656,18,0,0,5.28,80.3,1,5.8,1,0,2,2,83.8,1
15657,20,1,1,4.86,76.1,1,8.6,2,0,0,2,75.6,1
15658,23,0,2,5.6,83.3,1,5.2,2,4,2,2,56.3,1
15659,21,1,2,1.92,98.8,1,9.7,1,0,2,2,88.2,1
15660,18,0,5,1.35,69.1,1,5.5,2,4,1,2,19.599,1
15661,18,0,2,0.14,87.9,0,5.0,1,3,1,2,31.3,-1
15662,24,2,6,3.84,69.9,1,6.6,0,2,1,1,67.6,1
15663,20,1,1,1.49,84.4,0,4.2,2,0,0,0,44.0,1
15664,22,1,4,5.21,70.0,1,8.0,0,1,0,1,80.5,1
15665,19,1,1,4.39,67.1,1,8.6,1,2,1,0,82.6,1
15666,17,0,6,6.67,97.9,1,6.2,1,4,1,2,96.7,1
15667,20,2,2,6.42,81.1,1,6.0,1,2,2,2,79.5,1
15668,22,1,5,2.89,80.9,1,8.1,0,2,0,1,63.2,1
15669,19,1,6,2.37,71.2,1,7.0,2,2,2,0,39.4,1
15670,21,0,3,0.66,44.1,1,6.8,2,2,1,2,27.4,1
15671,20,2,3,6.05,61.5,1,6.7,0,3,1,2,81.6,1
15672,19,2,1,3.97,43.0,1,9.2,1,2,2,2,63.2,1
15673,19,0,6,2.69,84.4,0,4.1,2,0,0,2,61.1,1
15674,19,1,6,5.63,87.8,1,7.3,2,3,0,2,77.1,1
15675,19,0,3,2.19,41.9,1,6.9,1,0,1,1,48.3,1
15676,22,0,4,3.82,69.9,1,5.7,0,0,2,0,72.4,1
15677,19,0,5,3.49,94.1,1,5.6,1,1,2,2,54.4,1
15678,22,0,0,2.16,46.4,1,6.7,2,1,1,2,33.9,1
15679,19,0,2,6.32,61.4,0,4.1,0,1,2,2,74.7,1
15680,19,2,2,5.66,47.1,0,6.7,0,1,2,2,73.0,1
15681,24,1,6,4.16,69.9,1,9.3,2,2,1,1,74.6,1
15682,24,1,5,5.53,72.0,1,8.6,1,4,0,2,73.0,1
15683,20,1,2,0.72,63.5,1,5.6,1,2,2,2,36.1,1
15684,19,0,5,3.44,90.2,1,4.3,0,2,0,0,63.9,1
15685,22,0,6,4.8,64.6,1,6.4,2,0,2,0,74.1,1
15686,17,2,3,3.15,46.6,1,5.9,2,3,0,0,30.3,1
15687,20,0,3,5.71,87.8,1,4.5,0,0,2,2,84.2,1
15688,21,0,6,4.18,52.8,1,5.7,0,0,0,1,68.9,1
15689,22,2,6,3.06,83.4,0,9.8,1,1,0,2,67.8,1
15690,17,2,0,3.32,66.1,1,9.9,1,1,2,2,72.6,1
15691,17,2,3,5.73,53.1,1,5.3,1,4,2,2,52.8,1
15692,19,0,6,0.53,46.0,1,5.5,1,1,1,2,44.5,1
15693,17,1,6,6.71,89.6,1,9.2,0,3,1,2,88.8,1
15694,21,2,4,0.46,53.1,1,8.7,2,0,0,0,41.3,1
15695,24,0,4,1.06,99.3,1,8.6,2,0,0,2,50.3,1
15696,19,1,5,6.48,71.4,1,7.3,0,0,0,1,88.8,1
15697,20,0,0,3.0,83.6,1,6.9,0,2,0,0,72.7,1
15698,18,1,6,3.68,74.0,1,4.6,0,2,2,0,54.7,1
15699,17,2,0,2.98,99.4,1,9.5,2,3,1,2,40.0,1
15700,22,0,5,0.74,54.4,1,9.3,1,2,2,0,39.3,1
15701,19,2,5,4.87,63.5,1,6.2,2,1,0,2,87.0,1
15702,21,0,0,5.51,93.0,1,5.1,1,0,0,1,96.6,1
15703,22,1,5,1.52,51.5,1,6.8,1,0,2,0,49.6,1
15704,23,0,6,6.02,77.7,1,9.9,0,3,0,0,100.0,1
15705,18,0,3,0.8,93.8,1,6.7,2,4,0,1,56.2,1
15706,21,1,3,6.2,99.4,1,9.2,0,0,1,0,100.0,1
15707,24,2,3,5.61,88.0,1,7.4,0,1,2,2,81.5,1
15708,20,1,2,7.3,44.2,1,7.0,1,1,0,2,90.3,1
15709,17,2,3,6.51,74.1,1,8.3,1,3,0,1,89.9,1
15710,19,2,4,6.76,81.2,1,9.7,1,1,2,1,82.9,1
15711,23,1,3,7.66,58.3,1,8.6,0,3,1,2,75.1,1
15712,23,1,3,6.75,80.6,1,9.7,0,3,1,2,81.6,1
15713,19,1,3,6.37,94.6,0,6.4,0,2,1,2,81.3,1
15714,18,2,3,1.57,78.8,1,4.5,2,4,2,2,32.1,1
15715,19,1,6,6.04,69.6,1,4.8,0,3,2,1,66.3,1
15716,18,0,0,5.06,85.5,1,5.2,1,3,0,2,74.2,1
15717,22,0,1,7.69,57.8,1,8.6,0,2,1,0,75.6,1
15718,23,1,2,5.76,80.1,1,5.7,2,3,0,2,85.2,1
15719,17,2,6,2.08,70.4,1,5.3,1,4,0,2,57.1,1
15720,22,2,1,1.31,76.7,1,9.3,1,4,1,0,36.6,1
15721,23,1,0,2.25,69.4,1,9.3,1,3,0,2,47.9,1
15722,21,2,5,3.84,64.9,1,4.3,1,2,2,2,58.5,1
15723,23,2,1,5.22,43.1,1,7.9,1,1,1,2,52.1,1
15724,17,2,1,1.72,77.3,1,6.3,2,4,2,1,39.5,1
15725,22,1,4,1.86,98.6,1,5.7,0,3,1,1,70.8,1
15726,18,1,4,2.41,61.3,1,6.5,2,4,1,2,29.6,1
15727,24,1,1,6.46,77.5,1,7.5,0,0,0,2,81.2,1
15728,20,0,3,2.92,83.4,0,9.2,1,4,2,2,69.3,1
15729,17,2,4,0.63,76.2,1,7.4,0,1,0,2,39.9,1
15730,22,2,1,4.36,94.0,1,9.0,0,4,0,2,57.9,1
15731,22,2,3,0.08,95.9,1,4.9,1,0,2,1,53.4,1
15732,20,0,1,5.39,92.3,1,5.7,0,0,0,0,71.3,1
15733,19,0,6,6.74,65.2,1,9.0,0,1,2,2,69.9,1
15734,17,1,0,1.33,48.4,1,6.1,2,3,2,0,33.9,1
15735,24,1,5,6.76,64.0,0,5.2,1,1,1,2,59.9,1
15736,18,1,6,5.43,71.4,1,9.1,2,0,2,1,86.1,1
15737,23,1,1,0.79,42.5,1,4.1,2,3,0,2,24.0,1
15738,21,2,6,1.82,90.3,1,8.1,2,1,0,2,72.0,1
15739,22,0,2,1.82,93.1,1,6.2,2,3,1,1,45.7,1
15740,22,2,0,1.65,77.9,1,5.6,2,2,1,2,40.6,1
15741,23,1,1,2.68,74.8,1,9.8,0,0,0,1,72.1,1
15742,17,2,2,7.26,63.2,1,7.4,1,1,1,1,85.8,1
15743,24,2,3,1.79,98.7,1,9.3,1,1,1,1,76.6,1
15744,17,2,4,7.41,66.2,1,6.9,0,0,0,1,82.3,1
15745,24,0,4,4.4,52.4,1,8.9,2,0,1,0,59.8,1
15746,19,0,0,4.14,97.7,0,5.5,1,2,2,0,77.0,1
15747,23,0,5,5.39,90.1,1,6.4,1,3,2,2,91.8,1
15748,17,0,3,6.45,59.6,1,6.2,1,2,1,0,77.7,1
15749,20,1,3,7.66,73.5,1,6.1,2,4,2,2,67.6,1
15750,21,1,3,0.08,75.1,1,7.1,0,1,2,2,40.2,1
15751,24,0,1,3.19,92.6,0,4.1,2,4,1,0,34.0,-1
15752,17,1,4,1.43,72.9,1,7.7,1,0,0,1,80.5,1
15753,17,1,5,1.21,65.1,1,4.7,2,3,1,0,23.3,1
15754,22,1,0,1.18,75.5,0,5.5,2,0,2,2,35.2,1
15755,17,0,3,5.68,98.3,1,7.4,2,2,2,2,88.1,1
15756,23,2,6,0.41,43.1,1,9.7,0,3,1,2,35.2,1
15757,17,0,1,6.69,78.8,1,8.8,2,3,2,0,96.8,1
15758,24,1,0,6.02,44.9,1,5.7,1,4,0,2,71.9,1
15759,21,0,1,3.27,55.8,1,9.9,0,0,1,1,66.0,1
15760,24,0,0,3.4,81.7,0,4.3,0,2,1,2,61.8,1
15761,18,0,3,5.43,82.6,0,4.1,2,2,1,1,59.7,1
15762,19,0,6,0.09,90.0,1,5.2,0,3,0,1,43.4,1
15763,20,0,2,3.1,72.4,1,6.2,2,0,2,2,70.1,1
15764,17,1,0,1.44,88.1,1,9.2,1,3,1,2,47.8,1
15765,17,2,6,1.45,70.2,1,9.0,0,2,0,2,56.9,1
15766,19,0,2,4.4,52.1,0,7.3,1,4,0,2,43.0,1
15767,22,1,3,1.97,66.7,1,6.5,2,0,0,2,60.8,1
15768,22,1,1,3.0,50.4,1,4.5,2,4,2,2,44.6,1
15769,17,2,3,5.74,72.8,1,5.5,1,4,2,2,88.7,1
15770,17,0,5,4.97,71.0,1,7.1,2,0,1,1,69.7,1
15771,22,1,4,2.64,55.7,1,5.0,2,3,2,1,29.4,1
15772,19,0,3,0.4,69.2,1,7.8,2,4,0,2,39.5,1
15773,23,0,5,0.21,76.2,1,8.9,2,4,1,1,60.1,1
15774,19,2,3,3.9,66.1,1,4.8,1,3,0,0,50.3,1
15775,19,0,4,3.37,53.4,1,7.4,0,1,1,2,49.6,1
15776,18,2,2,6.37,97.2,1,6.6,2,1,1,2,58.7,1
15777,19,0,2,0.66,88.2,1,6.9,0,1,1,2,57.1,1
15778,22,2,1,6.8,52.8,1,4.4,2,3,0,2,63.4,1
15779,20,1,3,1.7,68.6,1,8.0,2,1,1,1,47.6,1
15780,22,0,0,2.81,62.7,1,8.0,2,1,0,0,37.0,1
15781,17,2,0,6.88,99.4,1,5.9,0,4,2,1,82.9,1
15782,21,1,3,6.7,83.3,1,6.6,0,2,1,0,59.2,1
15783,20,0,6,4.12,78.9,0,9.1,0,2,0,1,68.0,1
15784,24,0,0,0.65,48.8,1,6.6,1,0,1,2,48.0,1
15785,20,2,3,4.72,51.4,1,9.8,2,2,1,1,45.7,1
15786,17,2,3,6.09,95.9,1,9.6,2,4,1,2,89.2,1
15787,22,1,5,2.1,66.9,1,9.7,1,0,2,2,57.8,1
15788,18,1,5,1.46,40.9,1,4.1,1,0,1,1,35.7,1
15789,24,2,6,3.98,69.8,1,9.2,2,3,2,2,47.7,1
15790,20,1,4,5.99,77.1,1,7.4,2,3,0,0,91.5,1
15791,23,0,6,4.04,57.4,1,4.4,2,2,2,0,30.4,1
15792,22,2,4,1.92,65.5,1,7.5,2,4,1,0,39.7,1
15793,20,2,3,6.95,56.6,1,8.7,2,0,2,2,77.8,1
15794,21,2,3,6.98,66.5,1,6.7,1,4,1,0,92.7,1
15795,18,1,3,5.27,99.1,0,8.7,1,2,0,2,88.9,-1
15796,17,1,1,0.59,67.6,0,9.1,1,0,1,0,49.7,1
15797,23,1,0,1.86,88.4,0,6.7,2,2,1,0,42.9,1
15798,24,2,4,4.95,47.7,1,7.3,0,0,2,2,67.9,1
15799,23,1,4,6.25,87.4,1,8.5,2,2,0,2,91.8,1
15800,19,0,1,3.79,70.4,1,4.1,1,0,0,2,71.6,1
15801,19,2,5,2.43,62.0,1,8.9,2,3,0,1,39.8,1
15802,19,0,4,7.08,74.6,0,4.6,2,0,2,1,76.4,1
15803,22,2,3,3.05,61.0,1,8.1,2,1,2,0,54.1,1
15804,21,0,3,7.33,88.6,1,5.7,2,2,2,2,90.4,1
15805,23,0,3,4.26,87.3,1,9.7,1,1,1,1,91.8,1
15806,24,2,4,4.91,53.8,1,9.9,1,4,1,2,59.9,1
15807,20,0,0,1.0,65.9,1,4.9,2,2,0,0,40.7,1
15808,22,1,6,2.14,48.3,0,7.5,2,2,0,1,48.6,1
15809,21,0,1,7.8,40.6,1,4.1,1,1,0,2,85.3,1
15810,24,2,0,5.75,57.8,1,9.7,2,4,2,0,70.8,1
15811,19,2,0,3.82,73.6,1,9.8,0,2,2,2,55.0,1
15812,18,1,2,4.17,85.6,1,6.7,0,0,2,0,58.4,1
15813,20,1,2,0.7,97.0,1,6.0,0,0,2,2,60.9,1
15814,21,0,6,6.27,65.4,1,7.8,1,0,1,0,74.0,1
15815,24,2,5,0.57,40.6,1,8.7,1,4,0,0,30.8,1
15816,23,0,0,3.1,79.0,1,9.6,2,3,2,2,53.4,1
15817,17,0,1,3.29,52.4,1,6.5,1,4,2,0,34.6,1
15818,21,2,0,4.82,74.6,0,6.4,2,1,0,0,62.8,1
15819,18,0,4,3.32,67.1,1,7.0,1,1,0,1,61.2,1
15820,19,2,0,7.69,56.7,1,5.2,2,2,0,1,73.2,1
15821,24,0,2,6.38,57.9,1,4.1,0,4,0,0,56.4,1
15822,24,2,0,7.67,60.5,0,9.2,0,4,1,1,93.2,1
15823,18,1,4,4.15,50.5,1,6.7,0,1,0,1,71.3,1
15824,18,2,3,2.42,82.3,1,8.1,2,3,1,2,64.2,1
15825,22,2,1,7.85,63.7,1,8.7,0,3,0,0,76.4,1
15826,20,1,5,0.65,83.1,1,6.4,1,0,0,2,66.0,1
15827,20,1,4,7.42,74.9,1,6.3,0,3,0,2,100.0,1
15828,23,2,5,0.77,53.6,1,9.9,2,4,0,2,39.2,1
15829,24,1,6,6.46,59.3,1,8.9,2,4,2,1,70.8,1
15830,24,0,3,6.24,95.4,1,8.5,1,4,1,2,83.2,1
15831,23,1,4,5.28,65.3,1,4.8,1,0,0,0,80.3,1
15832,24,0,5,6.26,46.8,1,5.4,0,2,0,1,89.9,1
15833,22,2,5,0.7,78.6,1,9.7,1,4,1,2,31.7,1
15834,24,0,5,2.99,60.5,1,6.7,2,0,0,1,55.9,1
15835,21,1,4,2.69,67.9,1,4.3,2,2,1,1,50.9,1
15836,17,0,2,7.85,52.4,1,9.0,2,1,0,1,73.7,1
15837,23,1,0,3.78,40.8,1,4.2,1,2,2,0,59.7,1
15838,24,0,4,0.4,75.1,1,6.2,1,0,0,0,59.7,1
15839,19,1,3,2.07,66.1,1,6.2,1,1,0,1,66.8,1
15840,20,0,2,6.75,64.3,1,5.9,1,4,1,2,69.4,1
15841,21,1,1,7.13,95.4,1,8.6,2,2,2,0,85.1,1
15842,22,1,0,7.42,55.7,1,4.9,1,2,1,0,79.1,1
15843,22,1,2,1.15,75.2,1,4.9,2,4,1,1,31.0,1
15844,20,2,5,5.5,89.6,1,6.7,2,1,2,1,73.4,1
15845,23,2,0,3.22,67.3,1,9.8,2,3,2,1,59.8,1
15846,23,2,5,5.88,85.2,1,4.3,0,3,2,2,74.7,1
15847,24,2,6,6.6,73.6,1,8.9,0,2,1,2,76.7,1
15848,21,0,6,2.09,61.1,0,9.8,2,4,2,0,33.3,1
15849,17,1,6,4.0,94.4,1,4.1,0,4,0,2,70.2,1
15850,23,2,3,2.62,62.6,0,5.3,2,2,1,2,29.4,1
15851,17,2,1,3.65,67.5,1,4.3,0,3,0,1,62.4,1
15852,18,0,2,2.32,78.9,1,7.3,2,1,1,2,43.0,1
15853,19,1,4,2.72,75.6,1,9.7,2,4,0,0,53.0,1
15854,18,0,2,2.18,70.7,1,9.0,0,0,1,2,51.9,1
15855,22,0,1,2.39,81.4,0,7.7,0,1,2,2,58.0,1
15856,20,2,1,4.62,81.6,1,9.7,1,2,2,2,78.9,1
15857,18,1,1,4.8,71.8,1,6.8,0,3,2,2,61.7,1
15858,17,0,0,7.37,70.3,1,9.9,1,0,2,0,100.0,1
15859,18,2,0,3.12,49.9,1,5.2,2,3,0,2,40.7,1
15860,22,2,3,5.26,82.7,1,8.8,2,3,0,2,77.5,1
15861,23,1,6,7.72,99.4,1,4.4,0,4,1,2,94.4,1
15862,19,0,4,3.73,57.4,1,4.1,2,4,1,2,39.7,1
15863,17,0,4,6.23,52.0,0,7.0,1,2,2,2,76.3,1
15864,21,0,1,7.76,96.4,1,8.7,2,0,0,2,82.0,1
15865,23,1,2,6.32,64.7,1,4.3,0,3,2,2,73.7,1
15866,17,1,1,0.64,81.5,1,8.8,0,0,1,0,33.9,1
15867,23,1,5,1.54,68.3,1,9.6,1,0,2,2,66.1,1
15868,18,2,1,2.36,73.8,1,4.2,2,1,0,0,43.3,1
15869,19,0,6,5.49,60.0,1,4.5,2,3,0,2,58.3,1
15870,21,1,5,5.37,86.2,1,8.9,2,4,1,0,55.9,1
15871,17,2,5,1.1,70.2,1,4.9,1,4,0,2,39.6,1
15872,19,0,0,3.59,68.9,1,5.0,1,4,0,1,39.8,1
15873,18,0,1,3.37,73.7,1,7.2,0,0,1,0,73.8,1
15874,18,1,1,5.52,96.3,1,7.6,1,0,1,2,87.8,1
15875,23,0,6,2.09,89.1,1,5.7,0,0,2,2,57.7,1
15876,18,0,3,1.9,43.6,1,7.2,0,1,1,1,19.599,1
15877,17,0,0,4.77,61.5,1,5.0,2,4,2,0,48.3,1
15878,18,0,1,0.66,49.2,1,4.2,0,4,0,1,19.599,1
15879,17,0,0,5.35,94.7,1,4.4,2,4,2,1,44.6,1
15880,21,2,0,3.52,54.8,1,6.4,2,3,0,1,54.1,1
15881,24,2,5,4.29,86.0,1,5.1,0,4,2,2,57.8,1
15882,18,0,5,6.42,76.9,1,7.8,2,2,1,1,98.9,1
15883,22,1,3,1.45,86.0,1,7.3,0,0,2,0,58.1,1
15884,19,1,0,1.68,80.2,1,7.6,2,4,1,0,36.4,1
15885,17,1,3,7.21,57.3,1,4.7,0,2,2,2,91.3,1
15886,22,1,1,5.93,69.9,1,9.5,2,2,0,2,74.5,1
15887,18,0,2,2.1,50.3,1,9.2,0,2,2,2,49.4,1
15888,21,1,1,5.77,53.9,1,6.2,1,4,2,2,80.7,1
15889,21,1,2,3.66,47.5,1,6.6,2,1,0,1,50.9,1
15890,21,2,2,4.94,92.6,1,6.7,0,1,0,2,74.5,1
15891,18,1,1,6.29,57.1,1,6.6,2,1,1,1,73.6,1
15892,19,2,6,0.36,47.9,1,6.5,0,4,2,0,38.1,1
15893,22,1,1,4.89,54.5,1,7.0,1,0,2,0,95.3,1
15894,24,0,4,2.71,55.8,1,7.7,2,0,1,2,58.9,1
15895,17,1,1,4.13,47.5,1,6.7,2,0,0,0,61.4,1
15896,20,0,3,2.91,81.9,1,5.5,0,1,2,0,57.4,1
15897,24,1,4,7.53,80.0,1,7.6,2,2,2,2,84.4,1
15898,19,1,3,4.78,75.4,1,5.9,0,2,1,1,56.0,1
15899,20,2,5,6.77,92.2,0,4.6,0,3,2,2,83.4,1
15900,24,2,1,2.05,43.2,1,6.4,0,0,0,2,63.6,1
15901,24,0,5,2.92,76.4,1,7.6,0,2,0,0,75.4,1
15902,22,2,0,6.3,75.3,1,5.6,0,1,1,0,63.3,1
15903,22,2,3,1.88,83.0,1,9.9,2,0,1,0,49.9,1
15904,21,2,0,7.91,59.5,1,9.4,0,3,0,2,97.6,1
15905,19,2,6,5.28,65.6,0,5.5,0,0,2,2,65.8,1
15906,24,1,5,7.17,60.3,1,9.4,2,2,2,0,70.2,1
15907,17,1,3,0.84,63.4,1,5.3,1,4,1,1,28.1,1
15908,17,0,5,3.31,78.4,1,9.0,1,1,1,1,61.9,1
15909,21,0,6,2.69,55.5,1,5.3,1,4,2,2,60.8,1
15910,23,2,1,7.77,92.1,0,6.1,0,1,0,2,94.1,1
15911,23,1,0,1.16,99.4,1,8.8,1,1,1,1,54.0,1
15912,22,1,5,5.99,65.6,1,7.2,2,3,1,2,74.4,1
15913,20,1,1,5.05,99.4,1,5.0,0,4,2,2,66.6,1
15914,19,2,2,6.81,68.9,1,9.5,2,3,2,0,66.1,1
15915,20,2,4,7.82,41.2,1,7.0,0,2,0,0,78.3,1
15916,19,2,1,6.45,94.1,1,7.4,2,2,1,2,76.0,1
15917,20,2,4,2.02,60.2,0,9.0,2,4,0,2,48.8,1
15918,17,2,2,6.67,43.6,1,6.4,1,3,0,1,96.7,1
15919,19,0,3,4.21,51.1,0,5.8,2,3,0,2,40.9,1
15920,24,0,1,5.23,83.4,1,9.7,0,1,1,1,70.2,1
15921,22,1,3,2.24,54.0,1,4.4,0,1,0,2,52.2,1
15922,18,0,1,6.53,84.0,0,7.3,0,1,1,1,86.1,1
15923,19,1,1,3.56,89.9,1,6.4,0,2,2,2,88.1,1
15924,19,2,6,6.47,94.6,1,5.6,2,0,0,2,99.5,1
15925,19,0,6,3.42,94.4,1,4.5,0,2,2,2,62.1,1
15926,22,0,0,4.93,50.8,1,9.2,1,1,0,1,70.6,1
15927,24,0,4,0.82,73.5,0,8.4,2,3,0,0,35.1,1
15928,22,2,0,0.74,93.0,1,7.0,0,1,0,0,52.7,1
15929,20,2,1,7.62,54.6,1,9.0,0,2,0,1,93.9,1
15930,18,0,2,5.81,99.4,1,6.8,2,0,0,2,88.9,1
15931,18,2,6,1.38,84.2,1,9.8,0,2,2,0,56.2,1
15932,23,2,2,4.78,96.0,1,4.9,2,0,1,2,77.4,1
15933,22,2,3,6.25,58.7,1,9.8,2,3,1,2,74.0,1
15934,21,2,1,4.79,52.2,1,9.6,2,0,1,2,70.3,1
15935,21,1,5,3.59,97.0,1,9.6,2,3,1,0,72.8,1
15936,23,0,2,6.68,56.9,1,4.6,2,2,1,1,65.5,1
15937,23,1,4,0.41,94.3,1,6.0,0,4,1,1,30.6,1
15938,17,1,0,5.07,50.2,1,8.6,0,4,2,2,56.3,1
15939,20,0,3,3.78,61.5,1,7.1,0,4,0,1,55.7,1
15940,17,1,1,5.19,77.7,1,8.8,0,2,2,0,78.3,1
15941,20,1,2,2.32,94.7,1,7.1,1,1,2,0,75.3,1
15942,22,2,1,1.3,67.7,1,5.1,1,1,2,0,48.8,1
15943,18,1,4,7.79,75.9,0,5.4,0,0,1,2,77.5,1
15944,18,0,4,6.91,59.6,1,9.4,2,4,1,2,74.9,1
15945,20,2,6,7.27,51.7,0,6.3,2,2,2,0,75.1,1
15946,21,1,6,6.15,84.4,1,6.8,0,2,0,0,90.2,1
15947,22,0,5,0.52,84.1,1,8.8,0,2,1,2,69.4,1
15948,17,2,2,5.02,91.8,1,9.1,2,0,2,2,100.0,1
15949,18,2,4,3.05,49.0,1,6.0,1,3,1,1,52.3,1
15950,23,2,4,2.67,43.5,1,4.8,1,1,1,2,39.9,1
15951,22,0,4,1.99,77.5,1,4.7,2,1,1,0,47.2,1
15952,24,2,4,1.45,69.3,0,9.3,1,1,1,2,26.1,-1
15953,23,0,4,1.12,77.5,1,7.3,0,0,1,2,36.9,1
15954,23,0,4,0.97,54.3,1,6.3,2,1,2,2,43.8,1
15955,21,2,4,5.69,89.5,0,6.4,1,3,1,2,71.7,1
15956,24,2,4,7.44,66.7,1,8.3,0,2,2,0,79.9,1
15957,20,0,2,3.04,80.6,0,5.6,2,3,2,2,61.7,1
15958,24,2,3,0.85,51.7,1,8.0,2,4,2,1,32.6,1
15959,20,0,2,1.77,43.0,1,6.6,0,3,0,2,41.4,1
15960,20,1,6,5.98,61.5,1,6.2,1,4,2,0,75.6,1
15961,22,0,6,2.79,65.6,1,7.3,2,4,2,2,54.2,1
15962,20,2,1,5.3,65.8,0,8.1,1,2,0,2,97.0,1
15963,18,0,6,1.64,54.4,0,7.0,0,2,0,0,34.6,1
15964,24,0,3,6.05,68.0,1,8.4,2,2,0,1,82.1,1
15965,20,2,4,5.24,70.3,1,6.0,2,3,0,0,78.9,1
15966,24,2,4,1.78,57.2,0,5.5,1,0,0,2,36.9,1
15967,20,0,2,7.46,59.9,1,7.2,1,2,1,1,89.1,1
15968,24,2,6,4.18,73.6,1,6.1,1,3,0,2,69.2,1
15969,21,0,4,1.76,42.7,1,9.4,1,4,1,2,27.6,1
15970,23,0,3,4.53,42.5,1,7.8,0,0,0,2,65.0,1
15971,23,2,4,3.32,66.0,1,6.6,1,3,0,2,81.7,1
15972,18,1,6,7.34,43.8,1,9.1,2,4,0,2,53.4,1
15973,23,1,4,2.48,84.8,1,9.7,1,0,2,1,82.1,1
15974,24,1,4,7.09,75.2,0,6.7,0,1,1,2,66.3,1
15975,22,2,6,5.94,41.6,1,7.8,0,1,0,2,89.0,1
15976,24,1,4,5.44,59.8,1,6.1,0,2,1,1,91.8,1
15977,23,2,1,1.47,45.3,1,6.9,1,4,0,2,35.6,1
15978,22,2,5,0.69,94.4,1,7.3,1,3,1,2,49.2,1
15979,20,2,6,6.92,58.6,1,5.7,2,0,1,0,79.5,1
15980,23,2,5,4.56,62.9,1,8.9,0,0,1,2,81.7,1
15981,18,2,1,7.72,87.2,1,5.0,0,3,0,0,95.0,1
15982,21,1,3,4.13,53.0,1,9.0,2,2,0,2,46.1,1
15983,23,2,2,4.73,52.5,1,4.8,0,4,1,1,40.8,1
15984,24,1,5,7.91,88.4,1,9.1,0,0,0,2,100.0,1
15985,19,0,6,5.73,72.0,1,9.3,1,0,1,1,79.3,1
15986,17,2,2,2.88,55.4,1,5.9,0,1,1,2,44.3,1
15987,19,1,2,6.62,49.5,1,9.0,0,1,1,1,55.9,1
15988,23,1,6,2.36,87.5,1,5.3,1,4,2,2,47.6,1
15989,21,2,5,4.2,52.2,1,6.7,1,2,2,2,51.0,1
15990,17,1,5,1.9,69.5,1,7.6,2,1,2,0,50.3,1
15991,17,1,1,7.91,51.4,1,9.9,1,3,0,1,98.6,1
15992,19,1,4,7.48,62.5,1,6.4,2,3,2,2,72.5,1
15993,19,1,5,6.99,45.0,0,5.1,0,1,2,0,50.3,1
15994,18,0,2,3.21,40.6,1,9.6,0,3,2,2,51.6,1
15995,20,2,1,5.83,74.6,1,6.0,1,3,1,2,71.3,1
15996,20,0,0,2.09,74.2,0,8.8,0,2,0,0,74.0,1
15997,18,1,3,3.12,51.4,1,9.8,1,3,2,2,56.8,1
15998,18,2,1,6.44,51.8,0,9.2,2,0,0,1,69.4,1
15999,22,0,0,0.45,86.4,1,5.4,1,3,1,2,43.8,1
16000,24,1,1,0.4,66.8,0,4.1,0,1,0,0,31.8,-1
16001,24,0,2,5.29,76.2,0,9.5,2,4,2,0,61.9,1
16002,21,1,4,6.2,56.8,1,9.6,1,2,0,2,80.8,1
16003,17,0,4,3.07,75.2,1,5.5,1,2,2,2,59.4,1
16004,24,2,6,5.4,65.1,1,7.9,0,2,1,0,65.1,1
16005,24,0,4,7.22,56.5,1,4.4,2,3,2,2,60.9,1
16006,19,2,4,0.8,73.2,1,7.5,2,3,0,2,49.3,1
16007,20,2,0,6.64,44.2,1,8.3,2,0,0,2,64.6,1
16008,17,0,0,4.65,47.6,1,5.6,2,2,0,2,57.7,1
16009,23,2,0,3.38,66.6,1,5.1,2,4,2,0,40.4,1
16010,23,2,6,0.41,58.5,1,6.3,0,1,0,2,32.1,1
16011,17,0,3,3.07,88.4,1,9.8,1,0,0,1,91.7,1
16012,22,2,6,6.35,51.8,1,4.4,2,3,2,2,67.1,1
16013,20,0,0,4.34,48.0,1,5.6,0,3,2,0,55.2,1
16014,21,2,4,1.41,44.0,1,4.1,1,0,2,1,54.4,1
16015,18,1,1,1.86,89.0,1,7.0,2,0,1,2,71.1,1
16016,23,0,0,6.78,91.6,1,9.7,0,3,0,1,100.0,1
16017,20,1,6,3.46,94.1,1,9.5,0,2,0,1,78.4,1
16018,23,1,4,0.76,93.2,1,7.8,2,4,1,2,49.3,1
16019,18,0,3,7.79,92.4,1,4.1,0,3,0,0,78.7,1
16020,21,1,0,2.03,98.5,1,4.4,0,2,2,2,52.4,1
16021,19,1,5,6.37,63.9,1,5.8,2,3,1,2,60.8,1
16022,24,2,1,0.1,79.5,0,8.8,0,2,0,2,52.8,1
16023,21,1,5,2.05,42.5,1,6.9,1,0,0,1,44.3,1
16024,22,2,4,2.7,92.0,1,7.9,2,3,2,0,40.6,1
16025,17,1,0,6.88,48.7,1,9.1,0,0,0,2,83.3,1
16026,22,0,4,5.98,80.9,1,4.4,1,4,0,0,83.5,1
16027,17,1,6,2.46,59.6,1,6.3,1,1,2,2,67.7,1
16028,19,1,0,6.3,75.3,1,7.1,2,3,2,2,70.3,1
16029,18,2,0,6.48,87.6,1,9.4,2,3,0,0,87.8,1
16030,17,1,6,4.1,70.5,1,7.9,1,0,0,2,80.1,1
16031,21,2,0,4.06,97.0,0,9.8,2,2,1,2,93.8,-1
16032,18,0,5,4.08,58.6,1,6.3,1,4,0,2,67.8,1
16033,21,0,6,1.34,73.6,1,6.0,2,0,0,0,41.7,1
16034,23,2,4,6.5,91.5,1,4.8,0,1,2,0,85.2,1
16035,18,0,2,5.72,73.1,1,6.2,1,0,0,2,89.4,1
16036,22,0,2,6.8,72.1,0,6.1,0,4,0,2,76.2,1
16037,19,0,1,6.53,63.2,0,6.7,2,3,2,2,60.6,1
16038,19,0,2,6.28,86.7,1,8.1,1,0,0,2,99.6,1
16039,21,2,5,6.24,61.6,1,4.2,2,1,0,2,62.5,1
16040,22,0,4,7.56,54.9,1,9.7,0,4,0,0,79.1,1
16041,22,1,3,4.84,47.7,1,5.0,1,4,1,1,57.3,1
16042,18,2,5,6.62,65.6,1,9.9,2,1,0,1,84.3,1
16043,21,0,2,6.41,57.2,1,5.8,2,4,2,2,60.7,1
16044,19,2,3,2.16,99.4,1,5.2,1,4,2,2,55.7,1
16045,19,0,0,4.53,76.7,1,8.4,0,4,1,0,58.5,1
16046,24,1,2,5.84,99.4,1,5.3,2,2,0,2,88.3,1
16047,17,2,3,0.83,81.7,0,7.6,2,1,0,2,47.4,1
16048,20,2,1,4.24,90.9,1,8.9,2,4,2,0,57.8,1
16049,20,1,2,0.08,46.7,1,8.4,2,4,2,1,19.599,1
16050,18,2,1,1.92,81.5,1,9.2,2,1,1,2,56.1,1
16051,23,1,1,3.89,47.1,1,5.6,1,2,2,0,47.8,1
16052,20,2,4,2.46,48.8,1,7.7,1,4,1,2,31.9,1
16053,22,0,5,6.17,44.6,1,6.5,0,2,2,2,73.2,1
16054,20,0,3,5.1,77.4,1,6.2,2,2,0,2,55.2,1
16055,24,1,4,2.14,79.0,1,9.0,0,4,1,0,43.3,1
16056,22,1,2,0.14,57.4,1,6.5,2,0,0,0,47.9,1
16057,19,2,5,2.04,93.7,1,5.1,0,0,1,2,63.2,1
16058,24,0,3,4.15,95.4,1,9.8,0,1,1,2,66.9,1
16059,23,1,0,6.1,88.3,1,6.2,1,0,2,2,88.0,1
16060,21,0,6,4.83,77.6,1,9.4,2,3,0,1,62.2,1
16061,17,2,0,0.45,75.9,1,6.7,0,2,0,0,44.2,1
16062,21,1,3,3.73,63.6,1,6.8,2,4,2,2,45.6,1
16063,22,2,6,7.68,67.4,0,9.4,0,2,2,0,88.0,1
16064,19,2,1,7.23,48.5,1,9.0,0,3,1,2,79.4,1
16065,18,0,3,5.94,97.3,0,5.1,0,4,1,0,77.5,1
16066,21,1,4,2.27,75.4,0,5.9,2,0,0,1,56.8,1
16067,23,2,4,0.18,62.8,1,6.4,0,3,0,0,32.1,1
16068,19,2,6,3.65,52.1,1,8.2,1,4,2,1,65.2,1
16069,20,0,0,3.0,64.4,1,7.5,1,0,2,0,77.5,1
16070,17,0,2,5.41,50.1,1,7.4,0,0,0,1,75.4,1
16071,22,2,0,0.56,87.9,1,8.1,2,3,2,1,46.9,1
16072,23,1,1,7.39,83.3,1,4.8,0,4,0,2,60.9,1
16073,23,1,5,5.89,84.8,1,7.7,1,4,2,0,74.9,1
16074,20,0,3,7.77,81.1,1,6.6,0,2,0,2,79.7,1
16075,17,0,5,6.92,93.6,1,9.9,0,3,1,2,87.7,1
16076,20,0,0,3.44,50.9,1,7.9,1,3,1,0,40.5,1
16077,24,0,6,5.3,71.5,1,5.7,2,4,0,1,93.7,1
16078,17,2,6,6.77,77.0,1,9.7,0,0,1,0,95.7,1
16079,18,0,6,1.63,98.9,1,4.3,1,2,0,1,67.9,1
16080,23,0,4,0.08,61.8,1,7.4,0,1,0,2,34.0,1
16081,21,2,1,2.46,56.6,1,8.5,2,3,0,2,42.9,1
16082,18,1,1,3.5,43.5,1,7.6,2,1,2,2,47.2,1
16083,17,2,6,5.0,98.2,1,9.2,2,4,1,0,89.6,1
16084,20,2,6,2.11,55.2,1,6.4,2,0,0,2,58.2,1
16085,21,0,6,3.54,46.7,1,9.0,2,0,0,2,65.5,1
16086,23,0,4,5.19,93.8,1,6.2,1,2,0,2,84.6,1
16087,24,0,5,6.6,95.9,1,8.7,0,3,2,1,67.4,1
16088,20,1,3,1.82,72.5,1,7.3,0,0,0,1,56.8,1
16089,20,0,1,6.4,56.3,1,4.2,1,2,1,2,65.5,1
16090,24,2,1,7.51,69.7,1,7.9,1,2,0,1,93.1,1
16091,23,0,5,3.28,46.7,1,7.4,2,2,1,2,42.3,1
16092,18,1,4,4.42,48.0,1,5.7,2,4,0,0,52.1,1
16093,22,0,6,0.08,68.8,1,8.0,1,3,1,2,30.5,1
16094,22,1,6,5.68,90.6,1,8.5,1,1,0,2,98.5,1
16095,18,2,5,6.98,48.7,1,5.2,2,1,0,1,83.6,1
16096,24,0,2,0.16,78.6,1,8.4,1,1,2,2,44.7,1
16097,19,1,1,6.75,60.0,1,9.4,1,2,2,2,86.8,1
16098,21,0,0,1.19,43.4,1,9.4,0,4,1,2,21.5,1
16099,20,0,2,6.74,55.1,0,4.4,0,2,2,2,59.5,1
16100,22,0,6,4.34,44.1,1,9.8,2,1,1,2,61.7,1
16101,24,0,1,2.96,51.3,1,5.6,2,4,2,1,47.7,1
16102,20,2,0,7.53,58.3,1,8.4,0,1,1,0,76.4,1
16103,20,2,4,4.9,50.4,0,6.6,2,1,0,1,61.8,1
16104,23,1,2,0.31,64.2,1,9.3,2,1,1,2,35.9,1
16105,24,1,4,6.13,40.6,1,6.1,0,0,2,2,58.8,1
16106,24,2,2,1.46,41.7,1,9.6,2,4,0,2,22.6,1
16107,23,0,6,7.39,85.9,0,7.1,2,4,0,0,67.5,1
16108,22,1,4,1.33,86.6,1,7.2,1,4,1,0,52.6,1
16109,23,0,0,3.9,63.0,1,7.5,2,1,0,1,69.7,1
16110,24,1,4,4.18,99.0,0,6.0,1,4,0,1,83.0,1
16111,17,1,0,4.51,56.4,0,9.2,1,4,2,1,58.6,1
16112,21,1,2,4.27,84.8,1,4.9,0,0,0,2,56.6,1
16113,17,1,2,3.51,66.6,1,7.5,0,4,0,0,68.5,1
16114,21,1,1,5.7,60.5,1,7.2,1,1,1,2,69.7,1
16115,20,2,4,1.24,57.3,0,6.9,2,1,2,2,33.9,1
16116,19,0,3,6.3,53.8,1,7.6,2,0,2,2,75.3,1
16117,24,0,1,0.3,79.8,0,6.4,2,3,0,1,32.2,1
16118,22,2,4,6.74,41.8,1,6.5,1,1,1,0,63.2,1
16119,21,2,0,6.0,94.3,1,9.4,0,2,0,1,87.4,1
16120,24,2,1,6.36,55.3,1,7.6,2,3,1,1,66.0,1
16121,17,1,4,2.38,68.9,0,8.3,0,4,1,1,39.4,1
16122,22,2,3,6.8,63.4,1,5.8,0,0,2,2,77.3,1
16123,18,2,4,5.53,96.9,0,8.8,1,4,0,2,82.8,1
16124,18,1,3,7.75,50.1,1,9.6,2,3,2,2,67.0,1
16125,18,2,2,0.16,61.9,1,5.5,0,2,1,1,28.0,1
16126,21,2,2,6.32,79.7,1,5.2,0,2,0,2,82.8,1
16127,22,2,2,4.99,57.0,1,4.9,2,3,2,1,58.8,1
16128,23,0,1,7.91,72.7,1,7.5,1,0,1,2,100.0,1
16129,20,1,1,3.54,41.6,1,5.4,2,4,0,1,70.5,1
16130,24,2,6,2.24,94.1,1,6.1,1,2,0,2,79.4,1
16131,19,0,5,7.04,90.3,1,9.1,1,3,0,2,100.0,1
16132,18,2,6,2.61,47.5,1,4.6,1,4,2,0,42.2,1
16133,17,1,3,5.62,83.7,1,6.0,2,0,1,2,82.9,1
16134,18,1,0,2.65,43.7,1,8.4,1,0,2,0,75.1,1
16135,20,2,0,7.57,95.4,1,4.7,0,3,0,2,94.3,1
16136,20,0,6,4.21,47.2,1,4.1,1,1,0,2,59.4,1
16137,23,2,0,2.56,61.5,1,7.5,0,3,2,1,54.8,1
16138,18,2,4,6.58,91.5,1,5.6,2,2,0,0,100.0,1
16139,19,0,1,0.5,52.4,1,5.7,0,4,1,1,19.599,1
16140,24,1,6,0.75,95.7,1,8.3,0,0,2,1,74.9,1
16141,17,2,4,6.69,80.0,0,8.8,0,0,2,2,98.7,-1
16142,20,2,6,2.59,68.5,1,9.6,1,0,1,2,59.2,1
16143,18,0,0,1.41,47.3,1,5.9,2,2,2,1,31.5,1
16144,21,2,4,4.7,79.4,1,4.1,0,2,0,2,74.5,1
16145,24,1,1,2.04,75.3,1,5.1,0,1,0,2,45.6,1
16146,18,0,3,7.9,65.3,1,6.8,2,0,2,2,99.0,1
16147,19,1,0,6.56,64.2,1,5.4,2,3,2,2,73.7,1
16148,20,0,2,7.11,75.3,1,7.6,1,0,0,2,85.9,1
16149,23,0,3,6.67,64.7,0,8.4,2,0,2,2,87.4,1
16150,24,0,3,7.09,81.0,1,9.9,1,0,0,2,100.0,1
16151,17,1,1,2.7,66.2,1,7.1,1,3,2,1,60.0,1
16152,20,2,0,5.39,98.8,1,6.7,2,2,1,0,80.3,1
16153,23,0,2,7.26,73.2,1,4.8,0,2,2,2,83.7,1
16154,17,0,4,5.49,48.4,1,9.3,0,1,0,0,74.4,1
16155,23,2,0,7.91,98.1,1,5.1,0,2,1,0,84.8,1
16156,18,0,2,6.92,99.1,1,4.1,2,4,1,1,88.4,1
16157,21,2,3,0.57,99.4,1,5.3,0,1,1,2,50.7,1
16158,24,1,5,4.01,58.3,1,8.6,0,4,0,0,50.3,1
16159,22,2,6,2.2,60.6,1,8.4,0,3,0,1,58.8,1
16160,24,2,6,7.0,40.6,1,4.4,2,0,0,0,54.5,1
16161,21,2,1,7.5,93.3,1,4.3,2,1,0,1,69.9,1
16162,18,2,1,4.53,82.6,0,9.1,1,3,2,2,91.1,1
16163,22,2,6,0.47,56.9,1,8.2,1,3,2,2,55.8,1
16164,21,0,4,2.77,51.2,1,7.0,2,0,1,1,44.4,1
16165,19,2,3,1.51,93.4,1,5.9,0,0,2,2,65.8,1
16166,17,2,5,4.23,61.3,1,5.4,1,0,0,0,77.7,1
16167,22,0,2,7.88,73.8,1,4.1,0,1,1,1,75.8,1
16168,21,2,3,2.75,49.5,1,9.2,1,0,0,2,58.3,1
16169,23,1,4,5.87,50.6,1,8.3,0,3,0,2,57.3,1
16170,18,2,6,6.65,63.3,1,4.8,1,2,0,2,92.6,1
16171,21,2,3,6.64,55.0,1,7.7,1,0,1,2,78.6,1
16172,23,1,3,1.2,53.4,1,4.6,1,4,0,0,24.7,1
16173,24,1,5,1.9,64.4,1,5.4,1,3,2,1,45.5,1
16174,24,1,1,1.79,52.6,1,9.4,2,2,2,0,40.7,1
16175,18,1,2,2.38,96.7,1,8.3,0,1,0,0,92.1,1
16176,18,2,3,0.37,75.0,1,5.2,2,4,0,2,30.4,1
16177,21,0,4,4.32,42.6,0,6.2,1,2,1,0,58.7,1
16178,20,0,3,5.93,53.2,1,8.9,1,1,2,2,77.3,1
16179,18,2,4,2.09,66.9,0,7.2,1,3,1,0,49.5,1
16180,17,0,1,5.12,65.8,1,4.9,0,3,0,1,61.3,1
16181,18,2,2,4.36,81.2,1,6.1,0,2,2,0,70.6,1
16182,19,2,5,0.79,86.4,1,9.6,1,0,1,0,53.5,1
16183,22,1,5,1.92,74.2,1,5.2,1,3,0,1,62.6,1
16184,17,0,4,1.93,61.4,1,6.5,1,4,0,2,52.0,1
16185,17,0,0,3.91,51.3,0,5.7,0,1,2,2,44.5,1
16186,19,0,0,5.02,42.2,1,8.9,1,4,1,1,68.4,1
16187,23,2,3,2.41,43.6,1,8.7,2,2,2,2,46.5,1
16188,24,0,0,1.02,64.6,1,7.3,2,2,1,1,32.0,1
16189,20,1,1,2.15,40.6,1,4.3,1,2,0,0,58.6,1
16190,17,0,0,0.32,60.3,0,8.1,0,1,1,1,35.0,1
16191,17,0,0,5.99,40.6,1,7.3,1,2,2,2,79.5,1
16192,23,1,3,5.59,91.7,1,7.1,0,3,1,1,66.3,1
16193,20,2,0,5.37,52.7,1,6.1,1,1,1,1,61.1,1
16194,17,1,3,4.94,79.8,1,5.1,2,4,1,2,63.5,1
16195,23,1,5,2.38,93.5,0,4.1,2,4,1,2,42.3,1
16196,21,0,0,0.92,93.4,1,7.1,0,2,2,2,49.8,1
16197,19,1,2,4.79,89.4,1,4.2,2,4,2,2,72.4,1
16198,20,2,5,5.86,78.0,1,8.1,2,3,0,2,87.2,1
16199,18,1,1,6.49,53.3,1,4.7,1,2,0,0,79.9,1
16200,24,0,6,5.81,65.5,1,9.3,1,0,0,2,76.2,1
16201,23,1,3,5.27,64.6,1,5.7,2,2,1,2,70.1,1
16202,18,0,3,6.6,75.4,0,4.5,2,3,1,2,44.4,-1
16203,22,2,0,6.09,63.3,1,7.7,0,3,2,2,73.1,1
16204,18,0,4,7.56,45.6,1,8.2,2,4,2,2,83.5,1
16205,20,0,4,0.08,42.6,1,4.6,2,0,1,0,19.599,1
16206,22,1,6,1.17,64.4,0,5.4,0,2,2,0,49.6,1
16207,17,1,2,4.64,92.2,1,5.7,2,2,0,2,59.7,1
16208,22,0,1,3.21,82.3,1,7.8,1,2,2,0,66.1,1
16209,18,0,1,2.72,58.3,0,5.8,0,0,2,0,65.0,1
16210,22,1,1,5.97,96.1,1,5.0,1,1,1,2,80.2,1
16211,20,2,6,4.29,79.4,1,9.8,1,2,0,1,57.6,1
16212,17,0,2,4.21,90.3,1,6.0,1,3,1,2,63.8,1
16213,23,1,2,0.4,89.4,1,4.3,1,3,1,0,25.2,1
16214,19,1,3,3.69,77.3,1,7.7,2,3,2,2,54.9,1
16215,24,0,1,4.86,96.4,1,5.5,0,4,0,1,68.5,1
16216,23,0,0,2.24,67.0,0,5.7,0,1,1,0,19.599,-1
16217,18,2,4,1.91,87.1,1,7.1,2,3,0,0,45.1,1
16218,21,0,3,4.4,52.2,1,4.3,1,2,0,2,54.3,1
16219,19,0,6,7.3,96.5,1,6.6,2,2,2,0,89.3,1
16220,21,2,3,0.93,83.8,1,8.4,2,1,1,0,32.9,1
16221,21,0,6,2.47,56.3,0,8.0,1,0,0,2,68.2,1
16222,19,2,1,0.47,75.2,1,9.0,0,1,2,0,50.8,1
16223,22,0,1,2.6,41.3,1,4.3,1,2,1,0,57.4,1
16224,19,2,0,5.56,71.6,1,6.7,0,0,0,0,84.6,1
16225,24,0,2,2.55,85.7,1,8.4,0,1,1,0,60.9,1
16226,24,2,2,3.19,61.9,1,6.4,1,4,2,2,53.2,1
16227,18,2,0,7.48,84.4,0,5.3,0,1,2,2,75.5,1
16228,22,0,3,2.78,83.8,1,4.1,1,4,1,2,58.7,1
16229,24,1,1,4.32,96.1,0,4.2,2,2,1,2,63.2,1
16230,18,1,1,7.47,97.6,1,5.1,2,0,1,2,88.0,1
16231,22,1,2,4.07,52.5,1,9.4,2,4,1,1,47.3,1
16232,24,1,2,1.36,59.4,1,7.5,0,0,1,2,43.4,1
16233,18,0,6,1.14,53.5,1,5.8,0,1,2,0,30.2,1
16234,21,1,2,7.19,63.4,1,8.2,0,0,1,0,83.3,1
16235,23,1,4,7.09,42.4,1,7.0,1,1,2,0,66.3,1
16236,19,1,5,2.01,68.9,1,8.2,1,2,1,0,67.1,1
16237,18,1,1,4.99,93.2,1,5.6,0,1,1,2,71.4,1
16238,20,0,1,1.33,83.5,1,7.8,1,3,0,2,30.9,1
16239,19,2,0,1.85,73.9,0,9.6,1,1,2,0,70.8,1
16240,22,2,4,7.37,55.0,1,8.4,2,2,0,2,93.7,1
16241,19,2,2,3.21,54.8,0,5.4,2,0,1,0,45.7,1
16242,20,2,5,1.67,44.9,1,8.9,1,4,0,1,44.4,1
16243,24,2,0,4.19,45.0,1,5.2,1,4,2,2,65.9,1
16244,21,1,3,6.81,85.9,1,6.0,0,1,0,0,98.8,1
16245,24,1,6,6.66,96.5,1,5.5,1,1,1,2,68.4,1
16246,22,0,2,5.3,90.8,1,9.7,2,4,0,2,85.1,1
16247,24,1,6,6.51,96.2,0,5.6,1,3,2,2,98.9,1
16248,18,1,4,6.24,45.0,1,7.8,1,3,2,1,64.7,1
16249,24,2,0,7.71,61.3,1,8.0,0,0,2,0,80.9,1
16250,24,0,2,5.25,54.3,1,4.1,2,2,0,2,67.0,1
16251,17,2,2,4.78,45.9,1,6.0,0,3,1,2,71.1,1
16252,19,0,5,7.25,54.2,1,5.9,1,3,2,2,91.4,1
16253,20,0,0,2.89,78.5,1,7.1,0,2,2,0,68.0,1
16254,20,1,5,3.94,69.0,0,4.8,1,1,1,2,56.9,1
16255,23,1,5,6.87,94.5,1,4.7,2,2,2,0,81.9,1
16256,22,1,0,7.83,48.0,0,4.8,1,1,2,2,77.6,1
16257,18,2,0,3.37,81.0,1,5.9,0,1,2,1,56.7,1
16258,21,2,1,4.72,75.3,1,5.1,2,4,0,0,55.0,1
16259,24,1,4,6.7,84.4,1,4.8,0,4,0,2,88.0,1
16260,20,0,4,4.15,68.1,1,7.4,0,3,2,1,47.3,1
16261,24,0,0,3.24,42.1,1,5.5,0,1,1,2,48.9,1
16262,22,0,3,0.52,63.5,1,4.4,2,0,2,1,32.0,1
16263,24,1,3,1.7,52.7,1,8.6,0,3,1,2,43.5,1
16264,24,1,1,2.65,58.5,1,4.5,1,1,0,2,46.7,1
16265,17,1,3,3.21,53.5,1,9.2,0,0,1,2,41.6,1
16266,23,1,5,6.21,78.0,1,5.6,1,3,1,1,89.6,1
16267,18,1,6,1.33,95.4,1,9.9,2,3,0,2,66.3,1
16268,23,0,0,0.58,48.8,1,6.7,0,2,1,0,28.4,1
16269,23,2,1,4.7,63.3,1,7.7,2,3,0,2,82.6,1
16270,19,2,6,0.08,57.2,0,5.9,2,1,0,0,46.7,1
16271,17,0,6,7.45,46.9,1,4.3,0,1,1,2,71.4,1
16272,20,1,5,2.05,64.0,1,8.9,1,4,2,2,38.6,1
16273,19,0,0,6.67,87.8,1,5.9,0,3,1,0,63.2,1
16274,21,1,1,3.04,56.5,1,7.4,2,0,0,0,59.9,1
16275,17,1,4,7.91,55.6,0,8.7,2,1,1,2,83.8,1
16276,17,2,1,4.01,95.7,1,4.6,1,3,2,2,87.6,1
16277,20,0,5,7.7,78.8,1,4.8,0,4,1,0,79.6,1
16278,23,0,0,3.75,57.0,1,6.2,2,0,1,0,61.1,1
16279,19,0,0,5.71,41.9,1,6.8,1,3,2,2,77.2,1
16280,19,1,5,0.51,99.4,1,9.6,2,0,0,2,44.7,1
16281,18,0,0,3.56,98.6,1,6.1,2,3,1,0,51.3,1
16282,19,0,2,2.17,80.1,0,8.8,1,3,1,0,60.6,1
16283,19,2,5,6.35,47.5,1,5.7,2,1,2,0,66.1,1
16284,19,0,0,4.26,83.4,1,7.2,2,1,0,2,55.8,1
16285,19,1,4,5.12,67.2,1,6.2,1,0,1,2,81.6,1
16286,19,2,4,2.03,42.8,1,9.3,1,1,2,2,56.2,1
16287,22,1,2,0.93,47.9,1,6.5,2,2,0,1,38.4,1
16288,19,1,2,5.44,42.5,1,7.4,1,2,0,0,79.3,1
16289,23,0,5,3.54,46.9,1,9.2,0,4,1,2,51.0,1
16290,21,2,2,3.34,73.3,1,9.5,2,3,0,0,64.9,1
16291,22,1,0,7.71,84.1,1,7.9,1,4,2,1,90.3,1
16292,21,1,5,0.95,98.7,1,6.3,0,4,1,2,38.2,1
16293,24,1,1,5.15,99.1,1,9.7,0,4,2,0,78.1,1
16294,19,2,3,0.48,88.8,0,9.4,2,1,0,2,52.4,1
16295,24,2,2,5.48,42.9,1,6.1,0,0,1,1,41.9,1
16296,18,2,3,4.48,67.1,1,7.3,1,3,0,1,59.8,1
16297,18,1,4,5.82,42.9,1,5.7,1,4,2,1,55.9,1
16298,23,2,1,6.01,78.2,1,6.2,1,2,0,2,71.7,1
16299,24,1,1,1.06,49.4,1,7.7,0,1,2,0,36.8,1
16300,17,2,3,2.2,79.4,1,6.6,2,4,2,1,22.3,1
16301,21,2,5,2.02,55.2,1,5.6,1,0,1,0,54.8,1
16302,21,2,3,4.86,79.1,1,7.2,1,2,1,2,70.2,1
16303,18,2,4,2.07,83.9,1,5.6,2,3,1,0,44.1,1
16304,21,1,0,4.13,57.3,1,8.1,1,1,0,2,79.3,1
16305,22,0,2,3.54,99.4,1,8.7,2,3,1,2,69.0,1
16306,21,1,6,4.69,53.8,1,6.9,0,0,2,1,55.2,1
16307,21,0,5,2.81,45.8,1,6.4,0,1,2,0,35.2,1
16308,24,0,2,7.4,75.0,1,8.0,1,0,1,1,85.3,1
16309,18,2,1,7.72,64.7,1,6.4,1,2,2,2,100.0,1
16310,21,0,0,2.81,89.8,0,9.9,0,0,0,2,59.8,1
16311,19,2,2,7.31,71.0,1,9.0,2,4,1,2,70.1,1
16312,24,1,6,6.34,55.3,1,7.1,0,1,2,0,81.1,1
16313,19,1,1,1.81,71.5,1,6.9,0,1,2,0,47.4,1
16314,23,2,1,4.5,91.8,1,7.1,2,4,0,2,66.0,1
16315,22,1,0,3.02,54.2,1,7.1,0,0,0,2,75.8,1
16316,18,2,6,6.41,47.3,0,4.6,2,1,0,0,45.3,-1
16317,23,0,1,7.15,92.4,1,6.4,0,4,1,2,85.9,1
16318,18,2,0,4.98,91.7,1,5.5,1,3,2,0,68.7,1
16319,19,0,4,5.04,91.0,1,6.5,2,1,2,1,71.0,1
16320,19,0,1,5.77,56.4,1,5.8,2,0,1,0,75.1,1
16321,22,2,2,3.96,87.8,0,9.5,1,1,1,1,65.8,1
16322,20,2,2,3.77,55.4,0,4.9,0,4,0,1,52.1,1
16323,21,1,1,4.51,77.2,1,9.2,0,0,1,0,84.5,1
16324,21,2,0,6.55,47.3,1,7.1,2,2,2,2,50.5,1
16325,18,0,6,5.18,65.2,1,8.4,2,0,1,2,74.9,1
16326,18,2,6,1.15,94.4,1,9.1,2,1,2,0,44.8,1
16327,19,0,3,1.12,41.2,1,5.9,2,4,1,2,30.4,1
16328,18,2,6,3.33,49.2,0,5.0,2,0,1,2,43.8,1
16329,24,0,2,5.27,78.4,1,9.4,2,1,0,0,68.8,1
16330,20,1,3,3.13,87.7,1,5.4,1,4,0,2,68.2,1
16331,20,2,3,3.05,66.2,0,5.5,2,3,1,0,53.7,1
16332,22,1,2,7.16,85.7,1,6.8,0,1,1,0,76.8,1
16333,23,0,3,6.95,98.4,1,4.8,1,2,0,0,92.3,1
16334,22,2,3,3.81,81.7,1,6.0,1,1,2,0,79.3,1
16335,21,2,5,5.75,66.6,0,7.2,1,0,1,2,78.6,1
16336,24,2,0,3.62,77.8,1,9.2,0,0,1,1,65.2,1
16337,24,0,3,4.83,58.4,1,4.4,2,4,0,1,52.0,1
16338,18,2,1,2.2,45.7,1,9.5,1,1,1,0,55.9,1
16339,18,1,3,3.98,48.7,1,6.9,2,4,0,2,58.1,1
16340,20,2,2,5.14,66.3,0,8.9,1,0,1,1,68.9,1
16341,23,1,3,3.53,57.0,1,9.2,1,0,2,0,64.3,1
16342,24,2,0,6.08,42.7,1,7.1,2,1,2,1,68.0,1
16343,22,0,1,2.14,62.7,1,9.3,0,1,2,2,55.7,1
16344,22,2,0,0.1,91.1,1,4.9,0,2,0,2,23.7,1
16345,18,0,6,7.31,44.9,1,9.3,1,3,1,2,77.7,1
16346,21,2,4,2.89,94.1,1,9.1,0,2,2,2,67.4,1
16347,18,2,5,2.02,49.6,1,7.4,0,0,2,0,61.2,1
16348,21,2,0,3.81,67.5,0,7.8,0,2,0,0,83.1,1
16349,18,1,0,1.99,93.5,0,8.5,1,1,2,1,60.7,1
16350,17,0,2,5.87,44.6,1,9.9,1,0,0,2,100.0,1
16351,24,0,4,2.45,75.1,1,6.5,0,0,0,0,46.7,1
16352,24,1,2,7.91,85.1,1,6.8,0,3,2,0,87.0,1
16353,22,1,6,2.21,74.6,1,6.0,2,4,1,0,39.4,1
16354,22,1,4,2.89,42.5,1,5.2,0,4,1,0,42.9,1
16355,18,2,3,4.31,72.8,1,5.7,0,2,0,0,78.3,1
16356,21,0,4,0.08,48.9,1,8.1,1,4,0,0,49.9,1
16357,22,2,6,0.08,64.3,1,4.2,2,0,2,1,41.6,1
16358,21,2,1,1.87,53.5,1,8.2,2,0,0,0,54.4,1
16359,19,1,5,0.65,85.4,0,9.7,1,1,2,2,53.4,1
16360,20,2,6,6.08,88.4,1,5.5,2,2,0,1,68.0,1
16361,23,1,4,6.97,52.4,0,5.6,0,0,2,2,75.8,1
16362,19,0,4,3.31,78.5,1,9.4,0,4,0,2,63.8,1
16363,24,2,3,4.13,88.4,1,9.8,0,3,0,2,62.2,1
16364,23,1,1,4.9,66.2,1,8.5,0,1,2,1,75.1,1
16365,24,2,6,0.76,95.0,1,5.3,2,4,1,2,29.2,1
16366,21,0,0,3.76,53.1,1,7.0,1,3,0,2,67.4,1
16367,18,1,0,7.67,47.6,1,9.0,0,0,0,2,93.7,1
16368,17,2,6,1.66,49.2,1,7.6,0,3,0,2,31.4,1
16369,21,1,2,0.67,94.8,1,5.3,1,0,2,0,50.4,1
16370,20,0,0,2.24,77.2,0,4.2,1,1,2,0,47.2,1
16371,17,0,3,4.38,47.0,0,6.4,2,3,2,0,43.4,1
16372,24,1,1,6.95,63.3,1,8.8,0,1,1,2,89.5,1
16373,24,0,4,2.84,58.4,1,4.2,2,1,2,0,43.0,1
16374,19,0,3,2.76,92.6,1,6.2,2,4,0,0,50.1,1
16375,22,1,1,2.74,61.3,1,8.8,2,4,0,2,57.1,1
16376,20,0,1,6.73,45.1,1,8.3,0,4,2,1,83.9,1
16377,20,1,0,3.75,40.7,0,4.1,0,3,2,2,38.8,-1
16378,21,0,5,2.65,74.3,1,7.9,1,1,1,1,56.1,1
16379,20,1,3,1.42,49.1,1,4.2,0,3,2,2,26.8,1
16380,23,2,5,1.0,99.4,0,8.9,2,1,0,2,61.1,1
16381,18,2,5,7.79,94.4,1,4.1,2,4,1,2,81.7,1
16382,22,2,5,3.89,71.2,1,4.4,0,0,2,0,67.5,1
16383,24,2,5,0.58,82.0,1,6.7,0,3,1,2,40.2,1
16384,23,1,4,7.25,51.9,0,4.5,0,4,1,1,52.1,-1
16385,17,0,0,7.63,41.2,0,8.5,0,4,0,0,61.7,-1
16386,17,1,4,1.9,41.6,0,8.5,1,1,2,1,45.5,-1
16387,22,1,6,2.53,74.0,0,4.1,0,1,0,2,41.8,1
16388,24,0,0,7.68,50.2,1,6.9,2,0,2,2,81.3,1
16389,23,0,3,0.13,82.9,0,5.5,1,2,2,2,33.7,1
16390,24,1,6,2.59,82.1,1,7.7,2,2,0,2,54.5,1
16391,18,1,4,3.44,97.7,1,4.6,1,0,1,2,68.1,1
16392,21,0,1,6.16,86.3,1,9.3,0,2,2,2,61.2,1
16393,22,1,0,2.94,73.8,1,7.7,2,0,1,0,47.2,1
16394,21,1,1,2.71,60.7,1,9.9,1,2,1,2,61.0,1
16395,23,0,3,5.84,97.5,1,4.8,1,0,2,2,100.0,1
16396,18,1,6,6.79,51.2,1,4.4,0,4,2,2,80.3,1
16397,20,2,5,0.75,52.0,1,5.2,2,4,2,0,27.8,1
16398,20,2,6,1.14,77.8,1,9.8,1,1,1,2,54.8,1
16399,24,2,5,5.28,99.2,1,8.0,0,3,2,0,88.4,1
16400,18,1,3,2.51,45.0,1,4.1,2,1,2,2,23.7,1
16401,19,0,4,5.35,99.4,1,9.3,1,0,1,1,77.7,1
16402,17,2,3,1.39,63.5,1,7.6,2,4,0,1,32.0,1
16403,18,0,2,6.43,78.3,1,5.1,1,4,2,0,74.7,1
16404,24,1,2,2.57,81.1,1,6.3,1,0,1,2,69.5,1
16405,23,2,3,2.68,73.4,1,8.4,0,3,2,2,43.5,1
16406,19,1,4,1.43,95.1,1,7.6,0,1,1,2,55.5,1
16407,22,2,1,1.69,59.4,1,5.0,2,3,0,0,35.4,1
16408,21,1,2,4.79,84.1,0,4.3,1,1,2,0,61.3,1
16409,24,2,2,4.65,72.6,1,5.5,2,4,2,2,67.3,1
16410,19,1,0,6.6,86.0,1,8.0,1,3,2,2,96.9,1
16411,24,2,6,5.04,91.9,1,5.4,1,3,0,1,84.1,1
16412,19,0,0,3.42,63.5,1,5.7,0,0,1,0,70.5,1
16413,22,1,6,6.43,40.6,1,8.8,2,1,1,2,59.1,1
16414,20,2,6,0.13,87.3,1,9.9,2,2,2,0,44.1,1
16415,22,2,6,5.61,48.0,1,4.5,0,0,2,2,64.1,1
16416,19,2,6,4.35,56.9,0,8.8,1,4,0,2,56.5,1
16417,23,0,1,1.77,74.5,0,7.2,2,0,1,2,47.2,1
16418,22,1,6,5.1,51.3,1,6.9,0,0,2,2,66.1,1
16419,19,1,6,7.89,91.3,1,5.4,1,1,1,2,83.8,1
16420,24,1,5,2.77,57.0,0,9.9,1,0,1,0,52.8,1
16421,22,1,1,5.11,59.8,1,5.3,1,0,1,0,77.7,1
16422,20,1,0,3.51,83.4,1,9.9,0,2,0,2,79.3,1
16423,18,0,4,3.14,47.0,0,8.2,1,3,1,2,55.8,1
16424,24,2,2,2.46,79.6,1,9.1,1,2,2,0,57.7,1
16425,23,0,5,1.83,41.6,1,6.0,0,2,0,0,52.5,1
16426,22,1,0,1.88,81.4,1,6.7,0,2,0,2,63.2,1
16427,23,0,2,6.19,63.8,1,9.0,2,3,0,0,66.5,1
16428,21,1,0,2.59,85.8,1,9.5,0,3,1,0,58.4,1
16429,18,0,0,4.24,43.1,1,6.0,1,4,0,0,38.0,1
16430,18,2,4,1.71,94.6,1,6.5,0,2,0,1,77.8,1
16431,17,1,4,1.7,60.9,1,4.4,1,0,0,2,57.5,1
16432,17,2,0,4.7,63.3,1,8.4,1,2,1,2,58.8,1
16433,22,1,4,4.66,50.3,1,8.5,2,1,1,2,60.2,1
16434,23,2,6,4.04,47.7,1,8.4,2,4,0,2,39.8,1
16435,18,1,0,5.55,43.3,0,4.7,2,1,2,0,54.1,1
16436,21,1,0,5.1,46.4,1,4.1,1,4,1,1,58.1,1
16437,17,0,2,1.6,73.3,1,8.3,0,4,0,1,57.7,1
16438,20,0,0,0.44,83.7,1,5.1,0,0,1,1,41.8,1
16439,23,0,1,2.16,46.1,1,7.3,2,0,1,2,38.5,1
16440,23,1,5,3.45,47.7,0,6.5,1,2,2,2,70.1,1
16441,24,2,2,1.67,45.4,0,6.8,2,2,1,2,34.8,1
16442,19,2,4,3.86,69.3,1,8.2,2,4,0,0,64.8,1
16443,24,2,5,0.29,53.3,1,9.4,0,3,0,2,30.0,1
16444,23,2,1,3.82,48.8,1,7.5,2,3,0,2,53.5,1
16445,19,2,2,2.81,65.2,1,8.4,0,1,2,2,52.3,1
16446,19,1,4,7.67,75.5,1,9.9,2,0,1,0,71.3,1
16447,17,0,4,7.01,50.7,1,6.4,1,3,0,0,73.6,1
16448,24,2,3,7.61,86.6,1,8.2,0,0,1,0,92.4,1
16449,18,1,6,5.27,75.8,1,7.5,0,3,2,2,77.0,1
16450,19,0,2,7.78,85.6,1,4.3,1,2,1,1,69.1,1
16451,20,1,1,1.52,59.8,1,5.1,2,1,2,1,45.7,1
16452,18,2,3,4.26,63.6,1,6.8,1,4,2,0,85.0,1
16453,23,2,3,5.95,98.8,0,6.4,0,1,1,1,80.0,1
16454,22,1,6,3.86,76.3,1,4.4,1,2,1,0,56.0,1
16455,18,2,4,1.71,49.1,1,8.9,0,4,1,2,31.8,1
16456,18,0,1,5.23,82.9,1,5.2,2,1,0,2,53.9,1
16457,17,2,5,7.77,84.6,1,5.8,0,3,1,2,77.3,1
16458,24,1,0,4.19,97.9,1,7.2,1,4,0,0,60.8,1
16459,20,1,6,1.98,72.8,0,4.2,2,4,1,2,32.5,1
16460,22,2,1,0.32,75.4,1,4.5,0,0,1,2,74.7,1
16461,18,2,5,0.83,58.3,1,8.3,0,4,1,2,40.9,1
16462,18,1,3,6.22,73.4,1,6.3,0,1,1,2,63.9,1
16463,21,1,3,3.88,42.3,1,7.6,0,4,1,0,26.3,1
16464,18,0,6,1.67,89.4,1,6.9,0,1,2,0,49.1,1
16465,21,1,1,6.88,81.7,0,7.7,2,4,2,1,85.1,1
16466,24,2,0,3.49,81.0,1,8.4,0,2,0,2,71.0,1
16467,19,2,1,6.37,80.8,1,4.1,0,3,0,2,83.9,1
16468,21,2,5,6.49,53.0,1,8.6,0,4,2,1,86.2,1
16469,24,0,5,5.74,42.6,1,9.2,1,0,1,2,82.3,1
16470,24,0,5,7.78,71.7,1,8.4,2,4,1,0,79.0,1
16471,17,0,1,7.18,72.4,0,6.3,1,1,0,2,85.7,1
16472,17,2,1,1.0,91.2,0,5.0,0,2,1,2,35.6,-1
16473,24,0,0,2.75,80.7,1,9.5,2,2,1,0,59.9,1
16474,24,0,5,7.63,59.7,1,6.3,1,4,1,2,88.1,1
16475,19,0,5,5.24,71.1,1,7.8,0,1,2,0,52.3,1
16476,21,0,6,3.55,71.9,1,9.3,2,0,0,2,80.1,1
16477,21,2,5,6.9,82.0,1,5.0,1,0,2,1,100.0,1
16478,22,0,6,5.11,85.2,1,5.0,2,0,1,0,54.6,1
16479,23,2,1,2.96,77.0,1,4.1,2,0,1,1,50.6,1
16480,19,1,4,2.17,91.3,1,9.8,2,4,1,2,53.9,1
16481,24,0,3,6.81,59.2,1,8.0,1,3,2,1,76.4,1
16482,17,0,1,6.77,89.2,0,9.1,0,3,2,0,100.0,-1
16483,17,2,6,7.35,42.1,1,7.7,0,0,0,2,97.4,1
16484,24,1,2,6.28,90.1,1,8.5,1,2,2,0,87.0,1
16485,18,1,5,1.48,58.6,1,8.5,1,3,0,1,46.1,1
16486,24,0,1,3.11,81.7,1,4.6,2,1,1,2,51.0,1
16487,19,2,1,2.62,82.7,1,4.7,2,0,1,1,56.9,1
16488,19,0,4,2.06,62.6,1,5.2,0,0,1,2,39.6,1
16489,17,0,3,6.36,53.8,1,4.7,1,1,2,1,64.2,1
16490,24,1,0,1.0,85.2,0,5.0,0,3,0,2,35.2,1
16491,19,2,6,3.83,58.4,1,8.9,0,1,0,2,62.4,1
16492,18,2,4,6.93,59.4,1,7.0,0,4,2,2,66.9,1
16493,20,1,4,6.31,78.7,1,5.0,1,0,2,2,77.1,1
16494,18,2,5,2.14,81.5,0,9.5,0,1,1,2,53.9,1
16495,23,1,5,0.28,40.6,1,6.8,2,0,2,1,45.4,1
16496,17,0,1,3.31,70.1,1,9.6,2,1,0,0,43.3,1
16497,20,2,3,4.75,89.4,1,4.9,2,2,0,0,68.6,1
16498,20,2,6,6.84,64.2,0,4.1,0,4,1,2,59.9,1
16499,17,1,5,4.23,61.1,1,9.2,0,1,2,2,58.2,1
16500,17,1,2,2.13,77.2,1,5.8,2,3,2,0,49.0,1
16501,21,2,1,5.53,51.5,1,7.3,0,4,0,2,59.5,1
16502,20,1,1,3.21,95.5,1,6.2,1,3,0,2,68.6,1
16503,18,2,3,6.6,54.0,1,9.7,2,4,2,2,65.9,1
16504,18,1,5,0.19,81.7,1,4.3,2,0,2,0,48.6,1
16505,23,1,3,3.35,80.6,1,6.1,1,0,0,0,68.1,1
16506,22,0,1,3.38,82.8,1,7.3,0,0,2,2,74.7,1
16507,21,2,3,4.7,90.4,1,9.9,1,1,2,0,87.3,1
16508,23,1,1,2.87,71.4,1,4.6,2,1,0,2,54.8,1
16509,17,2,4,3.22,94.2,0,4.1,0,2,2,2,50.9,-1
16510,22,2,6,5.88,76.7,1,8.6,0,1,1,0,75.2,1
16511,23,1,4,1.37,97.8,1,5.8,2,1,0,0,56.0,1
16512,18,1,6,1.91,45.5,1,6.2,2,3,2,1,25.9,1
16513,21,0,3,0.82,90.6,1,8.9,1,3,1,2,60.4,1
16514,23,0,5,2.06,77.7,1,6.3,0,3,2,0,52.8,1
16515,21,1,6,4.04,93.3,1,8.1,2,2,0,0,74.0,1
16516,18,0,1,1.51,61.0,1,5.4,2,3,1,0,31.0,1
16517,22,2,4,0.59,79.2,1,8.3,1,2,1,2,54.2,1
16518,23,1,1,7.91,70.8,1,7.9,2,3,2,1,72.6,1
16519,17,1,2,3.64,85.6,1,7.8,2,3,0,2,57.8,1
16520,21,2,1,6.65,79.5,1,8.4,2,0,2,1,89.1,1
16521,21,0,2,5.91,93.6,1,6.9,2,1,1,1,81.6,1
16522,19,2,1,1.32,65.8,1,5.2,1,2,0,1,51.6,1
16523,17,0,2,4.1,74.9,1,7.0,1,3,2,2,59.5,1
16524,17,2,6,4.54,91.0,0,4.3,0,1,1,2,64.1,-1
16525,23,2,3,1.26,73.4,1,8.9,0,0,2,2,63.6,1
16526,23,0,1,0.9,65.6,0,9.2,0,1,0,2,52.4,1
16527,20,0,0,2.11,68.0,1,4.5,2,1,0,1,58.4,1
16528,24,0,5,2.09,86.3,1,7.4,2,4,2,0,57.7,1
16529,24,1,4,2.22,96.4,1,5.9,1,1,0,2,76.6,1
16530,22,0,2,2.02,52.2,1,6.1,1,0,1,2,54.5,1
16531,21,0,1,4.37,55.0,1,5.3,2,3,0,2,56.0,1
16532,24,2,3,2.36,51.6,1,6.4,0,0,2,2,35.1,1
16533,21,2,6,6.17,51.3,1,9.2,2,4,0,2,68.6,1
16534,24,0,2,0.42,43.7,1,7.8,1,4,1,2,34.9,1
16535,24,2,6,4.97,87.9,1,9.9,1,3,2,1,74.1,1
16536,18,0,2,6.18,60.4,1,6.4,2,3,2,1,58.3,1
16537,22,0,3,3.5,65.5,0,8.5,0,2,1,2,58.1,1
16538,22,1,1,2.55,91.9,1,4.8,1,4,0,0,48.6,1
16539,23,1,0,2.42,95.0,1,6.1,0,2,0,0,77.3,1
16540,19,2,6,2.62,72.7,1,7.4,1,4,0,0,42.9,1
16541,23,1,1,0.94,45.8,1,7.3,2,2,1,0,19.599,1
16542,20,1,4,4.65,67.4,1,6.9,0,0,1,2,71.9,1
16543,20,1,0,4.99,94.8,1,9.4,2,1,1,0,85.6,1
16544,18,2,4,3.12,94.1,1,7.2,1,3,0,2,80.1,1
16545,19,1,2,7.65,59.5,1,9.4,2,0,0,0,100.0,1
16546,24,1,0,7.29,98.3,1,4.1,1,4,2,0,90.4,1
16547,22,0,6,2.38,59.5,1,9.1,1,2,1,0,52.0,1
16548,22,0,5,5.86,88.9,1,4.8,2,1,1,0,56.8,1
16549,24,2,6,0.93,96.2,1,7.5,2,0,1,1,54.1,1
16550,19,1,4,6.06,47.8,1,8.0,0,3,2,0,81.3,1
16551,22,0,1,5.89,57.5,1,9.5,2,2,0,2,59.9,1
16552,19,1,3,2.85,73.7,1,5.8,2,0,0,0,63.9,1
16553,23,1,6,3.1,62.1,1,5.5,0,1,1,2,48.3,1
16554,20,1,4,4.69,98.8,1,9.3,1,2,2,0,100.0,1
16555,23,1,3,2.24,64.2,1,6.1,1,2,0,0,66.0,1
16556,22,2,6,4.58,90.3,1,8.4,1,2,1,2,78.8,1
16557,23,2,2,7.1,51.9,1,4.4,0,4,2,2,78.8,1
16558,24,1,6,3.56,99.0,1,4.3,2,4,0,0,57.3,1
16559,23,0,2,1.63,83.8,1,8.7,1,4,2,0,71.4,1
16560,19,1,6,4.46,40.8,1,4.1,1,4,1,0,31.7,1
16561,21,2,5,5.22,50.3,1,6.0,0,4,1,1,48.4,1
16562,20,1,3,4.21,46.1,1,5.1,1,1,0,0,59.8,1
16563,17,0,3,0.19,75.5,0,7.8,2,1,1,1,50.5,1
16564,21,1,2,5.35,90.0,1,5.8,0,0,0,0,74.1,1
16565,20,0,0,0.3,87.1,1,5.6,2,4,1,2,38.9,1
16566,20,2,1,3.34,74.7,1,9.2,1,1,1,0,65.7,1
16567,17,0,4,3.32,77.0,1,4.1,2,4,0,2,39.9,1
16568,21,0,1,6.77,96.6,1,5.2,0,1,0,0,84.9,1
16569,21,2,5,6.9,67.1,1,7.7,2,2,1,2,78.0,1
16570,17,2,0,6.2,85.0,0,4.5,0,3,0,0,73.3,1
16571,22,1,5,6.56,45.8,1,8.4,2,2,0,0,75.0,1
16572,18,0,0,1.75,45.1,1,8.9,0,1,2,0,43.8,1
16573,18,0,5,5.73,50.3,1,9.7,0,0,1,0,73.5,1
16574,20,0,4,5.99,97.5,1,9.0,0,3,0,2,97.7,1
16575,20,0,6,6.22,85.6,1,8.7,1,1,0,0,71.9,1
16576,24,2,3,6.36,94.7,0,4.9,2,2,1,0,56.1,1
16577,17,2,0,1.31,60.4,1,4.2,2,2,1,2,19.599,1
16578,19,1,4,2.06,50.0,0,7.0,1,4,1,1,39.9,1
16579,22,2,2,6.27,43.6,1,8.5,2,4,0,2,58.8,1
16580,18,2,6,1.18,66.3,0,4.5,2,2,0,2,44.5,1
16581,24,0,4,0.99,98.3,1,9.6,2,0,1,2,54.1,1
16582,22,0,2,7.82,42.5,1,7.4,2,4,1,0,55.6,1
16583,24,1,1,7.74,95.6,1,5.5,0,3,0,1,100.0,1
16584,24,0,2,2.69,56.6,1,8.8,0,2,0,1,60.3,1
16585,17,1,4,0.08,43.4,1,4.9,1,3,1,2,19.599,1
16586,20,2,4,3.19,50.4,1,4.1,1,0,2,0,54.6,1
16587,22,1,1,0.21,45.9,1,5.7,0,1,2,2,28.3,1
16588,17,0,3,1.15,80.8,0,7.8,1,3,1,2,74.2,1
16589,20,0,3,1.79,97.3,0,8.2,1,3,2,1,67.2,1
16590,22,2,3,6.71,99.3,1,5.8,2,1,1,0,64.3,1
16591,23,2,4,3.0,44.3,1,4.1,1,4,2,0,55.5,1
16592,20,2,5,0.08,72.8,1,7.6,1,0,1,0,56.5,1
16593,23,1,6,5.1,66.1,1,7.0,2,0,1,2,76.0,1
16594,22,1,1,0.57,56.8,0,6.8,2,3,1,2,19.599,-1
16595,17,0,6,7.15,72.3,1,7.5,2,3,0,0,74.3,1
16596,19,0,4,1.96,54.7,1,6.2,2,1,2,2,23.2,1
16597,24,1,1,1.9,54.4,1,9.5,1,4,2,2,60.6,1
16598,17,2,6,3.18,97.3,1,9.3,1,1,2,2,66.7,1
16599,17,1,0,0.86,84.9,1,7.3,0,0,2,1,31.1,1
16600,19,1,3,0.19,85.9,1,5.9,2,4,0,2,51.2,1
16601,24,2,6,7.31,70.7,1,5.2,2,2,1,1,80.3,1
16602,22,2,4,6.91,65.5,1,7.2,0,1,0,1,71.8,1
16603,18,0,1,7.33,63.0,1,8.4,0,1,2,2,83.9,1
16604,20,1,2,5.41,48.2,0,7.0,2,3,1,1,56.1,1
16605,24,1,5,0.1,98.4,1,9.7,0,3,0,2,47.5,1
16606,18,1,0,7.79,80.5,1,5.8,0,2,1,0,100.0,1
16607,21,0,2,5.67,70.5,1,5.2,2,2,0,0,78.5,1
16608,20,0,2,3.32,77.8,1,7.8,2,4,1,2,41.2,1
16609,23,0,6,5.86,99.4,1,6.1,2,3,2,0,66.8,1
16610,23,2,4,4.54,55.0,1,6.6,2,4,0,2,53.9,1
16611,23,2,3,5.37,92.7,1,8.9,2,1,0,2,72.9,1
16612,17,2,4,6.59,46.0,0,5.5,1,3,1,0,67.3,1
16613,20,1,0,7.49,40.6,1,7.5,0,4,0,2,66.2,1
16614,22,0,6,6.37,94.7,1,9.4,1,0,2,1,100.0,1
16615,20,1,4,7.17,45.2,1,5.3,1,4,2,2,71.2,1
16616,22,1,4,4.54,81.2,1,8.3,0,2,1,2,62.1,1
16617,22,2,6,2.71,68.7,1,6.8,1,0,0,1,78.5,1
16618,19,0,2,5.36,64.7,1,6.3,0,1,2,2,64.1,1
16619,17,2,0,4.45,99.4,1,5.8,1,2,1,2,87.6,1
16620,24,1,5,0.45,59.4,1,5.9,1,4,1,0,24.2,1
16621,23,2,2,4.61,45.6,1,8.2,0,0,1,0,75.0,1
16622,24,1,0,3.34,54.7,1,7.8,0,4,0,2,54.4,1
16623,19,1,1,2.96,97.8,1,4.1,2,3,2,2,55.7,1
16624,19,1,4,5.8,96.1,1,7.5,0,0,2,2,100.0,1
16625,19,1,5,7.08,57.5,1,7.9,1,0,1,2,66.1,1
16626,17,0,1,1.58,72.8,1,7.8,1,1,2,0,66.5,1
16627,18,1,4,6.36,75.5,1,7.2,2,1,1,1,89.3,1
16628,19,1,5,1.36,98.8,1,5.0,0,1,1,2,30.3,1
16629,24,2,6,4.61,77.4,1,6.7,1,0,2,0,86.9,1
16630,18,1,6,6.79,91.0,1,5.5,1,3,0,1,77.2,1
16631,21,0,3,7.25,48.7,1,5.5,2,4,0,0,67.7,1
16632,21,2,2,2.47,69.6,1,7.6,1,0,0,0,73.5,1
16633,19,0,5,6.55,85.8,0,5.0,1,1,0,1,94.5,1
16634,24,1,3,7.03,42.5,0,6.2,1,1,1,2,65.1,1
16635,17,1,3,1.38,65.9,1,8.4,0,1,1,2,31.4,1
16636,23,2,3,3.08,96.7,1,8.6,1,0,0,1,100.0,1
16637,22,2,4,6.21,86.8,1,9.3,1,3,0,1,69.0,1
16638,19,0,0,0.12,48.3,1,8.9,1,1,1,0,32.7,1
16639,23,2,0,5.01,69.4,1,4.9,1,2,0,0,78.1,1
16640,20,1,0,3.32,67.6,1,5.6,1,0,2,0,70.9,1
16641,24,1,3,4.14,47.2,0,6.6,2,0,2,1,73.8,1
16642,17,2,4,3.35,58.5,1,9.1,0,4,2,2,39.9,1
16643,17,2,2,1.56,50.8,1,4.1,0,1,2,2,33.0,1
16644,21,0,0,2.79,99.3,1,8.7,0,0,2,2,70.3,1
16645,24,0,5,6.89,70.3,1,9.1,2,2,2,1,79.3,1
16646,17,2,2,4.89,49.2,1,7.4,0,1,1,2,62.0,1
16647,23,0,5,3.82,68.0,1,4.3,2,0,2,1,86.6,1
16648,24,0,5,5.65,45.4,1,7.3,2,1,2,0,66.0,1
16649,20,0,0,1.47,90.5,1,5.8,2,2,2,2,61.3,1
16650,23,0,4,0.67,78.4,0,5.9,1,3,0,0,60.2,1
16651,23,0,3,4.39,71.3,1,6.2,0,1,1,0,74.1,1
16652,18,0,1,0.09,83.8,1,4.3,0,0,0,0,35.3,1
16653,23,2,1,1.19,58.5,1,5.4,1,3,0,0,51.4,1
16654,22,0,6,5.74,64.4,1,7.1,2,3,0,2,51.8,1
16655,17,1,6,7.21,45.4,1,6.1,2,0,1,2,89.7,1
16656,21,0,6,2.28,54.5,0,8.8,1,2,1,2,55.5,1
16657,22,0,2,3.06,42.0,1,9.1,1,2,0,0,63.1,1
16658,23,1,6,5.45,46.3,1,4.6,2,2,1,1,56.3,1
16659,23,1,4,6.44,79.3,1,9.0,0,2,1,2,63.5,1
16660,20,1,3,2.08,53.5,1,9.6,1,0,1,1,33.6,1
16661,19,1,0,6.61,40.6,1,6.0,2,0,1,2,60.3,1
16662,18,1,1,7.78,51.7,1,6.2,2,2,0,2,71.0,1
16663,17,2,0,0.7,58.5,0,7.5,0,4,0,2,37.1,1
16664,22,2,1,1.79,48.5,1,6.0,1,3,2,2,37.8,1
16665,24,1,5,5.81,52.8,1,9.9,1,2,0,2,85.4,1
16666,17,0,6,0.29,98.5,0,8.2,2,0,0,2,61.8,-1
16667,22,1,6,2.27,41.4,1,4.1,0,3,0,2,43.9,1
16668,21,2,6,6.76,73.9,1,7.1,2,1,2,2,71.2,1
16669,18,0,2,5.45,87.0,0,5.1,1,2,0,1,92.2,1
16670,18,1,5,5.13,98.9,1,7.4,0,4,1,0,63.0,1
16671,19,0,6,4.9,61.5,1,8.6,0,0,1,1,86.9,1
16672,22,0,3,4.02,58.3,0,6.5,1,0,1,2,67.1,1
16673,19,1,3,6.13,65.4,1,4.2,0,1,0,0,65.3,1
16674,23,1,0,6.92,77.7,1,6.4,1,2,0,1,94.7,1
16675,19,1,5,6.36,66.4,1,5.9,1,2,0,2,74.7,1
16676,17,2,4,3.86,59.8,1,5.5,2,0,0,2,51.4,1
16677,17,2,4,6.23,94.7,1,5.7,1,2,1,0,87.6,1
16678,20,2,2,6.04,64.7,0,5.0,1,3,0,0,67.7,1
16679,20,0,6,3.65,51.2,1,9.9,1,4,1,1,70.8,1
16680,22,0,3,2.67,99.4,1,7.8,2,0,2,2,58.8,1
16681,20,1,6,3.28,74.0,1,4.4,2,3,1,2,51.1,1
16682,18,0,4,3.95,91.0,1,8.5,0,2,2,2,65.2,1
16683,18,1,3,1.18,59.3,1,5.8,0,0,2,0,55.0,1
16684,21,2,5,1.75,53.9,1,7.3,2,4,0,0,46.6,1
16685,19,2,1,0.81,51.4,0,8.9,2,0,0,2,23.4,-1
16686,22,1,3,0.58,85.3,1,7.3,1,3,0,2,62.6,1
16687,24,2,2,4.53,98.0,1,5.1,2,4,1,1,64.4,1
16688,19,0,5,5.58,96.5,1,9.6,1,1,2,2,92.5,1
16689,21,0,0,4.91,82.4,0,7.7,2,3,2,2,65.7,1
16690,23,2,2,5.82,83.4,1,9.4,0,2,1,0,76.3,1
16691,18,2,5,3.25,55.9,0,6.0,1,0,2,2,41.9,1
16692,21,1,1,6.39,62.5,1,6.6,0,1,1,2,67.0,1
16693,19,2,1,5.98,44.0,1,7.2,1,3,1,1,63.1,1
16694,22,0,1,5.69,73.8,1,4.2,1,1,0,0,74.6,1
16695,22,1,4,6.13,97.5,1,7.3,1,3,1,0,73.6,1
16696,18,2,0,1.85,79.9,1,8.0,2,1,1,2,56.1,1
16697,18,0,3,4.56,65.9,1,6.3,1,3,0,0,72.4,1
16698,17,1,0,6.2,58.4,1,7.1,1,0,1,0,74.1,1
16699,17,1,5,0.79,69.6,0,8.5,1,1,0,1,35.8,-1
16700,17,1,0,1.98,60.7,1,9.8,1,4,0,2,48.0,1
16701,22,1,5,3.93,95.5,1,4.8,0,1,1,0,58.5,1
16702,24,0,3,3.31,82.6,1,9.6,0,2,1,0,75.8,1
16703,20,0,2,7.31,55.6,1,6.5,1,4,0,1,82.0,1
16704,24,2,3,6.01,66.1,1,5.8,2,4,1,2,54.9,1
16705,22,1,1,0.33,40.8,0,7.7,2,1,0,1,35.0,1
16706,23,0,3,3.72,41.3,1,6.5,2,4,1,2,44.3,1
16707,22,0,2,6.1,66.7,1,9.5,0,2,1,0,75.7,1
16708,18,0,5,5.35,66.2,1,8.8,0,1,0,2,82.2,1
16709,21,2,4,4.3,40.7,1,9.9,1,3,2,2,67.4,1
16710,21,1,2,0.68,62.0,1,5.4,1,3,1,0,44.0,1
16711,22,0,6,7.32,56.3,0,4.5,2,1,2,2,67.1,1
16712,23,1,0,3.32,56.8,1,9.0,2,1,1,2,37.9,1
16713,17,0,1,1.16,60.2,1,9.2,0,4,2,1,38.6,1
16714,22,1,2,0.68,75.9,1,8.7,2,1,1,1,44.1,1
16715,23,2,1,6.28,83.5,1,4.2,1,3,0,0,97.3,1
16716,17,1,2,4.9,63.5,1,5.9,1,4,2,2,74.5,1
16717,20,2,3,2.01,98.9,1,4.1,1,1,1,2,55.3,1
16718,24,1,4,4.26,74.9,1,6.5,0,4,1,2,66.8,1
16719,17,1,0,7.57,81.6,1,4.6,1,3,2,1,80.3,1
16720,18,1,6,3.94,67.1,1,9.9,1,0,0,0,93.0,1
16721,23,0,6,3.13,96.4,1,6.3,1,3,1,0,80.8,1
16722,18,0,0,2.46,72.3,0,6.3,0,0,2,0,69.5,1
16723,22,0,4,1.46,84.7,1,8.0,2,2,2,2,40.1,1
16724,24,0,0,7.28,71.2,1,9.5,1,4,2,0,78.2,1
16725,20,2,1,1.37,92.0,1,4.1,0,2,1,2,57.6,1
16726,20,1,1,0.44,85.9,1,8.1,2,4,2,1,45.1,1
16727,20,0,3,1.14,89.5,1,6.4,1,4,0,2,49.1,1
16728,19,0,2,1.46,43.8,1,5.1,1,2,2,1,35.3,1
16729,20,0,4,3.4,74.3,1,4.4,1,1,1,2,61.2,1
16730,21,1,6,7.28,71.4,1,8.8,1,4,2,0,77.5,1
16731,24,1,0,1.08,63.4,1,9.2,2,3,1,2,38.5,1
16732,24,0,4,1.17,56.7,1,7.9,2,4,1,2,43.4,1
16733,23,0,6,3.5,89.1,1,8.9,1,4,0,0,76.4,1
16734,17,2,4,7.23,57.4,1,6.4,0,4,2,2,91.4,1
16735,19,0,0,7.42,74.0,1,4.1,1,2,0,2,96.8,1
16736,23,0,6,7.61,69.8,1,9.3,1,4,2,1,90.0,1
16737,21,1,2,1.02,70.6,1,9.1,0,4,0,0,57.5,1
16738,19,1,4,5.64,96.0,1,6.6,0,3,1,1,85.2,1
16739,19,0,1,5.18,93.6,1,5.2,2,3,0,2,64.1,1
16740,17,0,1,0.24,75.3,1,5.8,2,3,0,0,35.0,1
16741,19,1,3,5.38,52.2,0,6.4,0,0,2,1,60.6,1
16742,20,2,4,5.58,51.1,1,9.3,2,0,1,0,50.3,1
16743,20,1,5,5.25,46.5,1,4.5,2,1,1,1,46.3,1
16744,21,1,5,1.73,67.7,1,9.9,2,2,1,2,49.3,1
16745,19,0,0,2.66,51.4,1,9.3,2,2,1,1,41.0,1
16746,18,2,0,4.43,66.7,1,8.8,0,2,1,2,67.0,1
16747,24,0,2,1.11,61.0,1,9.2,0,2,1,2,39.7,1
16748,20,0,4,1.27,41.9,0,6.7,1,3,2,2,29.8,1
16749,19,2,5,5.59,87.3,1,8.0,1,4,2,1,84.5,1
16750,22,1,3,1.33,97.0,1,5.1,0,4,1,0,35.4,1
16751,21,0,0,0.13,64.4,1,5.5,2,0,2,0,35.5,1
16752,21,0,0,1.48,58.8,1,7.7,0,1,0,2,37.8,1
16753,18,0,4,0.6,43.0,1,6.6,0,0,2,2,32.4,1
16754,22,2,4,2.26,41.1,1,9.5,0,1,0,2,40.5,1
16755,18,2,3,6.08,78.1,1,5.8,0,2,2,2,93.2,1
16756,23,0,1,6.29,72.4,1,4.7,2,0,2,2,76.3,1
16757,20,2,0,0.57,87.1,1,8.3,2,3,1,0,31.1,1
16758,20,2,0,4.56,72.7,1,5.1,1,1,0,0,66.2,1
16759,20,0,2,0.7,51.6,1,5.6,2,1,2,2,35.4,1
16760,20,2,0,1.5,91.8,1,8.4,2,1,0,2,56.3,1
16761,22,0,5,6.27,93.3,0,5.2,2,4,1,0,75.7,1
16762,20,1,4,7.78,86.8,1,7.1,0,1,1,2,90.7,1
16763,18,1,2,2.17,97.1,1,6.3,0,0,0,2,80.3,1
16764,21,1,5,6.21,92.5,1,7.7,1,0,0,2,84.6,1
16765,19,1,1,2.74,68.1,1,9.4,2,3,2,0,49.9,1
16766,17,1,4,6.28,90.5,1,4.7,2,0,2,2,66.0,1
16767,23,1,3,4.56,83.9,1,8.7,2,4,1,0,79.1,1
16768,19,0,5,4.37,69.6,0,9.7,0,0,2,0,73.0,1
16769,21,0,5,6.47,64.6,1,5.0,0,4,0,2,85.5,1
16770,18,0,0,5.57,81.8,1,6.0,2,4,0,2,76.8,1
16771,19,0,5,7.77,44.3,0,8.3,1,1,0,0,79.1,1
16772,20,1,4,2.9,80.6,1,8.2,1,2,1,1,77.5,1
16773,18,0,0,7.64,65.2,1,9.3,2,0,0,0,89.7,1
16774,24,2,2,6.62,62.9,1,9.3,0,3,1,0,84.1,1
16775,19,1,3,3.95,68.2,1,9.9,0,3,2,2,56.4,1
16776,21,1,3,4.01,96.1,1,6.2,0,1,0,0,77.7,1
16777,21,0,3,7.22,98.7,1,9.7,1,3,2,0,97.2,1
16778,20,2,4,4.7,98.6,1,4.3,1,3,1,2,73.4,1
16779,21,0,4,2.7,78.8,1,6.7,0,2,2,0,51.1,1
16780,21,2,1,0.33,88.5,1,5.9,1,2,0,2,40.4,1
16781,17,1,0,2.4,50.0,1,4.3,0,3,1,2,22.0,1
16782,22,1,6,1.74,71.7,1,9.0,1,1,0,1,73.4,1
16783,17,0,4,1.03,58.7,0,5.5,2,1,2,2,21.1,-1
16784,20,1,0,5.38,50.3,0,8.4,1,0,1,1,69.1,1
16785,19,1,6,3.17,82.2,1,4.7,0,4,2,1,51.0,1
16786,20,1,4,0.76,40.6,1,9.6,0,4,2,0,42.6,1
16787,17,1,5,2.62,91.9,1,9.1,2,2,1,2,72.7,1
16788,22,2,3,1.12,99.4,1,9.4,0,2,2,2,75.2,1
16789,20,2,1,4.79,59.2,1,8.2,2,2,2,1,47.7,1
16790,17,0,5,3.42,48.0,1,5.2,2,0,0,2,39.9,1
16791,17,2,5,7.47,87.4,1,7.0,0,3,2,0,77.1,1
16792,21,2,4,4.87,88.0,1,6.1,1,2,2,1,86.6,1
16793,22,1,3,6.12,86.9,1,4.9,1,0,2,2,94.3,1
16794,21,0,2,2.68,82.3,1,6.0,1,1,0,2,77.1,1
16795,22,2,1,6.04,87.3,1,9.5,0,4,0,0,73.2,1
16796,23,0,6,5.88,91.8,1,8.6,0,4,0,0,76.2,1
16797,23,0,1,7.91,42.1,1,7.2,2,4,0,2,75.6,1
16798,24,2,4,5.29,99.4,1,6.0,0,3,2,2,69.2,1
16799,24,0,4,7.33,85.9,0,7.2,2,0,2,0,100.0,1
16800,23,0,3,6.94,72.7,0,9.9,2,4,2,1,61.7,1
16801,20,2,6,7.35,64.0,1,5.2,2,1,0,0,96.0,1
16802,21,2,4,4.59,99.3,0,5.3,1,2,2,2,78.6,1
16803,21,0,6,1.79,45.6,1,8.9,2,2,0,2,26.7,1
16804,18,0,1,4.68,86.1,1,7.1,2,0,0,0,98.4,1
16805,22,1,5,7.37,48.1,1,7.8,0,0,2,2,71.1,1
16806,21,1,5,7.78,73.6,1,6.7,2,4,0,0,89.5,1
16807,21,2,6,7.57,67.9,1,4.2,0,3,1,2,67.8,1
16808,23,1,0,3.53,46.5,1,5.0,0,2,2,2,35.9,1
16809,22,2,0,6.43,50.7,1,7.8,1,4,0,1,72.4,1
16810,24,1,5,3.91,61.7,1,6.4,0,4,1,1,62.3,1
16811,24,0,5,5.53,59.5,1,4.4,2,0,0,1,74.2,1
16812,23,2,1,3.45,54.1,0,9.3,1,1,1,0,41.5,1
16813,19,2,0,2.42,69.2,0,8.1,0,0,0,2,70.3,1
16814,18,0,5,3.54,75.7,1,9.3,1,2,1,0,64.4,1
16815,19,2,3,2.46,82.9,1,7.5,0,4,2,1,64.4,1
16816,22,0,6,3.39,59.4,1,8.3,1,0,0,2,55.3,1
16817,23,2,4,5.42,79.0,1,7.7,1,0,2,2,66.8,1
16818,24,1,6,1.61,76.5,1,4.6,1,2,1,0,32.8,1
16819,22,1,0,5.41,82.2,1,5.3,2,4,1,0,70.6,1
16820,22,0,5,0.59,97.4,1,4.4,2,2,0,1,50.6,1
16821,24,2,1,0.08,94.1,1,7.3,1,2,2,0,78.5,1
16822,22,2,4,1.86,90.2,1,6.4,1,2,0,2,59.7,1
16823,18,0,0,1.62,82.6,1,5.5,2,1,2,1,34.7,1
16824,21,0,3,6.67,56.9,1,6.9,1,0,1,2,63.8,1
16825,19,0,5,6.05,48.8,1,6.1,1,3,0,0,83.6,1
16826,22,2,2,5.33,81.7,1,9.9,0,0,2,1,89.7,1
16827,22,1,1,5.65,75.3,1,8.8,0,0,1,2,83.9,1
16828,19,1,3,5.3,74.0,1,9.8,0,1,0,2,81.5,1
16829,19,0,0,6.61,82.5,1,9.6,2,2,1,0,95.2,1
16830,17,1,3,4.27,77.7,1,8.7,0,4,1,1,52.8,1
16831,19,1,3,0.14,53.8,1,5.6,2,4,0,2,40.3,1
16832,23,0,2,6.91,94.8,1,9.1,1,3,0,0,100.0,1
16833,22,1,6,3.76,92.8,1,7.8,1,4,0,2,70.3,1
16834,24,1,4,7.43,47.6,1,7.2,2,2,2,1,69.9,1
16835,24,0,4,7.14,75.7,1,8.5,1,2,0,2,89.1,1
16836,23,2,1,3.19,94.6,1,7.7,2,0,0,2,79.9,1
16837,18,0,1,7.46,80.0,1,7.5,0,0,1,1,100.0,1
16838,19,2,4,0.47,71.4,1,7.6,2,0,2,0,53.7,1
16839,17,1,2,5.3,94.8,1,8.6,0,2,1,0,92.2,1
16840,17,1,3,5.45,86.3,1,7.8,1,0,1,1,84.9,1
16841,18,1,6,6.72,79.4,1,8.4,1,2,2,1,82.3,1
16842,19,2,6,3.77,65.9,1,8.0,2,0,2,0,63.9,1
16843,17,1,3,1.92,86.6,1,4.8,2,2,2,2,37.5,1
16844,23,1,1,0.35,92.3,1,8.0,1,4,0,1,57.3,1
16845,21,1,2,3.74,49.9,1,9.9,0,2,1,2,60.6,1
16846,22,2,1,3.63,81.8,1,5.3,1,4,1,2,64.0,1
16847,22,0,1,2.85,81.9,1,7.1,1,0,2,0,56.0,1
16848,24,0,3,5.09,48.8,1,6.6,1,4,1,0,58.9,1
16849,18,1,5,4.25,90.9,1,6.7,2,2,1,2,50.0,1
16850,19,2,3,0.92,91.9,1,8.5,2,4,2,0,37.3,1
16851,19,1,5,0.38,48.1,1,5.3,1,2,1,2,35.2,1
16852,21,1,1,7.13,83.9,1,9.7,0,1,2,2,89.3,1
16853,21,2,0,5.94,54.1,1,6.9,2,4,1,1,34.3,1
16854,23,2,4,3.71,53.9,1,8.6,2,3,2,0,46.9,1
16855,21,0,2,3.97,47.6,1,5.2,0,0,0,0,59.5,1
16856,18,2,6,0.92,81.2,0,9.1,2,2,2,1,44.8,1
16857,21,0,6,2.11,94.5,1,6.6,1,4,1,0,53.3,1
16858,24,0,5,6.6,74.5,1,6.5,1,1,2,2,98.2,1
16859,21,0,4,1.01,55.5,1,5.2,2,2,1,0,19.599,1
16860,21,0,1,0.83,51.4,0,9.2,2,4,1,2,23.6,-1
16861,18,2,1,4.47,50.0,0,9.3,2,3,0,2,36.3,1
16862,17,0,1,6.72,52.3,0,8.0,1,2,1,2,72.2,1
16863,18,1,2,3.03,73.2,1,8.1,0,3,1,0,62.9,1
16864,17,0,3,5.17,99.4,1,7.5,0,4,2,0,100.0,1
16865,20,0,6,7.22,96.1,1,6.6,2,1,2,2,90.6,1
16866,24,0,4,7.13,45.6,1,8.4,0,3,2,0,72.9,1
16867,20,0,6,3.74,52.1,1,4.8,0,3,1,1,53.1,1
16868,22,0,6,2.36,80.9,1,6.8,1,2,0,1,60.5,1
16869,23,2,4,4.59,81.4,1,8.9,0,1,1,0,73.8,1
16870,23,2,2,7.39,52.6,1,6.9,1,3,0,0,86.5,1
16871,22,2,6,5.45,97.4,1,9.5,2,4,2,0,88.2,1
16872,23,0,3,7.64,75.2,1,8.2,1,4,0,2,93.2,1
16873,19,1,3,4.63,71.7,0,6.0,0,0,2,2,75.8,1
16874,20,1,6,0.17,89.4,1,7.1,1,2,2,0,49.0,1
16875,20,2,4,3.58,62.5,1,7.2,2,1,1,1,47.6,1
16876,23,2,2,7.23,82.9,1,5.9,0,3,2,2,83.4,1
16877,20,1,5,0.27,95.1,0,8.4,0,3,0,0,57.9,1
16878,24,1,6,4.94,97.0,1,8.3,0,1,0,0,83.4,1
16879,18,2,1,3.02,42.4,1,8.2,2,2,1,1,39.3,1
16880,18,1,3,3.23,44.4,1,7.4,1,0,1,0,50.3,1
16881,22,1,2,4.54,82.5,0,8.9,2,2,1,0,63.7,1
16882,23,2,5,3.29,40.6,1,6.3,0,2,1,2,40.0,1
16883,22,1,1,7.36,79.8,0,8.3,2,1,2,2,81.3,1
16884,19,1,0,2.43,89.3,1,8.3,1,3,1,1,48.4,1
16885,17,2,4,6.07,45.4,1,5.7,1,1,2,1,83.7,1
16886,19,1,5,0.74,41.4,1,8.0,2,3,0,2,24.3,1
16887,20,2,0,2.66,70.5,0,5.1,1,1,1,0,67.1,1
16888,20,0,6,1.26,99.2,0,6.0,0,2,0,2,49.2,1
16889,24,0,2,1.76,72.1,0,7.5,2,2,1,2,61.2,1
16890,23,2,1,4.52,98.5,1,6.7,2,1,2,1,76.3,1
16891,23,1,2,2.74,82.1,1,7.7,0,0,0,0,59.7,1
16892,17,1,5,0.39,58.1,1,8.7,1,3,1,2,40.8,1
16893,18,1,0,6.91,54.5,1,8.2,0,0,2,2,87.5,1
16894,20,0,2,5.4,76.3,1,5.4,0,3,1,2,79.6,1
16895,21,2,5,7.64,60.0,1,5.8,0,3,1,0,71.5,1
16896,22,1,1,6.4,54.3,1,7.3,1,3,2,1,84.4,1
16897,19,0,4,4.47,63.7,1,9.6,1,0,0,1,82.2,1
16898,17,0,3,3.68,72.0,1,4.2,0,1,0,2,45.6,1
16899,19,1,2,7.57,95.4,1,6.7,1,2,1,1,99.9,1
16900,23,0,4,3.39,97.3,1,4.7,1,2,0,2,72.5,1
16901,24,1,6,4.36,83.8,0,5.0,2,0,2,2,69.2,1
16902,24,1,0,2.67,54.5,1,8.1,2,4,2,2,50.7,1
16903,21,0,5,2.25,67.6,1,7.3,1,2,1,0,69.4,1
16904,17,2,1,6.76,45.9,1,7.6,2,3,1,0,51.8,1
16905,24,0,1,1.98,74.2,1,4.8,2,1,2,2,37.6,1
16906,18,0,1,1.15,78.4,1,4.2,1,4,2,1,41.7,1
16907,19,2,1,5.82,63.9,1,6.1,2,4,2,0,65.0,1
16908,24,2,1,6.73,53.1,1,8.3,2,4,1,2,62.5,1
16909,21,2,4,7.42,99.2,0,4.3,1,0,1,2,95.3,-1
16910,18,2,2,5.34,42.4,1,5.4,2,2,1,0,45.6,1
16911,21,2,3,2.79,83.9,1,5.0,0,2,0,2,52.5,1
16912,17,2,1,4.09,81.3,1,7.5,2,1,0,0,57.3,1
16913,19,2,1,1.49,73.6,1,9.3,1,1,0,2,54.1,1
16914,24,2,5,1.7,51.2,1,7.0,1,3,2,2,51.1,1
16915,19,0,3,7.17,91.2,1,8.3,0,3,2,2,80.1,1
16916,24,1,0,6.79,76.6,0,6.3,0,3,0,2,100.0,1
16917,21,0,4,2.23,80.7,1,9.9,2,1,1,2,29.8,1
16918,22,2,6,3.04,82.5,1,6.3,1,3,1,2,54.1,1
16919,22,2,1,7.67,47.2,1,4.1,2,0,1,1,70.0,1
16920,21,0,1,3.14,68.0,1,9.1,0,0,1,0,65.1,1
16921,17,1,4,2.62,87.4,1,9.5,0,4,2,2,63.2,1
16922,24,1,3,1.6,63.9,1,7.1,1,3,0,2,51.4,1
16923,20,0,4,3.26,83.9,1,4.2,1,4,1,2,63.0,1
16924,22,0,1,2.91,62.5,0,5.8,2,1,1,0,28.5,1
16925,21,0,6,5.88,88.2,0,7.0,1,3,0,2,98.2,1
16926,22,1,2,2.78,90.7,1,5.2,0,3,1,1,41.3,1
16927,19,1,1,3.67,90.0,0,7.2,1,0,2,0,72.3,1
16928,23,0,4,2.57,79.2,1,7.1,0,1,0,0,58.3,1
16929,18,0,3,2.56,70.3,1,4.2,2,1,0,1,55.5,1
16930,22,2,0,2.01,91.3,1,4.7,1,4,1,0,56.8,1
16931,21,1,6,3.98,62.8,1,6.4,1,4,0,2,77.5,1
16932,21,0,0,3.43,97.7,1,8.8,1,4,0,1,73.5,1
16933,17,2,4,0.46,89.9,0,7.2,0,4,1,0,47.1,-1
16934,20,1,0,7.44,56.1,1,8.0,0,1,0,2,72.5,1
16935,17,1,3,2.79,62.5,1,5.0,2,4,2,2,48.0,1
16936,21,1,5,6.06,93.8,1,5.9,0,1,1,0,80.2,1
16937,22,0,0,7.26,55.2,1,9.6,2,2,2,2,73.2,1
16938,21,2,0,0.09,44.9,1,8.4,0,3,2,2,24.2,1
16939,23,0,5,0.99,44.7,1,9.4,1,0,0,1,66.6,1
16940,19,0,2,1.52,92.0,1,7.7,1,1,2,0,62.9,1
16941,19,2,3,7.09,62.3,1,5.3,0,1,0,2,91.5,1
16942,20,0,1,4.37,52.7,1,8.7,1,3,0,2,66.9,1
16943,18,0,3,2.49,56.0,1,7.1,0,3,0,2,58.6,1
16944,23,2,4,0.35,75.6,1,6.2,2,4,1,2,46.5,1
16945,23,1,3,0.28,65.1,0,8.7,2,0,0,0,53.7,1
16946,20,2,6,4.62,48.6,0,7.5,0,1,1,2,67.7,1
16947,23,1,6,5.62,69.5,1,6.4,0,4,0,1,84.8,1
16948,17,0,1,3.08,79.2,1,6.1,1,2,0,2,79.5,1
16949,18,1,4,2.3,63.7,1,5.2,1,1,1,2,49.2,1
16950,19,0,0,6.45,77.0,0,5.6,1,1,1,0,91.2,1
16951,20,0,5,6.92,82.1,1,6.2,1,3,1,2,85.4,1
16952,18,1,3,3.07,79.0,1,9.1,2,0,1,0,60.4,1
16953,21,2,6,5.99,48.5,1,8.6,0,2,1,2,66.2,1
16954,23,2,6,6.96,66.2,1,5.8,0,0,2,1,88.8,1
16955,20,1,2,3.04,94.5,0,9.9,2,3,0,2,69.4,1
16956,20,0,2,1.29,49.5,1,8.9,2,2,0,1,29.9,1
16957,17,2,2,2.95,92.5,1,8.8,2,3,2,2,80.1,1
16958,19,2,5,0.5,66.8,0,5.8,1,3,1,2,37.1,1
16959,23,1,1,0.28,76.2,1,6.1,2,4,0,2,41.7,1
16960,23,1,5,6.6,58.9,1,8.9,0,4,2,0,88.9,1
16961,17,0,0,6.82,83.6,1,4.9,1,3,1,0,68.4,1
16962,17,0,0,5.18,50.7,0,7.9,2,2,1,2,65.3,1
16963,23,1,4,6.85,85.8,1,6.8,0,3,0,0,78.4,1
16964,18,0,5,7.48,48.6,1,9.3,0,1,1,2,74.9,1
16965,21,0,3,5.49,50.3,1,8.5,2,3,0,2,76.3,1
16966,23,0,4,7.29,40.6,1,7.8,0,2,0,0,89.1,1
16967,23,0,5,7.36,91.8,1,9.3,0,4,1,1,81.3,1
16968,21,2,1,2.2,90.7,1,9.2,0,2,2,2,49.3,1
16969,20,2,4,7.6,63.5,0,9.7,0,1,0,0,66.4,1
16970,23,2,0,7.87,40.6,1,4.8,2,4,0,2,83.8,1
16971,22,1,1,2.24,96.0,1,7.0,2,0,1,2,37.1,1
16972,23,0,0,5.02,50.3,1,8.3,0,0,0,2,73.6,1
16973,21,1,1,1.76,48.9,1,6.8,2,2,2,0,29.6,1
16974,24,2,0,3.15,52.7,0,8.5,2,2,0,2,36.5,1
16975,23,0,2,4.99,55.4,1,6.6,0,4,0,2,55.4,1
16976,17,1,5,0.3,95.9,1,4.8,1,3,1,2,40.9,1
16977,19,2,0,5.17,77.7,1,7.2,2,4,0,1,76.0,1
16978,23,0,4,3.89,60.5,1,4.4,0,3,2,2,54.9,1
16979,17,1,5,0.99,85.8,1,9.0,0,4,0,1,45.7,1
16980,22,1,5,5.48,86.4,1,4.3,2,2,2,2,55.6,1
16981,19,2,2,7.54,54.8,1,9.6,2,1,2,2,87.3,1
16982,18,1,3,0.08,50.5,0,5.3,0,4,2,2,21.5,-1
16983,21,0,0,3.5,49.2,1,7.9,2,3,0,1,43.0,1
16984,24,2,0,1.01,61.4,1,9.0,0,2,1,2,53.2,1
16985,24,1,5,1.66,41.7,1,9.4,1,1,0,0,44.1,1
16986,20,1,2,3.93,66.5,1,6.8,2,2,2,0,56.2,1
16987,17,1,0,2.33,52.1,1,4.5,2,2,1,1,41.9,1
16988,24,2,5,5.19,86.0,1,7.6,2,1,0,2,78.5,1
16989,24,0,0,2.11,59.8,1,7.2,2,1,2,2,33.1,1
16990,21,1,2,6.21,79.1,1,5.0,2,4,0,1,62.5,1
16991,22,1,1,1.47,80.9,0,5.5,1,0,1,0,61.1,1
16992,21,2,0,7.26,87.7,1,9.1,0,2,0,2,89.2,1
16993,17,1,1,3.2,68.5,1,7.2,1,0,1,0,67.4,1
16994,18,1,4,0.44,64.0,1,6.4,1,3,2,2,30.5,1
16995,18,0,1,0.8,55.4,1,8.7,2,4,1,1,35.3,1
16996,24,0,5,4.26,40.6,1,7.8,0,1,1,2,63.8,1
16997,17,0,0,7.29,49.4,1,5.6,1,4,1,1,75.2,1
16998,21,2,2,4.12,53.3,0,7.7,1,2,2,1,70.1,1
16999,19,1,2,3.6,79.5,1,6.2,0,2,1,0,46.4,1
17000,17,0,4,6.18,87.5,0,8.7,2,1,0,2,63.0,1
17001,24,1,5,1.81,67.5,0,7.4,2,2,0,0,44.1,1
17002,17,0,2,5.41,89.3,1,4.1,0,1,1,1,57.3,1
17003,23,1,0,1.75,62.4,1,5.7,1,3,1,2,44.0,1
17004,23,2,5,6.76,79.3,1,8.3,1,3,2,2,98.8,1
17005,23,2,6,7.05,73.4,1,6.0,1,3,0,0,62.1,1
17006,18,2,5,1.56,49.0,1,5.3,1,0,2,0,53.8,1
17007,24,1,4,1.15,67.7,1,8.8,2,3,1,2,36.3,1
17008,21,1,5,5.79,98.1,1,9.9,0,2,1,1,89.2,1
17009,20,2,0,5.22,49.0,1,4.3,0,0,0,0,83.7,1
17010,22,0,2,4.97,64.3,1,4.7,2,3,0,2,54.3,1
17011,19,1,3,4.08,59.9,1,5.0,1,1,0,0,67.2,1
17012,19,0,3,1.03,84.8,1,4.7,0,1,0,2,45.7,1
17013,19,2,5,5.76,42.3,0,4.8,1,2,0,2,86.1,1
17014,21,2,1,1.3,67.2,0,4.1,2,4,2,2,30.4,1
17015,21,1,6,4.34,55.9,1,5.5,2,2,1,2,54.0,1
17016,18,1,3,2.77,57.9,1,5.8,0,3,1,0,38.1,1
17017,18,2,3,2.65,64.4,0,6.8,0,2,1,2,50.1,1
17018,24,0,6,6.66,57.5,1,5.5,2,2,0,1,77.4,1
17019,21,2,3,3.65,74.1,0,5.8,0,4,1,0,50.9,1
17020,23,2,2,3.95,57.2,1,4.3,0,0,1,0,47.7,1
17021,19,0,1,7.17,95.0,1,9.5,0,4,0,2,85.9,1
17022,19,0,4,4.47,66.8,1,4.7,0,3,0,1,80.4,1
17023,19,0,1,6.41,49.3,1,5.3,2,2,0,2,65.2,1
17024,21,0,1,6.9,57.3,1,5.6,1,4,2,2,91.7,1
17025,23,1,0,5.56,87.8,1,9.1,2,4,2,0,77.2,1
17026,21,2,3,1.15,46.5,1,6.8,1,0,2,2,56.2,1
17027,19,0,2,0.95,62.8,1,6.0,2,1,2,0,28.6,1
17028,24,1,3,3.47,96.9,1,5.9,2,2,2,2,74.5,1
17029,21,0,5,0.51,40.6,1,7.1,2,1,0,2,36.6,1
17030,20,0,3,2.41,98.3,1,4.6,1,3,2,0,79.3,1
17031,17,2,4,1.67,61.5,1,9.5,1,4,1,2,39.6,1
17032,21,2,4,0.31,52.7,1,6.4,1,1,0,2,44.8,1
17033,21,0,3,3.19,89.5,1,6.1,0,0,1,1,82.6,1
17034,24,2,6,1.99,68.2,1,7.9,1,4,2,1,45.4,1
17035,18,1,4,0.82,46.3,0,5.4,2,3,1,2,19.599,-1
17036,18,2,5,5.84,80.0,1,7.6,2,3,2,0,76.7,1
17037,24,0,4,7.3,86.7,1,8.7,2,1,0,0,87.0,1
17038,21,0,6,4.97,67.1,0,8.4,0,4,0,0,72.6,1
17039,17,0,3,7.43,82.9,0,6.9,0,0,1,2,81.9,1
17040,17,1,1,1.33,46.4,0,6.2,0,4,1,1,30.5,-1
17041,20,2,1,6.14,41.9,1,7.5,2,4,1,1,63.3,1
17042,21,0,6,3.27,53.1,1,8.5,2,0,2,1,56.1,1
17043,18,2,5,3.92,98.9,1,5.7,1,2,1,2,84.7,1
17044,19,1,0,5.31,50.5,1,4.8,1,4,1,0,40.2,1
17045,22,1,3,6.27,95.2,1,7.9,1,3,2,1,94.0,1
17046,24,2,2,0.48,57.8,1,5.0,1,4,1,1,35.7,1
17047,20,2,6,3.11,69.5,1,6.2,0,1,2,2,54.1,1
17048,20,1,3,6.12,82.3,1,5.2,2,4,1,2,82.5,1
17049,19,1,0,4.28,50.2,1,6.7,1,4,0,0,64.0,1
17050,18,0,1,2.73,52.0,1,7.7,0,4,0,1,45.3,1
17051,17,1,2,0.32,55.2,1,6.6,0,1,0,2,41.0,1
17052,23,0,5,0.08,68.6,1,4.8,1,0,0,2,35.2,1
17053,17,1,1,3.4,60.8,1,4.3,0,1,0,2,49.9,1
17054,23,1,2,3.87,45.2,1,5.6,1,3,1,2,41.3,1
17055,18,1,6,1.83,56.0,1,5.2,0,0,1,0,23.7,1
17056,22,1,3,6.4,89.6,1,8.5,2,4,1,2,66.7,1
17057,24,1,2,5.79,71.0,1,5.7,2,2,2,2,73.6,1
17058,22,0,0,1.51,96.8,1,6.2,0,1,1,2,50.4,1
17059,22,1,3,1.5,56.6,1,6.4,0,4,1,0,46.6,1
17060,19,1,1,6.92,55.7,1,8.2,1,3,0,2,78.5,1
17061,21,1,6,7.35,65.5,0,6.9,2,2,1,2,64.6,1
17062,22,2,6,7.88,44.8,1,5.2,0,0,2,2,83.3,1
17063,20,1,6,5.49,59.0,1,5.1,0,3,2,0,70.7,1
17064,17,2,3,7.43,61.6,1,5.9,0,4,2,2,77.7,1
17065,24,1,6,1.19,77.3,1,6.6,0,4,2,0,42.8,1
17066,18,1,0,1.25,48.5,1,6.2,0,1,0,1,46.8,1
17067,24,0,3,0.33,93.3,1,7.5,1,4,1,0,44.3,1
17068,24,2,5,4.31,92.6,1,8.3,0,2,2,0,83.5,1
17069,17,1,3,1.77,71.8,1,8.5,2,4,2,2,35.6,1
17070,22,1,5,4.55,65.3,1,6.4,1,4,2,2,62.6,1
17071,22,2,2,0.08,81.9,1,6.8,0,0,2,1,46.8,1
17072,18,1,3,4.23,52.2,1,9.7,1,0,1,2,85.0,1
17073,23,1,5,7.11,73.8,1,7.7,1,0,2,0,100.0,1
17074,17,1,1,5.81,57.2,1,7.6,0,4,2,1,42.9,1
17075,18,2,0,2.94,95.4,1,7.5,2,3,2,2,75.8,1
17076,24,2,6,0.55,68.8,1,4.3,0,0,1,1,48.7,1
17077,22,2,4,1.96,70.4,1,4.6,0,2,1,1,59.0,1
17078,17,0,0,4.03,85.8,1,5.7,2,1,1,1,66.7,1
17079,18,1,0,2.06,87.1,1,9.0,2,3,0,1,47.6,1
17080,19,1,1,6.21,54.1,1,6.8,2,1,0,2,60.6,1
17081,17,2,5,7.48,76.6,1,8.0,1,2,1,0,79.3,1
17082,18,2,2,1.41,92.0,1,5.0,0,0,1,2,55.6,1
17083,21,1,1,0.08,64.8,1,6.9,0,3,1,0,19.599,1
17084,17,2,2,0.67,46.7,1,8.9,0,1,2,1,39.3,1
17085,19,2,5,6.42,92.1,0,9.8,1,0,1,2,97.7,-1
17086,19,2,6,0.43,93.8,1,4.2,2,2,0,1,38.3,1
17087,24,2,2,5.97,49.2,0,6.0,0,2,0,0,89.7,1
17088,24,0,6,3.24,52.9,1,5.9,2,3,2,2,51.1,1
17089,23,1,6,3.41,54.3,1,6.6,1,1,2,2,25.5,1
17090,19,2,3,5.85,90.1,1,8.6,0,1,1,0,84.7,1
17091,21,1,2,2.56,97.3,1,4.3,1,1,1,0,55.5,1
17092,21,0,4,6.48,63.7,1,9.6,1,0,1,2,85.0,1
17093,23,2,3,0.75,96.1,1,9.1,0,1,0,0,67.4,1
17094,22,1,5,5.75,41.2,1,4.4,2,0,2,2,60.6,1
17095,24,2,0,7.23,63.8,1,6.0,0,3,2,1,72.5,1
17096,21,2,3,1.31,47.0,0,7.0,1,4,1,2,24.3,1
17097,24,0,6,4.44,99.1,0,7.4,0,1,1,2,71.3,1
17098,22,1,4,5.13,51.8,1,7.8,0,4,1,2,51.9,1
17099,22,1,4,1.06,96.1,1,7.0,2,3,1,2,48.1,1
17100,22,2,6,4.35,86.6,1,8.8,0,3,0,2,78.5,1
17101,19,1,3,2.02,93.4,1,9.7,0,4,0,0,85.8,1
17102,21,2,1,6.03,70.5,1,6.4,1,1,2,2,69.5,1
17103,19,1,6,4.54,70.7,1,7.4,1,2,0,0,70.0,1
17104,22,0,2,3.28,48.9,0,9.2,2,0,1,0,57.2,1
17105,19,0,3,5.94,47.5,1,8.7,2,1,0,2,58.4,1
17106,23,1,5,5.85,79.7,0,5.6,0,1,1,2,60.2,1
17107,21,2,5,1.68,56.5,1,4.2,2,3,2,0,20.4,1
17108,22,2,4,0.2,68.5,1,7.8,1,1,0,0,64.2,1
17109,18,1,0,1.99,47.4,1,6.5,1,2,1,0,39.4,1
17110,23,2,1,7.06,75.4,1,4.1,1,4,2,0,79.7,1
17111,23,2,2,3.17,44.7,0,4.1,2,0,1,0,32.4,-1
17112,18,2,0,1.61,50.5,1,9.4,0,3,1,0,45.2,1
17113,19,0,6,2.95,48.8,1,4.5,2,4,1,0,36.4,1
17114,22,0,4,3.07,48.3,0,8.9,0,2,1,2,54.0,1
17115,23,0,0,3.63,77.5,1,8.4,0,1,0,2,61.9,1
17116,22,1,3,3.6,42.2,0,7.4,0,1,0,2,55.6,1
17117,20,1,0,2.38,80.4,0,8.8,0,1,0,2,62.7,1
17118,19,1,6,2.4,80.4,1,7.7,2,4,0,1,53.5,1
17119,24,1,3,6.4,52.0,0,7.2,2,0,1,2,78.1,1
17120,23,2,5,5.3,68.4,1,4.4,1,2,2,2,70.5,1
17121,24,0,2,5.44,50.6,1,4.9,1,3,0,2,73.5,1
17122,19,0,3,1.52,57.9,1,8.2,1,3,1,2,36.1,1
17123,20,2,4,7.91,86.7,1,8.1,0,1,1,0,93.2,1
17124,18,2,4,0.7,70.4,1,8.1,0,1,0,1,38.2,1
17125,24,2,2,5.46,97.9,1,8.1,0,3,2,1,100.0,1
17126,23,1,4,5.95,96.3,1,7.4,2,3,1,1,80.1,1
17127,18,1,5,2.14,53.0,0,8.2,1,2,0,1,48.0,1
17128,18,1,2,0.62,88.8,1,6.8,0,4,2,1,45.2,1
17129,21,1,0,5.9,60.5,1,6.5,1,2,2,1,75.7,1
17130,20,0,0,4.52,63.0,0,4.2,1,1,0,2,67.9,1
17131,20,2,1,7.73,75.7,0,8.6,0,2,0,2,86.7,1
17132,19,0,3,5.82,70.3,1,6.2,2,2,1,0,44.1,1
17133,22,2,6,7.44,96.1,1,9.4,0,0,0,0,100.0,1
17134,24,0,6,5.07,94.3,0,6.0,0,1,2,2,73.9,1
17135,24,2,4,3.98,66.9,0,7.0,2,4,0,2,64.8,1
17136,20,1,6,7.56,89.6,1,8.9,2,4,1,2,69.2,1
17137,23,1,5,6.55,94.8,1,9.6,0,4,1,1,91.0,1
17138,22,2,2,0.28,83.4,0,9.0,2,4,1,1,35.1,1
17139,18,0,0,4.66,81.9,1,8.8,1,4,2,0,74.0,1
17140,23,0,5,1.2,73.9,0,5.4,1,1,2,2,35.5,1
17141,19,2,3,7.58,81.5,1,4.4,2,1,2,2,77.4,1
17142,22,2,4,5.41,48.9,1,6.0,2,3,1,0,59.2,1
17143,22,1,0,3.61,52.4,1,5.2,1,4,2,2,52.3,1
17144,24,0,2,7.68,62.1,1,9.0,0,2,0,2,100.0,1
17145,24,0,3,2.69,96.6,1,9.8,1,2,0,2,83.9,1
17146,23,0,0,3.55,57.9,1,4.4,0,3,1,2,63.3,1
17147,21,2,5,3.19,47.7,0,8.3,1,3,0,2,51.1,1
17148,20,2,6,1.05,67.8,1,8.3,1,2,0,0,44.8,1
17149,20,1,2,1.2,60.4,1,4.4,0,4,1,1,25.8,1
17150,24,0,0,4.73,99.4,1,8.5,0,0,0,1,82.3,1
17151,18,0,0,0.56,63.2,1,9.9,0,0,0,1,49.4,1
17152,21,0,4,7.45,73.8,0,5.5,2,4,1,2,72.3,1
17153,22,1,0,2.62,97.9,0,6.6,2,0,0,2,72.5,1
17154,17,0,3,2.57,93.5,0,5.8,2,0,1,0,52.0,1
17155,22,2,6,1.12,94.2,1,8.4,1,4,0,0,63.5,1
17156,19,1,4,2.81,87.5,1,8.1,1,4,1,1,50.3,1
17157,19,0,2,5.53,61.7,1,6.9,2,0,2,0,68.1,1
17158,21,2,3,7.66,86.4,1,6.3,1,3,0,2,90.0,1
17159,17,0,6,1.54,75.9,1,8.9,2,3,2,0,37.9,1
17160,18,0,3,1.42,61.8,1,4.6,0,0,2,2,55.0,1
17161,20,1,6,1.11,71.9,0,9.4,0,0,2,1,52.0,1
17162,21,1,6,4.59,91.9,1,6.5,2,0,1,2,74.0,1
17163,17,0,1,0.94,43.9,1,7.4,2,0,1,2,25.5,1
17164,19,2,0,0.7,93.9,1,7.6,2,3,0,2,49.4,1
17165,19,1,1,5.95,82.6,1,8.8,0,1,1,2,80.4,1
17166,21,1,1,6.35,59.6,1,4.8,1,3,1,2,78.7,1
17167,19,2,0,2.52,64.1,1,5.2,0,3,1,2,37.7,1
17168,17,2,0,4.65,65.9,1,7.1,0,4,1,0,46.3,1
17169,21,1,0,5.94,66.0,1,8.0,1,3,1,0,72.2,1
17170,23,0,5,0.39,41.2,1,5.0,1,2,1,0,19.599,1
17171,21,0,1,5.08,50.9,1,5.6,1,0,2,0,78.7,1
17172,19,1,3,2.29,66.1,1,6.0,0,1,0,0,50.2,1
17173,20,1,6,3.27,45.4,1,8.8,0,0,0,2,49.6,1
17174,18,1,5,2.85,48.4,1,6.3,0,1,2,1,40.3,1
17175,18,0,1,5.75,95.7,1,9.6,2,0,2,1,95.8,1
17176,20,1,1,3.75,74.0,1,6.0,2,3,0,2,46.8,1
17177,21,0,6,6.08,94.3,1,4.8,0,1,2,2,84.9,1
17178,20,1,4,2.52,79.0,1,4.6,1,0,1,0,76.7,1
17179,24,1,6,4.33,61.4,1,8.2,1,2,2,2,80.3,1
17180,22,1,6,7.26,88.7,0,8.1,0,3,1,0,87.7,1
17181,17,0,3,3.5,74.7,1,8.3,1,3,2,2,65.2,1
17182,21,1,3,4.61,71.6,1,6.3,2,3,1,1,46.2,1
17183,21,1,0,5.36,45.5,1,6.2,2,1,0,2,67.7,1
17184,17,1,4,7.3,52.3,1,4.1,0,3,1,0,71.5,1
17185,20,2,4,5.09,42.4,1,6.2,2,2,1,0,67.5,1
17186,23,0,4,4.9,45.1,0,4.4,1,3,1,0,57.1,1
17187,19,2,6,6.67,93.5,1,7.5,2,1,2,2,82.4,1
17188,20,1,5,7.91,87.5,1,4.5,0,4,0,2,100.0,1
17189,18,0,2,7.19,53.3,1,9.3,0,0,0,2,100.0,1
17190,17,1,0,1.0,54.5,1,7.1,1,2,0,2,30.1,1
17191,19,1,3,5.41,69.4,1,8.9,2,1,2,2,79.7,1
17192,23,1,4,2.63,59.8,1,7.5,0,4,0,0,60.0,1
17193,24,1,6,3.32,73.3,1,7.7,2,3,2,2,49.0,1
17194,22,1,0,5.16,53.0,1,8.6,2,0,0,2,73.6,1
17195,23,1,5,1.16,64.4,1,4.6,2,4,0,0,45.2,1
17196,22,1,0,5.54,95.0,1,4.8,0,3,2,2,87.3,1
17197,22,2,1,2.35,67.6,1,9.5,2,2,1,1,54.9,1
17198,20,1,3,6.55,92.5,1,4.9,2,4,1,1,73.6,1
17199,17,0,1,2.97,71.9,1,9.6,2,2,2,1,63.9,1
17200,20,0,0,0.4,65.6,1,4.7,2,0,2,0,44.2,1
17201,23,0,1,4.79,70.6,1,7.8,2,2,1,2,85.2,1
17202,21,2,2,6.0,84.5,1,8.9,2,4,2,2,87.9,1
17203,23,0,4,4.93,99.4,1,8.4,1,0,0,0,100.0,1
17204,17,1,5,6.23,41.8,1,8.7,2,4,0,2,55.7,1
17205,18,1,2,6.43,71.0,1,6.2,1,0,1,1,91.3,1
17206,19,1,4,0.34,80.3,1,9.5,2,0,1,2,43.0,1
17207,19,2,3,0.08,64.3,1,7.2,1,1,1,2,34.5,1
17208,24,0,2,1.79,74.3,1,5.2,1,2,2,2,45.7,1
17209,20,1,4,1.8,43.2,1,9.4,2,4,2,2,36.7,1
17210,22,0,1,4.5,56.8,0,9.0,0,3,0,1,67.1,1
17211,22,0,5,1.83,62.6,1,7.7,2,0,0,0,69.1,1
17212,20,1,4,2.92,64.4,1,6.5,1,4,1,2,48.2,1
17213,24,2,2,3.63,80.9,1,9.0,2,0,1,0,68.4,1
17214,18,2,3,4.81,94.1,1,8.7,2,3,1,2,76.4,1
17215,17,0,2,7.91,43.7,1,7.1,0,1,1,2,77.6,1
17216,22,2,5,5.51,67.0,1,5.5,2,4,2,0,60.7,1
17217,22,1,0,2.13,63.9,1,8.3,1,2,1,2,68.0,1
17218,19,2,3,2.81,97.9,1,9.0,2,4,1,1,26.9,1
17219,23,0,4,0.35,82.4,1,5.1,1,4,0,1,64.0,1
17220,18,2,5,3.36,97.3,1,4.8,2,3,2,0,36.7,1
17221,19,2,3,4.71,70.2,1,8.6,2,2,2,1,77.9,1
17222,18,0,2,7.6,77.7,1,9.2,2,2,2,2,94.5,1
17223,18,1,1,2.14,91.3,1,5.8,2,3,0,2,56.4,1
17224,22,2,4,1.95,42.2,1,7.6,2,0,0,0,60.8,1
17225,22,0,2,0.14,95.5,1,4.7,2,1,0,2,42.9,1
17226,22,0,0,4.6,68.6,1,8.7,0,1,1,2,66.9,1
17227,23,2,0,7.91,97.7,1,8.9,1,2,0,2,100.0,1
17228,17,2,0,2.97,40.6,1,5.0,1,4,0,0,49.3,1
17229,21,1,6,3.98,45.6,1,8.5,1,3,0,2,76.9,1
17230,17,0,6,0.47,44.5,0,6.3,0,1,1,1,32.3,-1
17231,24,2,6,4.57,43.4,1,7.1,1,1,1,0,64.9,1
17232,22,1,6,1.68,48.0,1,9.5,0,1,0,0,47.9,1
17233,23,0,6,0.12,60.0,1,9.2,2,2,0,0,39.6,1
17234,21,1,1,5.47,48.0,1,6.6,2,2,1,1,48.5,1
17235,20,1,0,1.18,48.7,1,9.0,0,0,2,2,49.7,1
17236,22,0,2,0.81,67.0,1,5.6,1,0,0,1,43.1,1
17237,23,2,5,1.83,77.6,1,4.9,1,1,2,1,46.6,1
17238,18,0,6,1.1,42.7,1,6.3,1,1,0,1,33.7,1
17239,23,1,2,4.98,74.5,0,7.0,0,4,0,2,81.5,1
17240,22,2,1,2.14,74.9,1,7.3,0,3,0,1,64.1,1
17241,17,1,1,5.37,59.3,1,5.1,2,0,0,0,80.4,1
17242,24,1,6,4.37,51.3,1,6.8,1,3,0,1,66.6,1
17243,18,0,5,2.83,78.0,1,5.1,0,0,2,2,72.3,1
17244,21,2,1,1.55,86.9,1,6.2,0,4,0,0,60.2,1
17245,18,1,2,5.38,57.0,1,7.5,0,1,0,2,60.2,1
17246,18,1,0,4.2,70.6,1,6.2,2,0,0,1,47.3,1
17247,22,2,4,5.77,45.9,1,4.1,1,2,1,2,57.6,1
17248,22,0,2,4.05,86.9,0,8.1,2,1,2,2,69.4,1
17249,22,2,3,6.42,79.8,1,7.0,1,0,0,2,100.0,1
17250,19,0,3,4.4,65.7,1,4.8,2,4,1,0,55.3,1
17251,23,1,6,6.51,76.3,1,4.5,1,1,1,1,66.2,1
17252,17,1,1,4.4,97.3,1,6.3,2,4,2,0,67.6,1
17253,23,0,1,7.69,73.7,1,9.6,1,0,2,2,100.0,1
17254,19,0,3,6.83,65.6,1,6.2,1,2,1,1,87.9,1
17255,21,2,0,2.03,67.2,1,9.9,2,0,1,2,50.7,1
17256,24,1,6,5.83,50.9,1,8.3,1,4,2,2,61.0,1
17257,19,1,5,1.06,94.6,0,9.8,2,2,2,2,64.8,-1
17258,20,1,1,7.29,73.1,1,9.1,2,3,0,0,70.5,1
17259,23,0,0,2.76,63.7,0,8.9,2,2,0,0,62.4,1
17260,23,2,4,3.82,96.2,1,5.1,1,3,2,2,62.4,1
17261,18,2,6,0.16,73.1,1,5.9,0,3,1,0,19.599,1
17262,21,1,1,6.94,48.8,0,8.1,0,0,0,0,84.4,1
17263,19,0,0,7.58,81.6,1,6.0,1,2,1,2,88.0,1
17264,21,2,4,3.76,98.0,1,7.5,2,1,0,2,61.6,1
17265,20,1,6,1.5,89.6,1,4.6,1,0,1,2,70.6,1
17266,17,2,0,5.55,62.8,1,6.9,0,2,1,2,49.8,1
17267,24,1,3,2.38,88.5,1,8.5,1,4,2,0,68.4,1
17268,22,1,4,7.68,68.9,1,8.6,0,1,2,2,91.7,1
17269,20,1,0,2.49,64.3,1,6.3,2,3,2,2,45.4,1
17270,17,2,5,4.61,73.3,1,8.4,2,4,1,2,55.2,1
17271,17,2,3,0.4,44.6,1,7.4,2,0,1,2,20.1,1
17272,20,2,6,7.91,55.9,1,6.1,2,3,0,1,74.6,1
17273,22,2,4,4.61,74.8,1,4.4,0,2,1,0,68.8,1
17274,19,2,6,7.8,47.0,0,4.3,0,3,2,2,59.7,-1
17275,22,0,6,2.41,64.6,1,4.9,2,1,0,0,23.6,1
17276,20,2,1,4.22,89.7,1,8.8,2,4,2,0,59.6,1
17277,17,1,6,0.15,93.6,1,4.7,2,4,1,1,26.7,1
17278,21,0,2,6.17,51.0,0,6.8,0,3,0,2,51.1,1
17279,18,2,1,1.33,96.7,1,4.6,2,3,1,2,34.0,1
17280,17,2,2,3.4,68.0,1,8.2,2,4,2,2,68.6,1
17281,18,0,2,5.36,49.1,1,4.5,0,2,0,1,75.7,1
17282,19,1,5,0.66,85.0,1,7.7,2,1,2,1,48.4,1
17283,21,2,2,6.27,45.1,1,8.0,2,2,1,0,64.3,1
17284,24,1,1,6.45,83.9,1,5.1,2,2,1,0,48.2,1
17285,18,2,0,4.25,81.9,1,5.3,1,2,0,2,88.0,1
17286,17,2,5,4.84,78.2,1,9.8,2,4,0,2,55.9,1
17287,18,2,5,0.75,89.7,0,4.7,0,3,0,0,40.5,-1
17288,19,1,6,3.59,89.4,1,8.9,0,3,1,0,59.3,1
17289,18,1,2,6.73,66.4,1,8.2,0,3,0,0,82.2,1
17290,19,0,1,0.71,71.0,1,5.3,0,1,2,1,28.3,1
17291,24,0,0,7.91,65.1,0,9.3,0,1,0,0,80.4,1
17292,20,0,1,3.89,76.8,1,4.4,1,2,2,2,76.3,1
17293,22,1,2,0.1,71.4,1,7.3,2,0,2,2,61.0,1
17294,22,0,3,2.72,57.8,0,4.9,1,3,0,1,51.4,1
17295,18,2,3,4.0,65.4,1,7.3,0,2,1,2,66.5,1
17296,18,2,3,7.67,73.9,1,7.4,1,1,1,0,84.0,1
17297,20,0,2,5.64,88.0,1,4.1,2,2,0,2,83.9,1
17298,20,1,0,4.65,48.1,1,8.8,0,3,1,2,60.2,1
17299,17,1,3,7.73,73.7,1,5.1,2,3,1,2,77.5,1
17300,22,1,1,2.36,96.3,1,4.6,2,3,2,2,41.7,1
17301,19,1,5,3.04,64.5,1,8.6,0,0,2,1,58.7,1
17302,19,2,6,6.15,44.1,0,5.0,2,1,2,1,57.1,1
17303,21,0,6,4.76,91.0,1,9.8,1,0,2,2,86.9,1
17304,24,2,4,1.75,52.7,1,9.4,2,4,1,2,39.9,1
17305,23,1,4,6.01,81.8,1,4.5,1,0,2,2,69.2,1
17306,24,2,1,2.14,67.7,1,7.3,2,3,2,2,59.4,1
17307,20,1,0,4.47,96.4,1,7.6,2,1,1,2,80.1,1
17308,17,1,2,6.85,86.4,0,4.5,0,1,0,1,89.1,-1
17309,18,2,3,2.2,88.1,1,9.6,0,1,2,2,57.7,1
17310,19,2,5,6.09,76.1,1,5.9,0,2,0,2,77.9,1
17311,19,0,4,6.89,48.4,1,4.4,1,4,2,2,65.5,1
17312,18,0,2,2.54,50.2,1,9.8,1,2,1,2,57.6,1
17313,18,2,3,1.57,42.7,1,5.2,0,2,1,2,28.1,1
17314,18,2,6,6.93,77.8,1,6.2,1,1,1,2,76.6,1
17315,22,1,2,3.73,81.4,1,7.0,0,0,1,0,50.9,1
17316,20,1,3,2.49,52.4,1,5.6,2,1,1,1,35.5,1
17317,17,1,1,0.08,91.5,1,9.2,0,2,2,2,48.2,1
17318,21,0,6,1.55,61.2,1,7.2,1,1,1,2,61.7,1
17319,23,1,3,4.1,53.2,1,7.5,0,0,2,2,65.0,1
17320,20,0,5,6.63,85.1,0,8.1,1,0,1,0,68.7,1
17321,19,1,3,4.02,77.6,1,9.7,2,3,0,2,70.0,1
17322,19,0,6,2.21,52.0,1,8.5,1,3,1,2,48.8,1
17323,20,2,0,7.43,90.0,1,5.1,0,1,2,0,78.8,1
17324,19,1,5,2.95,46.3,1,8.5,0,1,0,1,72.9,1
17325,24,1,3,1.3,51.4,1,7.4,0,3,1,1,36.8,1
17326,24,0,4,7.56,86.0,1,9.4,1,4,0,2,90.3,1
17327,19,1,4,3.17,72.4,1,9.7,1,1,1,0,75.6,1
17328,24,0,1,3.86,66.0,1,9.6,2,0,0,2,71.4,1
17329,23,2,6,6.64,49.1,1,7.8,0,0,2,0,77.4,1
17330,17,0,5,2.3,45.4,1,8.4,2,1,2,1,33.0,1
17331,20,1,0,4.23,66.1,1,6.4,1,2,2,1,65.5,1
17332,22,0,4,6.93,99.0,0,9.0,1,3,2,1,80.8,1
17333,20,2,4,2.05,77.3,1,4.1,2,0,0,2,51.4,1
17334,20,1,3,7.15,59.1,1,6.9,0,3,0,2,69.1,1
17335,20,2,4,1.53,99.4,1,9.2,2,2,1,2,65.3,1
17336,22,2,3,6.84,99.4,1,9.7,0,0,2,0,100.0,1
17337,19,1,5,3.15,60.3,1,9.1,0,3,2,2,69.7,1
17338,21,0,1,4.39,53.1,1,4.1,0,2,1,0,66.1,1
17339,18,1,2,4.41,51.6,1,8.1,2,4,2,2,42.3,1
17340,24,0,0,1.64,75.3,1,7.6,1,4,1,2,49.8,1
17341,17,2,5,1.38,58.8,1,4.1,2,0,0,2,44.2,1
17342,17,2,2,5.69,86.8,1,5.8,0,1,2,1,76.7,1
17343,17,1,6,6.6,61.3,1,4.4,2,3,0,0,79.0,1
17344,19,0,0,1.1,76.5,0,7.2,2,4,1,2,34.4,1
17345,21,1,1,6.01,54.9,1,8.0,0,3,2,1,69.4,1
17346,24,1,3,2.62,68.9,1,8.3,0,2,1,2,53.8,1
17347,20,2,5,4.76,79.5,1,4.6,0,2,2,1,68.6,1
17348,18,0,6,4.28,99.4,1,7.1,0,4,0,2,65.5,1
17349,19,0,4,5.95,58.3,1,6.4,0,4,1,0,56.0,1
17350,18,2,3,4.34,85.3,1,7.1,2,4,0,0,42.8,1
17351,20,2,5,0.75,76.3,1,9.0,1,2,0,2,62.6,1
17352,22,1,6,2.23,85.3,0,9.7,0,4,2,0,59.4,1
17353,17,1,5,3.18,76.8,1,4.3,1,0,2,0,69.8,1
17354,23,0,6,4.58,46.5,1,5.6,0,1,1,2,64.9,1
17355,18,2,5,1.36,54.3,1,9.5,2,0,1,0,48.9,1
17356,22,1,2,2.7,82.8,0,7.8,0,3,2,0,69.8,1
17357,23,0,2,0.51,84.5,1,8.3,0,3,0,2,60.9,1
17358,23,2,4,2.58,77.8,1,6.5,0,4,0,1,73.5,1
17359,22,2,6,4.1,51.9,1,4.7,0,4,1,0,58.7,1
17360,22,0,0,7.49,46.5,1,6.3,0,2,0,0,71.3,1
17361,18,2,6,1.42,84.2,1,4.3,1,4,2,2,55.9,1
17362,18,2,5,0.22,78.2,1,4.8,1,0,2,2,57.9,1
17363,20,2,2,3.02,73.5,1,7.4,0,1,1,2,57.4,1
17364,21,2,3,4.86,41.1,0,6.9,1,0,0,2,93.2,1
17365,21,2,1,4.86,77.2,1,6.2,0,0,1,2,74.2,1
17366,23,1,2,2.76,86.7,0,7.7,1,1,1,1,67.4,1
17367,19,1,4,0.3,67.9,1,7.7,1,4,0,2,45.7,1
17368,23,0,1,7.35,43.1,1,8.2,1,4,2,0,74.9,1
17369,20,2,3,4.01,57.4,1,6.2,1,4,2,2,55.2,1
17370,18,2,4,6.21,50.4,1,8.2,1,1,1,1,61.4,1
17371,22,2,3,3.18,77.1,1,8.8,1,2,0,2,77.8,1
17372,18,1,2,6.65,47.3,1,9.7,2,4,1,0,79.2,1
17373,20,2,2,6.28,42.5,1,4.6,2,2,0,2,61.9,1
17374,23,1,0,0.76,89.1,1,8.4,1,1,2,2,58.7,1
17375,23,1,2,0.41,95.3,1,4.7,1,4,1,0,35.7,1
17376,19,2,6,1.2,90.6,1,6.4,1,2,2,1,40.8,1
17377,18,2,1,6.58,75.0,1,6.7,2,4,2,2,70.9,1
17378,17,0,2,2.16,61.4,1,4.4,2,3,0,2,34.6,1
17379,17,1,2,3.17,44.8,1,6.6,1,1,0,1,45.9,1
17380,23,1,4,4.63,63.4,1,5.6,0,2,2,2,46.6,1
17381,23,2,4,5.22,51.0,1,5.9,2,3,2,0,38.8,1
17382,21,1,4,3.41,88.5,1,7.3,1,0,1,2,75.0,1
17383,21,0,0,3.59,90.0,0,8.1,1,1,2,1,91.1,1
17384,19,1,0,2.63,68.2,1,9.3,1,4,1,2,49.2,1
17385,18,1,4,0.75,58.4,1,8.4,2,0,1,2,43.9,1
17386,17,2,2,1.19,82.0,1,8.7,0,2,0,1,48.4,1
17387,22,2,0,7.12,77.6,1,8.6,0,3,2,2,76.8,1
17388,17,0,2,7.8,74.9,1,4.6,1,2,2,2,75.0,1
17389,17,0,0,6.6,95.5,1,6.2,1,0,1,1,89.9,1
17390,23,0,6,2.45,56.8,1,7.4,2,3,2,2,19.599,1
17391,21,0,5,1.43,59.9,1,6.4,1,1,2,2,36.0,1
17392,20,2,4,4.07,43.3,1,9.0,1,3,1,2,50.8,1
17393,18,2,4,0.76,53.2,1,7.1,1,3,0,2,38.4,1
17394,18,1,0,7.32,68.2,1,4.4,2,2,2,2,78.6,1
17395,20,1,4,6.14,89.2,1,5.0,2,3,1,2,74.5,1
17396,19,2,5,7.79,51.3,1,8.8,1,2,1,0,82.3,1
17397,21,0,3,6.85,71.4,0,9.2,1,4,2,2,95.7,1
17398,18,0,2,3.27,58.5,1,9.9,0,0,0,2,51.1,1
17399,18,2,4,2.51,87.1,1,8.6,1,4,0,0,74.7,1
17400,17,0,2,6.67,78.3,1,8.6,1,0,1,2,89.8,1
17401,20,0,0,4.7,43.3,1,6.1,1,2,1,2,42.7,1
17402,19,0,1,7.03,49.8,0,8.1,2,4,0,2,78.8,1
17403,18,1,2,2.6,85.8,1,6.7,2,3,2,2,54.6,1
17404,21,2,5,4.37,80.7,1,8.7,1,1,1,2,65.1,1
17405,20,2,4,3.7,47.0,1,4.2,2,3,0,2,55.4,1
17406,18,2,0,1.47,58.1,1,7.7,0,4,2,1,41.1,1
17407,22,0,0,4.33,56.3,1,5.8,0,2,2,0,67.9,1
17408,19,1,4,0.67,68.3,1,7.7,1,1,0,0,54.1,1
17409,19,0,3,3.0,41.6,0,9.3,2,2,2,0,35.4,1
17410,20,1,1,4.27,71.8,1,7.8,2,0,0,2,54.9,1
17411,18,2,3,1.16,50.0,1,7.1,0,4,0,2,28.1,1
17412,20,0,5,6.03,84.1,0,5.9,0,1,2,2,79.4,1
17413,21,1,3,1.53,72.9,1,9.6,1,3,2,0,49.6,1
17414,18,0,5,5.83,87.2,1,4.6,1,0,2,1,90.9,1
17415,21,2,3,0.19,77.8,1,5.1,1,4,2,0,35.3,1
17416,17,1,0,5.51,94.6,1,9.5,1,3,2,1,68.9,1
17417,21,0,5,3.2,97.3,1,8.5,2,4,1,1,61.3,1
17418,17,2,1,6.32,77.4,1,4.1,1,3,0,2,90.0,1
17419,18,2,4,4.5,77.6,0,6.5,1,1,1,2,65.2,1
17420,19,2,4,3.04,61.3,1,8.7,2,1,1,2,43.1,1
17421,21,0,1,5.31,96.0,0,9.8,1,3,1,0,91.6,1
17422,22,0,1,3.1,88.9,1,8.8,0,0,0,1,82.7,1
17423,20,0,2,2.85,55.0,1,6.3,2,1,2,0,55.4,1
17424,18,0,1,3.41,55.8,1,9.0,1,4,2,0,68.1,1
17425,20,1,2,5.68,84.5,0,9.1,1,1,2,2,77.8,1
17426,23,1,4,4.92,61.1,0,5.4,0,3,0,1,60.2,1
17427,17,2,2,7.33,89.4,1,9.6,0,4,0,0,93.9,1
17428,22,0,3,0.08,95.0,0,6.2,2,3,0,0,40.2,1
17429,20,0,2,1.29,46.9,1,5.5,0,1,1,0,25.6,1
17430,17,0,5,3.95,71.3,1,9.6,0,0,0,2,82.0,1
17431,22,0,4,5.36,93.3,1,8.2,2,2,0,2,83.0,1
17432,17,2,0,0.72,73.1,1,9.1,0,0,1,2,44.4,1
17433,19,0,5,2.35,48.7,1,6.7,0,2,0,0,39.3,1
17434,18,0,1,7.91,87.5,1,7.5,1,2,1,2,97.2,1
17435,21,0,4,2.62,52.3,0,9.8,2,3,0,0,42.5,1
17436,17,1,4,3.04,69.7,0,8.1,2,2,1,2,45.3,1
17437,17,1,3,1.91,98.1,1,9.3,1,0,0,0,70.4,1
17438,21,1,4,0.14,93.4,1,9.5,0,4,2,2,43.9,1
17439,24,1,6,2.28,76.6,1,7.6,1,2,2,0,56.1,1
17440,17,1,0,1.29,49.4,1,9.9,2,0,2,2,55.6,1
17441,20,1,1,3.05,63.2,1,8.8,1,0,1,0,62.1,1
17442,23,2,3,1.86,54.2,1,5.8,0,0,0,0,38.4,1
17443,19,0,3,3.23,80.6,1,7.3,2,3,2,1,55.4,1
17444,20,2,2,2.16,85.7,1,7.0,0,4,0,2,69.5,1
17445,23,0,6,7.32,77.5,1,6.3,1,0,0,0,98.7,1
17446,22,2,3,2.33,76.5,1,7.2,0,1,1,1,47.7,1
17447,19,2,6,1.51,58.8,1,8.8,0,2,0,2,35.5,1
17448,23,2,6,6.1,67.2,1,7.6,2,2,1,2,65.7,1
17449,22,1,2,6.49,98.9,1,9.5,0,4,2,2,81.0,1
17450,21,1,2,4.5,94.5,0,7.6,0,2,0,2,62.4,1
17451,20,1,1,2.76,82.8,0,6.4,0,0,2,0,54.7,1
17452,24,2,3,6.67,92.0,0,8.5,1,4,0,1,100.0,1
17453,23,0,0,5.36,82.5,0,5.3,1,1,2,2,85.3,1
17454,24,2,2,3.05,78.3,1,7.3,2,4,2,2,64.2,1
17455,22,2,3,3.13,85.4,0,8.9,2,4,0,1,61.4,1
17456,19,1,0,0.08,54.8,0,9.4,2,0,1,0,19.599,-1
17457,17,0,5,0.46,97.8,1,5.1,0,0,1,0,53.5,1
17458,18,0,5,1.08,66.1,1,9.3,1,4,1,0,68.2,1
17459,24,1,5,1.98,42.6,1,7.7,2,0,2,0,31.1,1
17460,19,0,3,7.41,51.3,1,5.2,1,2,2,2,63.3,1
17461,17,1,4,6.57,79.7,1,4.1,1,4,0,2,72.1,1
17462,18,2,2,0.33,79.9,1,6.2,1,4,2,2,50.3,1
17463,17,1,5,0.12,72.5,1,6.6,1,1,0,1,25.5,1
17464,21,1,3,4.69,70.1,1,5.5,0,2,2,1,71.1,1
17465,21,1,2,3.01,78.0,0,4.1,2,3,1,2,39.0,1
17466,20,2,2,6.41,83.3,1,6.8,0,4,2,0,76.9,1
17467,22,2,0,7.78,52.1,1,9.6,0,1,0,2,89.9,1
17468,20,2,0,3.95,52.3,1,9.7,0,4,1,2,48.7,1
17469,24,2,1,1.42,42.2,1,6.9,2,2,2,2,32.3,1
17470,23,2,5,7.14,76.2,1,9.4,0,3,2,1,85.0,1
17471,17,0,3,3.38,62.4,1,4.5,2,2,1,0,55.1,1
17472,19,1,1,3.34,96.2,1,9.1,2,3,2,2,62.2,1
17473,23,0,4,5.63,60.1,0,7.3,1,2,2,2,59.4,1
17474,21,1,3,2.96,73.9,0,4.4,2,2,0,0,57.0,1
17475,23,1,5,1.88,60.8,1,4.4,2,4,1,1,35.9,1
17476,19,2,3,5.93,61.4,1,4.2,1,2,0,1,100.0,1
17477,17,1,5,1.49,61.8,1,6.0,0,4,0,2,45.2,1
17478,23,1,5,0.31,76.6,1,7.3,2,2,2,2,48.6,1
17479,23,0,2,3.98,62.0,1,8.7,1,1,1,0,62.4,1
17480,22,1,2,0.27,48.9,1,7.6,1,4,2,2,37.0,1
17481,20,2,5,6.33,49.9,1,7.0,1,2,2,2,88.7,1
17482,17,2,3,7.82,71.6,1,5.4,1,3,1,2,100.0,1
17483,22,0,1,7.59,66.0,1,7.6,2,0,2,2,90.5,1
17484,22,1,2,1.19,92.4,1,9.9,1,4,1,2,68.3,1
17485,22,2,6,7.46,42.5,1,9.6,1,1,2,2,55.1,1
17486,18,0,2,0.89,55.9,1,6.4,0,1,1,1,21.3,1
17487,22,1,3,2.84,81.5,1,6.9,2,3,2,2,45.7,1
17488,22,2,1,0.67,81.1,1,6.5,0,2,1,2,47.0,1
17489,23,2,0,6.58,44.6,1,7.4,2,1,1,1,48.4,1
17490,21,0,5,1.79,54.8,0,6.5,0,4,2,1,35.1,1
17491,22,0,3,5.32,53.7,0,5.3,0,0,1,2,65.7,1
17492,20,2,2,6.1,97.6,0,5.2,0,1,0,2,94.7,1
17493,22,1,2,3.05,95.3,1,9.0,2,0,0,1,75.6,1
17494,22,0,6,6.31,98.9,0,7.0,2,2,1,0,85.5,1
17495,23,0,1,2.6,48.8,1,4.8,1,3,1,2,39.7,1
17496,23,0,0,1.19,81.7,1,7.3,1,2,1,1,46.7,1
17497,17,1,5,3.68,71.4,0,8.1,0,1,2,2,76.1,1
17498,23,1,5,5.68,85.1,1,5.0,0,3,0,2,78.1,1
17499,23,1,1,0.32,52.7,1,9.9,2,0,0,0,32.4,1
17500,21,0,1,6.45,41.8,1,5.0,1,4,0,2,67.8,1
17501,21,2,3,2.05,46.8,1,7.1,2,1,2,2,46.4,1
17502,22,0,0,5.45,70.3,1,4.2,1,4,2,0,55.3,1
17503,20,1,4,0.91,98.8,1,8.9,2,2,2,2,43.8,1
17504,20,2,5,3.12,42.1,1,4.7,0,1,2,2,32.2,1
17505,23,0,1,3.72,75.2,1,8.3,1,0,1,0,75.4,1
17506,23,2,0,3.75,51.9,0,5.8,2,2,1,2,39.7,1
17507,18,1,5,2.19,44.3,1,7.1,0,0,1,2,32.3,1
17508,23,1,3,4.23,77.4,1,8.6,0,4,0,2,57.0,1
17509,19,2,3,2.22,62.5,1,9.7,2,4,0,2,59.5,1
17510,18,1,5,1.33,84.6,1,5.0,1,3,1,0,46.8,1
17511,24,1,4,1.07,62.1,1,9.0,0,1,0,0,51.3,1
17512,18,0,4,7.16,46.0,1,5.3,0,0,2,2,74.8,1
17513,18,1,3,1.05,84.0,1,4.4,2,0,2,0,33.1,1
17514,19,0,5,3.16,79.2,1,9.1,2,1,0,1,68.7,1
17515,20,0,2,2.02,94.2,1,5.9,2,1,1,2,41.1,1
17516,18,1,2,4.93,81.8,0,8.9,0,0,0,2,90.0,1
17517,18,0,4,2.77,40.8,1,9.3,2,2,0,0,44.4,1
17518,20,1,4,2.29,89.7,1,7.7,1,0,2,2,63.9,1
17519,18,1,1,7.75,73.2,1,6.1,2,0,2,2,90.2,1
17520,18,1,4,7.91,40.7,1,4.9,2,2,1,2,60.6,1
17521,24,1,2,1.06,88.1,1,5.0,2,2,1,0,59.5,1
17522,21,0,4,5.54,86.2,1,7.8,0,1,1,0,84.8,1
17523,17,0,0,7.12,99.4,1,6.9,0,3,2,2,75.6,1
17524,17,1,4,7.77,69.0,1,8.0,2,3,1,0,75.6,1
17525,23,0,0,2.38,86.7,1,4.4,0,1,1,2,46.7,1
17526,19,2,5,6.28,82.8,1,5.6,1,3,2,0,73.9,1
17527,18,1,2,2.62,69.7,1,5.1,0,1,2,1,40.7,1
17528,22,1,5,4.97,50.4,1,9.5,0,4,2,1,57.2,1
17529,23,2,3,4.1,66.6,1,5.5,0,3,2,1,71.8,1
17530,20,0,1,5.66,49.4,1,4.3,1,3,0,1,72.1,1
17531,22,1,6,7.3,58.3,1,4.6,2,4,2,0,67.0,1
17532,20,0,2,0.9,92.4,1,7.2,2,4,2,1,30.1,1
17533,17,0,3,1.78,55.2,1,4.1,1,3,0,2,19.599,1
17534,23,1,2,4.69,89.6,1,5.6,0,0,2,1,67.3,1
17535,24,1,6,2.86,41.9,1,7.5,0,3,0,2,62.1,1
17536,24,2,1,4.46,69.3,1,4.6,0,1,1,2,51.6,1
17537,17,2,1,6.26,84.4,1,7.0,1,3,2,2,77.8,1
17538,21,2,4,5.6,91.9,0,8.7,0,1,2,2,88.1,1
17539,21,1,6,6.13,41.5,1,8.6,0,2,0,2,73.5,1
17540,17,2,0,1.29,87.8,1,5.2,1,1,2,0,45.7,1
17541,24,0,1,0.24,93.5,1,5.1,0,1,2,2,48.3,1
17542,17,0,0,6.97,49.2,1,9.1,1,4,0,0,87.0,1
17543,19,2,6,3.61,43.1,1,8.4,1,2,1,0,78.2,1
17544,24,0,6,5.09,52.3,1,6.3,1,2,2,2,81.4,1
17545,21,1,2,0.58,54.2,1,8.9,1,0,1,2,43.3,1
17546,22,1,6,5.66,51.4,1,4.4,2,3,2,2,54.4,1
17547,20,2,5,0.81,75.4,1,5.1,0,1,2,0,27.8,1
17548,23,0,3,6.3,55.2,1,7.7,2,3,0,2,66.6,1
17549,17,0,1,0.49,83.3,1,7.6,2,4,0,2,47.3,1
17550,22,0,3,0.67,70.9,1,7.8,0,0,1,2,46.2,1
17551,17,1,5,2.75,67.4,1,8.2,2,2,2,2,40.7,1
17552,18,0,1,1.7,92.1,1,6.2,2,3,1,2,37.3,1
17553,21,2,0,7.88,75.7,1,5.5,1,2,0,2,88.9,1
17554,20,1,3,3.61,55.9,1,7.7,1,3,0,0,68.8,1
17555,18,2,2,3.75,45.4,1,9.8,0,0,1,1,64.7,1
17556,23,1,0,0.37,72.3,1,6.6,0,0,1,2,44.3,1
17557,19,1,2,3.93,84.8,1,4.4,0,0,1,2,70.7,1
17558,23,1,2,0.51,80.5,1,8.6,1,1,0,2,52.1,1
17559,17,0,0,5.02,88.3,1,6.5,1,3,2,2,68.0,1
17560,18,1,5,7.85,86.7,1,5.2,2,4,0,2,81.8,1
17561,19,0,6,2.64,71.2,1,4.5,1,1,1,2,51.4,1
17562,21,0,3,6.46,55.9,1,9.3,1,3,2,1,80.8,1
17563,20,0,5,7.72,89.5,1,9.7,0,1,0,2,92.3,1
17564,18,2,1,7.74,66.4,1,8.4,0,3,2,1,66.0,1
17565,21,0,4,5.97,48.3,1,5.9,1,2,1,2,69.4,1
17566,24,1,4,6.96,93.6,1,8.1,1,2,1,2,74.0,1
17567,18,2,0,2.81,52.3,0,6.1,2,1,0,1,41.5,1
17568,19,1,3,4.67,50.0,1,5.1,0,3,2,0,38.0,1
17569,20,2,4,5.3,51.5,1,8.9,2,2,2,1,74.0,1
17570,22,1,0,1.74,52.5,1,8.5,2,2,1,0,45.1,1
17571,18,2,4,2.51,56.6,1,9.2,2,1,2,1,54.0,1
17572,18,1,1,2.89,74.0,0,9.3,2,3,2,0,40.7,1
17573,18,0,3,0.53,52.8,0,8.6,0,4,1,2,19.599,-1
17574,21,2,2,3.65,91.9,1,8.1,0,1,1,0,85.2,1
17575,17,0,3,6.27,65.8,1,4.3,0,2,0,1,77.0,1
17576,22,1,3,5.2,68.4,0,4.9,1,2,0,2,57.3,1
17577,20,1,5,5.0,81.4,1,5.6,0,4,2,2,62.5,1
17578,19,2,0,4.85,43.4,1,4.5,1,4,2,2,46.9,1
17579,23,0,2,0.18,58.9,1,5.2,2,0,2,2,41.5,1
17580,23,2,2,0.08,81.2,1,5.0,2,4,0,1,23.6,1
17581,23,1,3,1.35,63.0,1,9.9,0,2,1,2,40.8,1
17582,24,0,5,7.31,45.6,1,8.8,2,3,1,2,71.5,1
17583,18,0,6,6.86,69.4,0,4.3,1,4,2,2,79.0,1
17584,23,2,5,4.61,53.0,1,4.3,0,0,2,2,57.8,1
17585,18,2,0,3.08,92.9,1,8.4,2,2,0,2,56.6,1
17586,19,0,3,7.71,47.1,1,5.4,2,2,2,1,73.2,1
17587,21,1,6,0.53,44.6,0,9.4,2,4,0,0,19.599,-1
17588,22,2,5,0.78,73.6,1,9.8,1,4,2,2,53.2,1
17589,21,1,3,4.97,52.0,0,8.3,2,3,0,0,60.5,1
17590,21,1,3,4.38,91.6,1,5.9,2,4,0,1,62.6,1
17591,20,2,2,7.85,50.7,1,9.0,1,2,1,0,74.0,1
17592,21,2,1,6.42,68.4,1,5.8,0,3,1,0,71.4,1
17593,20,2,3,7.51,85.1,1,7.2,2,0,1,0,88.8,1
17594,20,1,3,5.77,43.1,0,4.4,2,2,0,2,51.3,1
17595,21,2,4,7.41,99.4,1,7.0,2,2,1,1,61.6,1
17596,21,0,0,5.49,86.0,1,5.7,2,3,1,2,63.8,1
17597,19,1,1,4.21,60.2,1,8.6,1,2,0,1,84.3,1
17598,18,2,3,4.64,68.3,1,7.7,0,1,2,0,61.9,1
17599,19,2,6,7.21,49.3,1,6.9,1,1,2,1,74.2,1
17600,20,0,6,0.84,63.6,1,7.9,1,0,2,2,56.2,1
17601,18,1,2,4.52,58.9,1,5.9,0,2,0,2,57.0,1
17602,18,1,0,3.14,58.4,1,4.6,0,3,2,2,44.3,1
17603,24,0,3,5.3,86.2,1,6.2,1,0,1,0,92.2,1
17604,19,1,1,4.83,88.1,1,7.6,1,4,2,0,78.1,1
17605,22,1,0,3.2,62.0,1,4.9,0,0,1,0,71.0,1
17606,18,1,2,5.51,47.0,1,7.0,2,2,0,1,65.6,1
17607,24,2,3,4.29,42.6,1,8.7,1,3,1,0,61.6,1
17608,18,0,6,1.5,97.1,1,9.6,1,4,2,0,57.0,1
17609,20,0,6,5.1,46.2,1,6.0,2,3,0,2,53.0,1
17610,23,0,2,0.21,79.2,1,7.2,0,3,2,0,42.4,1
17611,18,1,4,6.58,45.4,1,6.1,0,3,0,0,81.6,1
17612,21,0,6,7.25,87.6,1,7.6,0,2,1,0,84.9,1
17613,23,2,5,0.62,61.6,1,4.4,2,0,2,0,45.7,1
17614,17,2,2,2.05,59.8,1,4.3,2,1,0,1,53.0,1
17615,17,1,0,1.01,41.5,1,7.4,2,4,1,2,42.2,1
17616,23,1,5,6.17,97.9,1,6.1,2,4,0,2,81.1,1
17617,19,2,6,0.57,69.0,0,6.5,1,4,1,2,42.2,1
17618,24,2,0,4.33,49.0,1,6.9,1,4,2,2,53.1,1
17619,24,2,1,3.11,47.6,1,6.6,2,1,1,0,41.6,1
17620,24,0,1,6.01,80.9,1,4.9,1,4,2,1,81.7,1
17621,24,0,6,5.11,52.5,1,9.6,1,0,2,2,77.0,1
17622,23,2,1,4.35,69.7,1,5.1,2,4,0,2,44.0,1
17623,20,2,0,4.03,51.6,1,6.1,0,0,0,2,61.8,1
17624,24,2,2,6.2,63.0,1,6.7,2,2,2,0,44.1,1
17625,19,1,6,3.82,86.0,1,8.2,1,0,1,2,75.2,1
17626,21,2,2,3.36,41.7,1,4.6,0,1,0,2,36.8,1
17627,17,1,3,0.2,53.7,0,5.5,2,2,1,2,28.3,-1
17628,24,1,1,2.15,95.3,1,9.1,1,4,1,2,83.6,1
17629,21,0,0,2.96,79.5,1,7.9,2,0,0,0,75.8,1
17630,24,0,4,4.63,93.0,0,4.1,2,1,0,1,60.3,-1
17631,19,0,4,5.39,41.5,1,8.4,2,0,0,2,79.6,1
17632,19,2,3,7.7,92.7,1,6.2,1,3,1,0,93.0,1
17633,21,2,0,2.21,86.9,1,8.7,2,4,2,2,58.0,1
17634,23,2,1,4.36,47.6,1,4.6,2,4,1,1,38.9,1
17635,21,1,5,6.05,66.6,0,6.3,2,2,0,0,83.2,1
17636,23,1,4,2.48,63.3,1,6.9,0,1,0,0,45.2,1
17637,18,1,4,4.39,91.8,1,9.4,2,3,1,2,46.3,1
17638,23,0,5,3.35,79.8,1,9.7,2,3,1,2,48.5,1
17639,22,2,1,3.18,84.3,1,6.6,1,3,2,1,67.8,1
17640,24,2,6,0.5,94.8,1,7.2,1,0,2,2,56.3,1
17641,17,1,6,0.19,58.8,1,6.5,1,3,0,2,49.7,1
17642,20,1,3,2.36,44.1,1,5.5,2,2,0,2,43.8,1
17643,17,0,1,7.3,66.1,1,6.1,1,2,2,2,81.0,1
17644,20,0,0,1.54,96.4,1,9.0,1,0,0,0,76.0,1
17645,23,1,0,0.5,80.5,1,9.2,1,3,2,1,19.6,1
17646,22,2,6,4.96,42.2,0,8.9,0,0,2,2,74.0,1
17647,23,1,0,7.67,99.0,1,4.1,1,1,1,2,92.0,1
17648,22,0,6,0.46,72.4,1,6.1,2,4,2,2,24.1,1
17649,24,2,1,5.96,63.8,1,8.1,0,0,0,2,93.8,1
17650,24,1,6,0.87,69.7,1,9.9,2,2,1,2,35.7,1
17651,21,2,6,1.08,72.2,1,4.2,0,3,2,2,40.6,1
17652,24,0,4,7.49,95.2,1,4.2,2,0,1,2,82.0,1
17653,17,2,2,5.61,61.8,1,5.0,2,1,0,0,46.3,1
17654,22,0,4,4.47,79.7,1,9.7,0,4,2,1,65.9,1
17655,21,2,6,1.32,46.9,0,6.5,0,0,1,2,22.2,-1
17656,24,0,6,4.47,65.4,1,6.1,1,3,2,0,65.3,1
17657,21,1,3,0.5,95.7,1,6.6,1,2,0,2,61.2,1
17658,18,2,3,3.16,85.8,1,4.7,2,3,1,0,52.2,1
17659,22,2,0,5.64,95.8,1,9.1,1,3,2,0,79.5,1
17660,24,0,1,4.55,47.7,1,6.9,1,1,1,2,46.9,1
17661,17,2,4,5.4,68.0,1,6.9,2,1,2,1,67.1,1
17662,17,2,6,0.93,71.5,1,8.8,2,4,2,2,19.599,1
17663,22,0,1,6.07,45.7,1,5.1,1,2,2,2,71.8,1
17664,21,2,5,7.65,71.3,1,5.6,2,1,2,2,87.7,1
17665,21,0,2,7.26,62.8,1,5.8,1,0,1,2,80.8,1
17666,17,2,2,0.7,40.6,0,5.6,1,4,0,2,46.8,-1
17667,21,0,6,0.79,46.5,1,6.1,0,0,2,1,43.5,1
17668,21,0,2,4.11,69.3,1,8.6,0,4,1,1,70.5,1
17669,23,1,0,4.19,46.5,1,9.1,0,2,0,2,69.5,1
17670,20,1,6,6.86,64.0,1,4.6,0,3,2,2,68.3,1
17671,19,0,0,2.95,99.3,1,4.2,0,4,1,1,54.0,1
17672,17,2,0,4.12,66.4,1,5.3,1,4,2,2,54.7,1
17673,21,1,2,1.63,73.9,0,9.4,2,4,1,1,32.5,1
17674,22,1,4,7.57,65.0,1,5.4,0,3,0,0,85.8,1
17675,19,1,0,0.97,46.4,0,8.9,0,0,2,2,44.4,1
17676,22,0,2,7.23,88.5,0,4.6,2,4,0,2,72.7,1
17677,24,0,3,7.13,84.0,1,5.1,0,0,2,2,100.0,1
17678,18,1,1,0.4,66.7,1,6.5,0,4,2,0,40.1,1
17679,21,2,5,6.2,51.4,1,7.8,0,0,2,1,50.3,1
17680,22,0,5,2.7,83.9,1,6.8,1,4,0,0,70.5,1
17681,17,1,6,1.8,59.8,1,5.2,0,3,1,2,29.0,1
17682,18,2,6,3.22,69.3,1,4.9,0,4,0,2,65.1,1
17683,20,2,5,7.39,55.3,1,5.9,2,3,1,0,73.0,1
17684,18,0,3,3.19,65.3,1,8.1,0,2,2,1,70.7,1
17685,19,2,1,1.94,94.7,1,4.3,0,1,2,0,59.9,1
17686,18,0,2,4.2,57.9,1,9.9,2,4,0,2,71.5,1
17687,24,1,2,3.28,63.3,1,5.1,0,4,1,2,23.3,1
17688,21,1,1,0.15,70.5,1,8.0,2,3,1,1,19.599,1
17689,19,1,6,1.49,57.1,1,8.0,1,1,2,0,57.0,1
17690,23,1,1,0.14,98.1,1,7.6,2,1,0,2,33.9,1
17691,17,0,2,4.18,46.3,1,6.5,1,3,1,1,49.4,1
17692,21,0,6,5.13,47.4,1,6.1,1,3,0,0,75.3,1
17693,22,0,3,5.75,77.7,1,4.3,2,4,1,0,84.5,1
17694,23,2,0,1.66,76.5,1,6.4,2,4,0,2,48.4,1
17695,18,1,0,6.44,57.1,0,5.7,1,4,1,2,69.2,1
17696,21,2,6,3.29,44.6,1,6.5,1,4,1,1,25.6,1
17697,23,1,0,0.39,47.9,1,8.0,0,3,0,0,40.0,1
17698,23,2,6,7.42,53.3,1,6.1,0,2,1,2,73.0,1
17699,18,1,6,5.55,64.0,1,7.2,0,2,2,1,80.6,1
17700,24,1,3,4.5,73.6,1,9.7,0,3,2,0,73.9,1
17701,19,1,4,0.32,77.2,0,4.8,0,4,2,0,45.7,1
17702,20,1,2,0.11,81.7,1,9.1,1,3,1,2,34.1,1
17703,18,2,5,4.52,42.9,1,5.6,1,2,2,2,68.5,1
17704,18,0,6,7.03,72.8,1,6.8,0,2,2,0,76.9,1
17705,19,1,1,5.18,42.7,1,5.1,0,2,2,2,47.6,1
17706,18,0,2,0.08,79.1,0,5.3,1,2,1,2,38.5,1
17707,22,0,2,5.1,59.1,1,4.7,1,4,2,2,63.5,1
17708,21,2,5,2.79,76.5,1,6.2,1,1,2,1,61.8,1
17709,20,2,1,0.98,68.6,1,4.8,1,3,2,2,30.3,1
17710,21,2,0,6.49,88.9,1,6.9,2,2,0,1,96.4,1
17711,21,1,0,4.61,45.9,1,9.2,2,1,1,2,58.6,1
17712,18,0,0,5.79,72.0,1,9.2,1,3,2,2,90.9,1
17713,19,0,1,1.32,58.7,0,9.5,0,1,0,2,65.1,1
17714,24,0,0,0.93,40.8,1,6.8,0,2,1,1,25.8,1
17715,17,2,6,4.12,72.3,1,4.3,1,1,1,2,73.4,1
17716,24,2,0,4.22,86.9,1,7.1,1,2,2,2,71.4,1
17717,24,2,5,4.66,76.8,1,6.7,1,0,2,2,82.9,1
17718,19,1,4,5.95,42.8,1,9.9,1,1,0,2,84.9,1
17719,19,0,5,5.31,78.9,1,6.8,1,4,0,0,78.4,1
17720,18,2,4,5.41,83.0,1,8.4,2,2,1,1,78.0,1
17721,21,1,0,1.4,44.3,1,9.9,1,1,1,2,33.7,1
17722,18,2,1,3.34,63.1,0,8.1,1,0,0,0,73.9,1
17723,23,1,1,4.8,57.9,1,9.2,0,0,1,2,75.2,1
17724,20,1,3,4.15,85.0,1,9.8,1,4,0,2,81.5,1
17725,24,1,0,2.43,62.1,1,9.1,1,2,0,2,50.4,1
17726,23,2,0,7.55,52.5,1,8.4,2,3,0,0,70.7,1
17727,20,2,0,1.12,71.9,1,6.2,0,1,0,0,42.9,1
17728,21,2,6,7.8,85.6,1,7.9,0,0,2,2,100.0,1
17729,17,1,4,6.26,63.5,0,9.9,2,4,1,0,83.2,-1
17730,17,2,6,4.77,93.8,1,6.0,2,0,2,2,61.8,1
17731,21,1,6,1.02,79.0,1,5.4,1,0,2,0,47.3,1
17732,20,1,4,4.51,47.0,1,8.6,1,3,2,2,78.1,1
17733,20,1,2,0.7,98.6,1,4.4,0,4,0,2,58.7,1
17734,17,1,6,7.46,83.4,1,8.2,2,4,2,1,83.1,1
17735,23,0,3,2.28,54.2,1,7.7,1,0,2,1,63.5,1
17736,20,2,0,3.2,58.6,1,7.6,1,2,2,2,67.5,1
17737,20,1,0,5.09,68.3,0,6.3,0,2,2,0,70.9,1
17738,20,1,2,0.15,41.3,1,4.3,2,1,1,1,19.599,1
17739,20,0,4,4.34,93.7,1,7.7,1,0,2,0,98.9,1
17740,22,1,2,5.72,44.8,1,5.6,1,3,1,2,44.2,1
17741,23,2,5,1.66,50.3,1,7.0,2,3,2,0,46.5,1
17742,21,0,5,1.23,72.2,1,7.9,1,4,0,2,40.8,1
17743,18,0,0,3.9,87.8,1,5.3,1,4,0,2,85.8,1
17744,23,1,0,4.29,96.3,1,4.8,0,2,1,2,66.3,1
17745,19,2,4,3.51,46.9,1,5.7,0,1,0,2,49.6,1
17746,17,2,6,2.36,40.9,1,7.8,0,4,2,0,27.9,1
17747,17,2,2,3.28,81.9,1,8.4,1,1,1,1,72.9,1
17748,23,0,3,2.5,56.2,1,4.4,1,4,0,2,54.5,1
17749,20,1,0,2.0,47.9,1,5.7,1,0,0,0,55.6,1
17750,17,1,2,3.78,40.6,1,9.6,2,3,2,0,38.4,1
17751,23,1,2,3.17,97.8,1,5.0,0,3,0,1,76.0,1
17752,19,0,3,3.48,84.0,1,9.5,1,4,0,2,71.3,1
17753,24,1,5,0.08,60.6,1,4.1,1,3,2,2,29.0,1
17754,24,1,4,5.54,75.9,1,7.3,1,1,1,2,86.0,1
17755,17,1,1,0.37,93.4,1,9.1,2,1,1,0,47.3,1
17756,22,1,3,1.65,94.7,1,9.7,2,4,0,2,80.8,1
17757,21,1,6,6.43,72.1,1,6.7,1,1,0,2,86.1,1
17758,18,0,5,7.87,96.3,1,9.8,0,4,2,2,100.0,1
17759,19,2,2,7.91,85.5,1,9.9,2,3,2,2,93.9,1
17760,20,0,4,4.74,72.8,1,5.4,1,1,2,1,76.8,1
17761,18,1,4,2.08,62.9,1,4.3,2,2,1,0,38.1,1
17762,22,0,0,6.68,96.2,1,8.2,1,1,1,2,95.2,1
17763,19,1,0,5.2,51.7,0,6.5,2,2,1,0,65.4,1
17764,24,0,5,7.89,72.7,0,8.0,0,2,2,2,90.3,1
17765,23,1,6,4.39,48.0,1,4.2,0,4,0,1,47.4,1
17766,22,0,0,4.21,48.0,0,4.7,0,0,0,2,58.0,1
17767,17,2,6,0.35,43.6,1,7.4,0,3,0,0,36.8,1
17768,17,0,5,1.56,58.6,1,5.7,2,1,2,1,32.8,1
17769,18,2,2,5.34,87.9,1,6.5,0,0,0,0,88.4,1
17770,20,0,1,7.91,51.0,1,6.7,0,2,2,2,87.7,1
17771,23,2,3,3.81,89.9,1,7.8,0,1,0,2,76.6,1
17772,18,2,4,0.23,99.4,1,6.9,1,4,1,1,57.9,1
17773,22,0,1,3.2,71.5,1,8.8,0,1,1,2,57.3,1
17774,17,0,0,1.01,87.3,1,4.5,0,3,1,2,32.1,1
17775,19,0,2,7.68,80.1,1,4.6,0,2,2,1,82.2,1
17776,21,1,2,1.13,67.6,1,7.3,1,3,0,2,56.9,1
17777,23,1,3,0.94,57.1,1,9.1,2,4,1,2,42.5,1
17778,23,2,4,3.66,80.3,1,9.0,0,3,0,1,70.3,1
17779,21,0,3,4.34,53.8,1,5.5,0,1,0,0,52.5,1
17780,17,2,0,5.74,62.1,1,8.6,0,3,2,1,75.4,1
17781,19,0,3,2.94,49.3,1,6.1,0,0,2,1,69.3,1
17782,23,1,4,7.18,74.7,0,7.4,2,2,0,2,87.3,1
17783,17,0,4,4.79,49.9,0,4.5,1,3,0,0,53.7,1
17784,22,0,3,0.38,88.1,1,6.1,2,3,1,1,19.599,1
17785,22,0,2,0.27,68.5,1,9.5,0,3,2,2,58.1,1
17786,23,2,2,3.75,82.8,1,7.8,2,4,1,0,55.6,1
17787,18,0,0,3.52,67.3,1,6.0,0,4,2,1,43.4,1
17788,18,1,1,3.62,86.5,1,6.2,1,3,0,0,68.2,1
17789,18,1,3,0.46,93.1,1,4.3,2,2,1,0,58.2,1
17790,20,2,4,0.43,68.1,0,5.4,1,2,2,2,60.0,1
17791,21,0,1,0.49,62.2,1,8.0,1,0,1,0,46.5,1
17792,17,0,3,5.87,83.2,0,5.1,1,2,0,0,76.5,1
17793,21,1,1,4.81,97.9,1,4.6,2,0,0,2,94.0,1
17794,18,2,3,1.09,50.6,1,7.3,1,0,2,0,59.9,1
17795,21,0,0,3.45,84.8,1,6.9,0,1,0,0,68.0,1
17796,19,2,2,7.54,40.6,1,4.3,1,1,2,2,47.0,1
17797,24,2,4,0.55,98.9,1,9.8,2,1,2,2,51.3,1
17798,19,2,0,1.51,87.8,1,8.6,1,4,0,0,69.4,1
17799,23,1,5,3.12,96.8,1,7.9,2,1,0,0,63.4,1
17800,18,0,4,1.89,46.4,1,7.0,0,0,2,2,41.2,1
17801,17,0,1,1.27,43.1,0,7.8,0,0,1,2,29.0,-1
17802,18,2,6,7.79,66.2,1,6.6,1,3,2,0,87.4,1
17803,20,2,2,6.13,43.6,1,5.4,0,3,0,2,51.8,1
17804,24,1,4,5.83,43.3,1,8.2,2,0,2,0,72.1,1
17805,18,2,5,7.46,45.5,1,9.9,1,2,2,0,72.1,1
17806,23,1,3,1.5,43.7,1,6.8,2,1,1,0,21.7,1
17807,22,2,3,7.12,45.9,1,9.7,2,2,1,2,60.2,1
17808,19,2,3,7.86,62.0,1,6.2,0,2,2,2,72.4,1
17809,19,1,2,4.69,70.1,0,5.7,1,4,1,1,49.9,1
17810,24,0,4,7.23,46.2,1,9.5,1,3,0,0,97.0,1
17811,22,0,6,6.53,78.4,0,7.8,1,0,0,1,96.1,1
17812,18,2,5,2.54,76.5,1,6.7,1,3,2,2,45.3,1
17813,24,2,2,2.66,57.7,1,4.2,1,2,2,1,59.3,1
17814,20,1,1,5.41,58.2,1,7.3,0,2,2,0,61.3,1
17815,17,2,5,4.42,99.1,1,6.1,1,4,1,1,85.3,1
17816,23,1,4,3.08,58.0,1,8.7,0,2,0,2,55.8,1
17817,23,0,0,0.38,94.3,1,6.1,2,0,2,2,45.4,1
17818,20,1,1,0.18,52.3,1,9.6,0,3,0,2,24.9,1
17819,22,1,3,0.78,50.8,1,9.3,2,4,0,2,49.3,1
17820,18,0,2,3.23,91.6,0,8.1,0,4,2,1,54.3,1
17821,23,1,2,0.22,76.4,1,7.2,0,3,0,0,38.7,1
17822,19,1,2,1.19,85.9,1,7.9,2,2,0,2,42.4,1
17823,19,2,5,7.74,74.5,1,7.8,0,0,1,2,79.0,1
17824,21,0,2,3.6,98.4,1,9.4,1,0,0,2,93.6,1
17825,19,0,3,7.47,41.7,1,5.4,2,3,2,2,83.5,1
17826,21,2,1,1.52,49.0,0,5.2,2,2,2,1,41.1,1
17827,22,1,5,2.87,46.7,1,8.1,0,1,1,2,26.0,1
17828,20,2,2,5.37,80.3,1,9.9,1,2,0,0,98.6,1
17829,23,1,6,7.91,58.8,0,5.0,1,4,0,1,83.7,1
17830,20,2,2,5.6,87.2,1,9.1,2,4,2,1,63.8,1
17831,24,1,5,7.22,47.4,1,9.4,1,0,2,2,92.2,1
17832,19,1,1,0.39,53.8,1,7.8,0,4,2,2,25.5,1
17833,22,1,2,2.43,43.9,1,7.9,0,0,1,1,63.9,1
17834,21,0,2,7.06,99.4,1,8.2,0,3,2,0,96.2,1
17835,24,2,5,4.19,83.0,1,8.3,2,2,0,0,59.5,1
17836,18,2,0,1.36,46.5,1,4.4,2,1,2,2,29.0,1
17837,18,2,0,1.36,78.8,1,9.8,2,2,1,2,20.9,1
17838,23,1,5,6.07,66.4,1,7.3,0,2,2,1,70.0,1
17839,24,2,1,1.26,95.0,1,5.9,0,4,2,2,61.3,1
17840,22,0,3,3.98,48.0,1,6.6,1,1,1,2,68.3,1
17841,20,1,0,1.45,41.7,1,6.1,2,1,2,2,24.2,1
17842,20,2,2,1.67,49.2,1,6.5,2,0,1,0,38.7,1
17843,22,2,6,3.18,96.3,1,8.9,2,2,0,1,72.0,1
17844,22,1,0,0.94,95.7,1,7.2,1,3,0,1,70.1,1
17845,19,0,5,5.27,44.1,1,4.8,2,0,2,1,50.0,1
17846,17,2,3,1.33,71.4,1,6.8,0,3,2,0,56.2,1
17847,17,2,6,6.02,81.1,1,4.9,0,0,1,0,81.0,1
17848,19,1,1,4.17,40.6,1,4.3,2,1,2,0,45.3,1
17849,22,2,3,2.77,41.0,1,6.2,2,1,0,2,44.5,1
17850,20,1,0,4.91,44.0,1,9.8,2,3,1,0,51.8,1
17851,21,0,6,3.26,82.3,1,5.3,0,0,2,1,77.6,1
17852,20,1,0,0.66,96.4,1,7.1,0,3,0,1,44.6,1
17853,19,2,5,2.47,44.1,1,5.2,0,0,2,2,37.8,1
17854,22,2,3,4.2,48.6,0,5.2,2,1,0,2,46.6,1
17855,22,1,0,0.83,68.0,1,5.0,2,4,1,1,47.6,1
17856,24,0,4,5.86,66.6,1,8.8,0,4,1,2,82.2,1
17857,23,1,4,2.85,52.7,1,7.9,2,1,1,2,34.0,1
17858,20,2,3,1.64,52.0,1,6.4,1,0,0,0,54.4,1
17859,22,1,2,0.08,48.4,0,4.2,2,3,2,0,19.599,-1
17860,19,0,2,0.68,55.0,1,5.2,2,1,0,0,35.3,1
17861,23,1,4,1.9,90.5,1,4.9,1,2,2,2,56.9,1
17862,21,2,2,2.94,67.5,1,9.9,1,4,0,0,59.7,1
17863,23,1,4,1.23,95.1,0,7.1,0,2,0,2,57.9,1
17864,19,0,6,4.36,90.5,1,4.2,2,4,0,1,65.3,1
17865,17,1,5,1.56,71.7,1,9.3,0,2,2,0,66.9,1
17866,18,0,4,7.64,89.5,1,7.8,1,1,2,0,91.6,1
17867,21,2,1,4.52,49.9,1,9.4,1,3,2,2,66.7,1
17868,24,2,4,6.37,78.4,1,4.8,0,1,1,0,80.5,1
17869,22,1,1,3.37,96.4,1,5.5,2,0,0,2,63.0,1
17870,23,2,6,1.64,77.2,1,9.4,2,1,2,2,49.7,1
17871,20,1,2,3.6,69.4,1,6.5,0,3,0,2,67.7,1
17872,24,2,3,3.3,79.3,1,7.7,2,2,0,2,69.5,1
17873,24,2,3,4.99,48.2,1,4.5,0,2,0,0,77.6,1
17874,18,1,2,7.28,57.7,1,9.7,2,3,2,1,79.7,1
17875,23,0,1,1.9,55.1,1,9.4,2,2,2,2,45.3,1
17876,17,2,5,0.77,47.1,1,7.7,1,3,0,2,46.9,1
17877,21,1,4,5.72,82.5,1,7.8,1,2,2,2,82.9,1
17878,20,1,1,0.08,78.1,1,6.7,2,3,1,1,41.1,1
17879,19,0,2,6.36,92.4,1,6.2,0,3,2,2,80.0,1
17880,24,2,4,5.82,81.9,1,5.8,0,3,1,1,67.6,1
17881,22,1,4,6.61,88.7,1,5.5,0,1,2,2,73.5,1
17882,18,0,0,0.72,48.4,1,5.9,2,1,0,1,26.7,1
17883,18,2,2,1.63,43.9,1,6.5,2,3,0,0,40.5,1
17884,17,1,2,4.41,62.2,1,9.0,2,0,0,2,57.8,1
17885,19,1,1,2.62,47.9,1,4.3,0,0,1,2,40.9,1
17886,17,1,2,6.77,86.1,0,7.1,2,2,2,1,77.5,1
17887,19,0,3,3.67,66.0,1,5.6,1,3,2,0,65.8,1
17888,23,0,0,3.44,96.3,1,7.4,0,3,2,2,75.1,1
17889,23,1,1,1.48,45.3,1,7.7,0,0,2,1,61.1,1
17890,23,0,4,4.5,96.8,0,6.8,1,3,2,1,70.1,1
17891,20,2,4,2.77,83.6,1,4.8,0,0,0,2,74.9,1
17892,22,2,1,3.6,88.2,1,6.4,2,0,1,0,65.7,1
17893,24,2,4,2.17,69.6,0,5.0,0,3,0,1,49.2,1
17894,17,2,2,4.87,61.8,1,8.6,1,1,0,0,82.1,1
17895,24,0,4,6.7,83.5,1,8.2,1,4,0,2,77.4,1
17896,22,1,0,0.16,98.7,1,8.5,0,2,1,0,44.0,1
17897,20,1,2,1.85,41.6,1,5.5,2,4,1,1,19.599,1
17898,20,0,5,5.42,75.8,1,8.9,1,2,1,2,91.4,1
17899,20,0,1,5.65,54.8,1,5.4,1,2,1,2,76.0,1
17900,18,2,5,2.35,64.0,1,8.8,2,2,1,0,35.0,1
17901,18,1,0,2.29,74.5,0,5.4,1,1,1,2,37.5,1
17902,19,2,4,5.97,53.0,0,5.6,0,4,0,0,72.8,1
17903,17,1,4,4.47,40.6,1,7.4,0,4,1,1,39.5,1
17904,21,0,0,3.11,44.1,1,6.3,1,3,2,2,56.2,1
17905,20,0,4,0.44,41.5,1,8.8,1,2,1,0,54.3,1
17906,19,2,3,5.22,42.7,1,6.0,0,1,0,2,52.7,1
17907,18,2,4,2.34,49.9,0,8.9,1,0,2,0,65.9,1
17908,24,1,1,4.62,66.6,1,9.4,0,0,2,2,72.8,1
17909,22,2,0,5.78,67.1,1,7.6,1,0,2,2,100.0,1
17910,20,2,2,3.71,40.7,1,7.4,0,4,2,0,32.1,1
17911,22,1,0,2.03,41.6,1,8.9,2,0,2,1,31.8,1
17912,19,2,2,1.71,55.2,1,7.5,2,3,0,0,42.6,1
17913,18,1,0,5.64,43.0,1,7.6,1,4,0,1,83.6,1
17914,22,0,6,7.13,52.3,1,7.8,2,2,0,0,74.1,1
17915,23,1,0,7.84,42.1,1,5.5,0,2,1,0,63.3,1
17916,22,1,3,6.43,45.2,1,4.8,0,4,1,2,40.4,1
17917,21,0,5,4.82,79.6,1,5.1,0,0,2,2,78.9,1
17918,17,2,2,6.91,48.1,1,7.5,0,0,1,0,61.8,1
17919,22,0,4,3.12,66.8,1,5.4,0,4,0,0,75.7,1
17920,21,0,3,7.06,88.5,1,9.9,2,4,0,0,88.7,1
17921,20,0,0,3.44,43.5,1,4.9,1,4,0,1,52.8,1
17922,18,1,1,4.76,56.2,0,8.8,0,2,1,2,59.4,1
17923,24,1,4,1.36,77.5,1,8.3,2,2,1,0,35.2,1
17924,20,1,0,3.98,50.4,0,9.7,2,3,2,2,50.0,1
17925,19,1,0,2.73,71.2,1,5.5,0,4,2,0,54.4,1
17926,22,2,4,2.93,81.6,1,8.9,1,1,0,0,80.0,1
17927,20,0,0,4.79,96.9,1,7.1,1,0,2,0,88.1,1
17928,21,1,5,7.06,98.4,1,5.9,0,0,1,2,90.0,1
17929,22,0,1,6.61,49.8,1,7.1,1,1,0,1,80.0,1
17930,19,0,4,2.79,92.6,1,7.4,1,0,2,0,67.7,1
17931,18,1,3,5.87,43.1,1,4.8,2,0,1,2,75.5,1
17932,18,2,6,4.38,67.0,1,8.2,1,2,0,2,70.0,1
17933,24,2,0,2.79,68.2,0,5.1,0,1,1,2,39.1,1
17934,21,2,1,7.26,45.1,1,6.9,0,4,1,2,71.4,1
17935,20,2,0,1.29,59.0,1,7.2,1,4,2,1,40.1,1
17936,19,0,4,6.44,86.7,1,4.3,0,0,1,2,96.8,1
17937,22,2,3,1.7,52.8,1,6.3,0,3,1,0,39.7,1
17938,24,0,6,7.14,77.4,0,7.8,0,0,1,2,78.1,1
17939,23,1,1,5.77,97.8,1,4.5,2,3,2,2,81.5,1
17940,21,1,0,3.72,43.2,0,5.0,1,4,1,2,45.6,1
17941,20,2,6,0.62,40.9,1,9.8,2,4,1,0,38.1,1
17942,23,0,5,1.44,55.9,1,7.7,0,3,1,0,29.5,1
17943,23,2,2,1.32,45.8,1,9.0,1,2,0,0,54.4,1
17944,20,1,6,6.09,45.0,1,6.8,0,4,0,2,74.8,1
17945,24,0,0,4.98,64.7,1,4.8,0,3,1,1,46.8,1
17946,23,1,4,1.74,79.1,1,7.6,1,4,0,2,74.3,1
17947,23,1,2,2.94,84.5,0,4.4,0,2,1,2,55.3,1
17948,17,1,1,2.47,46.5,1,4.8,1,0,0,0,60.6,1
17949,18,1,4,5.22,74.3,1,5.8,0,3,2,2,43.9,1
17950,19,0,1,2.64,83.0,1,7.4,0,1,1,0,43.1,1
17951,23,1,2,6.15,77.0,1,4.2,2,3,1,1,52.7,1
17952,17,1,4,5.56,67.9,1,6.3,1,4,1,2,80.4,1
17953,17,2,1,1.94,66.5,1,7.5,1,3,1,0,29.5,1
17954,17,1,6,2.59,86.8,1,7.0,0,4,0,2,51.9,1
17955,18,0,1,4.4,53.9,1,7.3,1,3,0,2,67.2,1
17956,24,2,2,7.26,51.1,1,9.6,0,2,1,1,81.8,1
17957,22,2,0,0.89,43.6,1,9.9,0,2,0,0,52.8,1
17958,22,1,0,2.87,64.1,1,9.0,1,2,1,2,63.2,1
17959,19,1,4,4.79,79.9,1,7.6,1,0,1,2,74.1,1
17960,22,2,1,2.6,71.5,1,6.0,1,3,1,2,41.3,1
17961,23,0,6,2.32,45.1,0,7.5,1,0,2,2,71.7,1
17962,21,0,0,3.46,99.4,0,8.4,0,0,2,0,85.9,1
17963,23,0,4,1.54,62.3,1,6.4,1,1,2,0,46.8,1
17964,21,0,5,4.83,40.6,1,7.1,0,4,2,2,47.0,1
17965,19,0,6,7.03,76.3,1,7.0,0,0,2,2,88.6,1
17966,22,1,3,7.29,40.6,1,8.6,1,0,2,2,83.1,1
17967,24,1,1,3.77,94.1,1,4.7,1,1,0,0,70.0,1
17968,23,1,3,2.35,76.0,0,9.0,2,2,1,2,42.6,1
17969,20,1,0,3.06,59.8,1,6.4,1,3,1,0,60.6,1
17970,21,2,4,1.83,60.1,1,7.5,0,2,2,1,42.8,1
17971,24,2,1,4.79,46.2,1,4.1,1,4,2,1,52.1,1
17972,22,0,3,1.08,65.2,1,6.6,2,3,2,1,44.7,1
17973,21,1,6,2.55,70.1,1,7.3,1,4,0,2,63.0,1
17974,19,1,4,1.36,49.1,1,8.4,1,0,2,1,68.0,1
17975,24,2,6,1.64,80.7,1,6.9,1,1,0,1,41.8,1
17976,24,0,2,5.37,59.1,1,7.4,0,0,0,0,77.4,1
17977,17,2,4,7.91,44.1,1,8.0,1,1,2,2,82.4,1
17978,17,0,2,5.4,54.8,1,7.5,0,3,2,2,68.8,1
17979,17,2,1,1.95,42.2,1,8.5,1,4,2,0,42.6,1
17980,20,1,5,3.26,94.6,1,8.6,1,2,2,2,78.1,1
17981,18,2,2,5.02,67.6,1,6.9,0,0,1,0,78.5,1
17982,24,0,3,6.94,97.6,1,8.7,2,3,1,2,73.7,1
17983,24,0,2,5.71,76.9,1,6.3,0,4,0,2,83.1,1
17984,18,0,0,1.16,42.6,1,9.4,1,3,2,1,35.4,1
17985,23,1,2,4.83,50.3,1,5.6,0,1,1,0,54.4,1
17986,18,0,3,1.58,71.9,0,4.9,2,2,2,1,25.4,-1
17987,23,2,4,2.99,40.6,0,6.7,1,2,2,2,38.7,1
17988,19,2,4,7.72,76.7,1,4.5,2,1,2,2,70.0,1
17989,17,2,6,7.14,92.4,0,8.8,2,4,2,2,69.5,1
17990,20,0,2,2.05,59.1,0,8.1,0,1,2,2,44.6,1
17991,23,2,0,5.83,90.4,1,9.7,2,3,1,2,84.2,1
17992,24,2,3,2.64,95.5,1,6.2,0,2,2,0,61.7,1
17993,17,1,2,0.08,55.2,0,5.6,0,2,1,2,31.1,-1
17994,23,0,2,6.8,68.3,1,5.0,0,3,0,2,97.1,1
17995,19,2,0,6.58,58.8,1,6.2,2,3,1,0,63.7,1
17996,20,0,6,2.35,57.1,1,4.2,1,1,0,2,51.9,1
17997,17,1,4,6.18,40.6,1,9.8,2,2,0,2,60.3,1
17998,24,0,3,0.25,53.8,1,7.3,2,3,0,2,34.2,1
17999,23,0,3,4.32,87.6,1,5.8,1,3,2,1,79.8,1
18000,22,0,5,7.85,94.0,1,7.1,0,2,0,1,93.1,1
18001,22,1,3,6.31,57.6,0,7.9,0,2,0,2,81.4,1
18002,23,1,5,4.6,42.1,0,8.4,0,3,2,1,43.5,1
18003,18,0,0,2.93,85.1,1,6.1,0,1,2,0,62.1,1
18004,18,2,5,5.88,82.1,1,8.6,2,0,0,0,82.6,1
18005,17,0,2,7.8,57.0,1,9.7,0,2,2,2,90.9,1
18006,20,2,0,1.54,88.9,1,9.9,0,1,1,2,34.1,1
18007,20,2,1,0.4,85.5,1,8.0,2,3,0,2,44.0,1
18008,17,1,2,3.02,45.6,1,5.2,1,3,1,0,51.8,1
18009,22,1,3,4.13,69.2,1,5.8,2,2,0,0,66.6,1
18010,17,0,6,1.96,50.0,1,8.4,2,2,0,2,43.8,1
18011,23,0,1,4.93,50.1,0,4.5,0,0,2,2,38.7,-1
18012,22,2,6,2.45,62.5,0,9.1,2,0,0,0,72.6,1
18013,23,0,5,7.86,49.5,1,7.5,2,2,0,0,69.4,1
18014,17,2,6,2.12,89.8,1,8.8,2,1,1,2,60.3,1
18015,23,2,2,6.42,66.7,1,8.0,2,4,2,1,60.8,1
18016,21,0,6,7.72,92.3,1,4.1,0,4,2,0,74.2,1
18017,23,0,0,4.0,72.9,1,7.2,1,3,0,0,68.6,1
18018,22,1,4,1.59,76.0,1,5.2,0,4,1,1,24.3,1
18019,22,2,0,7.12,74.2,1,4.7,0,1,0,2,69.3,1
18020,17,2,3,3.22,51.1,1,7.4,1,1,0,0,70.5,1
18021,22,2,3,4.35,48.2,1,7.4,0,1,0,2,68.7,1
18022,20,1,5,0.39,58.0,1,6.0,1,3,1,2,24.2,1
18023,23,1,0,2.78,80.2,1,6.0,0,3,2,1,48.8,1
18024,22,2,2,4.45,91.9,1,4.6,1,3,1,2,47.6,1
18025,17,0,4,5.54,49.2,1,9.7,1,0,0,2,79.7,1
18026,24,0,5,7.61,45.0,1,9.1,0,1,0,2,75.2,1
18027,17,0,2,4.67,90.8,1,5.8,2,2,1,2,79.3,1
18028,19,0,5,2.17,61.5,1,9.1,2,1,0,0,50.2,1
18029,18,0,5,4.46,55.1,1,8.1,2,1,0,0,60.2,1
18030,24,1,4,0.57,40.6,1,5.0,2,3,1,2,21.2,1
18031,18,2,6,1.18,52.0,1,5.3,2,0,0,2,36.9,1
18032,23,0,0,2.81,42.5,1,6.3,1,2,2,2,57.6,1
18033,18,0,2,0.18,81.6,1,7.9,1,3,2,0,52.4,1
18034,22,0,4,0.6,44.1,0,7.1,0,0,1,0,37.9,1
18035,17,2,4,0.08,85.1,1,8.8,2,0,1,2,48.7,1
18036,20,1,6,1.45,81.2,1,4.3,2,1,0,0,65.0,1
18037,21,1,1,6.6,42.0,1,4.8,1,1,1,0,40.8,1
18038,22,1,1,2.81,99.4,1,7.9,0,0,1,2,57.6,1
18039,23,2,4,7.22,98.7,1,8.3,0,1,2,1,87.7,1
18040,23,1,0,7.08,96.8,1,5.2,0,2,0,1,100.0,1
18041,21,1,1,6.91,54.8,1,9.3,1,1,1,2,78.0,1
18042,19,2,4,1.69,80.1,1,8.2,1,4,1,2,58.4,1
18043,19,1,1,2.74,66.9,1,5.0,0,1,1,2,44.0,1
18044,24,0,5,3.75,60.0,1,8.3,0,4,1,0,44.7,1
18045,21,0,0,3.45,65.5,1,5.4,0,3,1,2,55.4,1
18046,24,0,4,0.64,81.8,1,5.0,0,4,1,2,32.4,1
18047,20,0,4,1.91,46.5,1,9.6,2,3,0,2,52.8,1
18048,20,0,4,4.96,66.7,1,4.4,0,2,0,2,56.5,1
18049,23,0,0,5.41,96.2,0,5.7,1,2,0,2,100.0,1
18050,22,2,2,2.92,76.7,1,6.0,0,0,1,0,67.6,1
18051,18,0,4,2.38,95.0,1,7.8,1,2,2,2,66.9,1
18052,21,0,3,4.69,41.5,1,9.5,1,1,2,2,51.1,1
18053,18,2,6,5.31,74.1,1,6.4,1,0,2,1,76.6,1
18054,23,1,6,5.69,81.8,1,8.1,0,0,2,2,82.7,1
18055,17,2,2,6.49,60.3,1,6.3,2,4,0,1,79.2,1
18056,23,1,0,4.67,47.4,1,9.1,1,0,2,2,71.3,1
18057,24,1,0,3.03,45.4,0,9.0,0,1,1,2,53.6,1
18058,17,1,0,2.78,72.4,1,8.1,1,0,2,2,62.8,1
18059,22,0,5,0.27,51.6,1,5.9,1,3,1,2,28.5,1
18060,17,2,0,3.33,43.0,1,5.0,1,0,0,0,60.3,1
18061,19,0,1,6.95,89.8,0,6.3,1,3,0,0,100.0,1
18062,19,0,0,5.02,88.3,1,7.2,2,2,1,2,79.5,1
18063,21,0,5,4.74,84.8,1,6.1,0,3,0,0,78.2,1
18064,24,2,0,1.79,72.9,1,5.7,0,4,2,2,49.4,1
18065,20,2,1,4.77,71.0,1,5.6,2,3,1,2,67.2,1
18066,20,2,5,1.44,73.0,1,8.0,1,0,2,2,45.6,1
18067,17,0,2,2.73,86.4,1,9.0,1,4,2,0,41.2,1
18068,24,2,3,4.68,79.6,1,7.1,0,1,1,1,67.8,1
18069,19,1,2,0.36,48.7,1,8.3,0,4,0,2,32.0,1
18070,20,2,4,2.49,60.9,1,5.3,0,0,0,1,50.4,1
18071,17,2,6,0.71,81.0,1,4.6,2,4,0,0,45.6,1
18072,19,0,3,1.31,73.1,1,5.8,1,0,1,1,31.4,1
18073,21,0,6,2.82,95.9,1,5.0,0,2,0,1,77.2,1
18074,24,1,6,5.54,56.7,1,4.6,0,0,2,1,84.9,1
18075,19,0,5,2.14,83.3,0,7.4,1,2,1,2,47.5,1
18076,21,1,1,0.16,82.7,1,5.1,1,3,2,1,60.9,1
18077,24,0,2,3.19,85.3,1,7.7,2,3,0,0,70.3,1
18078,19,0,2,1.77,78.5,1,7.7,0,3,0,0,51.6,1
18079,19,0,0,6.23,93.3,1,4.1,0,4,1,2,70.0,1
18080,17,2,0,6.58,86.9,1,9.5,2,3,0,0,84.4,1
18081,24,2,1,5.37,88.9,1,4.6,0,2,2,2,77.3,1
18082,17,0,6,4.9,66.8,1,4.3,1,0,1,2,74.4,1
18083,18,0,5,5.84,44.2,1,9.3,0,1,0,0,89.1,1
18084,18,1,4,3.01,72.8,1,5.3,0,4,0,2,49.5,1
18085,22,0,4,5.21,68.8,1,7.1,0,1,2,0,68.0,1
18086,19,2,4,3.36,95.7,1,7.4,1,2,2,2,76.8,1
18087,22,1,6,3.44,80.7,0,4.5,0,0,2,1,50.6,1
18088,21,0,0,6.31,87.5,1,5.0,1,2,1,2,87.2,1
18089,17,0,2,6.33,81.9,1,6.2,2,2,2,2,71.5,1
18090,19,1,0,3.2,78.2,1,6.8,1,1,2,2,68.6,1
18091,17,1,1,7.5,94.8,0,7.8,1,4,0,2,96.9,-1
18092,17,2,6,4.33,44.0,1,8.7,1,3,0,1,74.7,1
18093,20,0,3,3.9,92.4,1,7.1,1,2,0,2,64.4,1
18094,19,0,0,4.01,88.2,1,5.0,1,3,2,1,49.3,1
18095,17,1,2,6.23,99.4,1,7.9,2,4,2,2,90.2,1
18096,20,1,4,7.74,48.1,1,7.2,1,4,2,1,76.0,1
18097,20,1,4,5.52,90.6,1,7.2,2,4,1,2,75.8,1
18098,24,1,5,2.73,54.7,1,8.6,0,0,2,2,92.4,1
18099,22,2,2,4.13,43.7,1,9.4,1,4,1,2,51.7,1
18100,20,0,4,2.46,55.1,1,6.1,0,2,1,2,40.1,1
18101,20,2,0,5.23,48.9,1,8.0,1,1,0,2,74.0,1
18102,17,0,1,7.91,57.2,0,8.7,0,4,1,1,62.0,-1
18103,20,2,1,6.92,94.9,1,5.5,2,2,0,2,82.9,1
18104,21,1,0,3.78,79.3,1,7.5,2,0,2,2,74.1,1
18105,17,2,5,2.74,74.3,1,9.6,1,0,2,1,68.0,1
18106,24,0,2,3.62,92.3,1,8.5,0,1,0,2,72.1,1
18107,21,1,6,2.53,93.9,1,4.2,0,1,0,0,42.4,1
18108,23,2,6,7.91,97.8,1,6.5,1,3,0,1,100.0,1
18109,19,0,6,1.62,92.6,0,6.0,0,0,0,0,79.2,1
18110,23,1,5,6.48,89.1,0,9.3,2,1,2,2,60.1,1
18111,19,2,0,3.31,41.9,1,6.6,0,4,2,0,49.4,1
18112,24,0,0,5.21,73.4,0,4.6,2,4,1,0,64.8,1
18113,21,0,2,7.38,63.5,1,8.0,0,0,1,0,86.0,1
18114,22,0,6,4.74,43.8,1,9.8,1,1,1,1,64.7,1
18115,18,1,5,4.93,45.4,1,7.5,1,0,2,2,85.7,1
18116,24,1,1,0.29,65.7,1,4.8,1,0,2,2,65.4,1
18117,18,2,6,1.03,96.7,1,9.2,2,2,2,0,56.5,1
18118,17,0,2,4.32,67.3,1,5.6,0,4,2,1,46.1,1
18119,20,2,5,2.97,86.4,1,5.2,0,4,2,0,53.2,1
18120,23,1,2,4.87,52.7,1,9.1,2,1,1,0,55.9,1
18121,24,0,5,3.07,54.2,1,8.5,1,1,0,0,48.9,1
18122,23,0,6,1.4,90.6,1,9.2,1,1,2,0,67.2,1
18123,21,1,6,6.37,57.4,0,8.0,2,2,0,1,65.3,1
18124,24,2,1,6.76,78.9,1,8.3,1,3,0,2,100.0,1
18125,20,1,1,7.74,40.6,1,6.2,0,4,0,0,60.6,1
18126,20,0,2,1.61,41.7,1,5.0,2,1,0,2,57.5,1
18127,18,2,5,2.49,68.5,1,4.6,0,0,1,2,40.4,1
18128,23,2,1,2.25,75.4,1,5.4,0,3,0,0,33.2,1
18129,19,1,0,7.44,44.7,1,4.6,1,2,1,2,85.3,1
18130,18,0,0,4.78,87.3,0,8.9,1,0,0,2,82.4,1
18131,19,0,0,7.38,43.9,1,7.2,2,4,0,0,73.1,1
18132,21,2,3,7.12,79.5,1,6.8,0,0,1,0,88.7,1
18133,19,1,0,1.96,80.5,1,6.3,0,3,1,0,34.1,1
18134,19,0,1,3.42,66.4,1,8.5,1,3,2,1,38.3,1
18135,19,2,0,3.31,67.7,1,4.3,2,4,1,1,37.0,1
18136,21,2,5,3.9,40.6,1,4.7,2,0,2,1,55.5,1
18137,22,2,2,7.91,72.0,1,9.7,2,4,0,2,82.9,1
18138,22,2,6,1.39,58.1,1,4.8,1,4,2,2,39.9,1
18139,18,2,0,6.18,53.6,0,5.2,1,2,1,1,75.5,1
18140,19,0,0,1.82,46.5,1,4.8,0,2,1,2,19.599,1
18141,22,2,3,5.92,76.8,0,4.8,0,2,2,2,69.4,1
18142,18,0,6,1.62,91.4,0,8.3,2,4,2,2,62.7,1
18143,17,2,5,4.22,47.5,1,8.8,0,3,1,2,46.6,1
18144,19,2,5,5.34,83.7,1,7.6,1,0,1,2,85.3,1
18145,22,1,1,3.46,68.8,1,6.4,0,4,0,2,52.6,1
18146,22,2,6,7.73,40.6,1,5.4,1,2,0,0,79.5,1
18147,18,2,4,5.64,69.4,1,4.7,1,0,0,2,84.1,1
18148,22,2,2,1.26,90.7,1,7.8,0,1,1,1,35.9,1
18149,18,2,0,2.98,97.5,1,8.2,1,2,1,2,85.5,1
18150,22,1,5,2.51,68.0,1,9.4,0,2,1,2,61.6,1
18151,21,1,3,2.36,67.0,1,7.2,0,1,1,2,59.5,1
18152,18,1,4,1.69,60.6,1,5.8,0,1,2,2,40.6,1
18153,19,0,0,1.49,62.7,1,5.4,0,0,1,1,28.6,1
18154,23,0,2,6.96,68.6,1,7.9,1,3,1,2,75.1,1
18155,20,0,6,7.91,44.8,1,4.1,1,3,2,0,80.2,1
18156,22,2,5,1.28,78.9,1,7.9,0,2,2,2,59.8,1
18157,22,2,1,6.33,61.4,1,9.7,2,4,2,2,68.4,1
18158,17,1,1,1.82,79.6,0,9.7,2,4,0,2,40.2,-1
18159,24,2,3,4.17,78.0,1,7.4,0,4,2,2,73.4,1
18160,19,0,5,1.58,93.2,0,6.8,1,0,1,2,61.7,1
18161,23,2,2,2.17,56.9,1,5.6,2,2,2,1,37.6,1
18162,20,0,4,3.29,96.1,1,5.8,1,0,1,0,74.6,1
18163,21,0,5,5.64,79.6,1,5.9,0,2,1,1,74.6,1
18164,19,1,3,3.79,77.3,1,7.8,2,2,1,2,56.5,1
18165,23,1,2,6.48,73.3,1,4.9,2,4,2,0,75.2,1
18166,17,2,2,0.77,52.3,1,4.7,2,4,0,0,37.1,1
18167,24,1,1,4.57,40.6,1,9.5,2,4,0,0,60.9,1
18168,18,1,6,0.85,73.5,1,5.5,1,0,1,2,44.0,1
18169,24,1,3,0.94,94.9,1,7.3,1,2,0,1,57.6,1
18170,17,2,1,2.47,90.8,1,4.6,2,4,1,2,42.4,1
18171,17,0,6,0.84,44.6,1,5.5,2,1,1,2,28.9,1
18172,17,0,5,6.2,58.6,0,6.9,0,3,0,0,61.8,1
18173,21,0,1,4.06,68.7,1,6.1,0,2,2,0,65.7,1
18174,19,0,4,5.16,69.3,1,5.2,1,2,2,0,74.9,1
18175,21,0,0,0.45,51.1,1,6.8,2,1,0,2,36.9,1
18176,23,0,2,1.8,80.9,1,5.0,2,4,0,2,48.9,1
18177,17,1,2,4.19,69.1,1,5.1,2,2,1,1,57.0,1
18178,21,1,3,0.66,91.6,1,7.0,0,1,0,2,48.0,1
18179,22,2,5,1.28,55.1,1,6.0,2,0,2,0,24.4,1
18180,20,0,6,0.18,94.6,1,7.7,0,3,2,0,42.0,1
18181,24,2,4,7.29,89.5,0,5.9,0,3,1,2,87.1,1
18182,22,2,6,3.45,64.9,0,6.2,0,0,2,2,75.9,1
18183,17,2,1,0.36,88.6,1,5.9,2,3,2,2,38.2,1
18184,21,0,1,3.68,78.1,1,7.7,0,0,0,0,91.7,1
18185,20,2,2,7.1,67.2,1,5.9,0,1,1,1,75.1,1
18186,18,1,1,1.52,70.7,1,8.9,1,1,2,2,50.8,1
18187,24,0,5,1.9,72.9,1,7.0,0,0,0,1,63.0,1
18188,18,2,1,7.86,53.7,1,6.5,1,1,1,2,77.4,1
18189,17,1,3,6.83,49.2,1,4.4,2,4,2,2,79.6,1
18190,18,1,5,4.39,87.2,1,8.0,2,0,0,2,76.3,1
18191,23,1,6,1.49,45.2,1,8.8,0,4,0,2,40.3,1
18192,21,0,1,1.76,81.3,1,9.4,1,4,1,2,45.8,1
18193,23,0,1,6.89,92.7,1,5.8,1,2,0,1,100.0,1
18194,20,0,2,5.4,66.2,1,6.9,0,4,1,1,48.7,1
18195,17,1,2,2.81,86.5,1,7.1,2,1,0,0,44.8,1
18196,20,0,0,0.21,91.9,0,6.6,0,4,1,2,24.4,-1
18197,18,2,0,1.09,57.0,1,5.0,1,2,0,0,34.6,1
18198,21,1,6,5.83,55.0,1,8.8,2,2,0,2,74.7,1
18199,19,2,3,5.19,71.9,1,6.6,0,1,1,2,64.8,1
18200,24,1,0,2.87,94.5,1,9.7,0,2,0,2,59.9,1
18201,20,1,3,4.74,81.7,1,8.8,2,4,2,0,64.8,1
18202,19,1,5,6.04,51.0,0,4.6,0,1,0,1,69.4,1
18203,24,1,0,5.15,64.0,1,8.6,0,4,0,1,69.9,1
18204,21,0,1,1.92,74.8,1,4.5,1,1,1,0,21.1,1
18205,18,0,0,7.61,62.3,1,5.9,0,2,1,1,85.9,1
18206,20,0,4,0.19,51.5,1,7.0,0,4,0,2,39.8,1
18207,19,1,0,4.45,88.7,0,4.8,2,1,2,2,61.5,1
18208,22,0,4,1.79,81.4,1,9.7,0,1,1,2,64.5,1
18209,21,2,0,5.66,87.1,1,4.2,0,3,1,2,78.7,1
18210,22,1,6,4.49,49.7,1,9.7,1,0,0,2,62.7,1
18211,24,2,6,1.57,49.2,1,4.5,1,1,0,0,53.6,1
18212,22,1,5,4.05,45.7,1,6.4,2,0,1,1,43.1,1
18213,19,0,5,4.16,79.3,1,5.5,2,1,1,2,41.5,1
18214,18,0,2,3.36,94.2,1,8.7,2,2,0,0,73.5,1
18215,21,2,4,0.34,91.2,1,9.7,0,4,1,2,36.1,1
18216,20,0,0,1.65,55.5,0,6.8,0,2,2,1,54.5,1
18217,19,0,5,7.75,60.2,1,7.4,2,3,2,0,77.6,1
18218,23,2,2,1.51,68.8,1,9.4,0,0,1,0,67.1,1
18219,24,1,1,3.67,41.2,1,5.8,0,4,1,0,39.0,1
18220,20,1,1,2.35,80.4,1,8.6,0,3,1,0,62.4,1
18221,22,0,3,6.05,53.1,1,4.1,0,4,0,0,60.8,1
18222,24,1,6,4.62,88.9,1,4.8,0,4,0,2,81.7,1
18223,17,1,6,5.72,71.0,1,7.8,1,1,1,2,78.1,1
18224,19,0,3,5.1,49.3,1,6.6,0,2,0,0,64.4,1
18225,22,1,2,4.03,85.0,1,5.2,0,2,2,2,84.6,1
18226,20,0,6,7.68,88.5,1,5.3,1,2,0,2,89.6,1
18227,23,0,4,5.63,91.3,0,4.4,0,4,1,2,66.9,1
18228,20,0,2,5.51,46.4,0,4.8,0,0,0,0,76.7,1
18229,17,0,4,5.52,68.2,1,8.7,2,0,2,0,81.3,1
18230,20,1,6,3.73,43.1,1,9.8,2,3,1,1,33.1,1
18231,20,0,6,5.14,97.5,1,4.8,1,1,1,2,61.5,1
18232,23,1,6,4.84,68.0,0,6.1,1,2,0,0,70.8,1
18233,18,0,6,7.11,85.8,1,5.7,0,3,1,1,79.4,1
18234,18,2,4,7.83,55.0,1,8.7,1,2,1,2,79.7,1
18235,18,2,4,3.86,52.6,1,9.3,0,1,0,0,62.6,1
18236,21,1,2,4.81,68.9,1,4.9,2,4,1,2,65.1,1
18237,24,1,4,2.32,76.5,1,5.8,1,3,0,2,62.7,1
18238,21,2,6,6.76,56.4,0,8.8,1,0,1,2,83.8,1
18239,23,2,5,5.69,60.9,1,9.0,1,1,2,2,82.3,1
18240,23,1,6,7.39,64.9,1,8.2,1,2,2,2,84.1,1
18241,21,2,1,4.84,40.6,1,7.0,1,4,0,0,56.3,1
18242,21,1,1,5.67,54.4,1,4.5,0,0,1,2,60.5,1
18243,18,0,6,0.76,86.4,1,9.0,2,1,1,0,41.9,1
18244,24,1,6,4.85,88.8,0,5.9,1,0,0,2,100.0,1
18245,23,1,3,3.01,84.2,1,8.5,0,0,0,0,83.7,1
18246,23,2,6,4.06,48.4,1,8.0,2,3,1,0,55.6,1
18247,24,0,4,2.61,48.5,1,9.7,0,4,2,0,34.4,1
18248,19,1,1,2.3,58.6,1,5.5,2,1,0,2,37.4,1
18249,18,2,3,6.57,52.8,1,6.3,1,3,1,0,81.5,1
18250,23,1,0,4.46,41.4,1,7.3,2,2,0,0,56.9,1
18251,20,1,5,2.03,53.3,1,5.5,0,3,1,2,26.8,1
18252,24,2,0,6.13,69.1,0,9.9,1,0,0,2,100.0,-1
18253,22,0,1,0.6,76.5,1,6.0,2,4,1,1,19.599,1
18254,19,1,3,2.35,45.4,1,8.1,1,3,2,0,53.1,1
18255,19,2,3,2.69,62.5,1,4.1,2,4,2,2,26.7,1
18256,21,1,6,1.42,62.6,0,7.1,2,3,0,2,48.9,1
18257,20,0,2,6.74,48.0,1,4.1,0,4,2,2,62.5,1
18258,19,1,6,5.39,96.9,1,8.9,2,2,0,1,91.7,1
18259,18,0,1,5.36,99.4,1,6.5,0,1,0,0,75.9,1
18260,22,2,1,4.74,46.8,0,7.2,1,4,1,1,40.0,1
18261,17,2,0,3.03,56.4,1,7.2,1,3,1,0,45.4,1
18262,17,0,3,5.27,40.7,0,4.8,2,1,0,2,41.1,-1
18263,17,0,6,5.89,87.4,1,4.5,0,0,0,0,85.3,1
18264,22,2,3,4.31,65.1,1,7.7,0,3,1,0,53.3,1
18265,17,2,1,3.77,98.9,1,6.3,2,0,0,2,88.5,1
18266,20,2,3,1.79,69.7,1,5.9,2,0,1,2,36.5,1
18267,17,0,6,0.67,44.1,1,9.7,1,4,0,0,36.3,1
18268,21,0,5,0.33,89.2,1,4.6,2,1,0,1,33.2,1
18269,17,2,1,5.71,87.0,1,5.6,0,0,1,1,86.2,1
18270,17,1,4,2.79,52.1,1,6.8,2,2,2,0,47.2,1
18271,20,2,5,5.67,50.9,1,4.3,2,0,1,2,41.2,1
18272,22,2,1,4.06,96.0,0,7.1,1,4,0,0,100.0,1
18273,17,0,3,3.58,99.4,1,8.6,1,1,2,2,85.0,1
18274,20,2,0,5.03,83.0,1,8.4,1,3,1,1,69.5,1
18275,23,0,1,1.47,50.3,1,7.2,2,3,2,2,19.599,1
18276,22,2,6,7.84,51.9,0,9.8,0,4,0,1,85.0,1
18277,23,0,0,2.64,80.0,1,4.3,1,0,1,0,57.5,1
18278,19,1,0,6.15,45.1,1,9.3,2,3,1,2,53.9,1
18279,24,2,2,1.98,52.0,0,6.2,2,3,1,2,36.8,1
18280,18,2,3,3.74,40.6,1,7.3,0,0,1,1,59.8,1
18281,21,1,4,3.99,72.5,1,4.9,1,2,2,2,87.7,1
18282,20,2,6,2.45,77.0,1,5.9,1,4,1,2,39.0,1
18283,17,0,5,2.79,98.1,1,7.0,2,2,0,2,76.9,1
18284,24,2,6,3.48,45.7,1,5.4,2,3,0,2,33.8,1
18285,22,1,6,6.69,95.0,1,5.9,1,4,0,2,98.4,1
18286,18,1,4,4.0,58.3,0,5.0,0,0,0,1,65.8,1
18287,17,1,6,0.71,92.9,1,4.5,0,2,0,0,58.7,1
18288,22,2,0,1.73,80.7,0,7.0,1,4,0,2,66.7,1
18289,21,2,5,7.89,59.8,1,9.7,0,0,2,2,79.7,1
18290,17,2,4,0.72,93.1,1,7.6,0,2,2,0,38.8,1
18291,24,0,3,5.18,75.8,1,4.4,1,4,2,2,71.9,1
18292,22,2,4,1.69,79.2,1,7.7,0,2,0,2,39.6,1
18293,20,1,5,3.46,93.5,1,5.2,1,1,0,0,78.0,1
18294,18,2,0,2.86,67.3,1,7.7,2,1,0,1,56.1,1
18295,19,0,5,7.82,46.8,0,4.8,2,0,2,1,59.4,-1
18296,20,2,2,4.41,44.8,1,6.2,0,2,2,2,63.0,1
18297,17,2,0,2.0,59.4,1,7.5,2,0,2,2,55.7,1
18298,19,0,0,4.83,91.5,1,4.6,1,0,1,2,67.8,1
18299,18,1,5,0.57,97.0,1,8.1,0,1,1,1,54.2,1
18300,17,1,3,7.41,73.8,1,5.8,2,0,0,0,85.5,1
18301,18,2,6,2.75,74.2,1,6.1,0,4,0,0,38.7,1
18302,19,0,6,7.07,54.8,1,8.3,1,0,2,0,100.0,1
18303,20,1,3,6.47,93.0,1,5.9,2,3,2,2,77.1,1
18304,19,2,5,1.49,63.4,1,4.1,2,0,0,2,61.6,1
18305,22,0,1,7.7,68.9,1,4.5,0,4,0,2,72.6,1
18306,21,1,2,7.91,97.6,1,9.3,1,1,1,2,97.2,1
18307,18,2,3,6.44,87.8,1,7.9,1,1,2,2,91.4,1
18308,24,0,0,3.61,85.8,1,7.6,1,1,0,0,84.8,1
18309,22,2,5,5.38,67.1,1,9.0,2,3,2,2,59.4,1
18310,20,2,3,0.65,48.7,1,9.9,1,3,0,0,51.8,1
18311,17,2,2,7.37,60.9,0,6.9,0,0,0,2,81.7,1
18312,24,2,3,1.77,66.0,1,8.7,0,2,2,1,65.1,1
18313,22,2,0,5.73,87.9,1,4.9,2,4,0,0,47.3,1
18314,20,2,2,6.41,86.2,0,6.2,2,0,0,0,99.5,1
18315,18,0,3,7.76,95.2,1,6.6,1,1,1,2,84.8,1
18316,17,2,6,6.59,44.3,1,6.1,2,1,0,2,50.2,1
18317,19,2,6,6.54,66.5,1,6.2,2,0,0,0,100.0,1
18318,18,1,6,5.64,89.8,1,6.4,2,3,0,1,69.9,1
18319,18,1,6,4.61,68.1,1,7.8,2,1,1,0,55.2,1
18320,20,0,6,0.34,53.9,1,4.1,2,1,1,1,28.2,1
18321,17,1,2,7.78,87.9,1,6.0,1,1,0,2,100.0,1
18322,19,0,0,3.59,43.0,1,8.1,1,1,1,0,58.3,1
18323,23,1,3,6.37,61.7,1,7.5,2,2,0,0,77.7,1
18324,23,2,5,3.02,81.2,1,6.7,2,3,2,0,45.1,1
18325,17,2,0,3.65,49.6,0,5.0,1,0,1,2,62.2,1
18326,22,1,4,3.7,90.3,1,6.6,0,0,0,2,99.7,1
18327,24,2,5,7.91,63.8,0,8.2,0,1,1,0,87.3,1
18328,21,1,3,1.69,62.9,1,7.4,2,2,1,0,36.2,1
18329,20,2,1,4.01,96.9,1,5.4,1,3,2,2,68.6,1
18330,20,2,2,1.24,48.8,1,6.7,1,3,0,1,44.5,1
18331,18,2,3,3.95,66.2,1,6.5,2,4,2,2,41.2,1
18332,20,0,1,4.37,70.7,1,4.5,2,2,1,0,65.5,1
18333,24,1,4,1.09,45.8,0,4.7,0,3,1,1,20.0,-1
18334,21,2,1,5.59,58.9,1,5.2,1,0,1,2,77.6,1
18335,20,1,6,6.62,71.9,1,9.5,0,0,2,2,100.0,1
18336,17,0,6,6.53,95.3,0,8.3,1,0,0,1,97.2,-1
18337,24,1,5,5.83,68.2,1,5.4,0,0,1,1,68.4,1
18338,18,2,4,1.13,73.5,1,9.6,1,0,2,2,65.6,1
18339,22,0,2,4.97,80.5,1,8.3,2,1,1,1,73.4,1
18340,19,0,6,5.59,48.7,1,8.1,2,0,2,1,58.2,1
18341,19,1,2,6.07,48.8,1,9.9,1,1,2,2,81.0,1
18342,18,2,3,5.68,68.7,1,6.7,1,3,2,0,77.8,1
18343,20,1,5,5.03,77.5,1,7.1,0,0,2,2,65.7,1
18344,22,2,2,5.82,59.0,1,8.1,0,0,2,0,72.4,1
18345,20,2,3,6.82,44.9,0,9.6,1,0,1,2,94.1,-1
18346,17,1,3,4.55,85.3,1,9.2,0,3,1,2,62.2,1
18347,19,2,1,1.16,82.0,1,8.1,0,1,1,1,28.3,1
18348,18,1,2,6.53,94.5,1,9.2,2,2,1,0,78.1,1
18349,20,2,6,5.29,87.5,1,6.1,1,4,0,2,95.7,1
18350,24,2,6,5.49,84.4,1,7.2,2,0,2,0,56.0,1
18351,24,1,2,2.35,71.4,1,8.6,2,4,0,2,51.2,1
18352,24,1,1,1.2,96.3,1,4.2,2,0,0,0,60.5,1
18353,17,1,0,6.25,81.3,1,8.6,0,1,2,0,80.5,1
18354,20,2,1,0.4,46.7,1,7.5,0,3,1,2,19.599,1
18355,17,2,2,3.22,86.7,1,8.2,0,0,2,1,67.5,1
18356,20,1,3,4.07,53.5,1,9.2,2,0,1,2,50.3,1
18357,21,2,3,0.14,88.5,1,6.7,0,4,2,1,60.5,1
18358,23,2,5,4.78,99.4,1,5.6,2,3,0,1,59.4,1
18359,19,0,0,0.96,47.8,0,9.8,0,0,0,0,56.7,1
18360,17,1,3,1.93,44.8,1,9.5,0,0,2,2,39.6,1
18361,20,0,0,7.91,86.8,1,6.2,0,4,0,2,97.7,1
18362,20,0,2,4.48,87.9,1,4.2,1,1,2,1,66.1,1
18363,21,2,5,7.75,80.4,1,6.2,0,2,0,2,86.9,1
18364,17,0,5,3.94,67.9,1,4.7,1,0,0,2,86.2,1
18365,21,1,4,6.43,91.5,0,4.1,1,2,2,2,80.4,1
18366,20,1,2,0.3,79.8,1,6.8,1,2,1,2,29.3,1
18367,22,0,4,2.33,91.9,1,5.6,1,4,0,2,55.1,1
18368,24,0,4,2.27,60.1,1,6.8,0,1,2,2,45.8,1
18369,18,0,3,0.56,60.5,1,7.2,0,3,2,0,43.9,1
18370,23,2,4,7.62,76.6,1,7.6,0,3,2,2,65.3,1
18371,18,1,2,4.04,81.3,1,5.1,0,3,1,1,53.8,1
18372,24,2,1,4.74,48.0,1,7.8,1,0,0,1,62.4,1
18373,20,0,2,4.16,49.5,1,8.7,0,3,2,1,36.4,1
18374,22,2,3,1.99,90.0,1,7.3,0,2,1,0,71.6,1
18375,23,2,6,7.39,74.5,1,9.7,0,3,0,2,88.8,1
18376,21,2,2,5.35,53.7,1,7.0,1,1,0,0,58.2,1
18377,20,2,3,0.99,60.0,1,9.9,0,1,0,0,43.0,1
18378,23,0,1,3.69,89.1,1,7.2,0,2,0,2,64.5,1
18379,20,0,6,0.08,52.7,1,8.9,1,3,1,2,24.3,1
18380,22,0,4,5.4,76.3,1,9.6,1,1,2,1,86.0,1
18381,21,1,1,4.19,70.5,1,5.0,1,4,0,1,82.9,1
18382,20,2,1,7.23,97.3,1,8.7,2,0,1,1,100.0,1
18383,17,2,4,7.58,85.7,1,8.9,1,3,1,2,79.0,1
18384,19,0,2,0.79,83.0,1,5.1,0,4,0,2,38.3,1
18385,24,2,2,0.72,85.2,1,6.7,2,0,1,2,38.2,1
18386,21,0,4,7.19,96.8,1,8.6,0,4,1,2,90.8,1
18387,22,1,5,4.1,55.4,0,4.6,1,1,2,0,62.5,1
18388,19,2,5,3.76,42.1,1,5.6,1,2,0,0,49.9,1
18389,22,0,1,4.57,57.4,0,5.0,2,4,2,0,53.5,1
18390,20,2,6,3.73,94.7,1,5.7,0,0,0,1,84.8,1
18391,18,1,1,4.91,81.9,1,7.1,1,4,1,2,72.6,1
18392,18,0,6,7.59,49.4,1,5.0,2,1,2,2,59.0,1
18393,20,2,0,4.85,60.4,1,5.4,2,1,0,0,67.4,1
18394,21,1,3,2.57,76.1,0,5.2,2,1,1,0,49.4,1
18395,19,2,6,1.71,49.8,1,9.4,2,3,2,2,37.2,1
18396,18,0,0,7.73,75.9,1,6.3,1,0,2,0,100.0,1
18397,19,1,4,4.64,44.4,1,6.7,1,2,1,2,69.3,1
18398,19,2,4,4.53,83.6,1,4.7,2,3,2,0,83.8,1
18399,22,2,2,0.27,58.0,1,7.5,1,2,1,0,40.9,1
18400,20,0,5,7.35,65.6,0,5.1,1,0,2,2,91.5,1
18401,20,0,0,3.76,40.8,1,7.3,2,3,2,2,29.2,1
18402,18,2,3,7.91,78.7,0,7.3,0,4,2,0,93.2,-1
18403,21,1,0,1.34,81.2,1,7.1,1,0,2,2,59.9,1
18404,24,0,6,2.61,92.4,1,6.6,2,3,0,2,57.7,1
18405,22,0,3,1.68,83.7,1,4.9,1,4,1,2,32.3,1
18406,20,1,4,3.03,80.6,1,6.1,2,1,1,1,38.7,1
18407,19,1,3,7.81,65.3,0,6.2,2,4,1,0,67.3,1
18408,19,0,0,3.32,44.4,1,8.4,1,2,0,2,47.7,1
18409,17,2,4,6.62,78.7,1,9.9,1,0,2,2,100.0,1
18410,17,0,5,6.04,41.3,0,8.3,1,0,1,2,78.5,-1
18411,23,1,2,2.38,79.5,1,6.7,2,2,0,1,63.5,1
18412,23,2,1,4.64,44.5,1,5.7,1,2,0,2,64.8,1
18413,24,1,1,6.81,43.6,1,5.0,0,3,0,2,83.9,1
18414,22,1,6,4.89,74.0,1,4.9,1,4,2,2,92.8,1
18415,24,1,4,2.12,95.2,1,4.9,1,1,2,2,58.7,1
18416,20,2,0,6.91,83.4,1,7.4,2,0,2,2,87.3,1
18417,19,2,1,4.45,82.0,1,7.1,2,3,2,0,61.4,1
18418,18,1,4,7.84,87.7,1,9.0,0,4,1,1,79.8,1
18419,18,0,3,5.25,67.6,1,6.6,1,2,2,0,58.4,1
18420,22,2,4,3.59,83.8,1,6.0,1,1,2,0,63.2,1
18421,17,2,5,3.49,68.7,1,4.1,0,2,2,2,63.6,1
18422,24,2,2,7.04,97.0,1,5.4,1,0,0,2,100.0,1
18423,23,1,4,7.84,82.7,1,9.4,1,2,0,0,97.6,1
18424,20,1,5,3.28,58.1,1,5.0,2,3,1,2,51.6,1
18425,22,1,1,1.3,61.9,0,4.9,1,1,2,0,48.3,1
18426,18,2,0,0.32,78.4,1,6.9,0,1,2,2,71.6,1
18427,20,0,4,2.58,68.5,1,6.8,0,0,0,1,71.1,1
18428,17,0,0,2.74,49.3,1,5.3,2,2,2,2,47.1,1
18429,17,0,6,3.41,78.0,0,5.4,1,3,1,2,54.5,1
18430,17,0,2,1.16,77.1,1,9.2,0,2,2,2,61.0,1
18431,23,1,1,3.94,41.0,1,9.8,0,2,0,2,50.5,1
18432,22,2,5,7.55,62.9,1,5.5,1,0,1,2,87.9,1
18433,24,0,4,1.86,84.0,1,4.9,2,3,1,2,38.9,1
18434,24,2,6,5.48,50.8,1,4.2,1,1,2,2,70.2,1
18435,24,2,2,0.3,91.1,1,9.8,0,3,0,2,57.6,1
18436,24,2,2,5.15,74.1,1,6.4,2,0,0,0,77.3,1
18437,17,2,5,7.5,64.4,0,8.6,1,2,1,0,99.4,-1
18438,23,2,5,2.26,99.2,1,7.0,2,3,2,2,70.8,1
18439,22,1,5,6.53,78.3,0,6.7,1,3,2,2,97.8,1
18440,18,1,6,0.66,95.5,1,9.9,0,0,0,0,75.7,1
18441,18,2,1,2.87,99.4,0,5.6,0,1,1,0,63.5,1
18442,24,1,2,0.08,67.5,1,8.8,0,1,0,2,52.2,1
18443,24,2,0,2.84,61.7,1,8.6,0,1,2,2,58.4,1
18444,19,1,6,2.48,92.1,0,6.7,1,3,2,0,73.1,1
18445,17,2,3,5.54,40.6,1,8.6,0,3,0,0,64.6,1
18446,19,0,2,2.36,67.8,1,8.7,2,3,0,2,53.7,1
18447,17,1,5,6.58,78.6,1,5.1,2,0,1,0,91.0,1
18448,22,0,5,2.33,88.6,1,4.3,0,4,0,0,64.7,1
18449,20,1,2,1.79,81.1,1,6.3,0,2,1,2,57.6,1
18450,17,1,3,3.96,41.2,1,6.0,1,3,0,0,57.9,1
18451,24,0,5,5.25,80.5,1,6.8,0,4,1,2,67.3,1
18452,23,0,6,7.11,79.2,0,5.1,2,1,1,0,62.3,1
18453,24,1,4,6.51,40.6,0,5.7,2,3,1,0,54.5,1
18454,24,1,0,4.2,57.9,1,8.3,0,0,2,2,70.2,1
18455,17,0,6,7.83,68.2,1,6.6,1,3,0,2,94.3,1
18456,23,0,0,2.37,78.0,1,9.0,2,3,1,2,35.6,1
18457,23,0,4,7.91,80.8,1,8.9,2,4,2,0,100.0,1
18458,23,2,5,3.08,72.6,0,4.1,2,1,2,1,43.8,1
18459,19,0,3,2.1,99.4,1,7.1,1,4,2,1,49.2,1
18460,20,1,4,3.06,81.2,1,4.5,2,3,0,0,45.9,1
18461,24,2,5,4.69,49.9,1,9.3,0,1,0,2,55.5,1
18462,17,2,4,3.79,83.7,1,4.9,2,0,2,2,57.7,1
18463,22,1,0,0.4,52.9,1,4.1,1,4,1,2,32.7,1
18464,23,2,4,2.85,50.1,0,5.2,2,4,0,1,52.6,1
18465,23,2,0,3.93,77.8,1,7.1,0,1,2,2,60.7,1
18466,21,0,4,5.31,70.9,1,6.4,1,2,1,0,47.5,1
18467,23,2,2,7.62,96.8,1,5.9,1,2,0,2,88.8,1
18468,24,2,2,7.65,75.0,1,8.3,1,3,1,0,91.1,1
18469,23,2,3,4.11,71.3,1,7.1,1,2,0,1,63.1,1
18470,17,2,2,4.55,48.2,1,4.4,2,4,1,2,40.9,1
18471,18,1,5,5.58,91.7,1,8.4,0,4,2,2,65.7,1
18472,19,1,1,6.68,59.0,1,6.2,0,3,2,1,69.9,1
18473,19,0,3,5.96,65.0,1,8.6,1,2,1,0,74.6,1
18474,19,2,1,5.76,70.2,0,9.2,1,4,0,2,79.9,1
18475,18,0,6,3.58,97.4,1,6.1,2,2,0,0,64.3,1
18476,22,1,5,6.95,55.5,1,8.4,2,0,2,1,64.1,1
18477,17,2,2,5.3,81.1,1,6.1,0,2,2,0,84.5,1
18478,23,0,0,1.27,82.3,1,5.7,2,0,2,2,47.6,1
18479,22,2,6,4.79,41.5,1,7.8,1,3,0,2,73.5,1
18480,24,0,3,2.48,63.5,1,6.1,0,1,1,2,45.4,1
18481,17,2,5,1.62,42.4,1,5.3,0,2,1,2,39.1,1
18482,19,2,2,5.19,48.7,0,7.5,1,3,2,2,62.4,1
18483,24,0,3,5.14,44.7,0,4.9,1,0,2,2,68.2,1
18484,20,2,6,7.64,55.2,1,4.1,2,4,1,2,54.8,1
18485,21,1,1,7.81,81.6,0,5.2,0,3,1,2,80.6,1
18486,17,2,2,3.27,48.9,1,6.8,0,4,1,2,45.5,1
18487,23,0,5,1.43,63.7,1,6.6,1,1,0,1,39.7,1
18488,19,2,2,1.12,74.4,1,8.1,2,3,1,2,39.7,1
18489,24,1,0,7.79,52.3,1,9.8,2,4,0,2,86.1,1
18490,19,0,5,3.17,55.5,1,5.3,2,0,1,2,64.5,1
18491,18,1,6,2.74,73.3,1,4.1,2,1,0,1,49.0,1
18492,21,1,2,4.97,82.0,1,5.6,1,2,1,2,69.8,1
18493,20,0,3,0.46,68.5,0,6.3,1,0,0,2,38.5,1
18494,20,1,5,5.17,61.8,1,7.4,2,1,0,1,60.6,1
18495,24,1,0,7.01,91.0,0,9.1,0,3,1,2,91.2,1
18496,19,0,0,5.79,90.0,1,6.3,0,2,2,0,78.4,1
18497,20,2,3,3.34,56.3,1,6.4,0,4,2,2,26.4,1
18498,21,2,5,0.93,83.0,0,5.2,1,4,0,2,48.4,1
18499,18,1,2,1.93,77.4,1,8.8,0,3,0,1,56.1,1
18500,23,1,2,2.12,44.2,1,9.8,0,1,1,2,41.6,1
18501,18,0,2,3.08,43.8,1,6.2,0,0,0,2,71.2,1
18502,18,0,0,1.07,40.6,1,6.4,0,0,0,2,49.7,1
18503,17,1,1,4.61,48.8,1,4.4,0,4,1,0,39.2,1
18504,19,1,3,2.93,47.1,0,6.8,0,3,2,2,44.2,1
18505,21,1,0,3.97,46.1,1,6.2,2,3,0,1,40.8,1
18506,22,0,4,2.28,64.2,1,8.7,2,4,2,2,49.1,1
18507,24,0,0,3.63,83.3,1,5.5,0,1,2,0,60.2,1
18508,23,0,5,5.7,67.5,0,9.3,0,0,2,2,84.1,1
18509,19,0,0,0.71,73.1,1,9.6,2,4,0,0,38.5,1
18510,23,1,1,4.08,60.2,1,5.6,1,1,2,2,43.6,1
18511,18,2,6,4.95,79.5,0,8.7,2,3,1,0,63.5,1
18512,18,1,4,5.34,59.9,1,5.0,0,1,0,0,70.3,1
18513,19,0,2,7.38,58.6,1,7.1,0,4,0,0,92.4,1
18514,21,1,1,6.25,96.7,1,9.9,1,1,1,0,90.7,1
18515,18,0,2,5.91,66.3,1,7.3,0,3,2,0,67.3,1
18516,24,0,5,6.94,66.8,1,6.4,1,4,1,2,92.3,1
18517,19,0,4,7.32,44.4,1,5.7,0,3,1,0,63.0,1
18518,20,2,6,6.71,95.3,0,5.1,2,3,0,2,76.1,1
18519,21,0,0,4.91,62.1,1,9.7,1,4,0,1,74.9,1
18520,20,1,2,6.74,80.8,1,6.5,0,4,2,1,77.7,1
18521,20,0,3,2.61,80.3,1,8.2,2,2,2,0,49.4,1
18522,24,0,2,7.62,93.2,0,5.8,0,1,2,2,78.0,1
18523,20,2,1,1.39,92.7,1,9.7,1,0,0,2,74.7,1
18524,17,0,5,1.83,49.2,1,5.8,0,2,1,2,22.0,1
18525,22,2,0,1.27,46.5,1,7.8,1,2,0,1,45.5,1
18526,22,0,6,6.22,93.4,1,5.4,0,2,2,0,79.3,1
18527,18,0,3,3.48,56.4,1,9.5,0,0,2,2,64.6,1
18528,23,1,4,5.9,90.2,1,6.2,1,4,0,0,86.8,1
18529,20,1,5,4.08,64.4,1,5.2,2,2,0,2,54.4,1
18530,18,1,3,3.23,60.9,1,5.1,1,3,2,2,52.4,1
18531,18,0,0,7.17,50.7,1,8.0,2,1,1,0,67.6,1
18532,22,2,5,3.46,98.4,1,8.6,1,2,2,0,76.9,1
18533,18,1,5,4.95,43.8,0,5.8,2,4,2,2,41.8,1
18534,20,2,0,6.87,71.4,0,9.8,1,1,0,0,92.3,1
18535,22,2,5,1.7,83.1,1,9.3,0,3,1,0,68.3,1
18536,23,0,6,3.22,65.1,1,6.0,1,2,2,1,62.2,1
18537,20,1,1,1.16,57.7,1,4.7,2,4,1,0,27.6,1
18538,24,0,5,4.34,49.4,1,5.0,2,3,0,1,45.3,1
18539,19,2,2,6.32,51.7,1,9.1,2,2,1,2,61.6,1
18540,23,1,6,0.44,96.7,1,5.5,2,1,2,1,34.9,1
18541,19,0,6,0.48,64.8,1,5.8,1,4,0,1,41.9,1
18542,17,1,5,5.93,42.0,1,6.2,1,3,1,0,68.9,1
18543,22,0,0,5.68,63.5,1,7.3,2,0,0,0,74.8,1
18544,23,1,6,3.22,76.6,0,8.5,1,3,2,0,75.1,1
18545,24,1,3,2.89,77.1,1,5.4,1,1,0,2,63.9,1
18546,24,2,2,2.26,45.7,1,6.8,1,1,2,2,38.2,1
18547,17,2,5,0.49,55.7,1,6.6,1,4,2,2,37.5,1
18548,21,1,6,4.11,84.1,1,4.7,1,0,0,2,71.5,1
18549,22,0,0,4.93,99.2,0,7.4,0,0,2,2,77.6,1
18550,21,1,1,6.92,70.7,1,4.9,2,3,1,1,62.2,1
18551,17,0,3,4.33,45.2,1,4.6,2,4,0,0,65.7,1
18552,17,1,0,1.22,92.5,0,9.8,2,3,2,2,59.1,-1
18553,22,2,4,2.47,66.2,1,6.0,0,4,2,0,35.7,1
18554,23,1,0,6.28,84.0,1,9.4,2,1,0,1,81.2,1
18555,18,0,1,4.95,54.7,1,7.4,1,2,2,0,81.2,1
18556,17,0,1,6.17,92.3,1,8.7,2,1,2,0,84.3,1
18557,20,1,4,3.31,56.0,1,9.9,2,1,2,0,50.6,1
18558,19,0,3,0.54,81.6,1,9.0,2,2,2,2,27.4,1
18559,24,1,2,7.14,64.0,1,7.1,1,0,0,2,83.8,1
18560,24,0,3,2.79,62.0,1,8.9,0,3,1,2,46.9,1
18561,21,0,5,0.67,51.4,1,9.0,2,0,1,2,47.0,1
18562,24,0,1,4.7,90.4,1,7.2,1,4,1,2,85.4,1
18563,18,0,1,5.95,66.5,0,6.0,2,0,0,2,71.6,1
18564,24,0,0,3.82,65.0,1,5.5,0,0,1,0,68.6,1
18565,20,2,6,4.91,46.7,1,8.6,1,0,2,0,65.6,1
18566,20,2,0,3.34,48.6,1,9.6,1,4,2,0,62.2,1
18567,17,1,5,6.51,62.2,1,5.6,1,0,2,1,60.8,1
18568,18,1,4,6.27,42.6,1,9.6,2,2,1,0,52.3,1
18569,18,1,6,5.76,75.9,1,7.9,2,3,0,0,61.8,1
18570,20,1,4,0.16,51.2,1,6.7,2,1,0,1,19.599,1
18571,18,2,0,4.13,83.6,0,4.3,2,2,0,0,66.5,1
18572,17,2,5,6.28,78.8,1,4.5,1,1,1,2,65.4,1
18573,21,0,2,1.96,68.3,1,8.2,0,0,2,0,47.8,1
18574,23,2,5,2.07,52.1,1,5.6,0,4,1,1,33.9,1
18575,17,0,1,7.23,86.5,1,9.2,0,1,0,1,80.5,1
18576,21,0,4,6.73,99.4,1,6.7,2,2,2,1,72.3,1
18577,24,2,4,7.91,82.7,0,6.4,2,3,0,1,90.4,1
18578,20,1,1,3.98,83.6,1,6.9,2,1,2,0,64.9,1
18579,18,1,3,0.99,51.8,1,7.1,2,3,0,1,45.6,1
18580,17,1,3,0.08,64.2,1,9.8,0,4,1,0,44.1,1
18581,24,1,5,5.65,45.0,1,4.2,2,2,2,1,44.2,1
18582,20,1,3,6.53,44.9,1,9.0,1,4,0,1,77.5,1
18583,17,2,2,3.43,66.8,1,8.7,1,1,2,2,78.9,1
18584,23,2,2,3.41,55.0,0,6.7,0,0,1,0,63.2,1
18585,23,0,4,6.72,78.7,1,8.8,0,2,0,2,79.2,1
18586,22,0,6,1.49,95.9,1,6.3,0,4,1,1,52.9,1
18587,17,1,3,0.51,65.7,1,5.1,0,1,1,2,24.3,1
18588,17,1,2,7.73,47.6,1,4.1,2,2,2,0,66.0,1
18589,18,0,1,4.34,52.4,1,7.3,0,4,2,0,59.7,1
18590,18,1,6,6.18,67.5,1,7.8,0,1,1,1,74.9,1
18591,21,2,4,7.64,67.8,1,5.0,2,0,2,0,78.9,1
18592,20,1,2,6.48,72.8,1,4.5,0,1,2,1,56.7,1
18593,23,2,1,3.74,94.1,1,9.9,0,1,0,2,73.0,1
18594,17,1,5,5.18,94.7,1,4.8,0,2,1,1,72.7,1
18595,22,1,4,5.06,78.4,1,4.8,1,1,2,2,50.4,1
18596,24,0,0,7.4,49.3,1,5.6,0,1,1,1,63.9,1
18597,18,1,4,1.13,50.0,1,7.0,0,1,1,0,24.6,1
18598,22,0,6,5.57,58.0,1,4.1,0,0,0,1,69.1,1
18599,21,1,6,6.9,83.5,1,4.5,1,4,2,0,76.6,1
18600,17,2,5,2.87,90.4,1,8.9,1,1,0,2,53.9,1
18601,19,0,0,5.67,79.3,1,9.6,1,2,2,2,80.2,1
18602,23,2,2,2.0,90.7,1,9.9,0,0,0,1,66.3,1
18603,23,0,0,0.7,54.4,1,6.4,1,2,0,0,50.1,1
18604,19,2,2,0.2,80.8,1,7.8,1,1,1,2,29.5,1
18605,17,0,3,4.24,56.4,1,4.3,1,0,2,0,66.4,1
18606,18,2,4,0.41,79.3,1,7.9,0,0,1,2,36.7,1
18607,23,2,0,4.74,41.7,1,8.2,1,4,0,2,68.8,1
18608,21,2,1,3.0,76.6,1,7.4,1,3,0,2,75.0,1
18609,20,2,3,0.08,93.4,1,5.8,0,0,0,1,67.2,1
18610,17,2,2,1.81,55.7,1,8.6,2,4,0,2,61.3,1
18611,23,2,1,5.91,91.9,1,9.4,2,1,0,0,53.4,1
18612,20,1,6,3.03,43.3,1,5.4,2,4,0,2,32.5,1
18613,21,1,6,5.8,79.3,1,7.8,0,1,2,2,86.3,1
18614,23,1,4,6.52,65.2,1,5.5,1,2,1,2,65.7,1
18615,21,0,0,6.38,41.7,1,5.9,2,0,1,2,76.5,1
18616,24,1,2,5.36,78.5,0,5.8,1,0,1,0,80.0,1
18617,21,1,4,5.97,49.6,1,6.4,1,3,2,2,70.6,1
18618,19,0,3,4.56,69.8,1,5.9,1,3,1,1,56.6,1
18619,24,1,4,3.72,54.8,1,5.8,0,1,2,2,62.5,1
18620,22,2,1,0.49,47.4,1,7.6,0,1,0,2,44.8,1
18621,23,2,5,7.8,46.7,1,9.2,0,4,1,2,74.8,1
18622,18,1,5,6.72,77.8,1,4.4,0,1,2,0,54.2,1
18623,22,0,0,5.38,51.9,1,5.8,0,4,0,2,52.4,1
18624,21,2,2,5.15,58.5,1,6.1,2,2,0,2,39.5,1
18625,17,1,3,4.61,52.1,1,7.6,1,3,2,2,72.1,1
18626,19,2,0,0.76,47.6,1,4.6,1,2,0,0,53.0,1
18627,24,0,5,2.56,40.6,1,4.3,2,0,2,2,36.3,1
18628,21,0,1,2.72,68.9,1,5.0,1,2,2,2,57.7,1
18629,23,1,2,6.35,86.1,1,5.7,0,4,0,2,77.9,1
18630,18,0,6,4.84,44.2,1,5.8,0,0,0,0,81.9,1
18631,18,0,1,3.19,50.3,1,6.1,1,1,0,0,57.6,1
18632,24,1,2,2.62,93.3,0,9.8,1,0,0,0,76.4,-1
18633,20,2,5,6.83,94.8,0,5.3,1,2,0,2,95.4,1
18634,24,0,5,6.29,97.7,1,6.5,1,0,0,2,100.0,1
18635,23,2,1,6.5,77.7,0,7.7,1,1,1,2,84.2,1
18636,19,1,3,3.16,40.9,1,6.4,0,3,1,2,30.8,1
18637,24,2,4,3.83,47.7,1,6.5,0,0,0,2,53.6,1
18638,23,0,5,4.59,53.2,1,6.5,0,1,0,2,43.2,1
18639,18,0,0,1.53,61.1,1,9.7,0,3,0,0,41.7,1
18640,17,1,1,2.9,61.0,1,4.7,2,0,0,2,59.5,1
18641,18,2,2,3.93,50.7,1,6.1,0,3,1,2,50.1,1
18642,22,1,5,5.36,50.6,1,8.6,2,4,0,2,71.4,1
18643,18,2,5,3.6,97.3,1,9.8,2,4,0,0,40.1,1
18644,19,0,6,1.24,45.4,1,5.6,1,0,0,2,55.5,1
18645,20,0,5,3.4,41.1,1,7.3,1,1,0,2,52.9,1
18646,18,0,1,4.25,41.5,1,4.6,1,3,1,2,48.1,1
18647,19,1,1,5.21,73.5,1,9.2,1,1,0,2,78.5,1
18648,22,0,1,6.83,53.3,1,5.9,2,1,0,2,66.1,1
18649,24,1,3,1.86,68.8,0,6.4,0,0,2,0,54.3,1
18650,20,2,6,4.48,67.9,1,4.3,2,3,1,2,57.9,1
18651,22,0,4,3.34,94.2,1,7.9,1,3,1,0,76.4,1
18652,21,1,3,5.5,49.7,1,4.4,1,2,2,1,53.2,1
18653,20,1,5,6.99,58.7,1,6.8,0,0,2,1,85.8,1
18654,21,2,5,3.82,80.8,1,8.0,0,0,2,2,64.3,1
18655,24,1,0,6.75,71.7,1,9.1,0,1,1,2,77.4,1
18656,17,1,5,0.08,75.0,1,8.3,2,3,1,2,31.1,1
18657,21,1,2,7.3,68.0,1,5.2,1,1,1,2,84.9,1
18658,17,1,0,6.31,89.2,0,6.8,0,3,2,2,65.9,1
18659,24,1,1,1.07,47.2,1,5.3,2,3,2,0,31.5,1
18660,21,2,1,5.4,97.2,1,6.7,1,3,0,0,87.5,1
18661,17,1,1,4.11,50.9,1,4.5,1,2,0,0,72.9,1
18662,21,2,0,7.77,51.2,0,9.5,0,3,2,0,74.5,1
18663,20,2,5,2.43,53.9,1,9.0,2,1,1,0,45.5,1
18664,17,0,4,4.87,84.5,0,7.1,0,3,2,2,59.2,1
18665,24,1,3,4.18,75.9,1,7.3,0,4,2,2,53.9,1
18666,20,2,3,1.77,46.2,1,7.2,0,2,0,2,48.2,1
18667,17,1,1,6.51,92.4,1,8.0,1,0,0,1,92.9,1
18668,21,0,5,5.94,99.3,0,8.4,2,1,0,0,88.0,1
18669,20,1,5,4.35,69.9,0,8.8,1,0,1,0,51.9,1
18670,22,2,3,7.55,41.4,1,5.8,0,1,0,2,73.8,1
18671,18,0,5,7.41,70.7,0,6.2,0,4,2,2,78.2,1
18672,23,1,5,6.54,74.8,1,9.0,2,0,1,1,75.1,1
18673,20,0,5,1.22,51.8,1,4.7,0,1,0,1,46.3,1
18674,20,2,2,7.15,42.1,1,6.8,2,1,2,2,67.0,1
18675,23,2,2,2.45,69.2,1,5.4,1,3,0,2,52.3,1
18676,21,2,3,4.56,92.4,1,6.1,0,0,1,2,68.1,1
18677,17,1,2,7.8,54.9,0,6.5,2,1,0,2,77.1,1
18678,21,2,2,1.85,62.2,1,8.3,1,4,2,2,50.0,1
18679,22,0,2,1.6,94.3,1,4.7,1,1,1,2,50.7,1
18680,19,2,2,6.82,76.6,1,6.2,2,0,1,2,85.1,1
18681,18,0,0,0.1,74.2,1,7.4,2,2,0,1,31.3,1
18682,17,0,0,1.39,59.7,1,8.9,0,0,2,0,50.5,1
18683,23,1,5,2.62,97.7,1,7.9,0,1,2,2,81.0,1
18684,17,0,6,5.91,81.9,1,7.3,0,4,2,0,72.9,1
18685,21,1,1,3.84,46.1,1,5.7,1,2,0,2,55.3,1
18686,23,0,0,3.15,42.8,1,9.9,2,1,1,2,39.9,1
18687,19,0,3,7.35,77.0,1,8.4,2,2,2,0,78.5,1
18688,18,2,1,6.05,56.1,1,4.6,2,3,1,0,51.6,1
18689,22,0,0,5.06,46.5,1,5.3,0,3,0,0,64.7,1
18690,22,0,4,2.72,83.9,0,7.8,1,2,2,2,69.4,1
18691,17,1,0,6.87,91.9,1,7.3,0,2,0,1,73.0,1
18692,21,0,4,2.02,67.0,1,7.5,0,2,1,1,60.5,1
18693,17,0,2,7.57,58.2,1,6.3,1,2,1,0,77.9,1
18694,20,2,3,2.08,48.2,1,9.7,0,1,2,0,38.5,1
18695,19,1,0,6.56,80.7,0,5.0,2,2,1,2,75.2,1
18696,23,1,0,7.31,40.8,0,5.2,2,2,1,2,76.1,-1
18697,24,0,3,1.81,80.9,1,6.0,2,1,0,0,56.8,1
18698,22,2,0,1.84,97.4,1,8.9,1,4,0,2,65.3,1
18699,22,2,5,0.63,63.4,1,9.6,2,1,0,0,44.1,1
18700,17,2,1,2.73,83.6,1,6.0,2,1,1,2,46.5,1
18701,17,0,6,4.0,43.4,1,5.3,2,3,0,0,33.5,1
18702,23,1,0,0.69,60.5,1,8.3,1,1,1,1,33.0,1
18703,20,0,3,1.17,67.4,1,8.7,1,1,0,2,39.3,1
18704,21,1,1,3.38,78.7,1,8.1,0,1,1,2,80.5,1
18705,22,2,6,1.44,58.0,1,4.6,0,4,0,2,31.9,1
18706,19,2,4,6.19,78.9,1,6.4,2,1,1,2,69.3,1
18707,22,0,5,2.58,83.4,0,7.9,2,0,1,2,64.5,1
18708,22,1,6,0.37,49.3,1,4.1,2,3,1,2,19.599,1
18709,18,1,6,1.24,90.6,1,4.1,0,3,0,2,53.9,1
18710,22,2,1,2.46,81.1,1,6.7,0,3,2,2,48.6,1
18711,18,1,0,1.17,99.4,1,4.4,0,1,2,0,55.0,1
18712,19,1,1,1.72,86.6,1,9.3,0,0,2,0,55.1,1
18713,23,0,3,1.65,85.7,0,6.6,1,2,1,2,51.3,1
18714,24,1,6,3.35,41.1,1,8.1,2,1,2,2,51.1,1
18715,17,2,5,4.19,65.3,1,9.9,0,3,1,2,54.1,1
18716,22,1,3,4.98,58.5,1,4.7,2,4,0,0,62.6,1
18717,21,2,3,7.28,86.4,1,9.0,2,4,0,2,76.9,1
18718,21,2,5,5.5,79.5,1,4.8,1,1,2,0,90.8,1
18719,23,1,3,1.59,70.7,1,9.7,1,0,2,2,77.9,1
18720,17,0,6,3.59,61.8,0,8.3,0,4,2,2,54.1,1
18721,22,2,3,5.84,46.0,1,5.5,1,3,1,2,71.8,1
18722,19,2,4,4.44,58.8,1,5.0,0,0,0,2,70.2,1
18723,18,2,4,1.35,76.2,0,7.5,2,1,1,2,28.3,1
18724,20,2,5,6.3,57.7,1,5.8,2,4,2,2,74.3,1
18725,17,1,3,1.57,47.0,1,9.9,0,0,1,2,33.0,1
18726,22,0,0,2.75,40.9,0,8.6,0,0,0,2,55.3,1
18727,21,2,0,5.87,94.5,0,9.2,0,4,1,0,70.3,1
18728,21,1,6,7.75,53.4,0,4.4,0,0,0,2,97.3,-1
18729,17,1,2,7.12,96.0,0,8.6,2,2,0,0,92.6,-1
18730,23,1,4,7.76,41.4,1,4.5,1,2,0,0,79.6,1
18731,17,2,6,3.17,65.6,0,6.6,0,2,2,0,58.2,1
18732,19,2,2,3.49,69.7,1,6.2,2,1,0,2,70.9,1
18733,20,1,4,1.3,63.7,1,9.0,0,2,1,1,54.5,1
18734,22,1,4,3.78,45.9,0,9.7,0,0,1,0,75.5,1
18735,20,0,0,6.24,92.6,1,6.8,2,1,0,2,74.8,1
18736,23,2,2,0.55,95.1,1,5.5,0,0,1,2,61.0,1
18737,24,2,4,2.55,85.3,1,7.9,0,4,1,2,47.7,1
18738,23,2,3,7.4,46.5,1,7.4,2,1,0,2,55.0,1
18739,17,2,5,1.46,55.1,1,8.8,0,4,2,0,34.8,1
18740,23,0,2,2.38,57.7,1,5.5,1,0,0,2,57.8,1
18741,18,1,6,7.48,96.6,1,7.2,0,1,1,2,73.4,1
18742,24,0,4,2.76,88.0,0,6.9,0,0,2,2,86.8,1
18743,24,0,3,6.65,66.2,1,5.4,1,3,2,2,65.4,1
18744,17,2,3,2.3,70.3,1,7.2,2,0,1,2,49.4,1
18745,17,0,6,2.06,87.9,0,9.1,1,3,0,1,55.6,-1
18746,22,2,3,1.5,43.7,1,8.1,0,2,1,2,45.0,1
18747,18,1,4,0.5,63.5,1,8.8,2,2,2,2,37.1,1
18748,24,2,4,3.32,43.1,1,7.3,2,2,0,2,50.8,1
18749,21,0,0,5.71,94.8,1,9.5,0,2,0,0,96.4,1
18750,21,0,1,4.04,66.5,1,6.3,1,4,2,0,53.6,1
18751,23,2,5,3.26,50.8,0,7.6,1,2,0,2,72.5,1
18752,18,0,0,1.64,98.8,1,7.5,1,0,0,1,73.2,1
18753,21,1,2,5.47,92.7,1,4.9,2,2,0,0,50.9,1
18754,24,0,3,2.02,70.5,1,9.0,1,2,0,2,55.0,1
18755,17,2,2,0.26,95.5,1,9.4,0,2,0,0,78.0,1
18756,18,2,3,7.72,51.0,1,7.1,2,2,1,1,77.5,1
18757,18,0,4,7.54,85.9,1,6.9,0,0,0,0,93.6,1
18758,19,0,6,1.72,86.4,1,7.4,2,1,1,2,45.9,1
18759,18,1,4,1.91,75.5,1,9.2,0,2,1,2,58.3,1
18760,18,2,0,4.64,63.8,1,4.8,2,0,0,2,71.5,1
18761,23,0,4,3.42,56.9,0,4.9,2,3,0,2,67.3,1
18762,20,1,4,7.1,78.6,0,5.9,2,1,2,0,79.9,1
18763,19,2,5,3.42,59.4,1,9.9,1,1,1,2,69.7,1
18764,20,2,6,1.09,47.8,1,6.2,0,1,1,1,38.0,1
18765,24,1,2,4.37,91.2,0,7.8,1,2,1,2,68.9,1
18766,20,0,5,0.91,88.0,1,9.0,1,4,2,2,62.5,1
18767,20,2,5,3.58,57.9,1,7.3,2,3,2,0,47.2,1
18768,24,2,0,4.62,40.6,1,4.5,0,3,1,2,40.5,1
18769,17,1,0,7.56,54.3,1,8.0,1,2,2,0,91.9,1
18770,20,1,0,2.35,74.0,1,6.7,0,4,0,2,65.3,1
18771,22,2,0,5.2,81.3,1,7.5,2,2,0,2,79.6,1
18772,21,2,6,0.08,64.2,0,8.1,2,3,2,1,49.0,1
18773,23,2,0,6.97,91.4,1,5.3,2,3,0,2,89.2,1
18774,24,0,3,2.54,55.7,1,4.4,0,4,1,0,52.7,1
18775,19,2,4,1.93,96.6,1,9.5,1,1,0,1,68.1,1
18776,23,0,1,0.82,78.8,1,8.5,1,1,1,2,29.7,1
18777,18,2,4,6.28,85.0,1,8.2,0,4,1,0,65.1,1
18778,18,1,3,0.45,72.4,1,7.4,0,2,0,1,50.8,1
18779,24,1,1,4.94,99.4,1,7.1,1,4,1,1,65.1,1
18780,17,1,1,2.52,49.9,1,8.6,0,2,0,1,55.2,1
18781,19,1,2,5.69,67.3,1,4.2,0,2,0,2,76.3,1
18782,22,1,4,7.73,55.8,1,8.4,0,4,2,1,69.7,1
18783,20,0,5,2.2,56.2,1,9.6,2,4,1,1,43.7,1
18784,23,1,6,4.96,88.7,1,8.8,2,3,2,0,74.0,1
18785,19,0,4,2.96,74.4,1,9.8,2,1,1,1,39.5,1
18786,21,0,6,4.08,46.2,1,6.8,2,2,2,0,51.6,1
18787,18,1,6,0.67,95.8,1,9.3,0,3,1,2,67.6,1
18788,18,0,4,1.63,48.6,1,8.1,0,4,0,1,42.7,1
18789,18,2,0,6.35,82.7,1,9.1,0,0,1,0,73.0,1
18790,22,0,6,2.76,80.7,1,4.3,0,4,0,2,41.2,1
18791,18,1,4,0.08,89.6,1,4.1,2,2,1,0,42.9,1
18792,22,2,5,2.57,78.3,1,8.7,0,0,1,0,57.1,1
18793,19,0,1,5.36,62.9,1,7.3,2,1,2,0,68.1,1
18794,21,0,6,7.77,52.2,1,4.6,1,0,2,0,80.7,1
18795,23,1,3,6.83,72.4,1,5.1,1,2,0,2,83.3,1
18796,23,1,6,6.05,42.0,1,4.9,1,4,2,2,68.8,1
18797,17,1,0,7.43,71.4,0,5.3,0,0,1,1,89.0,-1
18798,23,2,6,5.28,50.4,0,9.9,2,3,0,2,69.9,1
18799,24,1,4,4.15,78.7,1,7.2,0,2,2,2,68.6,1
18800,22,0,1,4.32,64.7,1,9.9,0,4,1,2,73.8,1
18801,18,2,1,7.55,85.6,1,5.2,1,3,1,2,90.4,1
18802,22,0,1,0.08,75.4,1,6.8,2,4,1,2,19.599,1
18803,22,1,0,4.13,69.9,1,7.1,2,3,2,1,53.0,1
18804,22,2,2,6.15,79.5,1,8.9,0,2,1,1,80.1,1
18805,20,1,3,0.3,53.3,1,4.1,0,4,1,2,19.599,1
18806,21,2,4,6.59,95.4,1,6.7,0,4,1,2,74.6,1
18807,22,2,5,6.75,44.2,1,5.4,0,2,2,2,82.6,1
18808,20,0,6,4.19,60.6,1,8.8,1,2,2,1,59.3,1
18809,23,1,5,6.63,43.4,0,6.7,0,0,0,2,74.5,1
18810,22,0,6,1.14,75.2,1,4.1,2,3,2,2,31.3,1
18811,19,1,4,7.54,62.8,1,4.5,1,4,2,2,81.7,1
18812,21,2,5,0.39,43.4,0,5.0,2,0,0,0,39.7,-1
18813,23,2,5,0.3,80.0,1,4.1,1,4,0,1,41.9,1
18814,20,2,5,4.19,97.5,0,5.9,2,3,2,2,73.0,1
18815,22,2,0,5.88,46.4,1,9.4,2,4,1,0,46.8,1
18816,18,1,3,5.6,53.2,1,7.8,1,0,2,0,70.0,1
18817,20,1,6,4.4,56.4,1,5.4,2,0,0,2,82.1,1
18818,22,0,3,6.27,80.8,1,4.6,1,1,0,1,86.7,1
18819,24,0,4,4.86,63.2,1,5.6,2,2,1,0,59.5,1
18820,22,2,4,6.8,85.3,1,8.8,0,0,0,0,86.3,1
18821,22,0,1,0.93,67.8,1,5.1,1,2,0,2,55.4,1
18822,19,2,2,7.85,41.4,1,8.5,2,2,2,2,61.7,1
18823,22,0,4,7.05,50.4,1,8.9,0,4,0,2,74.7,1
18824,19,1,5,7.16,59.2,1,8.2,1,0,2,2,81.9,1
18825,17,1,4,2.91,78.1,1,7.2,0,4,0,0,56.5,1
18826,18,0,4,7.57,80.8,1,5.5,0,3,0,1,82.5,1
18827,21,1,2,1.13,78.4,1,7.9,1,3,1,2,55.0,1
18828,24,0,1,0.62,43.7,1,7.2,1,4,2,0,31.3,1
18829,20,0,5,3.19,62.1,0,4.1,0,2,1,0,45.0,1
18830,23,1,4,7.46,78.1,0,9.9,1,1,2,1,93.6,-1
18831,23,0,1,7.74,78.4,1,8.5,1,1,0,0,100.0,1
18832,21,2,4,3.95,74.8,0,4.2,1,0,2,0,89.4,1
18833,23,1,2,6.02,65.6,1,6.4,0,4,2,0,60.1,1
18834,20,0,5,4.31,40.6,1,7.6,2,4,0,0,43.8,1
18835,20,2,2,0.91,73.6,1,9.2,0,2,0,1,55.6,1
18836,22,1,5,5.23,55.7,1,7.7,1,3,1,2,69.1,1
18837,22,2,1,1.17,61.1,1,5.2,1,1,2,1,60.8,1
18838,21,0,1,5.25,75.8,1,7.9,0,4,1,1,61.9,1
18839,20,1,6,1.92,68.7,1,7.1,0,4,1,0,46.9,1
18840,24,2,5,2.11,65.9,1,6.6,2,2,1,2,43.7,1
18841,17,0,0,5.4,64.3,0,7.7,1,1,1,2,65.4,1
18842,17,2,1,3.72,85.9,1,9.4,0,3,1,2,62.1,1
18843,20,0,2,6.64,69.7,1,4.4,1,0,2,0,82.6,1
18844,17,2,0,5.44,77.2,0,6.4,1,1,1,1,59.2,1
18845,19,2,4,2.36,45.6,1,7.3,0,4,0,2,69.0,1
18846,21,2,3,6.22,76.6,1,7.2,0,2,2,2,94.1,1
18847,20,0,6,0.52,43.4,1,8.9,2,0,2,0,52.6,1
18848,18,2,5,5.88,86.3,1,7.6,2,2,1,2,67.6,1
18849,19,1,1,3.08,40.6,1,4.4,2,3,1,0,22.9,1
18850,21,0,6,2.42,84.7,1,6.5,2,0,0,0,76.0,1
18851,24,0,3,4.18,71.8,0,7.2,1,2,2,0,62.6,1
18852,23,1,2,7.26,82.4,0,7.5,0,2,0,0,100.0,1
18853,21,2,5,2.05,54.7,1,6.0,0,1,2,2,43.7,1
18854,18,2,5,7.91,71.5,1,8.8,0,4,1,2,100.0,1
18855,18,2,0,4.71,90.7,1,8.9,0,1,0,1,60.7,1
18856,20,0,6,2.02,52.8,1,8.7,2,3,2,2,35.4,1
18857,18,0,6,5.53,41.5,1,7.8,1,3,1,2,75.6,1
18858,22,0,6,5.88,85.2,1,6.4,2,2,0,0,75.9,1
18859,19,2,6,4.25,82.2,1,8.7,0,2,1,2,69.5,1
18860,23,2,1,1.04,49.0,1,5.8,2,1,2,2,28.7,1
18861,19,1,3,6.52,60.5,1,5.9,0,3,2,0,57.8,1
18862,20,0,1,6.48,65.0,1,5.3,0,3,0,0,69.0,1
18863,22,1,4,6.12,42.3,1,9.7,1,2,2,1,89.7,1
18864,18,2,3,6.05,62.9,1,7.7,0,0,2,2,63.6,1
18865,23,0,6,3.05,45.6,1,4.6,1,3,0,1,47.8,1
18866,21,0,6,3.94,99.4,1,9.9,0,3,2,2,76.6,1
18867,22,1,0,5.29,98.9,0,9.6,1,1,2,1,80.1,1
18868,20,1,0,1.33,74.0,1,6.1,2,4,1,1,38.7,1
18869,24,2,2,4.83,68.8,1,6.2,0,0,0,0,88.5,1
18870,23,2,3,0.88,98.0,1,4.5,2,3,2,1,48.3,1
18871,18,0,0,6.78,80.0,1,8.8,0,1,1,2,87.2,1
18872,21,2,6,0.96,47.9,1,6.7,1,3,1,2,28.4,1
18873,24,0,5,6.18,52.7,1,7.4,0,0,0,1,79.0,1
18874,19,0,3,1.78,79.3,0,7.6,0,1,2,2,47.7,1
18875,21,1,3,7.43,96.9,1,9.3,0,3,0,2,100.0,1
18876,23,0,4,5.26,59.9,0,9.7,2,4,1,1,72.6,1
18877,19,1,6,3.45,47.0,1,7.7,1,1,0,2,63.8,1
18878,21,1,6,0.35,85.5,1,4.1,1,1,2,2,36.6,1
18879,21,0,0,4.86,52.3,1,7.6,0,2,1,2,38.1,1
18880,18,1,0,3.02,45.8,1,7.1,2,3,2,0,42.7,1
18881,18,2,4,6.39,81.4,1,4.5,2,0,2,2,86.2,1
18882,21,1,1,6.34,72.8,1,5.4,1,4,2,1,68.2,1
18883,18,2,2,5.5,66.4,1,8.3,1,3,2,0,74.9,1
18884,24,1,1,2.14,43.2,1,5.3,1,0,0,0,42.7,1
18885,21,2,0,1.38,40.8,0,8.7,0,1,2,2,40.3,1
18886,22,0,4,3.98,65.0,1,5.2,0,0,2,2,48.5,1
18887,20,2,5,3.62,76.2,1,7.9,2,1,1,2,59.4,1
18888,19,0,1,5.38,92.6,1,7.1,1,3,2,0,75.3,1
18889,20,0,2,4.26,75.8,0,9.1,1,0,0,0,87.8,1
18890,22,1,1,3.96,69.2,1,8.7,0,3,2,1,60.9,1
18891,20,0,6,3.85,50.6,1,4.2,0,3,1,0,52.7,1
18892,19,0,1,4.03,49.4,1,5.1,1,1,2,2,65.2,1
18893,18,2,3,6.98,76.7,1,7.9,2,0,1,2,79.3,1
18894,21,1,3,1.37,61.3,1,9.7,2,2,0,2,66.6,1
18895,22,1,1,0.15,49.3,1,4.8,1,4,0,0,37.5,1
18896,21,1,5,1.77,63.9,1,6.2,0,1,1,2,21.4,1
18897,19,1,2,2.48,84.2,1,7.3,0,1,2,0,50.6,1
18898,18,2,3,4.9,44.7,1,9.8,2,3,2,2,43.0,1
18899,20,1,0,6.74,48.0,1,7.0,2,3,2,2,52.7,1
18900,19,2,5,5.7,75.1,1,8.6,1,2,2,0,80.2,1
18901,18,1,1,7.91,73.0,1,6.7,2,0,0,0,84.8,1
18902,24,2,6,0.08,49.3,1,6.5,0,2,2,0,33.2,1
18903,19,0,5,1.52,76.1,0,8.0,2,1,2,0,38.4,1
18904,19,1,5,0.7,77.9,1,7.8,2,3,2,0,57.4,1
18905,21,0,3,5.31,45.0,1,5.0,2,1,0,0,60.2,1
18906,23,2,4,3.42,83.5,1,4.8,1,3,0,0,48.3,1
18907,20,2,1,2.49,46.8,1,9.6,2,0,0,0,59.8,1
18908,22,1,2,2.5,85.5,1,7.7,1,0,0,1,75.6,1
18909,17,0,5,7.14,54.5,1,5.2,0,0,0,1,67.6,1
18910,21,0,3,0.6,53.5,1,4.2,0,1,0,0,28.9,1
18911,17,0,0,2.51,80.2,1,9.2,0,4,1,1,51.3,1
18912,18,2,1,4.0,79.7,1,8.8,2,3,0,2,63.8,1
18913,21,0,4,3.29,56.2,1,6.9,0,3,2,2,37.1,1
18914,18,0,3,5.5,97.9,1,9.5,2,2,1,1,87.8,1
18915,17,0,4,4.86,63.3,1,5.4,1,1,0,2,74.1,1
18916,18,2,6,6.4,64.3,1,9.8,1,2,2,2,93.4,1
18917,23,2,5,6.75,52.0,1,7.4,1,0,1,2,80.8,1
18918,21,2,0,3.2,43.5,1,6.2,0,0,0,0,54.8,1
18919,20,1,1,6.93,89.2,1,4.3,0,0,2,0,97.4,1
18920,24,1,1,5.06,60.1,1,4.5,2,3,2,2,54.6,1
18921,20,1,3,6.88,69.4,0,5.2,2,1,1,0,73.4,1
18922,24,1,5,3.72,87.0,1,6.8,1,3,1,1,69.5,1
18923,19,2,1,0.2,46.4,1,4.1,1,1,0,2,34.4,1
18924,17,2,6,5.26,77.1,1,6.9,0,3,1,2,80.7,1
18925,17,1,3,7.73,61.8,0,9.6,1,0,2,2,100.0,-1
18926,19,0,5,7.44,90.1,1,8.7,0,2,2,2,100.0,1
18927,18,1,0,1.22,63.3,1,9.9,2,1,2,2,35.7,1
18928,18,1,2,3.92,97.2,0,8.6,0,1,2,2,57.2,1
18929,20,0,3,6.98,62.4,1,6.7,1,4,0,2,79.1,1
18930,24,1,3,3.33,41.9,1,5.7,0,1,1,2,36.7,1
18931,18,2,3,4.15,72.8,0,9.9,1,4,0,1,91.1,-1
18932,18,2,0,7.91,47.8,1,7.4,1,4,0,1,60.8,1
18933,24,0,4,3.86,48.3,1,6.2,0,3,0,2,74.1,1
18934,18,1,4,1.52,68.9,1,8.9,1,0,2,1,66.9,1
18935,23,0,1,0.31,57.2,1,9.1,1,0,1,1,52.8,1
18936,21,2,4,3.69,72.6,1,7.0,0,0,0,2,90.2,1
18937,24,1,0,4.12,79.6,1,6.7,1,0,0,1,99.3,1
18938,21,2,5,7.36,94.0,1,9.4,0,3,1,0,93.6,1
18939,21,1,3,6.34,57.2,1,6.0,0,4,1,0,66.0,1
18940,18,1,1,0.5,70.6,0,9.3,0,4,0,0,50.7,1
18941,21,0,1,6.53,85.7,1,9.0,2,0,2,2,92.1,1
18942,22,0,6,0.56,75.0,1,5.0,0,4,2,2,39.9,1
18943,24,1,5,0.11,61.7,1,4.8,2,2,0,0,40.3,1
18944,17,2,1,4.38,45.2,1,4.7,0,3,1,2,40.0,1
18945,18,2,3,4.24,51.4,1,9.4,1,2,2,0,74.8,1
18946,17,0,2,2.53,42.2,1,8.0,2,4,1,2,22.1,1
18947,23,0,5,3.68,76.9,0,5.6,0,0,1,2,63.4,1
18948,17,1,5,7.36,70.4,1,7.1,1,2,0,2,99.3,1
18949,24,0,5,5.41,58.0,1,6.0,1,4,0,2,50.9,1
18950,19,1,3,2.74,97.0,1,9.6,1,2,2,2,54.6,1
18951,19,1,1,7.47,70.1,1,5.8,1,2,2,1,90.8,1
18952,24,2,3,1.3,99.4,1,5.2,0,1,1,2,31.1,1
18953,22,0,3,1.4,62.1,1,6.8,0,0,2,0,51.1,1
18954,21,2,0,1.86,77.3,1,4.1,2,0,0,0,48.3,1
18955,24,1,0,1.86,58.6,1,9.1,0,4,2,0,49.6,1
18956,23,0,2,0.57,95.9,0,7.9,2,4,2,2,53.7,1
18957,22,1,3,2.48,55.4,0,8.1,2,3,0,0,32.8,1
18958,19,1,1,4.39,51.8,1,5.9,2,4,2,1,61.6,1
18959,24,2,5,1.78,78.2,1,7.2,0,4,0,1,52.3,1
18960,22,0,5,0.85,59.5,1,5.5,2,1,1,2,34.1,1
18961,24,0,4,5.2,92.3,1,9.5,1,1,2,2,100.0,1
18962,24,2,1,3.36,47.3,1,7.8,1,4,0,2,61.7,1
18963,21,2,4,5.23,43.7,1,9.2,2,1,1,0,51.3,1
18964,19,1,6,1.98,41.6,0,4.1,2,2,2,2,31.6,-1
18965,24,0,4,6.05,58.2,1,6.8,0,1,1,2,67.2,1
18966,24,2,5,7.78,88.4,1,7.5,2,2,0,1,100.0,1
18967,17,1,6,2.09,95.3,1,6.4,1,0,0,2,89.4,1
18968,22,2,5,5.11,94.2,1,6.1,1,3,0,0,89.1,1
18969,21,0,1,6.12,95.9,1,8.1,2,0,2,0,65.8,1
18970,22,1,6,4.35,57.9,0,9.9,1,0,0,2,95.2,1
18971,24,2,5,2.33,73.1,1,5.1,2,4,2,2,44.5,1
18972,19,2,5,1.72,61.0,1,6.9,2,0,2,0,56.8,1
18973,24,1,1,5.17,82.3,1,5.2,0,3,2,0,72.5,1
18974,22,2,3,3.84,94.5,1,4.1,1,3,0,2,55.4,1
18975,17,2,6,6.7,49.9,1,5.0,2,2,1,1,41.2,1
18976,21,0,6,0.71,68.9,0,4.7,2,4,0,1,26.1,-1
18977,18,0,2,0.26,66.9,1,5.6,0,0,1,2,40.9,1
18978,24,1,0,2.97,94.5,1,6.5,0,2,2,1,54.1,1
18979,23,0,4,3.79,93.2,1,9.3,0,3,1,1,77.4,1
18980,24,2,2,5.12,91.7,1,9.4,0,1,1,2,68.8,1
18981,21,2,1,0.91,84.8,0,5.2,2,3,1,0,38.9,1
18982,20,0,4,4.7,95.0,1,4.5,2,0,2,2,79.1,1
18983,20,1,4,6.5,99.4,1,9.6,0,0,1,2,93.7,1
18984,24,2,2,7.28,47.8,1,6.7,2,4,0,0,61.4,1
18985,18,2,0,7.2,94.7,0,7.2,1,2,2,1,94.2,-1
18986,24,1,4,4.15,73.1,1,6.1,1,0,0,2,73.0,1
18987,20,2,6,7.19,56.1,0,9.7,2,4,2,2,64.7,1
18988,21,1,6,4.3,74.2,1,9.7,1,3,2,0,61.9,1
18989,22,2,0,0.59,69.8,1,9.7,2,1,2,1,47.0,1
18990,17,2,4,7.79,72.5,1,8.2,2,3,2,2,98.0,1
18991,18,0,3,0.08,62.3,1,8.3,2,3,1,1,27.6,1
18992,18,0,1,2.29,78.8,1,5.2,1,4,1,1,53.5,1
18993,23,1,3,0.37,80.6,1,6.0,0,3,2,2,38.5,1
18994,17,1,2,4.35,43.7,1,5.6,2,3,1,1,38.9,1
18995,21,1,2,4.54,86.2,1,7.0,2,2,0,1,62.1,1
18996,17,2,0,5.1,72.7,1,4.2,2,4,0,0,71.1,1
18997,23,0,1,1.12,92.4,1,9.2,1,1,1,2,57.7,1
18998,24,1,1,0.14,79.0,1,9.9,0,2,2,0,53.1,1
18999,20,0,2,2.13,99.4,1,7.3,1,0,2,0,71.5,1
19000,18,2,3,0.41,84.5,1,6.5,0,2,1,1,25.5,1
19001,20,0,2,0.28,66.6,1,8.5,0,2,1,0,30.6,1
19002,22,2,5,2.11,54.3,1,6.9,2,1,0,0,47.2,1
19003,22,1,2,7.91,78.0,1,6.9,1,4,2,2,93.3,1
19004,22,1,4,6.43,69.8,1,8.6,1,3,0,0,86.4,1
19005,21,0,1,2.89,65.9,1,4.1,1,1,0,2,63.8,1
19006,22,0,4,3.01,89.7,1,8.4,0,2,2,1,55.7,1
19007,18,2,2,7.44,95.0,1,4.9,2,3,2,0,90.3,1
19008,18,2,3,5.3,67.4,1,6.5,1,0,0,1,100.0,1
19009,24,1,4,6.7,41.9,1,6.3,0,3,2,2,76.2,1
19010,21,2,1,6.92,92.8,1,9.9,1,3,1,2,87.9,1
19011,23,1,2,1.35,42.6,1,8.9,2,0,0,1,58.5,1
19012,22,0,4,0.13,67.0,1,5.0,2,0,1,2,36.9,1
19013,20,2,4,2.15,59.9,0,4.9,0,2,2,0,45.2,1
19014,21,2,0,4.76,61.7,1,5.5,2,2,2,1,64.5,1
19015,22,1,2,7.27,78.4,0,8.1,2,2,1,0,92.8,1
19016,18,0,0,2.47,91.3,1,9.0,1,4,0,2,45.0,1
19017,20,2,1,6.8,83.2,1,6.9,1,1,1,0,63.3,1
19018,22,1,4,5.3,66.1,0,8.6,0,4,1,2,48.8,1
19019,17,2,0,5.24,86.3,1,5.4,0,2,2,2,70.5,1
19020,17,0,0,5.73,78.8,1,9.0,1,3,0,1,90.2,1
19021,18,1,1,4.09,69.5,1,8.4,0,4,1,2,72.0,1
19022,21,1,1,5.39,60.0,1,8.6,0,1,0,0,60.1,1
19023,18,2,5,6.35,69.3,0,4.8,1,2,0,0,97.8,-1
19024,20,0,3,4.72,87.2,1,4.6,2,2,2,0,61.3,1
19025,18,2,3,0.31,81.1,1,7.0,2,4,1,2,39.0,1
19026,19,0,0,4.08,88.5,1,8.6,2,2,0,2,69.9,1
19027,17,0,2,4.78,99.1,1,5.8,1,1,2,2,65.7,1
19028,23,2,5,7.0,98.2,1,4.9,2,3,2,2,91.0,1
19029,20,2,5,0.08,95.1,1,4.9,2,2,0,2,36.1,1
19030,18,1,2,0.39,85.3,1,5.8,0,0,2,0,36.5,1
19031,21,2,6,2.94,99.4,1,9.3,0,1,1,0,75.9,1
19032,24,1,5,6.42,68.5,1,6.3,1,3,1,0,79.8,1
19033,23,2,5,3.87,48.6,1,4.9,0,0,0,0,75.0,1
19034,24,1,3,2.44,88.4,1,6.2,0,1,2,2,72.3,1
19035,20,0,4,5.55,50.4,1,6.1,1,0,2,2,80.7,1
19036,19,1,2,4.03,70.8,1,4.2,0,2,2,0,48.2,1
19037,19,2,4,4.59,94.1,1,5.7,0,4,0,0,58.5,1
19038,19,2,2,3.43,87.1,1,4.3,1,4,2,0,53.3,1
19039,24,2,6,5.8,58.9,1,5.4,0,0,2,2,90.2,1
19040,18,0,6,0.12,54.0,1,5.0,2,0,1,0,31.9,1
19041,23,2,1,0.08,76.5,1,8.7,1,2,1,2,42.6,1
19042,24,1,3,5.46,85.4,1,6.6,0,4,0,0,85.2,1
19043,23,0,4,0.21,85.9,1,5.4,1,0,0,0,65.1,1
19044,22,2,5,2.7,86.0,1,6.9,2,0,1,2,58.2,1
19045,23,0,3,2.93,40.6,1,9.7,0,4,0,1,58.0,1
19046,17,1,6,4.91,82.1,0,4.1,2,4,1,2,43.7,-1
19047,23,0,0,6.18,79.4,1,6.4,1,4,1,2,100.0,1
19048,21,0,0,6.57,64.1,1,6.4,0,4,1,2,44.2,1
19049,24,2,5,2.24,99.4,1,5.9,1,2,0,0,61.8,1
19050,17,2,3,1.3,66.9,1,7.1,1,3,0,2,44.7,1
19051,24,0,2,7.85,44.2,1,8.8,1,2,1,1,77.1,1
19052,21,2,4,0.35,43.6,1,9.1,2,1,2,2,25.5,1
19053,17,1,1,6.51,65.6,1,6.2,2,4,0,0,80.8,1
19054,21,1,5,0.16,77.0,1,7.8,2,0,0,2,52.4,1
19055,17,0,5,3.88,99.4,1,5.1,0,4,0,2,66.3,1
19056,17,2,0,5.13,66.1,1,8.2,0,0,0,0,91.0,1
19057,21,2,5,3.82,74.4,1,8.9,2,4,2,1,52.2,1
19058,23,0,6,4.52,90.6,1,4.7,0,2,0,2,74.2,1
19059,17,1,5,0.2,82.6,1,7.7,1,3,1,1,35.9,1
19060,19,2,4,1.23,94.7,0,5.1,1,0,1,1,43.3,1
19061,20,0,6,4.43,78.4,1,9.0,0,2,2,0,69.6,1
19062,21,1,6,6.62,96.3,1,5.8,2,4,2,2,79.5,1
19063,17,0,3,4.39,78.5,1,4.7,2,4,2,2,74.9,1
19064,22,2,2,4.0,47.7,1,9.6,0,3,2,2,52.4,1
19065,20,1,4,7.91,60.6,1,5.5,1,1,1,2,78.5,1
19066,24,0,3,3.12,67.8,0,7.0,0,1,1,2,43.8,1
19067,19,1,0,3.08,88.1,1,4.7,0,1,2,2,41.0,1
19068,20,2,1,0.59,57.8,0,9.7,1,1,1,0,33.3,-1
19069,17,1,5,6.27,69.6,1,8.7,0,3,1,0,65.3,1
19070,24,2,6,0.54,53.5,1,4.8,2,0,2,2,43.9,1
19071,23,2,4,1.09,62.5,1,8.6,0,1,0,2,44.6,1
19072,19,2,1,0.45,56.8,0,4.3,0,1,0,2,33.1,1
19073,20,0,2,1.54,96.4,1,6.0,2,1,1,2,56.3,1
19074,23,2,4,3.51,94.3,0,8.9,0,3,0,1,79.7,1
19075,19,1,1,0.34,83.8,1,6.2,2,4,2,2,41.9,1
19076,18,1,2,3.29,47.4,1,5.3,2,1,1,0,49.2,1
19077,18,1,1,3.85,96.5,1,6.4,2,3,0,0,54.2,1
19078,22,1,1,0.89,49.4,1,7.9,1,2,2,1,23.5,1
19079,18,0,0,0.44,43.3,1,8.8,0,1,0,2,37.7,1
19080,17,0,0,2.52,42.6,0,6.1,1,4,0,0,42.9,-1
19081,18,2,1,5.2,56.8,1,4.6,1,3,0,2,79.4,1
19082,24,1,5,4.86,49.7,0,9.3,1,1,0,2,70.0,1
19083,23,0,5,1.01,50.2,1,7.7,2,0,2,0,61.2,1
19084,24,2,1,0.74,57.0,1,8.0,2,1,0,2,50.9,1
19085,19,1,0,1.5,92.9,1,7.0,0,4,2,0,59.8,1
19086,20,2,5,6.99,94.3,1,6.6,2,1,0,1,97.7,1
19087,20,0,6,7.45,94.4,0,7.2,0,3,1,0,75.6,1
19088,21,0,5,4.17,86.9,1,5.0,2,4,0,2,53.5,1
19089,17,1,3,7.22,79.6,1,7.8,1,4,1,0,72.2,1
19090,21,1,6,1.05,75.4,1,7.5,1,0,2,0,55.7,1
19091,17,2,5,5.26,99.4,1,8.5,1,1,2,2,69.7,1
19092,19,2,4,5.19,58.7,0,9.8,0,0,2,0,63.8,1
19093,19,0,2,3.59,84.1,1,4.9,0,1,2,0,54.6,1
19094,22,0,4,5.9,43.9,1,8.6,0,3,0,0,47.8,1
19095,24,0,0,3.8,45.3,1,6.7,0,2,1,2,47.4,1
19096,22,0,4,6.85,75.1,1,7.4,0,4,2,1,62.2,1
19097,20,2,4,1.09,91.4,1,4.9,0,3,0,0,45.3,1
19098,21,0,2,0.14,94.1,1,8.5,2,1,1,1,20.3,1
19099,21,1,3,3.02,41.7,1,8.0,1,3,1,2,58.4,1
19100,18,1,3,1.03,57.1,1,8.3,1,3,2,0,55.7,1
19101,24,2,2,1.43,91.3,1,9.3,1,2,1,1,50.3,1
19102,24,2,5,0.38,73.0,1,4.6,1,3,0,0,43.6,1
19103,18,1,6,3.44,49.9,1,7.1,2,2,2,2,64.1,1
19104,17,1,2,5.9,67.4,1,6.6,0,1,0,2,90.7,1
19105,18,1,2,4.45,87.3,1,8.8,0,2,1,0,67.5,1
19106,22,0,2,2.85,86.6,1,4.7,0,3,2,2,46.0,1
19107,17,0,3,0.09,91.5,1,9.0,2,3,2,2,61.8,1
19108,17,1,4,4.07,41.3,1,9.6,2,0,2,2,46.3,1
19109,22,1,1,2.62,58.5,1,8.0,0,1,2,1,57.8,1
19110,18,1,5,1.91,58.2,0,4.7,0,3,1,2,32.2,1
19111,17,0,0,3.61,55.5,0,9.9,2,1,1,2,44.9,-1
19112,17,1,0,1.36,66.2,1,6.6,0,0,1,2,40.2,1
19113,22,0,4,2.57,64.9,1,7.3,0,3,2,0,53.6,1
19114,19,1,6,7.41,64.0,0,5.1,1,0,1,2,85.5,1
19115,19,2,1,4.89,66.2,1,8.2,2,3,0,1,50.8,1
19116,22,2,0,7.91,58.7,1,6.2,0,1,2,1,78.9,1
19117,18,0,0,5.02,98.9,1,5.8,2,3,0,0,66.1,1
19118,21,2,3,0.78,74.2,0,7.9,1,3,2,1,47.2,1
19119,20,0,3,5.33,67.8,1,5.8,0,2,2,2,74.4,1
19120,22,1,6,6.93,54.4,1,7.7,2,3,1,2,59.1,1
19121,21,1,1,7.3,55.3,1,7.5,2,0,1,1,72.3,1
19122,22,1,0,4.44,85.6,0,8.5,1,2,2,1,72.2,1
19123,18,2,1,0.96,64.9,1,6.7,1,3,1,2,44.6,1
19124,18,2,4,5.14,59.5,1,8.7,2,3,2,2,59.7,1
19125,21,0,5,1.14,51.2,1,6.6,0,0,2,0,48.7,1
19126,17,1,6,0.45,99.4,0,6.3,0,1,0,2,53.9,-1
19127,20,1,3,1.69,61.7,0,4.3,2,1,0,0,57.7,1
19128,22,0,1,0.78,51.6,1,7.2,2,1,0,2,38.6,1
19129,23,1,6,3.56,84.3,1,4.9,2,2,0,2,63.1,1
19130,22,1,2,7.55,94.2,1,8.3,0,4,1,2,88.4,1
19131,24,1,2,5.28,85.4,1,7.3,2,1,1,1,82.5,1
19132,21,0,6,5.56,62.3,1,4.9,0,3,0,2,80.5,1
19133,20,1,6,6.43,84.0,1,6.3,1,4,0,2,100.0,1
19134,18,2,3,1.91,59.1,1,7.4,1,3,2,0,49.2,1
19135,22,0,0,4.58,69.3,1,4.3,0,0,1,2,71.6,1
19136,23,1,6,5.7,46.1,1,7.3,0,0,0,1,74.3,1
19137,19,1,6,2.43,57.1,1,9.7,2,1,0,2,56.9,1
19138,17,2,6,3.1,70.5,1,6.6,0,0,0,0,66.8,1
19139,17,0,5,5.61,44.4,1,9.9,0,1,0,0,68.8,1
19140,22,2,4,6.47,84.0,1,8.0,0,2,0,0,85.7,1
19141,22,2,0,2.89,64.8,1,5.6,1,3,0,2,60.9,1
19142,17,2,3,5.01,71.8,1,6.0,1,2,2,2,83.5,1
19143,17,2,3,5.31,67.6,1,5.2,2,4,1,0,63.9,1
19144,22,2,3,7.43,82.7,1,4.3,0,0,0,2,88.0,1
19145,20,2,6,6.3,78.2,1,5.8,1,0,0,1,92.4,1
19146,20,2,1,1.56,82.3,1,4.5,0,1,0,2,40.4,1
19147,19,1,2,5.01,53.9,1,6.3,1,1,0,2,65.2,1
19148,22,0,3,7.66,77.7,1,8.7,1,1,0,2,90.8,1
19149,22,2,1,3.03,71.3,0,4.8,2,4,0,2,36.5,1
19150,17,2,5,6.12,44.5,1,9.4,0,2,0,0,72.6,1
19151,17,1,5,4.31,43.3,1,7.3,1,2,1,0,75.2,1
19152,21,1,6,3.5,74.9,0,9.5,1,4,0,1,70.0,1
19153,21,1,0,4.56,75.0,1,6.1,2,0,0,2,81.4,1
19154,18,2,6,3.4,86.4,1,5.6,0,0,2,0,69.3,1
19155,18,0,2,2.54,85.9,1,8.7,0,1,0,0,61.3,1
19156,22,0,6,6.09,67.3,1,9.2,0,2,2,0,91.2,1
19157,20,1,1,4.26,65.7,1,9.4,1,4,1,2,79.7,1
19158,17,1,2,7.48,63.3,1,9.7,1,4,2,0,75.3,1
19159,21,2,5,0.08,96.6,0,6.0,0,3,1,0,53.0,1
19160,17,1,3,6.15,81.4,1,6.4,1,4,2,0,82.5,1
19161,18,1,0,1.26,60.9,1,9.4,1,4,2,2,36.3,1
19162,22,1,1,6.09,82.2,1,9.9,1,3,1,2,78.8,1
19163,18,1,0,6.96,72.4,0,6.5,1,4,0,0,85.2,1
19164,17,0,4,6.27,74.5,1,7.1,0,2,0,2,90.6,1
19165,24,2,1,4.75,94.9,0,6.8,0,0,2,1,86.7,1
19166,18,1,6,0.98,76.4,1,8.8,0,3,0,2,47.6,1
19167,21,0,5,7.68,94.4,1,8.2,0,4,0,2,100.0,1
19168,23,1,6,2.61,71.8,1,4.6,2,2,1,2,38.0,1
19169,24,0,2,0.23,86.0,1,6.0,1,1,2,0,43.6,1
19170,23,1,6,0.08,71.7,1,7.1,0,1,2,2,57.2,1
19171,19,0,6,5.91,73.9,1,8.4,2,4,2,0,53.3,1
19172,23,0,0,6.66,65.8,1,9.7,1,4,0,1,95.0,1
19173,17,0,3,6.42,79.4,0,4.8,1,0,2,1,77.8,1
19174,19,1,3,4.47,44.1,0,5.3,0,0,1,0,60.4,1
19175,18,1,5,5.06,81.0,1,4.1,1,2,1,0,72.1,1
19176,21,1,1,7.25,71.3,1,4.6,0,1,0,0,75.3,1
19177,24,2,6,5.31,83.5,1,5.8,0,3,2,0,70.3,1
19178,23,1,3,2.81,40.6,0,5.2,2,3,0,0,29.6,-1
19179,24,0,2,7.6,57.5,1,8.9,1,4,2,1,89.6,1
19180,18,0,0,7.72,74.0,1,8.9,2,4,2,1,88.1,1
19181,23,0,2,5.02,67.8,1,7.1,2,1,1,2,70.0,1
19182,22,1,5,4.53,46.6,1,5.0,1,3,2,2,74.1,1
19183,20,0,0,7.49,43.2,1,6.2,1,3,1,0,68.5,1
19184,17,2,3,6.22,64.2,1,4.6,1,3,2,0,66.9,1
19185,17,2,0,0.95,65.0,1,5.6,0,0,0,2,45.5,1
19186,24,1,4,7.67,62.8,1,9.9,0,2,2,1,100.0,1
19187,19,0,6,5.79,96.4,1,7.4,0,2,2,0,80.3,1
19188,22,1,6,5.91,52.3,1,8.1,2,2,1,0,67.3,1
19189,24,2,6,3.21,82.9,1,8.5,1,3,2,2,54.4,1
19190,20,0,0,0.08,50.9,1,5.0,0,4,0,2,29.3,1
19191,18,2,4,2.17,42.7,1,9.4,2,2,2,0,45.3,1
19192,20,2,4,2.65,77.3,1,9.8,1,1,0,0,66.6,1
19193,18,1,0,3.65,90.6,1,7.6,2,2,0,0,64.7,1
19194,18,0,5,5.61,59.8,1,6.2,2,0,1,0,49.6,1
19195,23,0,6,3.6,72.6,1,9.4,2,1,2,0,76.0,1
19196,19,1,6,2.98,77.8,1,7.5,1,0,0,0,78.1,1
19197,22,2,6,1.98,80.1,1,9.7,1,4,2,2,79.0,1
19198,22,0,1,6.15,76.2,0,7.1,0,4,0,2,84.7,1
19199,21,1,1,6.3,93.8,1,5.7,0,3,1,2,86.6,1
19200,21,0,4,2.91,51.0,1,4.4,1,2,1,2,45.4,1
19201,18,2,5,1.74,84.5,1,4.9,2,3,1,2,40.5,1
19202,21,0,3,1.76,96.8,0,6.0,0,2,1,2,56.0,1
19203,23,2,1,5.3,61.0,1,8.6,2,0,1,0,68.3,1
19204,18,2,1,6.18,86.7,1,6.6,1,2,1,0,100.0,1
19205,18,0,2,6.28,76.8,1,8.1,2,2,0,0,79.4,1
19206,22,2,1,6.97,56.6,1,8.3,0,0,0,0,89.6,1
19207,24,0,1,6.04,64.3,1,4.2,1,1,0,2,70.7,1
19208,20,0,4,3.89,92.6,1,4.2,2,4,1,1,56.3,1
19209,23,2,3,2.14,68.9,0,8.8,2,3,2,2,40.1,1
19210,18,1,0,2.99,57.6,1,8.5,0,0,0,0,62.0,1
19211,21,2,3,2.27,99.4,1,8.0,2,0,2,2,83.0,1
19212,24,0,4,0.8,58.1,1,5.5,0,4,0,0,36.5,1
19213,20,0,2,1.15,42.5,1,5.4,2,0,2,1,25.3,1
19214,21,2,1,0.1,52.0,1,4.1,1,3,2,0,45.9,1
19215,18,0,1,1.57,98.0,1,5.6,0,3,0,2,56.4,1
19216,21,2,2,6.68,58.7,1,9.9,1,0,1,2,97.3,1
19217,21,0,2,4.3,91.7,1,6.7,1,0,2,2,94.0,1
19218,24,1,5,3.12,92.3,0,4.7,1,0,0,0,81.6,-1
19219,18,0,6,1.9,41.3,0,7.3,1,4,1,1,42.3,1
19220,19,1,1,4.72,84.1,1,7.7,0,0,1,0,69.6,1
19221,22,2,5,7.79,72.6,1,5.8,0,4,0,2,85.9,1
19222,24,1,1,2.78,77.5,1,4.8,2,2,2,2,64.5,1
19223,18,0,2,6.78,66.2,0,7.0,2,4,1,0,63.4,1
19224,22,2,1,7.51,47.5,0,8.9,2,2,0,2,70.9,1
19225,24,1,6,6.3,48.3,1,6.7,2,2,0,0,52.9,1
19226,22,0,0,4.73,41.6,1,7.9,2,0,1,2,57.7,1
19227,20,0,5,2.42,55.7,1,5.0,1,4,2,2,39.8,1
19228,18,0,3,0.27,79.3,1,5.2,2,1,0,0,52.5,1
19229,19,2,3,5.89,56.9,1,4.4,1,4,0,0,75.6,1
19230,17,1,5,7.65,62.8,1,8.6,2,1,0,1,84.1,1
19231,18,0,6,5.51,75.3,1,6.7,0,4,0,1,75.6,1
19232,20,1,4,0.29,78.1,1,8.4,0,0,2,0,51.6,1
19233,18,0,5,1.12,91.6,1,9.5,0,4,1,2,51.4,1
19234,17,2,1,3.14,61.6,0,4.3,1,1,0,2,46.9,-1
19235,22,1,6,7.91,83.7,1,6.8,2,3,0,2,94.0,1
19236,17,0,1,0.68,60.7,1,5.9,0,3,2,2,33.7,1
19237,18,1,1,2.54,82.6,1,5.8,0,2,0,2,65.1,1
19238,21,1,5,4.42,95.9,1,5.8,1,1,1,1,61.3,1
19239,24,2,3,0.9,60.2,1,7.5,1,0,0,1,44.5,1
19240,22,2,1,0.94,69.7,0,8.4,0,4,2,0,36.5,1
19241,17,2,2,0.55,54.9,1,9.3,1,0,0,2,55.4,1
19242,18,0,1,4.02,71.4,1,5.4,0,3,0,0,76.4,1
19243,22,0,5,2.29,71.1,0,9.2,2,3,2,2,19.599,-1
19244,22,2,2,0.32,88.7,1,7.4,2,3,2,0,59.6,1
19245,20,0,6,4.01,86.9,1,4.8,1,2,1,1,57.5,1
19246,24,2,5,5.84,64.9,1,5.2,2,2,2,2,71.8,1
19247,24,1,1,5.35,50.3,1,9.6,1,0,2,2,87.5,1
19248,22,1,5,5.47,55.2,0,7.4,2,0,1,0,58.6,1
19249,22,0,3,4.41,70.1,1,6.3,1,1,0,0,75.3,1
19250,23,1,0,6.25,98.2,0,6.2,0,4,0,2,79.7,1
19251,18,1,3,0.5,80.7,1,8.9,2,0,2,0,47.9,1
19252,22,1,2,1.53,56.1,1,8.7,1,2,2,1,38.9,1
19253,24,1,6,5.63,99.4,1,4.2,0,3,1,2,67.6,1
19254,18,2,5,2.69,90.1,0,8.6,0,1,2,1,74.7,1
19255,17,0,1,1.91,66.6,1,5.8,2,1,0,1,59.0,1
19256,19,2,2,0.22,81.0,1,4.5,2,0,2,2,36.2,1
19257,19,1,0,6.95,46.9,1,8.0,0,0,2,0,74.9,1
19258,24,1,3,6.7,99.0,1,8.7,2,1,2,1,73.7,1
19259,20,0,5,0.48,49.7,1,9.5,1,2,0,0,55.6,1
19260,22,2,5,2.44,91.2,1,9.0,0,3,1,0,58.5,1
19261,24,2,2,1.72,68.6,1,5.3,0,3,0,0,44.2,1
19262,23,2,1,1.65,84.9,1,6.0,0,2,0,1,51.7,1
19263,22,0,4,2.06,59.8,0,9.0,0,3,1,2,49.4,1
19264,24,2,0,2.38,70.5,1,7.1,1,0,2,2,62.9,1
19265,22,1,6,5.65,75.8,1,6.4,1,4,0,2,84.7,1
19266,18,0,4,7.76,64.8,1,5.0,1,2,0,1,89.8,1
19267,22,1,0,0.36,67.9,1,4.5,1,4,2,0,46.8,1
19268,19,1,4,2.58,98.5,1,8.7,0,1,0,2,75.3,1
19269,19,0,3,5.34,67.2,1,5.5,1,0,1,1,67.9,1
19270,22,2,3,2.45,49.6,1,8.2,1,2,0,0,55.9,1
19271,19,1,5,1.53,69.2,1,6.9,2,3,2,2,22.4,1
19272,17,2,3,1.34,94.3,1,5.1,0,1,2,0,54.2,1
19273,24,0,4,4.78,55.2,1,4.9,1,2,1,1,51.2,1
19274,21,2,0,1.21,58.3,1,5.7,0,1,2,2,42.3,1
19275,22,1,4,0.77,56.2,1,4.1,1,1,2,2,26.7,1
19276,23,2,3,6.0,62.3,0,9.0,1,0,1,2,76.5,1
19277,22,1,4,2.75,68.3,1,5.4,0,0,1,2,41.8,1
19278,21,0,0,7.16,60.1,1,9.4,2,3,2,0,86.9,1
19279,23,2,2,3.97,51.2,1,6.4,0,2,1,0,56.8,1
19280,19,2,1,1.05,60.4,1,7.3,2,0,2,0,48.1,1
19281,23,1,0,1.54,64.9,1,6.3,1,1,1,2,28.9,1
19282,22,1,0,7.05,69.4,1,5.1,0,1,2,2,73.6,1
19283,18,0,0,1.0,79.3,1,5.6,0,1,2,2,49.7,1
19284,18,0,3,2.52,84.3,1,8.0,2,0,2,2,70.4,1
19285,24,1,1,2.43,89.6,1,7.9,1,0,1,2,64.4,1
19286,24,1,0,7.9,55.1,0,7.3,1,0,2,1,86.5,1
19287,24,1,1,7.8,76.9,1,5.2,0,0,2,2,82.5,1
19288,17,1,4,5.54,51.0,1,5.3,1,0,0,1,87.4,1
19289,24,0,3,1.88,77.2,1,4.1,1,1,0,2,36.6,1
19290,23,1,4,1.43,95.1,1,9.7,2,2,0,0,61.9,1
19291,23,2,3,0.48,92.3,0,7.0,0,0,2,1,30.9,-1
19292,20,2,6,0.49,76.5,1,6.5,2,2,2,2,48.0,1
19293,21,1,3,7.53,56.6,1,5.2,1,3,1,0,66.7,1
19294,20,2,4,4.83,48.3,1,8.2,1,4,1,2,69.9,1
19295,17,0,3,1.59,66.8,1,4.5,2,2,1,1,24.7,1
19296,21,1,5,6.25,63.9,1,5.7,0,2,0,2,80.0,1
19297,18,1,3,0.61,80.5,1,5.6,2,4,0,0,44.1,1
19298,18,0,2,4.18,46.4,0,9.9,0,0,1,1,58.1,1
19299,17,2,5,1.57,42.8,1,7.5,2,2,2,2,19.599,1
19300,20,1,5,3.59,83.5,0,8.2,0,1,1,0,52.8,1
19301,17,1,0,1.83,76.1,1,8.7,2,4,0,1,41.5,1
19302,23,0,3,1.09,61.2,1,7.8,2,2,0,0,51.0,1
19303,24,2,2,7.41,84.7,1,5.7,0,3,2,2,81.3,1
19304,23,1,6,7.36,66.6,1,7.5,1,1,2,1,93.6,1
19305,19,2,5,3.95,87.5,1,4.1,2,3,0,2,76.4,1
19306,18,0,6,6.29,90.3,1,6.4,1,0,0,2,77.5,1
19307,21,1,4,1.61,84.8,1,4.7,1,3,2,2,54.4,1
19308,22,2,1,3.18,96.0,1,4.2,0,2,2,2,59.9,1
19309,17,1,0,1.8,44.3,1,7.7,2,1,1,2,37.0,1
19310,23,0,6,0.67,47.6,1,8.1,0,4,2,1,29.8,1
19311,20,0,2,3.39,87.5,1,8.3,1,1,1,0,67.1,1
19312,23,2,4,5.96,83.7,1,5.9,2,3,1,0,53.4,1
19313,17,2,2,5.96,65.6,1,5.3,2,3,0,2,57.6,1
19314,20,2,5,3.55,72.0,1,9.3,1,1,1,0,64.6,1
19315,20,0,4,3.57,52.2,0,9.9,2,4,1,1,30.5,-1
19316,17,1,3,4.82,60.4,1,9.0,1,1,1,1,55.0,1
19317,22,1,4,7.46,44.7,0,9.8,0,4,1,2,72.8,-1
19318,24,0,0,1.2,42.1,1,5.1,1,0,0,0,49.0,1
19319,21,0,4,3.24,79.5,1,8.8,2,2,0,1,59.2,1
19320,20,1,5,7.25,75.6,1,4.8,0,0,0,2,88.8,1
19321,22,1,3,4.39,82.0,1,5.4,1,3,1,1,60.2,1
19322,19,0,2,6.34,63.1,1,4.5,1,1,0,1,74.3,1
19323,19,2,6,3.7,88.3,1,9.2,2,4,2,2,54.3,1
19324,23,2,3,7.37,62.6,1,4.2,1,3,1,2,59.1,1
19325,21,2,3,7.12,58.5,0,4.6,0,0,0,1,92.9,1
19326,19,0,2,3.57,75.9,1,6.1,2,1,2,2,59.6,1
19327,20,2,2,0.08,72.7,0,9.7,1,4,0,0,33.0,-1
19328,23,0,1,4.53,83.3,1,8.3,1,1,0,0,67.6,1
19329,21,0,6,1.63,67.5,1,5.4,2,0,1,2,60.4,1
19330,17,1,5,1.92,96.9,1,5.9,0,0,2,2,69.4,1
19331,23,0,0,3.44,69.4,1,5.6,1,3,1,2,67.2,1
19332,22,1,5,3.6,41.0,1,8.1,1,1,1,1,41.5,1
19333,19,0,0,6.89,74.7,1,9.8,1,4,0,0,99.0,1
19334,24,2,6,0.25,85.7,1,5.9,2,1,2,2,30.5,1
19335,24,0,0,2.36,70.0,0,4.8,0,0,0,1,48.8,1
19336,24,1,5,5.06,58.4,1,8.2,0,0,0,2,79.0,1
19337,20,2,3,4.98,73.0,1,6.9,1,4,1,1,55.4,1
19338,24,2,4,2.54,80.5,1,8.2,0,2,2,2,56.5,1
19339,23,0,1,1.42,77.6,1,9.1,0,4,2,1,43.9,1
19340,23,1,6,2.22,64.4,1,8.5,2,3,2,0,21.2,1
19341,21,1,0,7.14,62.9,1,7.2,0,0,0,1,71.7,1
19342,19,1,3,2.1,88.6,1,9.5,1,4,2,0,64.5,1
19343,18,2,4,3.93,55.7,1,5.6,2,4,2,2,39.7,1
19344,24,1,4,7.54,63.1,1,8.1,2,0,2,0,91.9,1
19345,21,0,3,0.95,79.7,1,6.6,1,3,0,2,55.1,1
19346,24,2,6,6.97,64.9,1,6.5,2,3,2,0,68.8,1
19347,21,2,6,5.95,63.8,1,7.6,0,1,0,0,91.4,1
19348,21,1,5,3.88,47.5,1,4.9,1,0,0,2,71.1,1
19349,17,2,1,7.59,70.8,1,4.6,1,1,2,2,85.9,1
19350,20,2,5,0.6,99.3,1,6.1,1,0,1,1,64.3,1
19351,21,0,3,6.84,91.4,1,8.9,0,3,0,0,95.2,1
19352,17,1,3,1.58,87.0,0,7.4,2,2,2,2,50.0,1
19353,18,2,6,2.83,69.1,1,9.5,2,0,0,1,66.6,1
19354,21,0,3,0.98,89.4,1,6.3,0,2,1,0,41.5,1
19355,18,0,5,3.96,94.8,1,6.1,2,3,1,2,65.5,1
19356,22,0,4,1.35,53.1,1,8.0,0,1,0,2,41.5,1
19357,20,1,2,2.04,69.8,1,8.8,2,1,0,0,56.1,1
19358,20,0,4,0.48,91.4,1,5.2,0,0,1,2,44.1,1
19359,17,1,3,2.44,89.3,1,5.6,1,0,1,0,43.5,1
19360,20,1,3,1.31,93.0,1,5.2,0,0,2,0,61.3,1
19361,21,0,0,5.48,97.5,1,5.8,2,1,2,0,93.6,1
19362,21,1,1,5.11,57.2,0,4.8,0,0,2,1,58.9,1
19363,19,2,5,5.32,75.1,0,9.7,1,2,1,0,77.1,1
19364,17,2,1,5.41,49.6,1,9.8,1,4,0,0,76.0,1
19365,24,0,2,0.83,71.5,1,8.5,1,3,0,0,56.4,1
19366,24,0,3,1.71,44.4,1,8.1,1,4,1,2,47.2,1
19367,24,1,4,5.9,65.2,1,5.2,2,1,2,0,58.7,1
19368,19,1,1,3.86,71.2,0,4.9,2,0,0,1,58.5,1
19369,21,2,0,5.04,81.8,1,4.5,1,0,0,0,74.3,1
19370,18,0,0,0.45,52.9,1,4.6,2,3,0,1,32.5,1
19371,24,2,6,3.09,92.7,1,7.6,1,0,2,1,85.4,1
19372,17,1,1,3.5,41.7,1,4.8,0,4,2,0,46.0,1
19373,20,1,6,5.54,76.9,1,9.5,2,0,0,0,84.7,1
19374,23,0,1,7.3,94.8,1,6.3,0,0,2,2,94.7,1
19375,22,2,4,4.6,91.9,1,4.2,1,3,0,1,87.9,1
19376,23,0,5,6.09,71.5,0,9.4,0,3,1,0,88.8,1
19377,20,2,6,5.15,48.6,1,9.3,0,0,2,2,70.3,1
19378,17,1,3,7.28,45.9,1,4.9,1,0,1,0,69.5,1
19379,17,2,3,6.49,82.7,1,8.8,2,1,0,0,69.8,1
19380,18,0,5,1.98,47.5,1,5.2,1,2,1,2,50.3,1
19381,17,1,6,1.78,43.6,1,5.5,1,3,0,0,32.8,1
19382,20,0,2,7.3,66.9,1,5.8,0,2,1,2,72.1,1
19383,17,2,1,4.78,51.1,0,8.1,2,1,2,2,49.0,1
19384,18,2,1,3.6,88.4,1,5.8,1,2,2,0,87.0,1
19385,20,1,5,5.6,72.5,1,4.8,2,3,0,1,74.6,1
19386,22,2,2,2.25,91.3,1,5.4,0,1,1,2,65.5,1
19387,22,1,2,6.47,63.4,1,4.1,2,0,2,2,68.6,1
19388,17,0,2,4.22,95.3,1,4.3,1,2,2,2,85.4,1
19389,24,0,6,6.97,98.6,1,9.9,0,4,2,1,99.4,1
19390,21,2,2,5.15,73.1,1,6.1,0,1,0,2,75.6,1
19391,19,0,1,2.08,51.2,0,8.3,1,2,2,2,46.5,1
19392,20,1,3,7.72,43.2,1,8.5,2,4,1,0,65.3,1
19393,23,0,0,3.22,95.1,1,7.0,0,3,2,2,68.7,1
19394,20,2,2,6.13,70.5,1,9.2,1,3,0,2,83.5,1
19395,18,2,0,2.04,52.1,1,7.7,0,3,2,1,36.8,1
19396,20,1,5,3.34,62.5,1,9.4,2,3,2,0,69.6,1
19397,17,0,0,5.91,95.9,1,7.6,1,1,0,2,95.8,1
19398,18,1,3,5.57,97.7,1,4.4,1,4,2,2,78.5,1
19399,19,0,3,7.51,52.4,1,5.1,2,2,2,2,78.7,1
19400,18,0,1,6.38,70.3,1,6.3,1,2,2,0,93.5,1
19401,19,2,2,2.59,88.4,0,9.4,1,4,1,0,52.2,1
19402,17,1,5,6.91,83.3,1,9.4,1,0,2,2,80.4,1
19403,21,2,6,7.37,79.3,1,6.4,1,4,2,2,89.8,1
19404,17,2,3,7.63,89.7,1,5.3,0,0,2,0,100.0,1
19405,18,0,5,7.2,88.9,1,5.9,0,1,0,0,100.0,1
19406,24,0,0,5.56,76.3,1,7.1,0,4,1,1,72.2,1
19407,17,0,6,6.37,69.5,1,5.9,2,2,1,0,55.7,1
19408,19,1,3,5.18,89.1,1,4.4,1,4,0,2,81.4,1
19409,21,2,5,2.56,85.8,1,9.5,0,1,0,0,72.0,1
19410,19,0,4,6.53,51.8,1,8.0,2,2,1,0,62.3,1
19411,19,1,6,1.82,70.3,1,9.0,0,4,1,2,52.3,1
19412,18,0,3,3.45,75.5,1,4.8,2,4,2,0,36.2,1
19413,20,2,5,2.75,97.9,1,7.8,1,0,2,0,93.1,1
19414,23,2,6,1.38,68.7,1,6.8,1,0,1,1,47.5,1
19415,21,1,5,6.39,56.4,1,8.6,2,4,1,2,46.3,1
19416,24,2,0,3.78,51.5,1,9.2,1,2,1,2,52.9,1
19417,22,2,2,4.22,95.9,1,4.7,1,4,0,2,82.2,1
19418,23,1,0,4.02,73.0,1,7.8,2,2,1,0,65.0,1
19419,20,0,4,5.51,55.1,1,6.8,1,0,0,0,82.9,1
19420,21,2,6,1.41,65.3,1,6.8,0,3,2,0,22.2,1
19421,21,1,5,4.01,41.8,1,6.4,1,1,2,0,45.2,1
19422,23,0,4,2.08,40.6,1,4.2,2,3,1,0,21.1,1
19423,21,0,3,7.77,60.6,1,5.8,2,0,1,2,74.3,1
19424,20,1,6,0.48,82.5,1,9.2,1,1,2,2,40.8,1
19425,17,1,1,7.43,84.0,1,8.0,1,0,2,2,99.0,1
19426,23,0,5,0.48,40.6,1,8.9,1,2,0,2,54.0,1
19427,20,1,3,0.87,81.0,1,6.5,0,0,0,0,57.8,1
19428,23,1,3,7.25,85.5,1,9.3,0,0,1,0,100.0,1
19429,22,1,0,5.18,53.9,1,7.9,0,1,2,2,63.1,1
19430,17,1,4,2.6,49.2,1,9.3,0,4,1,1,57.2,1
19431,22,0,6,4.71,82.4,1,6.8,2,0,2,2,89.4,1
19432,20,1,0,1.33,74.1,0,8.1,0,4,2,1,49.8,1
19433,18,0,2,0.52,63.8,1,5.1,2,4,0,0,33.5,1
19434,19,2,2,0.39,74.7,1,6.2,1,3,0,0,60.3,1
19435,22,0,1,2.16,88.6,1,4.9,0,1,2,1,64.4,1
19436,17,2,0,1.44,45.6,1,5.2,2,0,2,1,34.5,1
19437,21,1,2,3.23,70.7,0,6.4,2,2,0,2,54.7,1
19438,23,2,1,7.01,56.6,0,6.4,0,2,1,2,76.9,1
19439,17,1,4,3.03,57.1,1,9.1,0,4,1,0,35.4,1
19440,17,1,4,3.19,86.4,1,6.9,0,2,0,1,73.4,1
19441,17,2,4,0.97,79.0,1,4.8,0,4,0,1,45.0,1
19442,22,0,4,7.91,93.3,0,9.7,1,0,2,0,98.9,-1
19443,23,2,2,1.16,62.0,1,5.8,1,1,0,2,44.4,1
19444,24,2,6,2.71,70.3,1,5.3,2,2,1,2,49.9,1
19445,17,0,0,7.57,48.7,1,9.9,1,1,1,2,78.5,1
19446,20,1,2,3.64,91.2,1,7.4,2,4,0,0,66.9,1
19447,17,0,5,2.7,77.1,1,5.2,2,2,1,0,54.1,1
19448,19,0,3,5.72,94.6,1,6.4,1,0,0,2,100.0,1
19449,19,0,0,0.26,77.9,1,5.6,2,1,2,2,30.6,1
19450,21,1,0,2.57,48.0,1,6.5,0,4,2,2,40.8,1
19451,24,2,4,4.64,73.8,1,7.1,0,3,2,0,67.0,1
19452,23,0,3,7.91,97.0,0,7.6,1,1,0,0,100.0,-1
19453,17,2,2,7.74,50.1,1,5.6,1,2,2,2,93.1,1
19454,18,0,2,5.01,59.7,0,4.9,1,0,2,0,64.6,1
19455,19,0,6,2.72,78.7,1,7.2,1,2,2,1,50.1,1
19456,19,1,3,4.4,74.2,1,7.7,2,2,0,0,80.8,1
19457,19,2,6,7.47,51.0,1,4.8,2,3,2,0,67.9,1
19458,21,1,4,5.34,49.7,1,7.1,1,0,1,2,85.5,1
19459,22,1,5,1.19,48.8,1,9.7,1,1,2,0,61.0,1
19460,24,2,0,7.77,72.1,1,5.9,1,1,2,0,83.3,1
19461,22,0,5,7.22,94.7,1,4.8,2,2,2,1,83.2,1
19462,19,0,4,1.73,70.1,1,6.8,2,2,2,2,52.8,1
19463,18,1,5,5.25,64.6,1,6.7,2,0,1,0,57.3,1
19464,20,1,1,7.03,52.6,1,7.0,0,0,1,1,78.4,1
19465,23,0,4,1.76,93.2,1,5.5,2,4,0,0,48.7,1
19466,24,1,0,7.39,99.2,1,8.1,0,1,2,2,88.8,1
19467,20,0,6,1.44,82.6,1,5.2,0,4,0,2,56.3,1
19468,18,2,6,2.86,70.9,1,8.9,2,3,2,1,50.7,1
19469,17,0,0,7.54,94.8,1,4.6,0,4,0,0,81.5,1
19470,17,0,2,7.57,71.5,1,9.9,0,4,1,2,91.0,1
19471,22,1,1,0.19,60.7,1,5.1,1,2,1,2,47.8,1
19472,21,0,1,6.93,51.2,1,9.6,2,0,0,0,92.8,1
19473,22,2,2,5.55,48.3,1,6.4,1,1,1,2,57.4,1
19474,17,0,6,6.97,66.9,1,6.4,1,1,2,1,86.2,1
19475,20,2,3,3.7,63.4,1,9.2,0,0,0,0,73.8,1
19476,18,2,1,7.85,52.4,1,4.1,2,3,1,2,64.8,1
19477,19,2,4,5.99,70.5,1,5.5,2,3,2,2,70.4,1
19478,21,0,0,6.07,83.7,1,4.5,1,3,1,0,81.0,1
19479,19,1,1,3.42,76.9,1,9.8,0,2,1,2,79.0,1
19480,22,1,3,3.14,86.4,1,7.7,2,2,1,2,61.9,1
19481,19,2,4,1.64,88.6,1,6.9,1,3,2,1,61.3,1
19482,21,0,4,0.47,48.2,0,6.3,1,4,1,2,34.6,1
19483,20,2,1,7.21,99.4,0,9.2,2,3,0,2,100.0,-1
19484,20,2,4,4.73,49.8,1,4.1,1,4,1,0,39.7,1
19485,18,0,5,4.46,84.3,1,6.5,1,0,2,2,92.1,1
19486,21,1,4,2.7,74.1,1,6.6,1,1,1,1,61.0,1
19487,24,2,6,5.92,71.1,1,4.5,2,3,0,1,68.0,1
19488,22,1,6,3.26,94.1,1,7.1,0,2,1,0,68.0,1
19489,22,0,3,6.47,87.4,1,8.2,0,2,2,2,100.0,1
19490,23,1,0,0.64,43.4,1,8.0,2,2,2,2,36.6,1
19491,17,1,3,1.98,77.6,1,8.8,2,0,1,2,59.3,1
19492,23,0,3,2.27,69.7,1,6.0,1,3,2,0,53.2,1
19493,18,0,1,0.19,64.8,0,9.6,1,3,2,2,53.4,-1
19494,22,0,6,5.31,42.0,1,9.9,2,0,0,2,79.9,1
19495,24,0,3,5.61,92.7,1,5.7,1,2,0,0,69.1,1
19496,24,0,2,3.31,59.6,1,9.4,1,0,1,2,69.6,1
19497,20,1,6,6.36,99.4,1,7.3,2,0,2,1,100.0,1
19498,23,1,6,7.63,88.9,1,7.9,2,1,0,2,100.0,1
19499,21,2,3,5.89,88.2,1,9.9,0,0,0,0,100.0,1
19500,18,2,6,5.39,75.5,1,5.3,2,3,2,0,63.8,1
19501,18,0,6,3.6,89.8,1,9.3,1,4,0,2,88.6,1
19502,24,1,6,4.43,55.1,1,7.5,0,2,2,0,65.8,1
19503,24,2,6,2.3,75.6,0,9.1,0,0,0,2,51.7,1
19504,24,2,2,1.95,75.0,1,9.1,0,4,0,2,55.2,1
19505,20,1,2,0.21,65.9,1,4.5,1,0,0,0,36.0,1
19506,19,1,4,3.85,74.0,1,6.5,0,1,0,1,65.0,1
19507,23,1,5,1.8,85.4,1,7.6,1,2,0,0,89.7,1
19508,17,2,5,3.74,51.2,0,4.2,1,0,0,0,59.7,-1
19509,24,2,4,6.5,98.6,1,4.9,0,1,1,0,88.4,1
19510,21,0,0,2.94,68.1,1,6.9,0,2,2,0,43.5,1
19511,22,1,6,2.58,81.6,1,6.8,2,1,0,0,58.0,1
19512,20,0,4,3.57,94.4,1,8.1,1,0,1,2,62.0,1
19513,24,1,4,3.96,98.1,1,8.0,2,4,2,2,52.1,1
19514,22,1,1,2.18,75.2,0,9.4,0,3,0,2,65.8,1
19515,17,1,5,4.8,97.6,1,8.5,2,4,0,1,73.4,1
19516,21,1,2,0.23,74.5,0,6.0,2,3,1,1,27.8,-1
19517,23,1,6,3.89,55.3,1,4.6,2,1,1,2,42.8,1
19518,17,2,5,5.19,73.1,1,6.5,1,4,2,0,50.3,1
19519,22,0,4,3.73,47.1,1,4.4,2,2,1,2,37.2,1
19520,18,0,6,7.83,83.6,1,9.2,2,3,0,2,90.0,1
19521,21,0,6,1.24,54.1,1,8.2,1,4,2,0,47.6,1
19522,24,2,2,3.62,64.9,1,9.2,1,2,1,2,37.9,1
19523,20,2,1,2.33,62.6,1,4.3,2,3,2,2,48.8,1
19524,17,0,2,7.23,54.2,1,4.3,2,4,1,2,49.3,1
19525,17,2,0,1.44,83.2,1,6.5,0,0,2,2,63.1,1
19526,22,0,4,4.17,59.1,1,8.2,0,0,1,1,64.8,1
19527,24,1,1,3.39,96.5,1,7.3,0,4,0,2,78.7,1
19528,19,2,2,7.34,40.6,1,4.3,0,2,0,2,89.3,1
19529,24,2,4,4.46,67.2,1,6.6,1,1,2,2,68.1,1
19530,20,0,4,3.73,67.9,1,6.9,0,1,2,2,61.3,1
19531,17,0,0,4.69,75.1,0,8.9,1,0,2,0,59.5,1
19532,21,2,5,5.69,47.2,1,7.8,2,4,2,0,49.7,1
19533,24,0,4,0.26,91.6,0,7.2,0,0,2,1,44.8,-1
19534,19,0,0,1.97,53.3,1,8.1,0,0,0,2,56.0,1
19535,24,2,2,1.89,63.0,1,7.5,2,0,0,1,53.1,1
19536,22,1,5,3.32,73.9,1,7.1,0,4,0,1,59.4,1
19537,20,0,4,4.61,40.6,0,9.9,2,4,0,2,59.0,-1
19538,22,2,2,7.33,77.4,1,4.5,2,3,2,1,95.5,1
19539,20,1,1,4.53,52.2,1,9.2,2,4,1,1,58.3,1
19540,17,1,0,1.45,85.6,1,6.8,0,3,1,2,52.3,1
19541,23,0,1,4.21,57.3,0,7.2,1,1,2,2,63.6,1
19542,19,1,5,3.43,76.1,1,8.2,0,0,1,0,66.1,1
19543,21,0,6,5.17,70.0,1,6.8,0,2,1,0,71.3,1
19544,22,1,2,5.09,92.9,1,6.6,2,0,1,0,74.3,1
19545,17,0,1,5.28,61.4,1,8.8,2,0,2,0,89.1,1
19546,22,0,1,7.91,70.1,1,7.3,1,0,1,1,86.3,1
19547,19,1,6,0.22,72.1,0,9.9,1,3,1,2,50.6,-1
19548,21,0,4,6.1,46.6,1,9.4,1,0,0,2,79.1,1
19549,20,1,6,6.84,72.6,1,7.3,2,3,2,2,77.7,1
19550,23,1,1,1.96,69.3,1,9.0,1,3,1,2,56.9,1
19551,18,0,2,6.06,50.3,1,7.8,1,4,2,1,75.0,1
19552,17,1,3,0.84,77.3,0,6.6,2,3,0,2,40.2,1
19553,20,2,5,4.34,70.7,1,5.5,1,0,0,2,66.0,1
19554,17,1,5,2.58,48.5,1,9.4,1,3,2,0,49.1,1
19555,18,0,3,1.82,77.7,0,6.7,1,1,0,2,64.0,1
19556,22,1,1,5.18,68.2,1,7.0,0,0,1,0,49.7,1
19557,23,0,2,3.22,94.3,1,4.9,0,4,1,0,59.5,1
19558,22,1,3,1.33,72.3,0,4.1,0,1,1,2,34.9,-1
19559,19,2,3,4.85,54.6,1,6.0,2,3,1,2,36.7,1
19560,23,1,2,4.05,84.5,1,5.9,0,1,0,0,70.4,1
19561,20,0,6,0.34,65.4,1,7.4,0,3,0,0,56.8,1
19562,18,2,4,6.57,90.1,0,7.9,0,3,1,2,91.3,1
19563,23,0,0,7.89,67.0,1,4.6,1,3,2,2,75.3,1
19564,21,2,0,2.74,52.6,1,7.9,2,2,1,2,64.3,1
19565,19,1,0,7.9,69.9,1,6.9,1,1,0,0,99.1,1
19566,22,1,6,7.91,46.2,1,5.3,1,1,1,2,83.3,1
19567,22,2,5,3.71,63.7,1,8.3,0,0,0,2,71.9,1
19568,18,1,2,7.37,73.9,1,9.6,2,4,2,0,76.5,1
19569,17,0,0,6.26,77.0,1,6.8,2,2,2,0,58.6,1
19570,21,1,5,6.68,62.6,1,8.6,2,0,0,0,99.8,1
19571,17,0,0,0.98,49.4,0,9.9,1,1,0,2,53.2,-1
19572,22,0,5,6.24,59.2,1,9.8,0,2,1,2,71.9,1
19573,20,2,3,1.89,70.5,1,6.6,1,4,1,1,58.5,1
19574,18,0,5,5.98,72.8,1,4.1,2,3,0,0,69.9,1
19575,21,2,3,1.89,90.5,1,6.4,1,3,1,2,42.2,1
19576,20,2,5,6.27,43.2,1,7.4,0,4,2,2,64.0,1
19577,20,2,3,7.15,72.2,1,9.4,2,4,1,2,68.5,1
19578,18,2,1,4.01,51.1,1,9.1,0,4,2,2,51.4,1
19579,22,0,6,3.47,93.0,1,9.1,0,1,2,1,84.5,1
19580,24,0,0,1.17,81.1,0,4.6,0,4,1,2,43.7,-1
19581,21,1,2,1.89,56.2,1,8.3,1,4,2,2,56.4,1
19582,18,1,0,7.91,74.9,1,8.1,2,3,2,0,94.4,1
19583,23,0,0,5.85,91.9,1,8.3,0,1,1,2,85.0,1
19584,17,0,1,6.15,48.7,1,5.5,2,0,1,2,70.4,1
19585,19,1,6,6.51,59.0,0,9.0,1,4,1,2,80.6,1
19586,17,2,3,4.67,68.7,1,5.7,0,2,1,2,63.4,1
19587,23,2,0,3.53,54.9,1,5.1,1,4,2,2,55.0,1
19588,17,1,4,2.78,48.0,1,9.9,0,1,2,1,43.4,1
19589,21,1,4,0.22,51.5,0,9.1,1,2,1,0,36.0,1
19590,18,2,3,6.48,59.9,1,6.7,1,2,0,2,87.6,1
19591,18,1,6,6.92,85.6,1,6.8,0,3,0,2,89.3,1
19592,21,1,6,2.74,99.0,1,4.8,0,2,1,2,52.9,1
19593,23,1,3,4.12,52.9,1,9.1,1,3,0,1,65.5,1
19594,17,2,4,4.62,88.8,1,7.4,0,2,0,0,75.7,1
19595,18,1,2,5.26,66.7,0,6.7,1,0,1,2,88.2,1
19596,19,1,3,5.2,47.0,1,7.3,0,0,2,0,68.3,1
19597,24,0,3,1.57,75.9,0,5.8,1,4,0,2,49.5,1
19598,17,0,0,5.49,63.5,0,7.0,1,4,1,0,56.2,1
19599,18,2,5,6.02,58.4,1,5.3,0,4,1,2,49.4,1
19600,20,1,4,0.14,62.3,0,9.1,0,2,0,0,30.8,-1
19601,19,1,3,4.94,70.7,1,5.0,1,0,1,2,78.6,1
19602,17,0,3,3.33,69.9,1,7.8,1,1,1,0,47.8,1
19603,21,0,4,7.08,63.8,1,7.7,2,2,1,1,62.1,1
19604,21,0,1,7.55,46.5,1,5.7,1,2,2,2,58.2,1
19605,18,1,1,4.67,71.0,0,9.8,1,3,2,1,67.2,1
19606,22,0,3,3.2,93.9,1,8.0,2,0,2,1,52.0,1
19607,17,2,0,7.5,63.7,0,7.6,2,1,1,2,55.7,-1
19608,22,2,4,2.16,72.5,1,8.5,0,1,1,1,56.4,1
19609,19,2,6,3.94,78.1,1,8.6,1,2,1,0,69.8,1
19610,18,1,0,2.82,65.7,1,4.1,1,4,0,2,49.3,1
19611,18,2,4,1.23,87.7,1,7.1,2,1,2,2,54.9,1
19612,23,2,1,7.15,42.0,0,8.9,1,3,1,0,69.9,1
19613,21,0,5,2.0,47.1,1,4.5,2,2,2,2,22.5,1
19614,22,1,1,6.36,41.6,1,7.2,2,3,1,2,63.1,1
19615,18,0,3,6.03,96.3,1,9.1,2,3,1,2,82.4,1
19616,17,2,0,5.33,45.8,1,8.4,0,2,0,0,61.0,1
19617,17,0,5,0.87,88.6,0,6.7,1,4,1,0,41.4,-1
19618,20,1,1,3.21,45.7,1,5.4,0,0,0,2,52.2,1
19619,19,1,1,7.41,66.3,1,4.4,2,2,1,2,86.4,1
19620,23,0,5,2.93,72.6,1,8.9,1,2,2,2,61.0,1
19621,23,2,3,0.16,87.3,1,9.8,1,2,1,2,48.2,1
19622,19,0,4,5.8,49.4,1,7.5,1,3,0,2,65.6,1
19623,20,2,5,5.5,79.0,1,9.5,0,2,1,0,67.7,1
19624,20,2,0,4.64,92.1,1,7.0,2,0,2,1,80.2,1
19625,22,2,1,2.9,96.9,1,5.3,1,0,2,2,87.7,1
19626,22,0,6,2.58,99.0,1,4.2,2,3,1,2,39.9,1
19627,22,2,2,1.84,95.6,0,8.3,2,0,2,1,37.2,1
19628,17,1,4,4.73,60.9,1,7.0,0,0,2,2,71.0,1
19629,19,1,0,7.91,51.8,1,9.3,1,3,1,0,55.1,1
19630,24,2,2,6.27,65.3,1,5.2,1,2,2,2,75.3,1
19631,19,2,6,5.24,52.8,1,9.3,0,4,2,1,63.5,1
19632,18,1,5,4.56,95.7,1,8.7,1,2,2,2,69.1,1
19633,18,0,1,5.64,67.6,1,9.7,1,4,1,0,74.7,1
19634,17,1,5,4.02,58.6,0,9.0,0,4,2,2,56.3,1
19635,23,1,5,6.78,95.2,1,6.4,1,2,0,1,79.2,1
19636,17,0,3,4.65,57.9,0,8.7,1,0,1,1,62.9,1
19637,21,0,6,1.98,69.8,1,7.9,1,4,2,1,52.4,1
19638,20,2,1,4.51,67.5,0,9.5,0,4,1,2,69.8,1
19639,17,2,2,1.96,90.3,1,8.6,1,4,2,2,54.9,1
19640,24,2,5,4.29,69.1,1,6.8,2,1,1,0,49.1,1
19641,22,1,0,6.44,61.1,0,9.6,2,2,0,1,67.7,1
19642,23,2,2,5.82,47.5,1,7.2,2,3,1,0,56.0,1
19643,24,0,6,2.16,72.4,1,5.6,2,2,2,2,45.0,1
19644,24,1,0,5.83,79.9,1,4.2,2,0,0,0,82.9,1
19645,22,0,6,0.99,55.5,1,6.2,2,2,2,2,27.7,1
19646,21,1,5,5.16,79.9,1,9.6,0,4,2,2,64.0,1
19647,22,0,0,2.52,67.7,0,9.0,1,1,1,2,51.2,1
19648,20,2,5,4.94,42.6,1,7.1,2,3,1,2,45.0,1
19649,18,2,3,6.9,42.6,1,4.3,0,1,1,2,63.3,1
19650,20,1,4,1.07,43.6,1,7.8,2,2,2,2,38.5,1
19651,20,1,0,5.57,64.9,0,9.2,1,3,1,0,75.5,1
19652,17,0,2,5.47,89.2,0,5.1,1,4,2,2,72.2,1
19653,23,1,1,6.06,59.3,1,6.5,0,0,1,1,82.7,1
19654,24,2,0,7.75,77.7,1,9.7,1,1,1,2,93.2,1
19655,20,1,3,3.86,90.7,0,6.6,0,0,2,2,89.9,1
19656,20,1,5,1.09,73.6,0,8.7,2,4,2,0,46.1,1
19657,23,1,1,5.57,95.4,1,5.1,0,0,1,0,60.7,1
19658,20,0,5,4.36,58.4,1,7.1,2,1,0,2,43.1,1
19659,22,2,5,6.5,70.5,1,5.7,0,2,1,2,88.3,1
19660,21,2,5,6.34,72.7,1,5.3,0,3,0,2,82.2,1
19661,19,2,5,5.86,50.5,0,8.9,2,2,2,0,66.6,1
19662,23,0,2,3.18,70.0,1,9.9,2,4,0,1,78.2,1
19663,18,1,1,3.81,79.2,1,7.1,0,4,1,1,35.2,1
19664,18,2,6,7.33,46.0,1,6.3,2,4,2,2,55.2,1
19665,22,2,4,3.49,78.5,0,9.0,1,4,1,2,65.2,1
19666,22,0,1,4.69,71.5,1,7.3,1,2,2,0,71.2,1
19667,24,2,6,5.47,62.3,1,7.0,1,0,0,1,93.5,1
19668,22,1,0,0.93,62.9,1,5.0,1,2,0,0,69.2,1
19669,17,0,0,6.16,91.3,0,6.7,1,4,0,0,96.1,-1
19670,23,2,5,0.12,97.8,1,8.9,0,1,0,0,34.4,1
19671,20,0,6,7.86,61.2,1,6.5,0,3,2,2,96.0,1
19672,17,2,0,4.55,67.5,0,5.1,1,2,0,1,72.1,1
19673,21,2,4,1.34,68.9,1,4.4,2,4,0,2,31.1,1
19674,18,2,4,6.27,79.2,1,8.5,0,4,2,1,59.9,1
19675,20,1,1,6.76,54.4,1,7.6,2,4,2,1,66.3,1
19676,20,0,3,1.64,61.4,1,5.8,1,0,1,1,34.7,1
19677,17,0,2,0.33,48.4,1,6.3,0,0,0,2,34.5,1
19678,23,0,6,4.2,40.6,1,6.0,1,0,1,0,44.9,1
19679,21,2,5,5.12,51.2,1,5.8,2,1,2,2,50.6,1
19680,24,1,1,1.35,42.7,1,4.2,1,1,1,2,28.5,1
19681,20,1,4,4.49,54.5,1,6.7,2,4,2,1,39.1,1
19682,21,1,2,4.21,61.6,1,9.2,2,1,1,1,50.9,1
19683,23,2,2,6.91,43.8,0,9.9,2,4,1,2,67.7,-1
19684,18,2,4,6.53,97.6,1,4.6,1,1,1,2,81.7,1
19685,24,1,5,1.06,48.1,0,5.0,2,4,1,0,45.9,-1
19686,18,2,5,5.66,91.4,0,6.5,1,1,1,2,73.6,1
19687,24,1,0,4.02,82.9,1,4.8,0,3,0,2,63.7,1
19688,22,0,6,3.73,86.1,1,7.7,1,3,1,1,77.3,1
19689,21,1,3,1.3,53.3,0,8.2,1,3,1,1,31.4,1
19690,18,2,0,5.98,96.3,1,8.2,1,2,1,1,94.2,1
19691,21,2,0,6.95,53.8,1,9.6,1,2,2,2,74.2,1
19692,21,0,5,1.64,41.3,1,4.9,1,2,0,1,38.6,1
19693,24,2,0,0.24,49.3,0,8.7,2,3,1,2,26.4,-1
19694,23,2,0,4.87,61.0,1,7.7,0,0,2,0,64.1,1
19695,20,1,0,7.85,44.8,1,8.5,2,0,1,1,71.5,1
19696,20,0,0,5.43,88.7,1,5.6,2,0,2,0,56.8,1
19697,20,1,0,2.02,73.6,1,5.1,1,0,0,2,80.8,1
19698,20,2,2,6.98,95.6,0,7.8,2,2,2,0,93.8,-1
19699,17,0,6,4.3,75.2,1,5.7,0,1,1,0,62.1,1
19700,17,2,1,4.08,43.8,1,9.2,0,3,1,0,44.3,1
19701,23,0,3,0.46,72.2,1,9.9,0,3,2,0,25.1,1
19702,19,0,1,0.49,44.7,1,9.1,1,0,1,2,46.9,1
19703,20,1,3,4.63,96.3,1,8.4,1,4,1,1,78.5,1
19704,22,2,1,6.45,79.4,1,9.4,0,1,1,0,59.2,1
19705,21,1,1,6.03,60.9,1,9.3,0,2,2,2,61.5,1
19706,19,0,0,7.53,76.6,1,8.5,2,4,2,0,78.9,1
19707,23,0,6,4.02,85.1,1,7.3,1,3,0,2,77.7,1
19708,18,2,6,4.97,96.4,0,9.5,2,1,1,0,69.1,-1
19709,20,0,5,5.02,77.6,1,5.6,2,0,0,2,47.0,1
19710,17,1,1,3.04,80.5,0,7.0,2,2,2,2,58.2,1
19711,21,1,4,0.08,64.1,1,5.5,2,1,1,2,22.1,1
19712,17,1,5,6.71,53.5,0,6.4,2,3,2,0,49.9,-1
19713,24,0,4,0.54,61.1,1,8.6,0,2,2,0,42.4,1
19714,22,2,6,7.67,79.7,1,6.6,1,0,2,0,92.0,1
19715,18,2,1,6.75,92.3,1,4.5,0,0,2,2,68.0,1
19716,21,2,3,0.83,79.9,1,4.8,1,3,1,2,42.2,1
19717,19,2,0,0.98,97.4,1,5.1,1,1,2,2,63.7,1
19718,21,2,5,5.9,80.3,1,6.0,2,4,1,1,75.0,1
19719,18,2,2,4.35,77.7,1,5.3,0,0,0,2,83.1,1
19720,21,1,0,5.19,40.8,1,7.1,0,2,0,0,61.8,1
19721,17,1,4,2.32,76.6,1,5.6,0,1,1,1,40.0,1
19722,18,1,2,7.07,44.4,1,6.5,2,0,0,1,64.3,1
19723,21,1,1,4.34,71.3,1,7.3,1,2,2,1,49.3,1
19724,21,0,4,4.52,75.2,1,9.6,0,3,0,1,73.6,1
19725,19,0,1,7.91,78.8,1,7.2,1,4,1,1,88.0,1
19726,17,2,4,6.17,92.3,1,7.5,0,3,1,2,72.9,1
19727,20,0,0,5.51,68.4,1,7.2,2,3,2,0,75.6,1
19728,24,2,3,6.93,68.8,1,8.6,2,3,2,2,84.7,1
19729,22,0,0,7.91,72.9,1,4.8,2,3,1,0,77.6,1
19730,17,2,6,6.5,60.1,0,9.5,2,0,2,0,71.7,1
19731,24,2,5,6.45,56.3,1,4.6,2,0,1,0,84.0,1
19732,20,0,5,1.53,46.4,1,6.7,1,4,2,0,53.9,1
19733,21,2,5,6.99,90.4,1,8.2,1,1,1,1,74.8,1
19734,17,2,0,7.05,42.5,1,6.9,2,0,2,2,74.8,1
19735,19,1,2,4.78,98.9,1,4.2,1,0,0,1,94.2,1
19736,23,1,2,5.21,57.3,1,7.2,1,2,2,2,61.2,1
19737,19,1,3,4.99,82.1,1,7.1,1,0,0,0,95.9,1
19738,18,2,6,4.36,83.9,0,7.0,1,4,1,0,78.7,1
19739,17,0,3,1.47,63.8,1,4.4,2,4,2,0,25.3,1
19740,24,0,6,5.26,64.6,1,6.5,0,1,1,2,58.6,1
19741,23,1,3,3.04,75.9,1,4.1,1,0,1,0,67.4,1
19742,17,0,4,4.29,44.2,1,5.1,0,2,1,0,66.4,1
19743,24,0,2,7.21,41.3,1,7.6,2,1,1,2,67.6,1
19744,23,0,5,0.87,83.3,0,5.5,2,3,2,2,33.0,-1
19745,19,1,6,7.64,71.2,1,4.6,2,2,0,0,77.2,1
19746,22,2,3,4.55,99.4,1,7.1,0,4,0,1,80.2,1
19747,19,0,6,7.6,57.9,0,5.6,1,3,1,2,77.0,1
19748,18,1,1,1.61,62.4,1,6.0,0,4,2,0,40.4,1
19749,22,1,3,0.43,78.1,1,4.4,2,2,2,2,23.6,1
19750,18,1,6,4.97,81.2,1,6.9,1,0,0,2,89.7,1
19751,19,1,4,4.21,63.2,1,8.0,1,1,1,0,67.4,1
19752,19,2,4,5.88,47.3,1,5.9,0,1,1,0,52.7,1
19753,18,2,0,4.81,44.1,1,6.7,0,4,2,2,59.6,1
19754,23,2,3,4.11,40.6,0,5.5,2,4,0,2,55.8,1
19755,22,1,0,7.22,62.2,1,7.2,0,3,1,1,80.5,1
19756,23,0,4,2.59,56.7,1,5.8,1,2,2,1,67.7,1
19757,21,1,2,2.17,41.3,1,8.9,1,1,1,0,32.4,1
19758,18,1,3,6.43,79.6,1,5.3,0,3,2,1,80.8,1
19759,19,0,6,2.81,61.3,1,7.4,1,1,2,2,72.8,1
19760,19,0,2,4.5,72.7,1,5.3,1,0,1,2,85.2,1
19761,24,2,3,4.91,91.8,1,4.2,1,3,1,0,48.0,1
19762,18,1,4,2.36,61.8,1,9.2,0,4,1,0,40.6,1
19763,22,2,2,2.85,53.0,1,8.3,2,1,1,2,43.3,1
19764,17,1,2,0.33,56.7,1,4.3,0,4,1,2,19.599,-1
19765,24,1,1,2.24,42.4,1,4.4,0,2,2,1,43.3,1
19766,22,1,1,2.61,53.5,1,9.9,0,4,0,2,36.2,1
19767,20,1,6,0.13,94.1,1,8.3,1,3,2,0,47.9,1
19768,19,0,1,6.59,47.5,1,4.5,2,1,2,1,53.4,1
19769,19,1,4,7.08,59.8,1,5.0,1,1,0,0,75.8,1
19770,18,1,0,1.42,47.7,1,6.9,2,1,0,1,33.2,1
19771,21,0,3,4.84,43.5,1,6.4,0,1,0,2,39.0,1
19772,23,1,6,3.54,62.7,1,9.2,1,1,0,2,72.6,1
19773,18,2,6,1.02,89.4,1,7.9,1,4,1,2,52.4,1
19774,22,1,2,0.2,42.3,1,9.9,0,1,1,2,32.9,1
19775,21,2,2,5.31,81.1,1,5.7,1,4,2,2,84.9,1
19776,23,0,0,0.64,43.0,1,5.7,1,4,1,1,38.3,1
19777,23,2,5,7.13,83.6,1,8.0,0,1,0,1,89.9,1
19778,17,1,5,6.32,97.9,1,9.4,1,4,1,2,90.9,1
19779,17,1,4,5.79,56.6,1,9.2,2,2,1,1,74.8,1
19780,24,1,6,6.74,67.5,1,7.1,2,2,0,2,68.0,1
19781,18,1,1,0.85,72.9,1,6.2,0,1,0,2,49.7,1
19782,21,0,5,5.02,53.7,1,4.8,1,4,2,2,50.2,1
19783,23,0,6,1.65,42.8,1,8.3,2,4,0,2,23.9,1
19784,21,2,6,4.16,44.1,1,7.9,2,4,2,0,40.4,1
19785,17,2,4,2.87,62.2,1,8.0,0,3,2,1,51.2,1
19786,17,2,4,0.98,52.4,1,4.9,2,4,1,2,26.7,1
19787,22,0,1,5.88,70.8,1,7.2,0,0,0,1,75.6,1
19788,24,0,5,2.41,43.9,1,9.1,2,1,1,2,49.5,1
19789,19,2,1,0.98,81.2,1,8.3,1,0,2,2,63.5,1
19790,21,2,0,7.04,49.2,1,6.9,1,2,0,1,80.7,1
19791,24,0,2,1.08,42.0,0,8.8,2,2,1,1,25.9,-1
19792,23,2,0,1.64,55.1,0,6.5,0,3,2,2,35.2,1
19793,21,1,2,0.19,81.1,1,7.8,2,2,2,2,30.1,1
19794,22,2,3,4.15,46.9,1,8.3,1,2,2,0,52.2,1
19795,24,2,2,6.6,86.5,0,9.3,1,2,0,0,94.6,-1
19796,23,0,5,6.81,77.6,1,5.7,2,4,2,0,68.8,1
19797,20,0,4,5.95,58.5,1,8.2,1,2,1,0,81.0,1
19798,22,1,4,3.77,45.4,1,5.3,0,3,0,2,72.5,1
19799,19,0,4,7.12,94.6,1,7.0,0,3,2,0,90.8,1
19800,24,1,5,6.14,54.0,1,7.0,2,4,2,1,50.6,1
19801,17,2,4,7.11,78.0,1,9.9,1,4,1,0,81.5,1
19802,18,1,4,1.92,81.5,1,5.6,0,0,0,2,81.5,1
19803,19,1,1,4.81,71.9,1,5.9,1,3,1,0,85.8,1
19804,18,0,5,0.17,75.1,1,7.6,0,3,0,2,44.7,1
19805,21,2,3,4.17,57.8,1,4.3,1,2,1,0,74.2,1
19806,22,2,1,7.02,75.2,1,4.5,2,4,0,2,85.0,1
19807,24,0,3,5.91,89.4,1,9.8,2,1,1,1,78.7,1
19808,21,1,0,6.21,86.6,1,5.2,2,0,1,0,79.1,1
19809,21,2,1,2.54,53.4,1,7.6,1,1,2,2,63.6,1
19810,21,0,3,3.19,87.0,1,7.4,1,4,0,0,80.0,1
19811,17,0,6,7.89,80.8,1,7.8,2,0,0,2,84.2,1
19812,22,2,2,2.14,66.2,1,6.7,2,0,1,2,39.2,1
19813,17,0,2,0.69,69.2,1,8.9,2,4,0,0,42.1,1
19814,21,0,6,3.11,71.0,1,4.5,1,4,0,0,55.7,1
19815,24,2,4,6.14,86.7,0,8.7,1,1,0,1,79.1,1
19816,23,1,1,4.19,76.7,1,5.5,2,3,2,2,39.0,1
19817,21,2,0,0.35,90.9,1,7.4,1,2,1,0,45.8,1
19818,19,2,2,5.32,89.2,1,4.8,1,4,2,2,67.5,1
19819,23,0,5,5.88,94.8,1,4.6,2,1,0,2,85.3,1
19820,23,0,4,4.82,92.5,1,7.6,2,4,2,2,77.9,1
19821,19,1,1,1.37,41.3,0,4.7,0,2,1,0,29.0,-1
19822,17,1,1,1.53,61.8,1,5.3,1,4,1,2,46.2,1
19823,21,2,4,3.26,62.4,0,5.1,0,0,0,0,58.5,1
19824,22,0,3,2.87,81.2,1,8.2,2,2,0,1,81.3,1
19825,24,2,5,0.82,74.0,1,8.8,0,3,1,2,45.8,1
19826,24,1,1,6.87,99.4,1,5.3,2,4,0,2,92.2,1
19827,18,1,6,7.4,77.1,1,8.3,0,1,0,2,91.5,1
19828,19,2,1,1.15,74.0,1,7.6,0,3,0,2,58.7,1
19829,24,0,1,4.5,91.0,1,5.3,0,2,1,2,80.5,1
19830,19,1,5,3.44,87.4,1,9.1,2,0,2,2,56.5,1
19831,20,1,3,3.27,49.6,1,7.0,2,0,2,2,58.4,1
19832,19,2,0,4.64,69.0,0,6.1,2,4,0,2,61.9,1
19833,20,1,5,3.64,99.4,1,7.4,2,3,1,2,47.1,1
19834,21,1,4,3.61,82.5,1,8.7,0,3,2,0,63.4,1
19835,19,1,0,1.15,41.4,1,5.0,0,4,1,0,19.599,1
19836,20,2,1,5.69,43.7,1,4.6,0,2,1,0,66.3,1
19837,19,0,5,4.64,83.9,1,4.3,1,1,1,0,59.5,1
19838,17,1,3,0.45,86.4,1,4.6,1,2,0,2,63.5,1
19839,23,2,6,3.0,89.2,1,9.9,1,2,1,0,65.0,1
19840,24,2,0,1.74,57.6,0,8.2,2,4,0,2,32.2,-1
19841,20,2,1,3.12,88.4,1,8.0,2,2,0,0,55.4,1
19842,18,1,2,0.95,99.4,1,7.4,2,1,2,2,63.4,1
19843,22,1,1,4.88,74.6,1,6.2,1,2,1,2,73.7,1
19844,21,2,5,4.65,75.9,1,5.1,0,2,1,2,60.3,1
19845,21,2,0,4.74,54.7,1,4.3,1,2,2,0,76.9,1
19846,21,2,3,2.93,52.9,0,7.7,1,1,0,1,78.9,1
19847,22,0,1,5.78,40.6,1,6.0,1,4,0,2,60.5,1
19848,17,0,6,6.74,52.9,1,8.3,0,0,0,2,99.0,1
19849,17,1,6,3.33,49.1,0,8.2,1,3,1,1,49.4,-1
19850,17,1,5,3.46,79.8,1,9.7,0,2,1,2,66.3,1
19851,18,1,5,7.19,42.5,1,5.2,0,2,2,1,65.0,1
19852,24,0,3,4.84,98.1,1,9.7,0,1,0,1,87.8,1
19853,22,0,2,4.08,95.2,1,7.0,0,2,1,0,76.7,1
19854,22,0,2,5.9,58.9,1,8.6,1,2,2,2,86.6,1
19855,22,0,3,2.48,94.7,0,4.1,2,4,0,2,44.9,-1
19856,17,0,5,0.26,68.7,1,8.3,2,1,2,2,50.1,1
19857,18,2,2,5.62,91.6,1,6.0,1,1,0,2,100.0,1
19858,23,0,3,5.17,81.3,1,5.0,1,4,1,0,75.4,1
19859,20,2,6,3.43,45.6,1,7.0,0,2,0,2,67.5,1
19860,21,2,5,0.37,82.8,1,6.2,1,4,2,0,30.3,1
19861,23,0,3,7.52,78.4,1,8.2,1,2,1,0,83.1,1
19862,17,2,4,5.85,88.4,1,5.3,2,0,0,2,98.7,1
19863,23,1,2,3.08,85.9,0,7.7,0,0,1,2,78.8,1
19864,22,0,2,1.61,83.9,1,7.2,1,4,1,1,53.6,1
19865,20,1,0,4.44,78.7,1,7.1,2,0,0,2,70.3,1
19866,20,1,5,0.17,91.5,0,7.8,0,3,1,2,43.1,-1
19867,17,1,2,3.66,86.7,1,9.0,0,0,0,0,85.4,1
19868,18,1,5,7.91,84.1,1,8.1,0,2,2,0,100.0,1
19869,18,0,1,5.91,47.4,1,5.8,2,3,0,2,59.2,1
19870,24,2,2,7.88,98.3,1,4.6,2,3,0,0,73.5,1
19871,17,2,2,3.17,92.6,1,7.9,1,4,2,1,71.6,1
19872,19,2,4,0.7,72.1,1,6.2,1,1,0,2,36.1,1
19873,18,1,2,7.72,94.0,0,7.6,0,1,0,0,100.0,-1
19874,19,0,3,6.92,72.3,1,4.4,1,1,2,0,87.9,1
19875,17,0,6,4.5,73.0,1,5.0,1,4,2,2,79.3,1
19876,19,1,4,1.84,90.5,1,4.7,1,2,2,2,69.1,1
19877,22,1,0,5.91,63.2,1,7.4,1,3,1,2,77.5,1
19878,23,0,6,0.15,83.2,1,9.7,0,0,1,2,40.7,1
19879,20,2,2,7.32,88.2,1,5.9,1,3,0,1,89.1,1
19880,22,0,1,5.58,94.0,1,6.3,0,4,0,0,72.5,1
19881,21,0,1,1.41,77.6,1,8.0,2,3,0,0,43.6,1
19882,24,2,2,1.32,57.3,1,9.6,1,4,0,1,51.6,1
19883,23,0,6,0.46,86.9,0,4.7,1,0,1,2,44.1,-1
19884,18,2,1,6.16,45.5,0,5.3,0,1,0,0,55.0,-1
19885,21,2,2,1.02,79.0,1,5.1,2,3,1,0,19.599,1
19886,23,1,6,4.16,82.5,0,8.8,1,1,2,1,63.4,1
19887,19,0,6,2.87,92.5,0,9.7,1,4,1,2,70.3,-1
19888,21,0,1,4.39,63.7,1,4.7,1,0,0,2,75.4,1
19889,20,1,0,5.56,85.3,1,8.7,0,1,0,2,88.0,1
19890,19,1,4,1.68,73.9,1,5.6,0,3,2,0,42.4,1
19891,18,0,0,1.6,77.7,1,9.3,2,1,1,1,40.3,1
19892,17,0,5,2.7,81.1,1,7.5,1,0,0,2,79.3,1
19893,22,0,1,7.48,49.4,1,9.1,2,3,0,0,78.4,1
19894,23,2,5,3.55,84.4,1,8.6,2,4,1,1,57.6,1
19895,22,2,3,2.06,45.7,1,5.7,2,2,1,0,32.2,1
19896,18,1,2,4.16,98.4,1,7.6,2,1,0,1,76.0,1
19897,17,1,4,1.44,48.5,0,7.9,2,1,1,0,19.599,-1
19898,22,0,2,6.12,99.2,1,6.5,0,2,1,0,85.4,1
19899,18,0,5,2.55,55.0,1,4.2,1,1,0,1,46.5,1
19900,21,2,6,7.86,64.5,1,7.6,2,0,0,0,91.5,1
19901,24,2,1,5.04,74.2,1,6.2,2,4,0,0,57.3,1
19902,17,2,3,4.89,68.8,1,5.3,2,0,1,1,46.9,1
19903,21,1,0,2.32,82.4,1,4.3,1,1,0,2,50.0,1
19904,24,0,2,1.43,80.6,1,4.6,2,2,1,0,46.4,1
19905,19,1,4,0.62,62.0,1,5.1,2,1,0,0,30.5,1
19906,23,0,2,6.85,86.0,1,4.2,1,3,0,2,87.7,1
19907,23,1,2,7.84,69.3,0,5.0,1,0,0,2,100.0,-1
19908,20,2,5,1.72,77.1,1,5.8,0,3,0,2,39.9,1
19910,19,0,1,7.91,82.3,0,5.0,1,4,0,0,74.9,1
19911,22,2,6,4.93,76.9,1,5.1,2,1,0,1,64.9,1
19912,21,1,4,6.29,44.7,1,6.1,0,4,0,0,62.1,1
19913,20,2,3,7.91,85.4,1,5.9,1,1,0,2,100.0,1
19914,18,0,0,7.8,68.5,1,8.5,1,0,1,2,91.1,1
19915,22,1,0,4.54,47.9,1,5.1,2,4,0,0,21.8,1
19916,18,0,1,4.22,51.5,1,6.6,2,3,0,2,60.9,1
19917,18,1,4,5.41,53.4,1,5.5,2,1,2,2,62.8,1
19918,17,1,4,1.76,93.2,1,8.2,2,0,0,0,56.9,1
19919,20,1,2,3.11,76.2,1,5.2,1,3,0,1,62.0,1
19920,17,2,0,6.62,43.3,1,7.0,2,0,1,2,59.6,1
19921,19,2,6,0.88,88.1,0,9.9,2,4,0,2,48.9,-1
19922,18,0,3,3.67,81.8,1,8.7,1,0,0,0,88.2,1
19923,20,2,1,2.53,70.9,1,4.8,1,0,1,1,57.7,1
19924,23,1,1,4.66,89.6,1,6.4,2,1,0,2,74.4,1
19925,20,1,1,1.52,86.1,1,7.8,1,4,1,1,38.8,1
19926,21,1,6,7.42,70.2,0,8.9,2,1,1,2,61.6,1
19927,18,2,0,6.33,84.2,1,5.9,2,2,2,0,85.5,1
19928,17,2,0,0.65,41.4,0,9.5,2,3,1,0,25.2,-1
19929,24,2,2,2.61,70.2,1,4.7,1,0,0,0,65.3,1
19930,21,2,6,0.35,62.2,1,5.2,0,0,1,2,54.9,1
19931,17,1,0,0.99,53.9,1,6.9,2,3,2,2,46.1,1
19932,21,0,4,3.39,67.6,0,9.9,2,1,0,0,62.7,1
19933,17,0,5,2.64,63.5,1,9.2,2,2,1,0,41.6,1
19934,17,2,0,4.16,51.1,1,8.7,0,1,2,0,58.2,1
19935,19,2,3,2.33,99.4,1,5.9,2,1,1,2,42.9,1
19936,22,0,2,2.66,43.1,0,8.4,1,1,1,0,47.4,1
19937,21,1,4,7.67,90.3,1,4.5,2,1,0,0,88.4,1
19938,23,2,4,7.0,85.2,1,8.5,1,0,0,2,100.0,1
19939,18,2,1,0.11,44.5,1,8.3,0,4,1,2,22.7,1
19940,18,2,1,4.82,60.5,1,6.9,1,0,1,2,72.9,1
19941,21,1,0,1.14,76.9,0,5.7,2,3,1,0,35.0,1
19942,23,1,4,6.32,49.3,1,6.7,2,2,0,1,78.3,1
19943,22,2,3,6.69,84.6,1,8.7,0,0,2,2,74.6,1
19944,22,2,2,5.28,61.1,1,9.9,0,2,0,1,90.2,1
19945,17,2,4,5.39,48.5,1,9.0,0,4,1,1,64.7,1
19946,24,0,4,6.81,81.5,1,7.7,1,4,1,2,72.6,1
19947,24,2,1,0.81,55.1,1,6.4,0,4,0,1,28.0,1
19948,21,1,3,5.66,61.1,1,8.4,1,1,2,2,61.8,1
19949,19,2,5,0.96,66.1,1,4.4,1,4,0,1,51.6,1
19950,22,0,0,0.34,65.9,1,8.5,0,0,0,2,62.4,1
19951,22,1,2,5.11,87.4,1,6.0,0,3,0,1,78.9,1
19952,24,2,6,2.18,78.8,1,7.9,1,1,0,0,73.6,1
19953,17,0,2,0.37,91.2,1,8.7,2,2,1,1,50.4,1
19954,21,1,2,0.51,86.3,1,4.1,1,1,0,2,36.6,1
19955,22,2,1,7.84,96.2,1,9.6,1,3,1,1,84.8,1
19956,19,2,5,1.78,60.9,1,6.1,2,3,1,2,35.3,1
19957,23,1,4,3.26,74.7,1,6.3,2,4,0,0,39.0,1
19958,17,2,1,2.13,90.5,1,4.6,2,4,1,2,32.0,1
19959,17,2,2,7.48,89.0,1,7.9,0,0,1,2,100.0,1
19960,23,1,6,0.59,88.6,1,6.5,1,1,0,0,63.0,1
19961,18,0,2,4.35,65.8,1,9.7,0,4,2,0,35.5,1
19962,20,2,6,3.82,69.2,1,5.9,0,2,0,2,53.3,1
19963,19,1,3,5.54,44.8,1,4.1,1,2,1,2,56.2,1
19964,22,2,1,7.19,50.5,1,6.9,1,4,1,1,58.8,1
19965,17,0,0,0.08,66.5,1,8.8,1,4,2,0,49.0,1
19966,19,2,0,0.13,58.7,0,5.2,2,1,0,0,19.599,-1
19967,24,2,1,3.02,54.5,1,6.0,0,0,2,0,56.0,1
19968,19,0,3,3.21,49.0,1,9.6,0,3,1,2,46.4,1
19969,21,0,4,7.12,85.2,1,5.1,0,1,2,2,96.4,1
19970,24,0,3,2.23,88.6,1,9.7,2,4,1,0,40.9,1
19971,21,0,4,6.79,69.5,1,7.6,0,1,2,2,60.7,1
19972,23,2,6,0.71,89.5,1,8.3,0,1,2,2,49.3,1
19973,24,0,2,0.62,94.9,1,9.6,0,2,1,2,40.6,1
19974,21,0,5,5.96,49.1,1,9.1,1,0,2,2,88.1,1
19975,23,2,1,6.1,89.8,1,4.7,1,1,1,1,68.6,1
19976,21,2,2,0.76,41.7,1,4.7,2,1,0,1,33.0,1
19977,23,0,0,7.91,46.8,1,8.6,2,0,2,0,84.2,1
19978,22,0,0,0.64,64.7,1,6.5,2,4,1,2,29.5,1
19979,19,0,6,7.07,80.3,1,7.0,1,4,1,1,59.3,1
19980,21,0,0,1.55,69.4,1,8.2,1,0,2,0,69.8,1
19981,19,0,5,0.18,52.6,1,8.6,0,1,0,2,40.1,1
19982,20,1,6,6.84,77.9,1,9.8,2,2,0,2,93.1,1
19983,19,0,0,1.47,92.1,1,8.4,0,4,1,2,44.1,1
19984,20,0,1,4.24,87.7,1,9.9,1,1,2,0,74.0,1
19985,19,1,6,6.61,57.8,1,4.1,1,1,1,1,63.8,1
19986,22,2,3,1.24,94.1,1,7.6,2,2,2,2,49.6,1
19987,19,2,3,5.93,63.2,1,4.4,2,0,2,1,58.6,1
19988,20,1,5,4.25,93.9,1,9.8,1,4,0,0,77.1,1
19989,18,1,0,2.05,46.2,1,6.5,1,4,0,2,48.0,1
19990,20,0,3,0.33,96.1,0,6.4,1,3,0,0,46.7,-1
19991,19,2,6,2.1,60.9,1,8.1,2,4,1,1,37.8,1
19992,24,0,2,3.4,66.3,1,8.8,2,1,0,0,87.0,1
19993,20,2,5,2.94,90.3,1,4.5,0,3,2,2,56.7,1
19994,17,1,0,5.74,81.4,1,7.5,1,3,0,1,95.0,1
19995,19,0,3,3.28,73.3,1,9.5,1,1,0,0,93.9,1
19996,22,2,6,3.04,80.7,1,8.0,0,3,0,2,78.4,1
19997,18,2,4,6.5,71.3,1,5.0,1,4,1,0,86.5,1
19998,18,1,0,3.71,41.6,0,5.9,0,0,2,2,60.9,1
19999,19,2,6,7.88,68.2,1,4.6,2,1,1,0,64.5,1
20000,19,1,4,4.6,76.3,0,6.1,1,4,2,2,79.0,1
20001,20,1,1,7.5,47.9,1,7.5,2,0,2,2,71.0,1
