Supplier_ID,Year,Financial_Stability_Score,Delivery_Performance_Score,Quality_Compliance_Score,Regulatory_Adherence_Score,Sustainability_Score,Past_Risk_Level,ERP_Transactions,Incidents_Count,MCDM_Score,Risk_Category,outlier_flag
0.10027624881806982,1.4377231177639476,-1.09031460021333,0.9772821493425442,0.3790486852659359,-0.14028649359481166,-1.3677167193461133,-0.11863729594469993,1.1620912847541511,-1.1466223812262784,-0.4984267236692733,1,0.142857142857143
-0.8932214788073912,0.029341288117683866,-1.69186748308965,1.6062496954820653,1.233599525652557,-1.006549575826933,-1.0706321762166906,-1.0793249109210623,0.7106682412487766,0.24298898804307098,-0.38131823879723387,1,0.142857142857143
1.4131125317517148,-1.3790405415285798,0.1127911655393104,-0.3378318107673637,-1.6149032756361803,1.678865979092643,-0.9220899046519793,-1.388117358592036,1.7206316606167331,1.4588989361537517,-0.4984267236692733,1,0.142857142857143
0.20672243392079778,0.7335322029408157,0.3133087931647501,-1.5385880352155408,0.3790486852659359,-1.093175884050145,-1.466744900389254,1.562566030263934,0.7259707172998062,0.5903918303604083,-0.966860663157431,1,0.142857142857143
-1.425452404321031,-0.674849626705448,-1.3910910416514901,0.6342089423573511,-0.19065187499181205,-1.2664285004965694,0.018677815257858842,-1.593978990372685,-0.11566546550682426,1.1114960938364142,-0.966860663157431,1,0.142857142857143
-0.4674367383964793,-0.674849626705448,0.5639558276965503,-0.6237261499216917,0.0941984051370619,0.20621873929803625,-1.0706321762166906,1.6311865741908171,-0.023850609200646394,0.24298898804307098,-0.14710126905315632,1,0.142857142857143
-0.5384008617982979,-0.674849626705448,1.4161557451046707,0.3483146032030231,1.5184498057814302,-1.3530548087197818,-1.02111808569512,-1.525358446445802,0.5729459567895098,0.9377946726777456,1.1410920645392775,0,0.142857142857143
1.1647380998453494,1.4377231177639476,0.3133087931647501,1.6062496954820653,0.3790486852659359,-0.7466706511572971,-0.6745194520441272,-1.1136351828845037,0.947856620039736,-0.6255181177502723,0.9068750947951986,0,0.142857142857143
-1.425452404321031,-1.3790405415285798,-1.04018519330697,-1.7101246387081372,1.1623869556203386,0.7259765886373095,0.8109032636029858,0.944981134921987,0.305152625896491,-0.10441385427426636,-0.8497521782853916,1,0.142857142857143
-0.2900264298919327,0.7335322029408157,1.2657675243855906,0.4054934710338887,-0.5467147251529038,-1.439681116942994,-0.6250053615225567,-0.5646708314694396,-0.9343479342369103,0.24298898804307098,0.4384411553070408,0,0.142857142857143
1.3066663466489867,0.029341288117683866,0.21304997935202993,-0.3950106785982293,1.7320875158780855,1.2457344379765818,0.8109032636029858,-0.8734632791404133,1.3533722353920217,-0.6255181177502723,0.9068750947951986,0,0.142857142857143
-0.7867752937046633,-1.3790405415285798,0.7644734553219905,-1.3098725638920785,-0.19065187499181205,-1.006549575826933,1.405072349861831,-0.05001675201781704,-0.9573016483134548,-1.1466223812262784,-0.0299927841811169,1,0.142857142857143
1.5905228402562612,1.4377231177639476,-0.8897969725878901,-0.28065294293649806,0.948749245523683,-0.9199232676037216,-1.466744900389254,-0.7019119193232058,-1.033814028568603,-1.4940252235436158,-0.966860663157431,1,0.142857142857143
-0.2545443681910234,1.4377231177639476,-0.6892793449624499,-1.3670514317229439,-0.11943930495959357,-0.9199232676037216,-0.27840672787156395,1.3223941265198436,-0.7124620314969804,-0.6255181177502723,-1.4352946026455888,1,0.142857142857143
0.455096865827163,-1.3790405415285798,-0.78953815877517,0.5198512066956199,-1.7573284157006173,-0.4867917264876605,-0.6745194520441272,-1.1479454548479453,1.4528383297237144,-0.278115275432935,-1.0839691480294704,1,0.142857142857143
0.455096865827163,1.4377231177639476,0.6642146415092705,-0.795262753414288,-0.9027775753139962,-1.093175884050145,-0.9716039951735497,0.2244654236897153,-0.31459765417020963,1.1114960938364142,-0.7326436934133522,1,0.142857142857143
0.455096865827163,-1.3790405415285798,-0.83966756568153,-0.8524416212451535,0.7351115354270276,0.7259765886373095,-1.2191744477814017,1.7341173900811417,-0.2610389879916059,1.1114960938364142,-0.966860663157431,1,0.142857142857143
-1.6738268362273963,-0.674849626705448,-0.28824408971157,-1.5957669030464063,-0.5467147251529038,0.4660976639676729,0.6623609920382744,0.12153460779939068,-0.023850609200646394,-0.799219538908941,-0.966860663157431,1,0.142857142857143
-0.6093649852001166,0.7335322029408157,-1.4412204485578501,-0.4521895464290949,-0.9027775753139962,1.0724818215301584,-0.0803503657852821,1.6654968461542587,1.330418521315477,0.9377946726777456,-1.3181861177735492,1,0.142857142857143
-1.1770779724146658,-1.3790405415285798,-1.1905734140260502,0.005241396217829401,0.7351115354270276,1.2457344379765818,-0.5754912710009863,-0.9420838230672964,0.9555078580652508,-1.320323802384947,-0.4984267236692733,1,0.142857142857143
-1.0706317873119378,0.7335322029408157,0.5138264207901903,-1.1383359603994816,0.7351115354270276,-0.4001654182644483,1.5536146214265418,-1.2165659987748283,1.6823754704891591,1.285197514995083,0.3213326704350014,0,0.142857142857143
-0.9287035405083005,-0.674849626705448,-0.83966756568153,0.5770300745264856,1.1623869556203386,0.20621873929803625,0.11770599630099977,-0.8734632791404133,0.6341558609936283,0.24298898804307098,0.20422418556296196,0,0.142857142857143
0.7034712977335283,1.4377231177639476,1.3660263381983107,-1.081157092568616,-0.7603524352495592,0.7259765886373095,1.207015987775549,1.2537735825929606,-1.2786536453850772,-1.6677266447022845,0.5555496401790803,0,0.142857142857143
-0.8932214788073912,0.7335322029408157,-1.4412204485578501,-1.1383359603994816,1.4472372357492116,0.37947135574446067,-1.6648012624755357,-1.3538070866285945,-0.9343479342369103,1.285197514995083,-1.4352946026455888,1,0.142857142857143
1.1647380998453494,-0.674849626705448,0.6642146415092705,0.5198512066956199,-0.9739901453462146,0.7259765886373095,-0.8725758141304091,-0.5646708314694396,1.3992796635451106,-0.4518166965916037,0.3213326704350014,0,0.142857142857143
-1.4964165277228496,0.029341288117683866,0.5639558276965503,0.23395686754129186,-1.4012655655395247,-0.4001654182644483,-0.7735476330872681,-0.8734632791404133,-1.4010734537933145,-0.799219538908941,-0.26420975392519447,1,0.142857142857143
0.0647941871171605,0.029341288117683866,-0.23811468280520998,-0.5093684142599605,0.521473825330372,0.6393502804140974,1.2565300782971194,-0.9077735511038548,0.6341558609936283,1.4588989361537517,0.20422418556296196,0,0.142857142857143
-1.6028627128255777,0.029341288117683866,0.9649910829474302,-1.5385880352155408,1.803300085910304,-0.05366018537159943,-0.7240335425656976,1.3223941265198436,1.215649950932755,-0.278115275432935,0.3213326704350014,0,0.142857142857143
-0.43195467669557,1.4377231177639476,-0.23811468280520998,1.6062496954820653,1.6608749458458671,1.2457344379765818,-0.6745194520441272,-0.35880919968879055,-0.45997117665499127,-1.320323802384947,1.2582005494113169,0,0.142857142857143
-1.106113849012847,-1.3790405415285798,-0.3383734966179301,1.2059976206660068,1.5896623758136486,-1.439681116942994,-0.9716039951735497,0.6018784152875719,-0.5364835569101395,-1.4940252235436158,0.4384411553070408,0,0.142857142857143
-0.7867752937046633,-0.674849626705448,1.3158969312919506,0.8057455458499474,0.7351115354270276,0.7259765886373095,-0.4764630899578453,-0.7019119193232058,0.19803529353928345,-1.320323802384947,1.6095260040274337,0,0.142857142857143
0.02931212541625118,-1.3790405415285798,0.41356760697747014,-1.4242302995538094,-1.7573284157006173,0.4660976639676729,-1.02111808569512,-1.456737902518919,1.3686747114430513,0.5903918303604083,-1.2010776329015098,1,0.142857142857143
0.9518457296398936,0.029341288117683866,-0.5388911242433697,-0.3950106785982293,-1.4012655655395247,0.29284504752124846,-1.5657730814323947,-0.08432702398125859,-1.209792503155444,1.1114960938364142,-1.3181861177735492,1,0.142857142857143
0.10027624881806982,-0.674849626705448,1.1655087105728703,-0.4521895464290949,-1.3300529955073064,0.119592431074825,0.9594455351676967,-0.9420838230672964,-1.6535643086353036,-0.6255181177502723,0.4384411553070408,0,0.142857142857143
0.667989236032619,1.4377231177639476,-1.04018519330697,-0.28065294293649806,0.7351115354270276,-1.1798021922733573,-1.2686885383029722,1.6311865741908171,-0.8807892680583065,1.4588989361537517,-1.2010776329015098,1,0.142857142857143
-1.1415959107137563,0.029341288117683866,-0.18798527589884992,-1.4242302995538094,-1.6861158456683987,1.678865979092643,1.207015987775549,0.7048092311778962,-0.7048107934714656,-1.6677266447022845,-0.8497521782853916,1,0.142857142857143
-0.5384008617982979,-1.3790405415285798,0.5639558276965503,-0.738083885583423,1.6608749458458671,0.8992292050837339,0.21673417734414016,0.39601678350692265,0.19803529353928345,-1.320323802384947,0.7897666099231591,0,0.142857142857143
0.9518457296398936,-0.674849626705448,-0.4887617173370097,0.8629244136808131,-1.6861158456683987,-1.2664285004965694,-1.5657730814323947,-1.5596687184092437,0.12917415130965007,1.6326003573124204,-1.0839691480294704,1,0.142857142857143
0.7034712977335283,0.7335322029408157,-1.69186748308965,0.9201032815116786,1.09117438558812,-0.4867917264876605,-0.0803503657852821,0.5332578713606888,0.22098900761582793,-0.10441385427426636,-0.4984267236692733,1,0.142857142857143
0.7034712977335283,0.7335322029408157,-1.59160866927693,-0.4521895464290949,0.45026125529815436,0.03296612285161279,1.2565300782971194,0.5675681433241304,-1.6612155466608185,0.9377946726777456,-0.8497521782853916,1,0.142857142857143
-0.8932214788073912,-0.674849626705448,-1.64173807618329,0.2911357353721575,1.5896623758136486,0.29284504752124846,-0.37743490891470494,0.4989475993972473,1.4987457578768033,1.4588989361537517,-0.4984267236692733,1,0.142857142857143
-0.21906230649011407,1.4377231177639476,0.4636970138838302,1.0916398850042754,0.5926863953625906,-1.006549575826933,-0.7735476330872681,-0.9763940950307379,0.6188533849425987,-1.4940252235436158,0.6726581250511197,0,0.142857142857143
-0.5029188000973887,-1.3790405415285798,0.5639558276965503,-0.3950106785982293,0.6638989653948091,-0.4867917264876605,-0.8230617236088386,0.018603791909066046,0.7106682412487766,1.285197514995083,0.08711570069092253,0,0.142857142857143
0.9163636679389843,1.4377231177639476,-1.59160866927693,-0.28065294293649806,1.6608749458458671,0.20621873929803625,-0.22889263734999352,0.2587756956531565,0.04501053302898701,1.1114960938364142,-0.7326436934133522,1,0.142857142857143
1.7679331487608079,0.7335322029408157,-0.43863231043064965,0.9772821493425442,-0.5467147251529038,1.5056133626462185,1.2565300782971194,-0.22156811183502456,-1.592354404431185,-1.320323802384947,0.6726581250511197,0,0.142857142857143
-0.6803291086019353,-1.3790405415285798,0.1127911655393104,0.005241396217829401,-0.4042895850884675,-0.660044342934085,-1.3677167193461133,-1.525358446445802,1.7129804225912184,-0.278115275432935,-0.4984267236692733,1,0.142857142857143
-1.0706317873119378,0.7335322029408157,-0.4887617173370097,1.5490708276511997,0.6638989653948091,-0.05366018537159943,0.018677815257858842,-1.4224276305554775,-1.163885075002355,-1.320323802384947,0.6726581250511197,0,0.142857142857143
-1.319006219218303,-1.3790405415285798,0.21304997935202993,-0.9667993569068848,1.5896623758136486,0.9858555133069462,-1.3182026288245428,1.4939454863370514,-0.2686902260171207,-0.6255181177502723,0.08711570069092253,0,0.142857142857143
-1.2480420958164844,-0.674849626705448,-0.18798527589884992,1.320355356327738,-0.4755021551206852,-1.2664285004965694,-1.2191744477814017,0.9106708629585454,1.3763259494685662,-0.799219538908941,-0.14710126905315632,1,0.142857142857143
-1.4964165277228496,1.4377231177639476,-0.9399263794942498,-0.3378318107673637,1.4472372357492116,-1.1798021922733573,0.06819190577942931,-0.9077735511038548,-0.6512521272928619,0.9377946726777456,-0.6155352085413127,1,0.142857142857143
0.561543050929891,0.7335322029408157,-0.8897969725878901,1.377534224158603,0.3790486852659359,-0.4867917264876605,0.7613891730814153,-0.05001675201781704,1.0932301425245177,-0.6255181177502723,0.3213326704350014,0,0.142857142857143
1.4840766551535334,-0.674849626705448,1.4161557451046707,-1.3098725638920785,0.022985835104843415,-1.6995600416126306,-0.0803503657852821,-1.4910481744823605,0.733621955325321,-0.278115275432935,-0.0299927841811169,1,0.142857142857143
-0.36099055329375135,-1.3790405415285798,0.6642146415092705,-0.9096204890760192,-0.33307701505624904,-0.05366018537159943,-1.4172308098676836,0.12153460779939068,-0.7966256497776435,-0.799219538908941,-0.4984267236692733,1,0.142857142857143
0.3131686190235258,0.7335322029408157,1.6668027796364704,0.17677799971042626,-0.6179272951851222,-1.526307425166206,1.5041005309049713,1.4596352143736098,-0.4370174625784468,-1.320323802384947,1.1410920645392775,0,0.142857142857143
-1.0706317873119378,0.7335322029408157,-1.4913498554642102,-1.1383359603994816,-0.9739901453462146,-0.660044342934085,1.7516709835128237,0.7048092311778962,0.2898501498454613,0.9377946726777456,-1.6695115723896663,1,0.142857142857143
1.342148408349896,-1.3790405415285798,1.46628515201103,1.6062496954820653,-1.5436907056039617,-0.3135391100412361,-1.3677167193461133,-0.530360559505998,-0.7583694596500694,-1.1466223812262784,0.9068750947951986,0,0.142857142857143
1.448594593452624,-0.674849626705448,-0.9399263794942498,-0.795262753414288,-0.4755021551206852,-0.8332969593805094,-0.12986445630685256,-1.593978990372685,-0.15392165563439839,-1.6677266447022845,-1.4352946026455888,1,0.142857142857143
1.2357022232471682,1.4377231177639476,0.6642146415092705,-1.1383359603994816,1.5184498057814302,1.1591081297533705,1.5536146214265418,0.8077400470682208,0.6265046229681135,-1.4940252235436158,1.0239835796672379,0,0.142857142857143
-1.3899703426201218,-0.674849626705448,0.21304997935202993,-1.1383359603994816,-0.26186444502403056,0.9858555133069462,-0.03083627526371163,1.6998071181177001,0.3510600540495799,1.1114960938364142,-0.38131823879723387,1,0.142857142857143
0.9873277913408028,-1.3790405415285798,-0.08772646208612982,-0.28065294293649806,-0.7603524352495592,-1.526307425166206,1.30604416881869,1.0822222227757532,0.993764048192825,-0.9729209600676098,-0.4984267236692733,1,0.142857142857143
-1.638344774526487,1.4377231177639476,0.3133087931647501,0.8057455458499474,0.948749245523683,-0.4001654182644483,-0.8725758141304091,-0.9763940950307379,-1.6841692607373628,1.4588989361537517,0.6726581250511197,0,0.142857142857143
-0.14809818308829542,1.4377231177639476,-0.9900557864006099,1.320355356327738,0.948749245523683,-1.526307425166206,-0.7735476330872681,-1.6282892623361265,0.22098900761582793,-1.4940252235436158,-0.14710126905315632,1,0.142857142857143
0.17124037221988847,0.029341288117683866,0.06266175863295034,1.2059976206660068,0.2366235452014989,0.20621873929803625,1.30604416881869,-0.324498927725349,-0.8348818399052176,0.764093251519077,1.1410920645392775,0,0.142857142857143
-0.9287035405083005,1.4377231177639476,0.41356760697747014,0.6913878101882162,-0.9739901453462146,-1.2664285004965694,-1.6648012624755357,-0.49605028754255676,-0.9419991722624251,1.285197514995083,-0.38131823879723387,1,0.142857142857143
-0.6803291086019353,0.029341288117683866,-1.4412204485578501,0.8057455458499474,0.16541097516928038,-0.14028649359481166,1.4545864403834008,-0.6676016473597642,-0.8807892680583065,1.4588989361537517,-0.26420975392519447,1,0.142857142857143
1.12925603814444,1.4377231177639476,1.0652498967601502,-0.1091163394439012,1.233599525652557,0.9858555133069462,-1.466744900389254,-1.525358446445802,0.3128038639220058,-1.4940252235436158,0.9068750947951986,0,0.142857142857143
0.9873277913408028,0.029341288117683866,0.3133087931647501,-0.5665472820908262,0.16541097516928038,-0.14028649359481166,0.3157623583872811,-0.324498927725349,1.3686747114430513,-0.4518166965916037,-0.0299927841811169,1,0.142857142857143
-1.6028627128255777,0.7335322029408157,-0.5388911242433697,1.377534224158603,-0.04822673492737508,0.6393502804140974,-1.1201462667382611,-1.045014638957621,1.3916284255195959,-0.9729209600676098,0.20422418556296196,0,0.142857142857143
1.1647380998453494,0.7335322029408157,-0.5388911242433697,-1.5957669030464063,0.16541097516928038,0.119592431074825,-0.4764630899578453,1.3567043984832852,1.6211655662850404,0.5903918303604083,-1.2010776329015098,1,0.142857142857143
1.448594593452624,1.4377231177639476,-0.5890205311497297,-1.3670514317229439,-0.04822673492737508,0.7259765886373095,0.06819190577942931,-1.1479454548479453,-1.3245610735381663,1.1114960938364142,-0.966860663157431,1,0.142857142857143
-0.8222573554055725,0.7335322029408157,1.0652498967601502,0.8629244136808131,-1.1164152854106517,-1.006549575826933,-0.42694899943627485,-0.05001675201781704,-1.4775858340484627,0.5903918303604083,0.5555496401790803,0,0.142857142857143
1.3776304700508053,-0.674849626705448,0.86473226913471,-1.5957669030464063,-0.8315650052817777,0.8126028968605218,1.405072349861831,0.05291406387250759,0.1368253893351649,0.41669040920173966,-0.0299927841811169,1,0.142857142857143
-1.106113849012847,-0.674849626705448,-0.4887617173370097,-0.3378318107673637,-1.4012655655395247,0.8126028968605218,-1.0706321762166906,0.2244654236897153,0.39696748220266886,-0.6255181177502723,-1.0839691480294704,1,0.142857142857143
1.3066663466489867,-0.674849626705448,0.1127911655393104,-0.9096204890760192,-0.5467147251529038,-0.05366018537159943,-0.4764630899578453,0.5332578713606888,-0.5747397470377136,0.764093251519077,-0.7326436934133522,1,0.142857142857143
1.8034152104617172,-0.674849626705448,0.21304997935202993,0.2911357353721575,0.2366235452014989,-0.4001654182644483,-0.5259771804794158,1.3910146704467268,0.7565756694018655,-1.4940252235436158,0.20422418556296196,0,0.142857142857143
0.34865068072443506,0.029341288117683866,1.7169321865428304,0.3483146032030231,-0.9027775753139962,-1.3530548087197818,-1.1696603572598316,-0.8391530071769718,-1.6612155466608185,0.06928756688440231,0.5555496401790803,0,0.142857142857143
0.455096865827163,-1.3790405415285798,-1.4412204485578501,0.062420264048695016,-0.26186444502403056,1.678865979092643,-1.3182026288245428,-0.324498927725349,-0.008548133149616747,0.06928756688440231,-1.0839691480294704,1,0.142857142857143
-1.6028627128255777,-1.3790405415285798,-0.03759705517976976,0.7485666780190818,1.1623869556203386,0.8126028968605218,0.11770599630099977,-0.05001675201781704,-0.3681563203488134,0.24298898804307098,0.9068750947951986,0,0.142857142857143
-1.5673806511246684,-0.674849626705448,-0.5890205311497297,-0.22347407510563244,0.022985835104843415,-0.8332969593805094,-1.3182026288245428,0.39601678350692265,0.7565756694018655,-0.799219538908941,-0.966860663157431,1,0.142857142857143
-0.43195467669557,0.029341288117683866,1.5164145589173903,-0.6237261499216917,0.3790486852659359,-0.4001654182644483,-0.12986445630685256,0.19015515172627376,-0.6359496512418322,0.24298898804307098,0.7897666099231591,0,0.142857142857143
-1.6738268362273963,1.4377231177639476,0.6642146415092705,-1.4242302995538094,-1.2588404254750887,-1.6995600416126306,-1.3182026288245428,-0.08432702398125859,-1.4010734537933145,-1.320323802384947,-1.3181861177735492,1,-7.000000000000001
1.5905228402562612,-1.3790405415285798,1.2657675243855906,0.8629244136808131,-0.33307701505624904,1.5056133626462185,1.7021568929912532,-0.9763940950307379,-1.4240271678698588,-1.6677266447022845,1.9608514586435521,0,-7.000000000000001
-0.325508491592842,0.7335322029408157,1.2156381174792303,-1.252693696061213,1.09117438558812,-1.006549575826933,-1.1696603572598316,-1.1479454548479453,-1.6535643086353036,1.4588989361537517,0.08711570069092253,0,0.142857142857143
1.0228098530417122,-0.674849626705448,1.46628515201103,-0.6237261499216917,0.3078361152337174,0.6393502804140974,-0.12986445630685256,0.7391195031413377,0.5117360525853912,1.4588989361537517,0.9068750947951986,0,0.142857142857143
-0.3964726149946607,-1.3790405415285798,0.86473226913471,0.005241396217829401,-0.9027775753139962,1.4189870544230063,-0.37743490891470494,0.15584487976283223,-0.8960917441093361,-0.4518166965916037,0.5555496401790803,0,0.142857142857143
0.0647941871171605,0.029341288117683866,-0.23811468280520998,-0.5665472820908262,0.8775366754914645,0.7259765886373095,-1.1201462667382611,1.3223941265198436,0.519387290610906,1.6326003573124204,-0.26420975392519447,1,0.142857142857143
1.5905228402562612,0.029341288117683866,1.0151204898537902,-1.1955148282303474,-0.6179272951851222,-0.8332969593805094,0.8604173541245557,-1.593978990372685,-1.033814028568603,-1.4940252235436158,-0.0299927841811169,1,0.142857142857143
-1.3899703426201218,1.4377231177639476,1.3158969312919506,-0.5093684142599605,1.1623869556203386,-1.3530548087197818,1.207015987775549,-1.25087627073827,-0.28399270206815036,0.764093251519077,1.0239835796672379,0,0.142857142857143
-0.7158111703028446,1.4377231177639476,-0.03759705517976976,-0.28065294293649806,1.0199618155559016,-1.6995600416126306,0.3652764489088516,0.2587756956531565,0.4658286244323023,0.06928756688440231,-0.14710126905315632,1,0.142857142857143
-0.7867752937046633,1.4377231177639476,1.1655087105728703,1.6062496954820653,-0.5467147251529038,-0.9199232676037216,-0.22889263734999352,-0.7019119193232058,1.085578904499003,0.24298898804307098,1.2582005494113169,0,0.142857142857143
1.448594593452624,1.4377231177639476,-1.24070282093241,-1.3670514317229439,-0.8315650052817777,0.8126028968605218,0.3652764489088516,-1.3538070866285945,0.7871806215039248,-0.9729209600676098,-1.5524030875176282,1,0.142857142857143
-0.43195467669557,-0.674849626705448,0.9649910829474302,-0.4521895464290949,-1.5436907056039617,-1.439681116942994,-1.3677167193461133,1.1851530386660774,0.3510600540495799,-1.6677266447022845,-0.7326436934133522,1,0.142857142857143
-0.11261612138738611,1.4377231177639476,1.7169321865428304,1.148818752835141,-1.3300529955073064,1.5056133626462185,1.30604416881869,0.08722433583594913,1.5523044240554071,0.764093251519077,1.9608514586435521,0,0.142857142857143
-0.9996676639101192,-1.3790405415285798,0.86473226913471,-1.0239782247377505,1.0199618155559016,0.37947135574446067,-1.3182026288245428,-0.29018865576190767,-1.0032090764665438,0.06928756688440231,0.20422418556296196,0,0.142857142857143
-0.3964726149946607,-0.674849626705448,-0.08772646208612982,-0.05193747161303622,1.5184498057814302,0.29284504752124846,-1.6152871719539652,1.4253249424101682,-0.29929517811918,-0.6255181177502723,0.08711570069092253,0,0.142857142857143
0.10027624881806982,1.4377231177639476,1.46628515201103,-0.4521895464290949,0.3078361152337174,0.4660976639676729,-1.6648012624755357,0.5675681433241304,0.8866467158356175,1.6326003573124204,0.5555496401790803,0,0.142857142857143
-0.00616993628465814,0.7335322029408157,-0.28824408971157,-1.4242302995538094,1.803300085910304,0.03296612285161279,0.3652764489088516,-1.456737902518919,-0.04680432327719086,1.4588989361537517,-0.26420975392519447,1,0.142857142857143
0.24220449562170712,0.029341288117683866,-0.5388911242433697,-0.1091163394439012,0.45026125529815436,-0.4001654182644483,1.207015987775549,0.32739623958003955,0.2745476737944317,0.5903918303604083,-0.0299927841811169,1,0.142857142857143
-0.07713405968647678,-0.674849626705448,0.1127911655393104,-0.22347407510563244,-0.33307701505624904,0.20621873929803625,-1.1696603572598316,-1.0793249109210623,1.468140805774744,-0.6255181177502723,-0.38131823879723387,1,0.142857142857143
-1.638344774526487,-0.674849626705448,-0.78953815877517,0.5198512066956199,-0.33307701505624904,-1.6129337333894183,-1.1696603572598316,0.7734297751047793,0.9784615721417954,-0.4518166965916037,-0.966860663157431,1,0.142857142857143
0.561543050929891,-1.3790405415285798,-0.9399263794942498,-0.9096204890760192,0.6638989653948091,-1.6129337333894183,-1.3677167193461133,1.0479119508123116,-1.1791875510533847,1.4588989361537517,-1.5524030875176282,1,0.142857142857143
1.6969690253589893,0.7335322029408157,-0.8897969725878901,-1.3670514317229439,-0.9027775753139962,0.8126028968605218,1.2565300782971194,1.150842766702636,-0.429366224552932,0.5903918303604083,-1.2010776329015098,1,0.142857142857143
1.6260049019571707,-0.674849626705448,-1.69186748308965,-1.4242302995538094,-1.0452027153784331,-1.6129337333894183,-1.0706321762166906,0.293085967616598,-0.2533877499660911,1.285197514995083,-2.84059642111006,1,-7.000000000000001
-1.6738268362273963,-1.3790405415285798,1.1153793036665103,-0.5093684142599605,-0.8315650052817777,-0.4001654182644483,0.3157623583872811,-0.7705324632500887,0.305152625896491,-0.9729209600676098,0.20422418556296196,0,0.142857142857143
-0.3964726149946607,-1.3790405415285798,-0.18798527589884992,-0.6809050177525574,1.5896623758136486,0.9858555133069462,-1.2191744477814017,1.288083854556402,-0.773671935701099,0.5903918303604083,-0.0299927841811169,1,0.142857142857143
1.342148408349896,-1.3790405415285798,-0.03759705517976976,0.062420264048695016,0.8775366754914645,0.7259765886373095,-0.3279208183931344,-0.9420838230672964,0.43522367233024295,0.06928756688440231,0.3213326704350014,0,0.142857142857143
-1.6028627128255777,-0.674849626705448,0.1127911655393104,-1.1383359603994816,-0.7603524352495592,-1.6129337333894183,1.4545864403834008,-1.2851865427017115,1.0320202383203991,-0.278115275432935,-0.7326436934133522,1,0.142857142857143
-0.3964726149946607,-0.674849626705448,0.21304997935202993,0.5198512066956199,1.1623869556203386,-1.006549575826933,-1.6648012624755357,-1.2165659987748283,0.7030170032232618,-0.799219538908941,0.20422418556296196,0,0.142857142857143
1.4840766551535334,-0.674849626705448,0.3634382000711101,0.5770300745264856,-1.1164152854106517,1.5056133626462185,-0.27840672787156395,-0.3931194716522321,-0.7583694596500694,0.5903918303604083,0.4384411553070408,0,0.142857142857143
0.5260609892289817,-0.674849626705448,-1.1404440071196902,0.8057455458499474,-1.4724781355717433,0.37947135574446067,-0.8725758141304091,-0.35880919968879055,0.5729459567895098,0.06928756688440231,-0.966860663157431,1,0.142857142857143
-0.4674367383964793,-1.3790405415285798,0.8146028622283505,0.4054934710338887,1.5896623758136486,-0.3135391100412361,1.6031287119481121,-1.2165659987748283,0.695365765197747,-1.6677266447022845,1.6095260040274337,0,0.142857142857143
-0.4674367383964793,0.7335322029408157,-1.1905734140260502,1.148818752835141,1.233599525652557,1.5922396708694306,-1.1696603572598316,0.4303270554703642,1.7512366127187924,-0.278115275432935,0.20422418556296196,0,0.142857142857143
0.8453995445371656,-1.3790405415285798,-0.28824408971157,0.6913878101882162,0.3790486852659359,-0.14028649359481166,-1.466744900389254,-1.4224276305554775,-0.8654867920072769,0.24298898804307098,-0.14710126905315632,1,0.142857142857143
0.0647941871171605,-0.674849626705448,-1.3910910416514901,-0.6237261499216917,1.09117438558812,1.5922396708694306,1.0089596256892672,0.6704989592144546,0.6265046229681135,0.24298898804307098,-0.38131823879723387,1,0.142857142857143
0.455096865827163,0.029341288117683866,0.8146028622283505,1.0344610171734099,0.5926863953625906,0.7259765886373095,1.207015987775549,-0.8391530071769718,-1.0108603144920585,0.24298898804307098,1.7266344888994731,0,0.142857142857143
-1.2125600341155751,0.029341288117683866,1.7169321865428304,1.5490708276511997,-1.6149032756361803,0.7259765886373095,1.5041005309049713,-1.0793249109210623,-1.033814028568603,-0.6255181177502723,1.9608514586435521,0,0.142857142857143
-1.2480420958164844,1.4377231177639476,0.8146028622283505,-1.0239782247377505,-1.3300529955073064,-0.22691280181802387,1.0584737162108375,0.8763605909951039,1.1544400467286362,-0.6255181177502723,-0.14710126905315632,1,0.142857142857143
1.7679331487608079,-0.674849626705448,0.1127911655393104,0.5198512066956199,0.5926863953625906,-0.4001654182644483,0.21673417734414016,-0.05001675201781704,-0.689508317420436,-0.9729209600676098,0.5555496401790803,0,0.142857142857143
-0.21906230649011407,-0.674849626705448,0.8146028622283505,-1.481409167384675,-0.6179272951851222,0.20621873929803625,1.0089596256892672,-0.5989811034328811,-0.08506051340476498,-1.6677266447022845,-0.14710126905315632,1,0.142857142857143
-1.1770779724146658,1.4377231177639476,0.41356760697747014,-0.9096204890760192,-1.6861158456683987,1.3323607461997942,-1.6648012624755357,1.288083854556402,-0.6129959371652878,1.285197514995083,-0.8497521782853916,1,0.142857142857143
-0.6093649852001166,0.029341288117683866,-1.4913498554642102,-1.652945770877272,-1.5436907056039617,-1.3530548087197818,-1.5657730814323947,-0.05001675201781704,0.38931624417715405,0.24298898804307098,-2.84059642111006,1,0.142857142857143
-1.3899703426201218,-1.3790405415285798,-0.5388911242433697,0.062420264048695016,0.8775366754914645,-1.6995600416126306,-0.0803503657852821,-0.6676016473597642,0.7871806215039248,1.285197514995083,-0.38131823879723387,1,0.142857142857143
0.455096865827163,1.4377231177639476,-1.59160866927693,-1.652945770877272,1.7320875158780855,-0.22691280181802387,-0.37743490891470494,0.6361886872510134,-0.6206471751908026,-0.9729209600676098,-1.5524030875176282,1,0.142857142857143
0.41961480412625374,1.4377231177639476,-1.4412204485578501,-0.28065294293649806,1.3760246657169932,1.5922396708694306,-0.0803503657852821,0.39601678350692265,-0.5211810808591099,-0.6255181177502723,-0.38131823879723387,1,0.142857142857143
0.10027624881806982,0.7335322029408157,-0.9399263794942498,1.5490708276511997,0.521473825330372,0.37947135574446067,0.06819190577942931,-0.9077735511038548,0.03735929500347219,-0.278115275432935,0.4384411553070408,0,0.142857142857143
-1.638344774526487,1.4377231177639476,-1.54147926237057,1.6062496954820653,1.3760246657169932,1.5056133626462185,1.7516709835128237,-1.1136351828845037,1.514048233927833,1.285197514995083,0.9068750947951986,0,-7.000000000000001
1.1647380998453494,-1.3790405415285798,-1.1905734140260502,1.0916398850042754,-0.9739901453462146,-0.9199232676037216,0.16722008682257025,0.32739623958003955,1.3533722353920217,-0.9729209600676098,-0.7326436934133522,1,0.142857142857143
1.7324510870598986,0.029341288117683866,1.3158969312919506,-0.795262753414288,-1.3300529955073064,1.4189870544230063,1.6031287119481121,1.2537735825929606,-1.6229593565332443,0.764093251519077,0.7897666099231591,0,-7.000000000000001
-0.325508491592842,-1.3790405415285798,0.21304997935202993,-1.4242302995538094,-0.33307701505624904,-0.4001654182644483,-0.8230617236088386,0.7734297751047793,-1.0032090764665438,1.285197514995083,-0.966860663157431,1,0.142857142857143
0.7389533594344376,1.4377231177639476,-0.9900557864006099,0.6342089423573511,-1.4724781355717433,1.2457344379765818,0.018677815257858842,-0.05001675201781704,0.9784615721417954,1.4588989361537517,-0.6155352085413127,1,0.142857142857143
0.3131686190235258,0.029341288117683866,-0.5388911242433697,0.6342089423573511,0.2366235452014989,-0.7466706511572971,1.3555582593402604,1.0479119508123116,-0.40641251047638755,-1.6677266447022845,0.20422418556296196,0,0.142857142857143
0.34865068072443506,0.029341288117683866,-1.1905734140260502,-0.5665472820908262,-0.9027775753139962,1.5056133626462185,-1.3677167193461133,0.7048092311778962,-0.2533877499660911,-0.6255181177502723,-1.4352946026455888,1,0.142857142857143
-1.5673806511246684,0.029341288117683866,1.6166733727301104,-0.1091163394439012,1.3760246657169932,-1.6995600416126306,1.107987806732408,-0.9077735511038548,-1.3934222157677996,1.285197514995083,1.4924175191553943,0,0.142857142857143
1.8034152104617172,-0.674849626705448,1.1655087105728703,0.005241396217829401,-1.7573284157006173,-0.7466706511572971,0.41479053943042204,1.6654968461542587,-1.5617494523291258,-0.4518166965916037,0.20422418556296196,0,0.142857142857143
1.6260049019571707,-0.674849626705448,0.4636970138838302,0.11959913187956063,1.0199618155559016,-1.3530548087197818,0.9099314446461262,0.15584487976283223,0.022056818952442544,-1.4940252235436158,0.6726581250511197,0,0.142857142857143
0.49057892752807236,0.7335322029408157,0.4636970138838302,1.4918919598203342,-1.4012655655395247,1.5056133626462185,0.6623609920382744,-1.456737902518919,-0.01619937117513157,1.1114960938364142,1.1410920645392775,0,0.142857142857143
-1.319006219218303,-1.3790405415285798,0.3133087931647501,-0.5093684142599605,0.45026125529815436,-1.526307425166206,1.30604416881869,1.6311865741908171,0.4887823385088467,0.24298898804307098,0.08711570069092253,0,0.142857142857143
-0.4674367383964793,0.029341288117683866,-1.29083222783877,0.8629244136808131,-1.6861158456683987,-1.6129337333894183,-0.5754912710009863,-0.015706480054375496,1.63646804233607,0.06928756688440231,-1.4352946026455888,1,0.142857142857143
0.3131686190235258,-0.674849626705448,-1.1905734140260502,-0.1091163394439012,1.5896623758136486,-1.3530548087197818,1.2565300782971194,0.12153460779939068,0.4887823385088467,0.06928756688440231,-0.38131823879723387,1,0.142857142857143
-0.6093649852001166,-0.674849626705448,0.9649910829474302,-0.9096204890760192,-1.2588404254750887,1.3323607461997942,1.6031287119481121,-1.593978990372685,-1.5311445002270665,0.764093251519077,0.4384411553070408,0,0.142857142857143
1.0937739764435308,1.4377231177639476,0.5138264207901903,-0.3378318107673637,-0.7603524352495592,1.678865979092643,-0.27840672787156395,1.3567043984832852,-1.5770519283801554,-1.4940252235436158,0.20422418556296196,0,0.142857142857143
0.41961480412625374,0.029341288117683866,-1.64173807618329,0.5198512066956199,-0.4755021551206852,1.3323607461997942,-0.0803503657852821,1.6311865741908171,1.598211852208496,1.1114960938364142,-0.7326436934133522,1,0.142857142857143
1.555040778555352,1.4377231177639476,-1.1905734140260502,-0.16629520727476682,0.16541097516928038,-1.6129337333894183,1.0584737162108375,-0.7019119193232058,-1.508190786150522,-1.320323802384947,-0.966860663157431,1,0.142857142857143
-1.0351497256110285,-1.3790405415285798,-1.74199688999601,0.3483146032030231,0.3790486852659359,-0.8332969593805094,0.21673417734414016,-0.9077735511038548,1.7053291845657035,-1.4940252235436158,-1.0839691480294704,1,0.142857142857143
1.3776304700508053,0.029341288117683866,1.7169321865428304,-1.1955148282303474,-0.11943930495959357,0.6393502804140974,-0.3279208183931344,1.6311865741908171,-0.4217149865274172,0.06928756688440231,0.5555496401790803,0,0.142857142857143
-0.14809818308829542,-1.3790405415285798,1.2657675243855906,0.9772821493425442,-1.6149032756361803,-0.05366018537159943,-1.3677167193461133,-0.8734632791404133,1.1926962368562104,0.5903918303604083,0.5555496401790803,0,0.142857142857143
-0.6093649852001166,0.7335322029408157,0.7143440484156305,0.23395686754129186,-1.7573284157006173,-0.5734180347108727,0.06819190577942931,-1.388117358592036,1.4757920438002587,-1.6677266447022845,-0.0299927841811169,1,0.142857142857143
0.9873277913408028,0.7335322029408157,-0.4887617173370097,-0.6237261499216917,1.7320875158780855,-1.006549575826933,0.7118750825598449,1.1165324947391944,-0.8807892680583065,0.24298898804307098,-0.14710126905315632,1,0.142857142857143
-0.00616993628465814,0.029341288117683866,-1.29083222783877,1.377534224158603,0.3790486852659359,0.4660976639676729,0.41479053943042204,-0.6676016473597642,-0.1309679415578539,-0.4518166965916037,0.08711570069092253,0,0.142857142857143
0.8099174828362563,-0.674849626705448,0.4636970138838302,0.9772821493425442,0.45026125529815436,-0.05366018537159943,0.5633328109951334,0.19015515172627376,1.2921623311879031,-1.320323802384947,1.1410920645392775,0,0.142857142857143
-0.2900264298919327,0.7335322029408157,0.8146028622283505,-1.4242302995538094,-1.5436907056039617,-0.8332969593805094,-1.1696603572598316,1.288083854556402,-0.7583694596500694,1.4588989361537517,-1.0839691480294704,1,0.142857142857143
0.20672243392079778,0.7335322029408157,0.86473226913471,1.2631764884968724,-0.19065187499181205,-1.526307425166206,-1.1696603572598316,-1.6282892623361265,-0.07740927537925014,-0.9729209600676098,0.5555496401790803,0,0.142857142857143
1.66148696365808,-1.3790405415285798,0.012532351726590292,-1.4242302995538094,-0.33307701505624904,-0.9199232676037216,-0.27840672787156395,-1.0107043669941793,1.2998135692134178,0.24298898804307098,-1.0839691480294704,1,0.142857142857143
-0.00616993628465814,1.4377231177639476,0.8146028622283505,0.8629244136808131,-0.26186444502403056,-0.4867917264876605,-0.42694899943627485,1.6998071181177001,-0.5288323188846247,1.285197514995083,0.6726581250511197,0,0.142857142857143
-0.00616993628465814,0.029341288117683866,0.3133087931647501,-0.22347407510563244,0.806324105459246,-0.05366018537159943,1.30604416881869,1.3910146704467268,0.3128038639220058,-0.6255181177502723,0.6726581250511197,0,0.142857142857143
-0.2545443681910234,0.029341288117683866,0.3133087931647501,1.4347130919894686,-0.9739901453462146,0.4660976639676729,0.4643046299519925,0.8077400470682208,1.0243690002948842,-0.4518166965916037,0.7897666099231591,0,0.142857142857143
1.8034152104617172,-0.674849626705448,-0.8897969725878901,1.6062496954820653,-1.1164152854106517,1.2457344379765818,-0.03083627526371163,-0.8391530071769718,0.7259707172998062,0.764093251519077,0.08711570069092253,0,0.142857142857143
-1.2480420958164844,-1.3790405415285798,0.5639558276965503,-1.3670514317229439,0.5926863953625906,-0.660044342934085,-0.3279208183931344,1.2537735825929606,0.305152625896491,-1.6677266447022845,-0.26420975392519447,1,0.142857142857143
-0.325508491592842,0.7335322029408157,-1.29083222783877,1.6062496954820653,-0.11943930495959357,-0.9199232676037216,-1.466744900389254,-1.1136351828845037,-0.9802553623899992,-0.10441385427426636,-0.6155352085413127,1,0.142857142857143
0.9518457296398936,-1.3790405415285798,-0.23811468280520998,-0.8524416212451535,0.45026125529815436,0.7259765886373095,-1.1201462667382611,-1.1136351828845037,-0.7660206976755842,0.06928756688440231,-0.6155352085413127,1,0.142857142857143
-0.43195467669557,1.4377231177639476,0.1127911655393104,0.9772821493425442,0.7351115354270276,-0.14028649359481166,1.2565300782971194,0.2244654236897153,0.22864024564134275,1.6326003573124204,1.1410920645392775,0,0.142857142857143
1.0228098530417122,-0.674849626705448,-1.29083222783877,-0.9096204890760192,-1.5436907056039617,0.5527239721908851,-0.9220899046519793,-1.0793249109210623,-1.2403974552575032,-0.9729209600676098,-2.0208370270057845,1,0.142857142857143
-0.5738829234992073,-1.3790405415285798,0.3133087931647501,0.6342089423573511,-0.33307701505624904,-0.05366018537159943,0.6623609920382744,-1.6282892623361265,-0.031501847226161214,1.285197514995083,0.5555496401790803,0,0.142857142857143
-0.7158111703028446,-1.3790405415285798,0.3133087931647501,-0.8524416212451535,0.0941984051370619,-0.4867917264876605,0.11770599630099977,-1.25087627073827,-0.72776450754801,0.41669040920173966,-0.26420975392519447,1,0.142857142857143
0.10027624881806982,-0.674849626705448,-1.04018519330697,0.5770300745264856,1.6608749458458671,-1.3530548087197818,0.612846901516704,-0.18725783987158304,-1.6535643086353036,0.764093251519077,-0.0299927841811169,1,0.142857142857143
1.3066663466489867,-0.674849626705448,0.5639558276965503,1.663428563312931,-0.4042895850884675,-1.6129337333894183,-0.8725758141304091,1.150842766702636,0.6265046229681135,-0.4518166965916037,0.5555496401790803,0,0.142857142857143
0.9518457296398936,0.029341288117683866,1.5164145589173903,0.6342089423573511,0.6638989653948091,-0.9199232676037216,0.5633328109951334,-0.35880919968879055,-1.163885075002355,-0.278115275432935,1.6095260040274337,0,0.142857142857143
1.448594593452624,0.7335322029408157,-1.1905734140260502,0.3483146032030231,-0.6179272951851222,1.3323607461997942,1.7516709835128237,0.8763605909951039,0.18273281748825382,0.41669040920173966,-0.14710126905315632,1,0.142857142857143
-0.6448470469010259,-1.3790405415285798,-1.34096163474513,0.5198512066956199,0.948749245523683,1.5056133626462185,-0.17937854682842302,1.3910146704467268,1.3457209973665067,-0.278115275432935,-0.14710126905315632,1,0.142857142857143
-0.9287035405083005,0.029341288117683866,1.3158969312919506,-0.3950106785982293,-0.6891398652173407,0.5527239721908851,-0.5754912710009863,0.46463732743380576,-0.16922413168542802,0.764093251519077,0.4384411553070408,0,0.142857142857143
-0.9996676639101192,0.029341288117683866,-0.3885029035242901,-0.16629520727476682,-0.9027775753139962,-0.4001654182644483,-0.9220899046519793,-1.456737902518919,1.0243690002948842,-0.4518166965916037,-0.966860663157431,1,0.142857142857143
1.0228098530417122,-0.674849626705448,0.9148616760410702,0.005241396217829401,0.16541097516928038,1.5922396708694306,1.207015987775549,1.4253249424101682,-0.0008968951241019245,0.24298898804307098,1.2582005494113169,0,0.142857142857143
-1.5673806511246684,-0.674849626705448,0.1127911655393104,-0.8524416212451535,-0.04822673492737508,-0.3135391100412361,0.16722008682257025,0.8763605909951039,1.0932301425245177,0.06928756688440231,-0.38131823879723387,1,0.142857142857143
-0.9996676639101192,0.029341288117683866,-1.69186748308965,0.5198512066956199,1.4472372357492116,-0.8332969593805094,1.5041005309049713,-1.4910481744823605,0.42757243430472813,0.41669040920173966,-0.26420975392519447,1,0.142857142857143
1.3066663466489867,0.029341288117683866,-1.3910910416514901,-0.05193747161303622,-0.8315650052817777,-0.7466706511572971,-0.6250053615225567,1.0479119508123116,0.5346897666619357,-0.4518166965916037,-1.5524030875176282,1,0.142857142857143
-1.1770779724146658,-0.674849626705448,0.41356760697747014,0.7485666780190818,-0.7603524352495592,-0.22691280181802387,-1.2686885383029722,-1.0793249109210623,0.993764048192825,0.24298898804307098,0.08711570069092253,0,0.142857142857143
0.8808816062380749,1.4377231177639476,-1.09031460021333,-0.6809050177525574,1.09117438558812,-1.093175884050145,1.4545864403834008,-0.2558783837984661,1.1697425227796658,-0.6255181177502723,-0.6155352085413127,1,0.142857142857143
0.17124037221988847,-1.3790405415285798,-0.43863231043064965,0.11959913187956063,-1.3300529955073064,-1.6995600416126306,0.513818720473563,0.08722433583594913,-0.008548133149616747,-0.278115275432935,-0.966860663157431,1,0.142857142857143
-0.8222573554055725,-1.3790405415285798,0.5138264207901903,-1.1383359603994816,-0.4755021551206852,1.4189870544230063,0.9594455351676967,0.2244654236897153,0.9631590960907658,-0.9729209600676098,0.08711570069092253,0,0.142857142857143
0.667989236032619,-0.674849626705448,0.8146028622283505,1.2059976206660068,0.6638989653948091,1.0724818215301584,0.9594455351676967,-1.182255726811387,1.6670729944381295,1.285197514995083,1.8437429737715127,0,0.142857142857143
0.7034712977335283,-1.3790405415285798,0.86473226913471,1.2631764884968724,-0.9739901453462146,-1.3530548087197818,-1.6152871719539652,0.4989475993972473,-0.4676224146805061,0.06928756688440231,0.3213326704350014,0,0.142857142857143
-1.3899703426201218,-1.3790405415285798,-0.3885029035242901,0.3483146032030231,0.022985835104843415,1.7654922873158552,-1.2191744477814017,0.7048092311778962,0.7795293834784099,-0.10441385427426636,-0.0299927841811169,1,0.142857142857143
-0.36099055329375135,-1.3790405415285798,0.6642146415092705,1.663428563312931,-1.3300529955073064,-1.3530548087197818,0.8109032636029858,0.293085967616598,-0.41406374850190236,0.41669040920173966,0.7897666099231591,0,0.142857142857143
-0.4674367383964793,1.4377231177639476,1.4161557451046707,-1.0239782247377505,-0.6179272951851222,-0.9199232676037216,-0.4764630899578453,-1.456737902518919,-1.3169098355126514,-1.4940252235436158,-0.0299927841811169,1,0.142857142857143
0.3841327424253444,1.4377231177639476,-1.4913498554642102,0.46267233886475434,-0.7603524352495592,0.37947135574446067,0.6623609920382744,-0.9077735511038548,-1.248048693283018,-1.320323802384947,-0.8497521782853916,1,0.142857142857143
1.3066663466489867,-0.674849626705448,1.7670615934491904,0.5770300745264856,0.2366235452014989,0.8126028968605218,-0.0803503657852821,-1.4910481744823605,0.603550908891569,-1.1466223812262784,1.7266344888994731,0,0.142857142857143
0.7034712977335283,1.4377231177639476,0.4636970138838302,0.8629244136808131,-1.1164152854106517,-0.3135391100412361,-0.22889263734999352,1.1165324947391944,-1.6000056424566997,1.1114960938364142,0.3213326704350014,0,0.142857142857143
-1.1770779724146658,0.7335322029408157,1.7169321865428304,-0.1091163394439012,-0.4042895850884675,-1.2664285004965694,1.6526428024696826,-1.6282892623361265,1.0626251904224584,0.24298898804307098,1.1410920645392775,0,0.142857142857143
0.561543050929891,-1.3790405415285798,0.6140852346029103,-1.3670514317229439,-0.8315650052817777,1.0724818215301584,1.30604416881869,0.39601678350692265,-1.4010734537933145,1.6326003573124204,-0.0299927841811169,1,0.142857142857143
1.7324510870598986,1.4377231177639476,-1.59160866927693,-0.6809050177525574,-0.8315650052817777,-0.4867917264876605,-1.4172308098676836,1.5282557583004925,1.7435853746932777,0.06928756688440231,-2.137945511877824,1,-7.000000000000001
0.6325071743317097,0.7335322029408157,-0.7394087518688099,1.5490708276511997,1.3760246657169932,-1.1798021922733573,1.0089596256892672,0.2587756956531565,0.7259707172998062,-0.9729209600676098,0.6726581250511197,0,0.142857142857143
-1.319006219218303,-1.3790405415285798,-1.34096163474513,1.0916398850042754,-0.4042895850884675,1.3323607461997942,1.30604416881869,1.0822222227757532,0.8789954778101027,-0.6255181177502723,0.08711570069092253,0,0.142857142857143
0.10027624881806982,-1.3790405415285798,-0.5890205311497297,-1.652945770877272,-1.18762785544287,-0.9199232676037216,1.6031287119481121,0.2587756956531565,0.3434088160240651,-1.4940252235436158,-1.4352946026455888,1,0.142857142857143
-0.8577394171064818,1.4377231177639476,1.2657675243855906,1.4347130919894686,-0.04822673492737508,0.37947135574446067,0.9594455351676967,-1.1136351828845037,1.2692086171113586,-1.320323802384947,1.9608514586435521,0,0.142857142857143
-0.2900264298919327,-1.3790405415285798,0.6140852346029103,-1.3098725638920785,-0.04822673492737508,0.03296612285161279,-0.9220899046519793,-1.4224276305554775,-1.6000056424566997,0.41669040920173966,-0.4984267236692733,1,0.142857142857143
-0.6448470469010259,0.7335322029408157,-0.18798527589884992,-1.3670514317229439,0.521473825330372,-0.9199232676037216,0.41479053943042204,0.5332578713606888,0.5040848145598764,1.4588989361537517,-0.7326436934133522,1,0.142857142857143
-1.5673806511246684,0.029341288117683866,-1.09031460021333,-0.9667993569068848,-0.04822673492737508,0.8992292050837339,0.41479053943042204,-0.6676016473597642,-1.0567677426451474,-0.278115275432935,-0.966860663157431,1,0.142857142857143
1.7679331487608079,1.4377231177639476,-1.34096163474513,-0.6809050177525574,-1.4012655655395247,0.7259765886373095,-1.5162589909108244,0.05291406387250759,-0.9037429821348509,-0.4518166965916037,-1.903728542133745,1,0.142857142857143
-1.1415959107137563,1.4377231177639476,0.41356760697747014,-0.6809050177525574,0.45026125529815436,0.119592431074825,-0.22889263734999352,-1.25087627073827,-0.8042768878031583,-1.320323802384947,0.08711570069092253,0,0.142857142857143
-1.4964165277228496,0.029341288117683866,-0.28824408971157,1.148818752835141,0.8775366754914645,0.9858555133069462,-1.6648012624755357,-0.2558783837984661,-0.01619937117513157,-0.799219538908941,0.4384411553070408,0,0.142857142857143
1.0582919147426215,1.4377231177639476,0.9148616760410702,-1.252693696061213,0.16541097516928038,-0.9199232676037216,-1.6648012624755357,-0.8734632791404133,-0.062106799328220504,1.285197514995083,-0.4984267236692733,1,0.142857142857143
-0.14809818308829542,0.7335322029408157,-0.43863231043064965,-0.795262753414288,0.521473825330372,0.03296612285161279,-0.7735476330872681,-1.182255726811387,-0.1921778457619725,-1.4940252235436158,-0.7326436934133522,1,0.142857142857143
0.10027624881806982,0.7335322029408157,0.5639558276965503,1.0916398850042754,0.45026125529815436,1.2457344379765818,-0.37743490891470494,1.5968763022273755,-0.8272306018797028,-0.278115275432935,1.2582005494113169,0,0.142857142857143
0.5260609892289817,-1.3790405415285798,0.5639558276965503,1.5490708276511997,1.09117438558812,-1.439681116942994,-0.7240335425656976,1.4939454863370514,1.7053291845657035,-0.4518166965916037,1.1410920645392775,0,0.142857142857143
-0.9996676639101192,0.7335322029408157,0.5138264207901903,0.5770300745264856,1.4472372357492116,0.4660976639676729,0.41479053943042204,-1.456737902518919,0.9402053820142212,0.41669040920173966,1.375309034283355,0,0.142857142857143
1.2002201615462589,1.4377231177639476,0.86473226913471,0.062420264048695016,0.6638989653948091,-1.526307425166206,-1.4172308098676836,0.7734297751047793,-0.857835553981762,1.4588989361537517,0.20422418556296196,0,0.142857142857143
-0.8932214788073912,0.029341288117683866,-1.69186748308965,1.5490708276511997,0.8775366754914645,-0.4867917264876605,-0.6745194520441272,-0.49605028754255676,1.3610234734175366,1.4588989361537517,-0.38131823879723387,1,0.142857142857143
-1.4964165277228496,0.029341288117683866,-1.09031460021333,-1.1383359603994816,-1.4012655655395247,0.5527239721908851,0.9594455351676967,-0.7705324632500887,-1.4010734537933145,0.764093251519077,-1.4352946026455888,1,0.142857142857143
1.66148696365808,0.7335322029408157,1.4161557451046707,0.9772821493425442,-0.9739901453462146,1.678865979092643,0.612846901516704,-1.662599534299568,0.5423410046874505,-1.1466223812262784,1.6095260040274337,0,0.142857142857143
1.0228098530417122,-1.3790405415285798,0.5138264207901903,0.11959913187956063,-1.6149032756361803,1.678865979092643,1.0584737162108375,-0.7019119193232058,0.2821989118199465,0.41669040920173966,0.4384411553070408,0,0.142857142857143
0.13575831051897916,0.7335322029408157,-1.1905734140260502,-1.5385880352155408,-1.3300529955073064,0.37947135574446067,-1.3677167193461133,-0.3931194716522321,0.863693001759073,1.285197514995083,-2.2550539967498633,1,0.142857142857143
-0.9641856022092098,0.7335322029408157,-0.8897969725878901,-1.3098725638920785,-1.0452027153784331,1.3323607461997942,0.513818720473563,-0.7019119193232058,-1.4469808819464034,-0.6255181177502723,-1.2010776329015098,1,0.142857142857143
-1.319006219218303,-1.3790405415285798,0.16292057244567046,0.46267233886475434,-0.9739901453462146,1.678865979092643,0.8604173541245557,0.2244654236897153,-0.5364835569101395,0.24298898804307098,0.5555496401790803,0,0.142857142857143
1.66148696365808,0.029341288117683866,-0.6391499380560899,0.8629244136808131,-0.8315650052817777,0.20621873929803625,0.8109032636029858,-1.3194968146651531,-0.062106799328220504,0.764093251519077,-0.0299927841811169,1,0.142857142857143
0.10027624881806982,0.029341288117683866,1.6668027796364704,-0.05193747161303622,-1.18762785544287,-0.4867917264876605,-0.27840672787156395,0.9106708629585454,1.0090665242438546,-1.320323802384947,0.5555496401790803,0,0.142857142857143
0.49057892752807236,0.029341288117683866,-1.1905734140260502,-1.3670514317229439,0.3078361152337174,1.3323607461997942,-0.22889263734999352,-1.1479454548479453,-0.2686902260171207,0.9377946726777456,-1.2010776329015098,1,0.142857142857143
0.8099174828362563,-1.3790405415285798,0.86473226913471,1.320355356327738,-0.7603524352495592,-1.006549575826933,1.3555582593402604,0.5675681433241304,-1.6153081185077296,0.5903918303604083,1.1410920645392775,0,0.142857142857143
1.4840766551535334,0.029341288117683866,0.6642146415092705,-0.3950106785982293,0.16541097516928038,0.119592431074825,1.207015987775549,1.1851530386660774,-1.6000056424566997,1.1114960938364142,0.6726581250511197,0,0.142857142857143
1.0228098530417122,-1.3790405415285798,1.6166733727301104,-0.4521895464290949,-0.6179272951851222,-1.1798021922733573,-0.6745194520441272,1.3223941265198436,-0.9190454581858807,-1.1466223812262784,0.3213326704350014,0,0.142857142857143
-1.6028627128255777,0.7335322029408157,1.0151204898537902,-0.9667993569068848,-1.2588404254750887,0.6393502804140974,-1.7143153529971062,-1.0793249109210623,-0.14627041760888354,-0.799219538908941,-0.4984267236692733,1,0.142857142857143
-0.11261612138738611,0.7335322029408157,-1.09031460021333,-0.3950106785982293,-0.33307701505624904,1.3323607461997942,0.06819190577942931,0.7734297751047793,0.060313009080016654,0.9377946726777456,-0.7326436934133522,1,0.142857142857143
0.3131686190235258,0.7335322029408157,0.21304997935202993,0.3483146032030231,0.6638989653948091,1.0724818215301584,-0.7735476330872681,1.150842766702636,0.6418070990191431,0.5903918303604083,0.5555496401790803,0,0.142857142857143
1.2002201615462589,1.4377231177639476,0.86473226913471,1.663428563312931,-1.0452027153784331,1.1591081297533705,0.06819190577942931,-0.42742974361567365,0.9861128101673102,1.1114960938364142,1.375309034283355,0,0.142857142857143
0.20672243392079778,-1.3790405415285798,-1.4412204485578501,-0.9667993569068848,0.3790486852659359,0.8126028968605218,1.7516709835128237,1.4939454863370514,0.6112021469170839,-1.6677266447022845,-0.8497521782853916,1,0.142857142857143
-1.1415959107137563,0.7335322029408157,0.012532351726590292,-1.081157092568616,0.6638989653948091,1.7654922873158552,0.8604173541245557,0.8420503190316624,-1.0032090764665438,0.9377946726777456,0.20422418556296196,0,0.142857142857143
0.7034712977335283,-1.3790405415285798,0.26317938625839,1.663428563312931,-1.18762785544287,0.7259765886373095,0.3157623583872811,0.32739623958003955,-0.17687536971094284,1.1114960938364142,0.9068750947951986,0,0.142857142857143
0.0647941871171605,1.4377231177639476,-1.54147926237057,1.2059976206660068,-0.9739901453462146,-0.4001654182644483,-0.12986445630685256,-0.05001675201781704,1.4069309015706255,-0.10441385427426636,-0.8497521782853916,1,0.142857142857143
0.5260609892289817,1.4377231177639476,0.7143440484156305,0.46267233886475434,-1.6149032756361803,1.4189870544230063,1.4545864403834008,0.9792914068854285,-0.9266966962113955,-0.799219538908941,0.7897666099231591,0,0.142857142857143
-0.2900264298919327,0.7335322029408157,-1.29083222783877,-0.3378318107673637,1.5184498057814302,-0.05366018537159943,-1.6648012624755357,-0.7362221912866471,-0.8807892680583065,-0.6255181177502723,-0.966860663157431,1,0.142857142857143
-0.5029188000973887,0.7335322029408157,1.0151204898537902,1.6062496954820653,-0.4042895850884675,-0.22691280181802387,1.207015987775549,-0.7705324632500887,0.825436811631499,0.41669040920173966,1.6095260040274337,0,0.142857142857143
1.8034152104617172,0.029341288117683866,-1.54147926237057,1.377534224158603,-1.2588404254750887,0.119592431074825,-0.27840672787156395,-0.49605028754255676,-0.7201132695224952,0.764093251519077,-0.8497521782853916,1,0.142857142857143
1.1647380998453494,0.029341288117683866,1.6166733727301104,0.23395686754129186,1.5896623758136486,-1.526307425166206,-0.27840672787156395,-0.8048427352135302,0.7030170032232618,-0.9729209600676098,1.375309034283355,0,0.142857142857143
0.3131686190235258,1.4377231177639476,-0.83966756568153,0.5198512066956199,-1.0452027153784331,0.29284504752124846,-0.12986445630685256,1.6311865741908171,1.2462549030348142,0.24298898804307098,-0.6155352085413127,1,0.142857142857143
0.41961480412625374,-1.3790405415285798,-1.64173807618329,0.7485666780190818,-0.26186444502403056,-1.3530548087197818,0.6623609920382744,0.19015515172627376,-0.5288323188846247,-1.4940252235436158,-0.966860663157431,1,0.142857142857143
-0.7512932320037539,-0.674849626705448,0.16292057244567046,1.0344610171734099,0.16541097516928038,0.4660976639676729,-0.9220899046519793,1.219463310629519,0.8330880496570138,-0.9729209600676098,0.5555496401790803,0,0.142857142857143
-1.6738268362273963,-1.3790405415285798,0.6140852346029103,-0.1091163394439012,-0.26186444502403056,0.5527239721908851,0.16722008682257025,-1.4910481744823605,1.5523044240554071,-0.799219538908941,0.4384411553070408,0,0.142857142857143
0.3841327424253444,0.029341288117683866,-0.13785586899248986,-1.5385880352155408,1.0199618155559016,-1.006549575826933,-0.8230617236088386,-1.1479454548479453,1.2386036650092993,-1.1466223812262784,-0.966860663157431,1,0.142857142857143
1.3066663466489867,1.4377231177639476,0.5639558276965503,-1.1383359603994816,-0.8315650052817777,1.5922396708694306,0.21673417734414016,0.8763605909951039,1.1314863326520919,-1.4940252235436158,-0.0299927841811169,1,0.142857142857143
-0.8577394171064818,0.029341288117683866,1.46628515201103,0.11959913187956063,0.022985835104843415,-1.3530548087197818,0.5633328109951334,1.1165324947391944,-0.3299001302212393,0.06928756688440231,0.9068750947951986,0,0.142857142857143
-1.0706317873119378,1.4377231177639476,1.6668027796364704,-1.0239782247377505,0.0941984051370619,-0.7466706511572971,1.0089596256892672,0.293085967616598,-1.0414652665941178,-0.4518166965916037,0.7897666099231591,0,0.142857142857143
0.20672243392079778,-1.3790405415285798,-0.3383734966179301,1.4347130919894686,0.16541097516928038,-1.1798021922733573,0.7118750825598449,1.01360167884887,0.32045510194752064,0.9377946726777456,0.4384411553070408,0,0.142857142857143
-1.638344774526487,1.4377231177639476,1.4161557451046707,-0.738083885583423,1.7320875158780855,-1.1798021922733573,-1.02111808569512,-1.0793249109210623,-0.9190454581858807,0.9377946726777456,0.6726581250511197,0,0.142857142857143
-1.6028627128255777,0.029341288117683866,1.3660263381983107,1.0344610171734099,0.022985835104843415,1.678865979092643,-0.27840672787156395,1.6654968461542587,-1.5311445002270665,0.41669040920173966,1.7266344888994731,0,0.142857142857143
-0.5384008617982979,0.7335322029408157,1.7670615934491904,1.663428563312931,0.5926863953625906,-1.2664285004965694,0.6623609920382744,-1.388117358592036,-0.1921778457619725,1.6326003573124204,2.195068428387631,0,0.142857142857143
-0.5384008617982979,-0.674849626705448,-1.4412204485578501,0.8057455458499474,-1.1164152854106517,1.2457344379765818,1.107987806732408,0.15584487976283223,-0.07740927537925014,0.24298898804307098,-0.4984267236692733,1,0.142857142857143
-1.3544882809192123,-0.674849626705448,1.1655087105728703,-0.1091163394439012,-0.4755021551206852,0.03296612285161279,1.1575018972539786,-0.530360559505998,0.42757243430472813,-1.6677266447022845,0.9068750947951986,0,0.142857142857143
1.2711842849480774,0.029341288117683866,-1.24070282093241,-0.5093684142599605,-0.11943930495959357,0.8992292050837339,0.5633328109951334,0.4303270554703642,-0.5441347949356543,1.1114960938364142,-0.8497521782853916,1,0.142857142857143
0.7034712977335283,0.7335322029408157,-0.08772646208612982,1.663428563312931,0.521473825330372,-1.2664285004965694,0.612846901516704,-0.5646708314694396,1.5523044240554071,0.764093251519077,0.9068750947951986,0,0.142857142857143
-0.36099055329375135,-1.3790405415285798,0.5639558276965503,1.7206074311437967,-1.4724781355717433,-1.439681116942994,-0.5259771804794158,1.288083854556402,0.6265046229681135,-0.799219538908941,0.3213326704350014,0,0.142857142857143
-1.2125600341155751,1.4377231177639476,-1.64173807618329,-0.6809050177525574,0.5926863953625906,1.5922396708694306,1.30604416881869,0.944981134921987,1.0243690002948842,0.41669040920173966,-0.7326436934133522,1,0.142857142857143
1.0582919147426215,-0.674849626705448,0.5639558276965503,1.2631764884968724,-1.7573284157006173,-1.093175884050145,-0.37743490891470494,-0.3931194716522321,-0.605344699139773,-1.1466223812262784,0.20422418556296196,0,0.142857142857143
0.8099174828362563,0.029341288117683866,-0.28824408971157,1.0344610171734099,-0.04822673492737508,-1.6129337333894183,-0.22889263734999352,-1.593978990372685,-0.9113942201603659,0.9377946726777456,-0.0299927841811169,1,0.142857142857143
1.2002201615462589,0.029341288117683866,1.1655087105728703,0.6913878101882162,1.233599525652557,1.678865979092643,0.41479053943042204,0.2244654236897153,-0.7430669835990397,1.4588989361537517,1.9608514586435521,0,0.142857142857143
-0.07713405968647678,0.7335322029408157,-1.34096163474513,0.6913878101882162,0.16541097516928038,-1.3530548087197818,-0.8725758141304091,-1.662599534299568,1.1850449988306955,1.6326003573124204,-0.966860663157431,1,0.142857142857143
1.4131125317517148,0.029341288117683866,-1.4913498554642102,-0.9096204890760192,0.8775366754914645,0.37947135574446067,-1.466744900389254,1.3223941265198436,-1.6765180227118481,-0.278115275432935,-1.4352946026455888,1,0.142857142857143
1.3066663466489867,-1.3790405415285798,1.7169321865428304,0.46267233886475434,0.16541097516928038,1.2457344379765818,-0.7240335425656976,-0.22156811183502456,0.3510600540495799,0.5903918303604083,1.6095260040274337,0,0.142857142857143
0.02931212541625118,1.4377231177639476,0.1127911655393104,-1.481409167384675,1.233599525652557,0.37947135574446067,-1.3182026288245428,-1.388117358592036,1.7129804225912184,-0.278115275432935,-0.4984267236692733,1,0.142857142857143
0.667989236032619,0.029341288117683866,1.1655087105728703,1.320355356327738,0.3078361152337174,0.119592431074825,-0.22889263734999352,-0.5989811034328811,-1.1103264088237512,0.5903918303604083,1.6095260040274337,0,0.142857142857143
-0.07713405968647678,-1.3790405415285798,-0.5388911242433697,-1.1383359603994816,-1.1164152854106517,1.5922396708694306,-0.17937854682842302,1.01360167884887,-0.3222488921957245,-1.1466223812262784,-1.0839691480294704,1,0.142857142857143
0.20672243392079778,0.7335322029408157,-1.3910910416514901,-0.3950106785982293,-0.04822673492737508,0.5527239721908851,1.6031287119481121,0.3617065115434811,1.6670729944381295,-0.278115275432935,-0.7326436934133522,1,0.142857142857143
-1.7093088979283055,-1.3790405415285798,-1.74199688999601,-1.5957669030464063,0.3790486852659359,1.4189870544230063,-0.8725758141304091,-0.08432702398125859,1.6823754704891591,0.41669040920173966,-1.7866200572617057,1,-7.000000000000001
1.7679331487608079,0.029341288117683866,-0.18798527589884992,-0.1091163394439012,0.3790486852659359,0.119592431074825,1.2565300782971194,-1.525358446445802,-0.6512521272928619,0.06928756688440231,0.20422418556296196,0,0.142857142857143
-1.0351497256110285,0.7335322029408157,-0.7394087518688099,-0.1091163394439012,-0.19065187499181205,-0.9199232676037216,-0.3279208183931344,-1.5596687184092437,0.09091796118207594,-0.278115275432935,-0.8497521782853916,1,0.142857142857143
1.3776304700508053,1.4377231177639476,-0.7394087518688099,1.0916398850042754,0.16541097516928038,1.3323607461997942,0.26624826786571065,-1.593978990372685,-0.22278279786403177,0.06928756688440231,0.4384411553070408,0,0.142857142857143
-1.0706317873119378,0.029341288117683866,-1.29083222783877,-0.795262753414288,-0.33307701505624904,-0.22691280181802387,-0.27840672787156395,1.4253249424101682,-0.857835553981762,0.24298898804307098,-1.5524030875176282,1,0.142857142857143
0.41961480412625374,-1.3790405415285798,1.1655087105728703,1.5490708276511997,1.1623869556203386,-1.6995600416126306,0.513818720473563,-1.525358446445802,1.6058630902340107,1.1114960938364142,1.7266344888994731,0,0.142857142857143
-0.07713405968647678,0.7335322029408157,0.6642146415092705,-1.3098725638920785,-0.4042895850884675,-0.14028649359481166,-0.42694899943627485,-1.2851865427017115,1.4604895677492291,-0.4518166965916037,-0.4984267236692733,1,0.142857142857143
1.2357022232471682,-1.3790405415285798,-1.4913498554642102,-1.4242302995538094,-0.4755021551206852,1.5922396708694306,0.612846901516704,0.6361886872510134,1.7512366127187924,1.4588989361537517,-1.4352946026455888,1,0.142857142857143
0.9163636679389843,1.4377231177639476,-1.69186748308965,0.46267233886475434,1.5184498057814302,0.4660976639676729,1.30604416881869,0.7734297751047793,-0.5058786048080802,-1.4940252235436158,-0.0299927841811169,1,0.142857142857143
1.555040778555352,0.029341288117683866,0.1127911655393104,-1.1955148282303474,-1.6861158456683987,-0.22691280181802387,-0.6745194520441272,-0.015706480054375496,0.6112021469170839,0.764093251519077,-1.3181861177735492,1,0.142857142857143
1.448594593452624,1.4377231177639476,-1.29083222783877,0.23395686754129186,-0.5467147251529038,0.8126028968605218,0.5633328109951334,1.219463310629519,1.6594217564126146,0.06928756688440231,-0.6155352085413127,1,0.142857142857143
-1.106113849012847,0.7335322029408157,0.6140852346029103,-0.738083885583423,-0.6891398652173407,1.0724818215301584,-0.17937854682842302,1.0479119508123116,-0.19982908378748732,0.24298898804307098,-0.0299927841811169,1,0.142857142857143
1.0582919147426215,-1.3790405415285798,-0.23811468280520998,-0.6237261499216917,0.3078361152337174,-0.4001654182644483,0.3652764489088516,0.7391195031413377,1.4987457578768033,-0.6255181177502723,-0.38131823879723387,1,0.142857142857143
-0.5384008617982979,0.7335322029408157,-0.23811468280520998,-1.1955148282303474,1.4472372357492116,-0.4867917264876605,-1.1696603572598316,-1.593978990372685,1.7053291845657035,1.285197514995083,-0.7326436934133522,1,0.142857142857143
1.5195587168544427,0.029341288117683866,-0.5388911242433697,-1.481409167384675,-0.33307701505624904,-0.660044342934085,0.612846901516704,0.39601678350692265,1.5063969959023182,0.9377946726777456,-1.2010776329015098,1,0.142857142857143
0.24220449562170712,0.7335322029408157,0.21304997935202993,-1.3670514317229439,-1.18762785544287,1.678865979092643,-0.9220899046519793,1.6654968461542587,-1.1791875510533847,0.06928756688440231,-0.8497521782853916,1,0.142857142857143
-0.14809818308829542,0.7335322029408157,-1.3910910416514901,-0.9667993569068848,1.5184498057814302,-0.22691280181802387,-0.3279208183931344,-0.6332913753963227,-0.7354157455735248,0.764093251519077,-1.0839691480294704,1,0.142857142857143
-0.6803291086019353,-0.674849626705448,1.4161557451046707,-1.3098725638920785,1.6608749458458671,-0.5734180347108727,1.3555582593402604,0.3617065115434811,-0.15392165563439839,1.1114960938364142,1.0239835796672379,0,0.142857142857143
-0.7158111703028446,1.4377231177639476,0.3634382000711101,-1.1955148282303474,-1.6149032756361803,1.678865979092643,0.9594455351676967,1.6654968461542587,0.6418070990191431,0.41669040920173966,-0.26420975392519447,1,0.142857142857143
-0.5384008617982979,1.4377231177639476,0.9148616760410702,1.148818752835141,-0.19065187499181205,-0.660044342934085,-0.8230617236088386,-1.045014638957621,0.9172516679376768,0.5903918303604083,0.7897666099231591,0,0.142857142857143
-0.9996676639101192,0.7335322029408157,1.1655087105728703,0.17677799971042626,-1.18762785544287,0.29284504752124846,1.7516709835128237,-1.182255726811387,1.0167177622693695,0.06928756688440231,1.0239835796672379,0,0.142857142857143
1.8034152104617172,0.029341288117683866,1.0151204898537902,0.8057455458499474,-0.6891398652173407,-0.5734180347108727,1.0089596256892672,-0.11863729594469993,0.9172516679376768,-0.4518166965916037,1.0239835796672379,0,0.142857142857143
-0.7512932320037539,1.4377231177639476,-0.08772646208612982,0.17677799971042626,-0.9739901453462146,1.678865979092643,1.4545864403834008,0.7734297751047793,-0.3681563203488134,0.764093251519077,0.4384411553070408,0,0.142857142857143
-1.319006219218303,1.4377231177639476,0.86473226913471,0.17677799971042626,-1.5436907056039617,0.6393502804140974,-0.0803503657852821,-1.593978990372685,-1.1562338369768401,1.1114960938364142,0.3213326704350014,0,0.142857142857143
-1.0706317873119378,-0.674849626705448,1.7169321865428304,-0.05193747161303622,1.3048120956847755,0.37947135574446067,-0.42694899943627485,-0.7019119193232058,1.4987457578768033,0.764093251519077,1.6095260040274337,0,0.142857142857143
-0.7867752937046633,0.029341288117683866,1.46628515201103,-0.4521895464290949,0.806324105459246,1.4189870544230063,-0.12986445630685256,-0.18725783987158304,-0.35285384429778377,0.764093251519077,1.375309034283355,0,0.142857142857143
-1.6028627128255777,1.4377231177639476,-0.08772646208612982,1.7206074311437967,-1.5436907056039617,-1.6995600416126306,0.513818720473563,-0.6676016473597642,0.8177855736059841,1.4588989361537517,0.08711570069092253,0,0.142857142857143
0.49057892752807236,0.029341288117683866,-0.18798527589884992,0.062420264048695016,0.45026125529815436,1.5056133626462185,-1.6648012624755357,-0.05001675201781704,0.9784615721417954,0.06928756688440231,-0.0299927841811169,1,0.142857142857143
0.6325071743317097,-0.674849626705448,-1.29083222783877,-0.6809050177525574,-0.4755021551206852,1.0724818215301584,-0.7240335425656976,-0.9763940950307379,-1.2556999313085329,0.764093251519077,-1.3181861177735492,1,0.142857142857143
-0.5029188000973887,0.029341288117683866,-1.04018519330697,1.7206074311437967,-1.4724781355717433,-1.6995600416126306,-1.5657730814323947,-0.530360559505998,-1.4087246918188292,-1.6677266447022845,-1.0839691480294704,1,-7.000000000000001
-1.2125600341155751,1.4377231177639476,-1.74199688999601,1.4918919598203342,1.1623869556203386,1.0724818215301584,1.3555582593402604,0.7048092311778962,-0.2304340358895466,-0.4518166965916037,0.4384411553070408,0,0.142857142857143
-0.9287035405083005,-1.3790405415285798,0.8146028622283505,-0.738083885583423,0.6638989653948091,-1.6129337333894183,-0.6745194520441272,0.19015515172627376,1.3533722353920217,0.41669040920173966,-0.0299927841811169,1,0.142857142857143
-0.14809818308829542,-0.674849626705448,-1.74199688999601,-1.3670514317229439,1.3048120956847755,0.6393502804140974,-1.3182026288245428,1.1851530386660774,1.215649950932755,0.9377946726777456,-1.6695115723896663,1,0.142857142857143
0.3841327424253444,-0.674849626705448,-1.4913498554642102,-0.3378318107673637,-0.6891398652173407,-0.9199232676037216,-0.7240335425656976,1.0479119508123116,-0.773671935701099,-0.6255181177502723,-1.7866200572617057,1,0.142857142857143
0.13575831051897916,-1.3790405415285798,0.16292057244567046,-0.9667993569068848,-1.6149032756361803,-0.9199232676037216,-0.27840672787156395,0.9106708629585454,-1.4546321199719183,1.1114960938364142,-1.2010776329015098,1,0.142857142857143
0.20672243392079778,-0.674849626705448,0.3133087931647501,0.4054934710338887,-1.4724781355717433,0.6393502804140974,-0.8725758141304091,0.7391195031413377,-1.2863048834105921,0.764093251519077,-0.14710126905315632,1,0.142857142857143
-0.9641856022092098,0.7335322029408157,-1.24070282093241,0.9772821493425442,-0.7603524352495592,0.03296612285161279,-0.7240335425656976,-1.25087627073827,1.0167177622693695,0.06928756688440231,-0.7326436934133522,1,0.142857142857143
0.9518457296398936,-1.3790405415285798,-0.6391499380560899,-1.7101246387081372,0.0941984051370619,-1.526307425166206,-0.7735476330872681,0.7391195031413377,0.9325541439887064,1.285197514995083,-1.7866200572617057,1,0.142857142857143
-1.4609344660219403,-1.3790405415285798,-0.5388911242433697,1.4918919598203342,-1.4724781355717433,1.5056133626462185,1.1575018972539786,-1.25087627073827,-0.643600889267347,-1.4940252235436158,0.4384411553070408,0,0.142857142857143
-0.18358024478920476,0.7335322029408157,1.0151204898537902,1.377534224158603,-0.19065187499181205,1.4189870544230063,-0.42694899943627485,1.5968763022273755,1.5293507099788626,1.1114960938364142,1.4924175191553943,0,0.142857142857143
0.3131686190235258,-0.674849626705448,0.26317938625839,1.4918919598203342,1.233599525652557,0.6393502804140974,-1.2191744477814017,-0.8391530071769718,0.10622043723310559,0.41669040920173966,1.1410920645392775,0,0.142857142857143
-0.5738829234992073,0.7335322029408157,-1.29083222783877,0.6342089423573511,1.5896623758136486,-0.7466706511572971,-0.0803503657852821,0.46463732743380576,0.5499922427129653,-0.10441385427426636,-0.26420975392519447,1,0.142857142857143
-1.1415959107137563,1.4377231177639476,0.012532351726590292,-0.3950106785982293,1.3048120956847755,-0.05366018537159943,-1.3182026288245428,0.46463732743380576,0.04501053302898701,0.24298898804307098,-0.0299927841811169,1,0.142857142857143
0.7744354211353469,-1.3790405415285798,-1.09031460021333,0.17677799971042626,-0.26186444502403056,0.8126028968605218,-0.42694899943627485,1.288083854556402,0.6800632891467173,-1.6677266447022845,-0.7326436934133522,1,0.142857142857143
1.8034152104617172,1.4377231177639476,0.9148616760410702,-1.5957669030464063,-0.33307701505624904,1.5056133626462185,-1.2686885383029722,0.8420503190316624,0.8024830975549544,0.24298898804307098,-0.26420975392519447,1,0.142857142857143
-0.18358024478920476,1.4377231177639476,0.6642146415092705,-0.1091163394439012,0.3078361152337174,-1.439681116942994,-1.5657730814323947,0.6018784152875719,-1.3169098355126514,-0.10441385427426636,-0.14710126905315632,1,0.142857142857143
0.13575831051897916,0.7335322029408157,-1.3910910416514901,0.6342089423573511,-0.9027775753139962,1.4189870544230063,1.207015987775549,0.7391195031413377,1.3533722353920217,-0.10441385427426636,-0.38131823879723387,1,0.142857142857143
-0.5029188000973887,-1.3790405415285798,0.86473226913471,-0.5665472820908262,1.4472372357492116,-0.7466706511572971,0.8109032636029858,1.3223941265198436,1.2003474748817253,-0.799219538908941,0.7897666099231591,0,0.142857142857143
0.561543050929891,0.7335322029408157,-0.13785586899248986,-0.795262753414288,-0.9739901453462146,-1.2664285004965694,1.2565300782971194,0.293085967616598,-0.39111003442535786,0.764093251519077,-0.7326436934133522,1,0.142857142857143
1.5905228402562612,-1.3790405415285798,-1.34096163474513,-0.795262753414288,-1.6861158456683987,-0.660044342934085,0.9594455351676967,0.08722433583594913,0.175081579462739,0.24298898804307098,-1.7866200572617057,1,0.142857142857143
-1.1770779724146658,0.029341288117683866,0.5639558276965503,0.17677799971042626,1.3760246657169932,0.6393502804140974,0.16722008682257025,1.150842766702636,-0.031501847226161214,-0.4518166965916037,1.1410920645392775,0,0.142857142857143
-0.14809818308829542,0.029341288117683866,-0.6892793449624499,-1.481409167384675,-0.9739901453462146,-0.8332969593805094,-0.03083627526371163,0.8763605909951039,1.5829093761574664,-1.1466223812262784,-1.7866200572617057,1,0.142857142857143
1.448594593452624,-1.3790405415285798,-0.8897969725878901,0.11959913187956063,0.5926863953625906,0.5527239721908851,0.21673417734414016,0.9792914068854285,-1.5617494523291258,0.24298898804307098,-0.26420975392519447,1,0.142857142857143
0.7744354211353469,-0.674849626705448,1.4161557451046707,1.2059976206660068,-0.6179272951851222,-0.7466706511572971,1.7021568929912532,0.12153460779939068,-1.1715363130278698,0.764093251519077,1.6095260040274337,0,0.142857142857143
1.6260049019571707,0.7335322029408157,0.5138264207901903,1.0916398850042754,1.5896623758136486,-0.5734180347108727,0.8109032636029858,0.15584487976283223,-0.4752736527060209,-0.278115275432935,1.4924175191553943,0,0.142857142857143
-0.11261612138738611,-0.674849626705448,0.6642146415092705,1.4918919598203342,0.022985835104843415,-0.9199232676037216,-1.5657730814323947,-0.2558783837984661,1.5370019480043775,-1.4940252235436158,0.6726581250511197,0,0.142857142857143
-1.2125600341155751,1.4377231177639476,1.5665439658237503,1.6062496954820653,0.45026125529815436,1.5056133626462185,0.9099314446461262,0.19015515172627376,0.6188533849425987,0.41669040920173966,2.5463938830037494,0,0.142857142857143
1.6260049019571707,0.029341288117683866,-1.1404440071196902,-0.16629520727476682,-1.0452027153784331,-1.526307425166206,1.207015987775549,1.6654968461542587,0.8560417637335582,1.285197514995083,-1.2010776329015098,1,0.142857142857143
-1.3544882809192123,0.7335322029408157,0.5639558276965503,-1.3098725638920785,0.521473825330372,0.03296612285161279,-0.3279208183931344,1.562566030263934,1.7206316606167331,0.24298898804307098,-0.14710126905315632,1,0.142857142857143
-1.3544882809192123,1.4377231177639476,-0.18798527589884992,0.3483146032030231,-1.4724781355717433,0.4660976639676729,1.7021568929912532,-1.045014638957621,1.1467888087031215,-1.4940252235436158,0.08711570069092253,0,0.142857142857143
-1.1415959107137563,0.029341288117683866,-0.3383734966179301,1.5490708276511997,1.6608749458458671,-0.3135391100412361,1.2565300782971194,0.944981134921987,-0.9726041243644844,-1.6677266447022845,1.375309034283355,0,0.142857142857143
-0.21906230649011407,-1.3790405415285798,-1.1905734140260502,0.23395686754129186,1.0199618155559016,0.03296612285161279,-1.6648012624755357,-1.662599534299568,-0.9190454581858807,-0.10441385427426636,-0.7326436934133522,1,0.142857142857143
-0.21906230649011407,1.4377231177639476,-0.9399263794942498,-0.6237261499216917,1.233599525652557,0.8126028968605218,-1.3677167193461133,-0.22156811183502456,1.1926962368562104,-1.320323802384947,-0.7326436934133522,1,0.142857142857143
-1.2835241575173937,1.4377231177639476,-1.34096163474513,-0.738083885583423,-0.33307701505624904,1.5056133626462185,1.7516709835128237,-1.5596687184092437,-0.9802553623899992,-0.6255181177502723,-0.7326436934133522,1,0.142857142857143
0.6325071743317097,0.7335322029408157,-1.4412204485578501,-1.5957669030464063,-1.5436907056039617,-0.14028649359481166,-0.7735476330872681,0.4303270554703642,-0.3681563203488134,1.6326003573124204,-2.606379451365982,1,0.142857142857143
1.555040778555352,0.7335322029408157,0.26317938625839,-0.28065294293649806,1.233599525652557,1.4189870544230063,1.30604416881869,1.6311865741908171,0.9325541439887064,-0.10441385427426636,1.0239835796672379,0,0.142857142857143
0.34865068072443506,0.029341288117683866,0.9148616760410702,-0.9096204890760192,1.6608749458458671,-1.1798021922733573,0.6623609920382744,-0.9420838230672964,-1.1715363130278698,-0.9729209600676098,0.6726581250511197,0,0.142857142857143
-1.3544882809192123,0.029341288117683866,-0.23811468280520998,-0.5665472820908262,1.233599525652557,-1.1798021922733573,-0.22889263734999352,1.3910146704467268,-0.513529842833595,-0.4518166965916037,-0.38131823879723387,1,0.142857142857143
-1.5673806511246684,1.4377231177639476,0.9148616760410702,1.0916398850042754,1.3760246657169932,0.20621873929803625,-1.02111808569512,-0.8048427352135302,1.123835094626577,1.4588989361537517,1.4924175191553943,0,0.142857142857143
-0.11261612138738611,0.7335322029408157,0.5138264207901903,-0.4521895464290949,-0.6891398652173407,1.3323607461997942,-0.12986445630685256,-1.3538070866285945,0.4734798624578171,-0.4518166965916037,0.08711570069092253,0,0.142857142857143
0.49057892752807236,1.4377231177639476,0.8146028622283505,0.9201032815116786,-0.4755021551206852,1.1591081297533705,0.06819190577942931,-0.11863729594469993,-0.3069464161446948,1.6326003573124204,1.1410920645392775,0,0.142857142857143
-0.9287035405083005,1.4377231177639476,-1.59160866927693,-1.252693696061213,0.948749245523683,-1.6995600416126306,-0.27840672787156395,0.08722433583594913,1.039671476345914,-0.10441385427426636,-1.903728542133745,1,0.142857142857143
-0.325508491592842,1.4377231177639476,-0.6892793449624499,-0.9096204890760192,-1.7573284157006173,0.8126028968605218,1.6526428024696826,-0.9420838230672964,1.5216994719533479,0.764093251519077,-0.966860663157431,1,0.142857142857143
-0.2900264298919327,1.4377231177639476,0.9148616760410702,0.4054934710338887,1.4472372357492116,1.1591081297533705,-0.8230617236088386,-0.7705324632500887,-0.27634146404263554,0.9377946726777456,1.375309034283355,0,0.142857142857143
-0.07713405968647678,0.7335322029408157,1.7169321865428304,0.8629244136808131,-0.33307701505624904,0.37947135574446067,0.5633328109951334,-1.4224276305554775,0.5040848145598764,-0.10441385427426636,1.7266344888994731,0,0.142857142857143
0.8808816062380749,0.029341288117683866,-0.78953815877517,0.062420264048695016,-0.8315650052817777,0.4660976639676729,-0.03083627526371163,-0.4617400155791152,-1.3245610735381663,1.6326003573124204,-0.7326436934133522,1,0.142857142857143
-0.8577394171064818,0.029341288117683866,0.9148616760410702,-1.3670514317229439,0.0941984051370619,0.03296612285161279,-0.42694899943627485,1.4939454863370514,-1.0185115525175734,-1.4940252235436158,-0.14710126905315632,1,0.142857142857143
-1.2125600341155751,0.029341288117683866,1.0652498967601502,-1.3098725638920785,-1.3300529955073064,1.2457344379765818,-0.5259771804794158,-1.593978990372685,-0.3987612724508727,-0.278115275432935,-0.26420975392519447,1,0.142857142857143
-1.2835241575173937,0.7335322029408157,1.6668027796364704,1.2059976206660068,0.7351115354270276,0.8126028968605218,0.21673417734414016,1.562566030263934,-1.1944900271044143,1.1114960938364142,2.195068428387631,0,0.142857142857143
0.6325071743317097,-0.674849626705448,-1.1905734140260502,0.9772821493425442,0.8775366754914645,-0.4001654182644483,-1.6152871719539652,1.1851530386660774,-1.0950239327727216,-1.6677266447022845,-0.4984267236692733,1,0.142857142857143
-1.2480420958164844,-0.674849626705448,-0.18798527589884992,-0.9096204890760192,0.7351115354270276,1.1591081297533705,0.16722008682257025,1.6311865741908171,0.9019491918866471,-1.6677266447022845,-0.0299927841811169,1,0.142857142857143
0.7034712977335283,0.029341288117683866,-0.03759705517976976,-1.3098725638920785,1.6608749458458671,0.8126028968605218,1.6031287119481121,-0.9077735511038548,-1.3628172636657403,-0.10441385427426636,0.4384411553070408,0,0.142857142857143
1.4131125317517148,0.7335322029408157,0.6140852346029103,0.46267233886475434,-0.6179272951851222,1.1591081297533705,0.018677815257858842,-1.456737902518919,-0.11566546550682426,-1.320323802384947,0.6726581250511197,0,0.142857142857143
-1.1770779724146658,0.029341288117683866,0.4636970138838302,-0.8524416212451535,-1.18762785544287,-1.093175884050145,-1.6648012624755357,-0.35880919968879055,1.2845110931623882,0.24298898804307098,-1.0839691480294704,1,0.142857142857143
-1.1415959107137563,-1.3790405415285798,-0.23811468280520998,1.320355356327738,0.3790486852659359,-0.8332969593805094,-0.4764630899578453,-1.4224276305554775,-1.5464469762780961,-0.9729209600676098,0.3213326704350014,0,0.142857142857143
0.5970251126308004,0.7335322029408157,1.7169321865428304,0.9772821493425442,0.8775366754914645,-1.2664285004965694,1.0089596256892672,1.01360167884887,0.2056865315647983,1.6326003573124204,1.9608514586435521,0,0.142857142857143
-0.7158111703028446,-0.674849626705448,1.5665439658237503,1.4347130919894686,-1.6861158456683987,-0.14028649359481166,1.6526428024696826,-1.3538070866285945,-1.248048693283018,-0.9729209600676098,1.6095260040274337,0,0.142857142857143
-0.7512932320037539,-1.3790405415285798,0.86473226913471,0.6913878101882162,-0.26186444502403056,-0.4867917264876605,-0.3279208183931344,-0.8048427352135302,0.3434088160240651,-1.4940252235436158,0.6726581250511197,0,0.142857142857143
1.4131125317517148,0.029341288117683866,-0.78953815877517,-0.738083885583423,0.5926863953625906,1.678865979092643,0.3652764489088516,-1.4224276305554775,-0.4905761287570506,0.764093251519077,-0.26420975392519447,1,0.142857142857143
-1.0351497256110285,0.029341288117683866,-0.23811468280520998,0.6913878101882162,-0.11943930495959357,-1.3530548087197818,0.21673417734414016,0.4989475993972473,1.4145821395961402,-1.320323802384947,-0.0299927841811169,1,0.142857142857143
-1.531898589423759,0.029341288117683866,0.6140852346029103,0.6913878101882162,0.45026125529815436,-0.5734180347108727,-0.7735476330872681,0.3617065115434811,1.468140805774744,-1.1466223812262784,0.6726581250511197,0,0.142857142857143
0.561543050929891,0.029341288117683866,-1.3910910416514901,-1.1955148282303474,1.5896623758136486,0.8126028968605218,1.3555582593402604,-1.0107043669941793,0.43522367233024295,-1.1466223812262784,-0.6155352085413127,1,0.142857142857143
1.7324510870598986,-1.3790405415285798,-1.54147926237057,0.46267233886475434,-0.4042895850884675,1.5056133626462185,0.16722008682257025,1.5282557583004925,-0.6359496512418322,-1.1466223812262784,-0.6155352085413127,1,0.142857142857143
0.8453995445371656,1.4377231177639476,0.41356760697747014,0.8057455458499474,-0.9739901453462146,0.6393502804140974,0.018677815257858842,0.8420503190316624,-0.3299001302212393,-1.320323802384947,0.5555496401790803,0,0.142857142857143
1.2711842849480774,-1.3790405415285798,-0.23811468280520998,-0.795262753414288,-0.19065187499181205,0.8126028968605218,-1.6648012624755357,0.32739623958003955,0.39696748220266886,0.06928756688440231,-0.8497521782853916,1,0.142857142857143
-0.2900264298919327,-0.674849626705448,0.7143440484156305,-1.0239782247377505,0.5926863953625906,1.1591081297533705,-1.5162589909108244,1.4253249424101682,-1.209792503155444,-1.6677266447022845,0.08711570069092253,0,0.142857142857143
0.7034712977335283,0.029341288117683866,-0.8897969725878901,-1.481409167384675,-0.11943930495959357,0.8126028968605218,0.3652764489088516,0.6018784152875719,0.8942979538611323,0.9377946726777456,-1.2010776329015098,1,0.142857142857143
-1.3899703426201218,-0.674849626705448,1.0652498967601502,1.0916398850042754,1.5896623758136486,0.20621873929803625,-1.02111808569512,0.4303270554703642,0.7642269074273803,0.5903918303604083,1.6095260040274337,0,0.142857142857143
-1.4609344660219403,0.029341288117683866,0.9649910829474302,-0.22347407510563244,-1.0452027153784331,1.0724818215301584,-0.5754912710009863,1.288083854556402,1.0090665242438546,-0.9729209600676098,0.3213326704350014,0,0.142857142857143
-1.425452404321031,-0.674849626705448,1.0151204898537902,-0.16629520727476682,0.521473825330372,-0.8332969593805094,0.7118750825598449,-0.22156811183502456,1.5216994719533479,1.285197514995083,0.7897666099231591,0,0.142857142857143
-0.43195467669557,0.7335322029408157,-0.28824408971157,0.005241396217829401,1.0199618155559016,0.37947135574446067,-1.02111808569512,0.32739623958003955,-0.6589033653183767,0.06928756688440231,-0.0299927841811169,1,0.142857142857143
0.17124037221988847,0.7335322029408157,-0.9900557864006099,-0.738083885583423,0.806324105459246,-1.6995600416126306,-0.27840672787156395,1.4596352143736098,0.9172516679376768,0.9377946726777456,-1.2010776329015098,1,0.142857142857143
-0.7158111703028446,1.4377231177639476,1.0151204898537902,1.5490708276511997,0.8775366754914645,0.8126028968605218,1.1575018972539786,-0.15294756790814149,-1.163885075002355,-1.6677266447022845,2.195068428387631,0,0.142857142857143
0.667989236032619,0.7335322029408157,-0.8897969725878901,0.062420264048695016,0.16541097516928038,-0.4867917264876605,-0.4764630899578453,1.150842766702636,-0.5211810808591099,0.41669040920173966,-0.7326436934133522,1,0.142857142857143
0.20672243392079778,1.4377231177639476,-0.5890205311497297,-0.5093684142599605,0.022985835104843415,1.5922396708694306,1.30604416881869,-1.3538070866285945,-0.643600889267347,-0.799219538908941,-0.0299927841811169,1,0.142857142857143
-0.5029188000973887,-1.3790405415285798,1.2657675243855906,0.6342089423573511,1.233599525652557,1.2457344379765818,0.8604173541245557,-0.18725783987158304,-0.05445556130270568,-0.278115275432935,2.0779599435155913,0,0.142857142857143
-0.7158111703028446,1.4377231177639476,-0.28824408971157,0.7485666780190818,-0.4042895850884675,0.03296612285161279,-0.22889263734999352,0.8420503190316624,-1.0414652665941178,-1.4940252235436158,-0.0299927841811169,1,0.142857142857143
-1.531898589423759,0.7335322029408157,0.06266175863295034,-1.1383359603994816,-1.4724781355717433,-1.6129337333894183,-1.1201462667382611,1.3567043984832852,-0.7583694596500694,-0.10441385427426636,-1.6695115723896663,1,0.142857142857143
-0.4674367383964793,-0.674849626705448,0.06266175863295034,0.3483146032030231,-0.9027775753139962,-1.526307425166206,-0.37743490891470494,-0.9077735511038548,1.3610234734175366,-0.4518166965916037,-0.4984267236692733,1,0.142857142857143
-1.425452404321031,-1.3790405415285798,-0.23811468280520998,0.11959913187956063,0.7351115354270276,0.7259765886373095,-1.1201462667382611,0.018603791909066046,-0.6129959371652878,-1.6677266447022845,-0.0299927841811169,1,0.142857142857143
-0.5384008617982979,1.4377231177639476,0.1127911655393104,-1.3098725638920785,0.3790486852659359,-1.2664285004965694,-0.5259771804794158,-1.2165659987748283,0.4658286244323023,1.1114960938364142,-0.8497521782853916,1,0.142857142857143
0.7744354211353469,1.4377231177639476,-0.3885029035242901,1.377534224158603,-1.0452027153784331,0.03296612285161279,-0.27840672787156395,-1.6282892623361265,-1.5617494523291258,0.06928756688440231,-0.0299927841811169,1,0.142857142857143
-0.8577394171064818,0.029341288117683866,-0.08772646208612982,0.23395686754129186,0.45026125529815436,0.7259765886373095,-0.8230617236088386,-1.662599534299568,-0.4982273667825654,-0.278115275432935,0.20422418556296196,0,0.142857142857143
0.24220449562170712,-1.3790405415285798,-0.08772646208612982,1.2631764884968724,-1.0452027153784331,-1.2664285004965694,-0.7240335425656976,0.12153460779939068,1.468140805774744,1.4588989361537517,-0.14710126905315632,1,0.142857142857143
-1.0706317873119378,-0.674849626705448,-0.3383734966179301,-0.05193747161303622,-1.6861158456683987,-0.3135391100412361,0.513818720473563,-1.6282892623361265,1.2462549030348142,0.9377946726777456,-0.7326436934133522,1,0.142857142857143
0.5970251126308004,0.7335322029408157,-1.09031460021333,0.8629244136808131,1.233599525652557,0.20621873929803625,1.7021568929912532,-0.15294756790814149,0.8560417637335582,0.41669040920173966,0.5555496401790803,0,0.142857142857143
1.0582919147426215,0.7335322029408157,1.7670615934491904,0.23395686754129186,-0.6179272951851222,-0.9199232676037216,-0.4764630899578453,-0.42742974361567365,-1.2403974552575032,-1.1466223812262784,0.9068750947951986,0,0.142857142857143
0.3841327424253444,0.7335322029408157,-1.59160866927693,-0.5093684142599605,1.5184498057814302,-0.4001654182644483,1.1575018972539786,1.1851530386660774,1.3151160452644475,-1.4940252235436158,-0.7326436934133522,1,0.142857142857143
0.41961480412625374,-1.3790405415285798,0.3133087931647501,-0.22347407510563244,0.16541097516928038,0.119592431074825,-0.4764630899578453,0.6361886872510134,-0.09271175143027979,-1.320323802384947,0.08711570069092253,0,0.142857142857143
1.2002201615462589,0.7335322029408157,0.86473226913471,-1.1383359603994816,-1.0452027153784331,1.4189870544230063,0.8604173541245557,1.4253249424101682,-0.04680432327719086,-1.320323802384947,0.20422418556296196,0,0.142857142857143
-0.9996676639101192,-0.674849626705448,1.3660263381983107,0.2911357353721575,0.521473825330372,-1.1798021922733573,-0.0803503657852821,0.7734297751047793,-1.2786536453850772,0.9377946726777456,1.0239835796672379,0,0.142857142857143
-1.4609344660219403,0.029341288117683866,-1.09031460021333,0.3483146032030231,1.3048120956847755,1.3323607461997942,0.8109032636029858,0.8763605909951039,0.8789954778101027,1.1114960938364142,0.3213326704350014,0,0.142857142857143
1.448594593452624,-0.674849626705448,-1.29083222783877,-0.16629520727476682,-0.11943930495959357,1.5922396708694306,-0.22889263734999352,0.19015515172627376,0.1368253893351649,-1.320323802384947,-0.7326436934133522,1,0.142857142857143
-0.3964726149946607,0.029341288117683866,0.5138264207901903,-0.6237261499216917,-0.8315650052817777,-1.006549575826933,0.7118750825598449,-0.9420838230672964,1.0320202383203991,-0.6255181177502723,-0.26420975392519447,1,0.142857142857143
-0.9641856022092098,-0.674849626705448,0.5639558276965503,1.0916398850042754,1.0199618155559016,0.8992292050837339,-1.0706321762166906,-1.388117358592036,1.039671476345914,1.6326003573124204,1.2582005494113169,0,0.142857142857143
0.9518457296398936,-1.3790405415285798,-0.23811468280520998,-1.5957669030464063,-0.8315650052817777,-1.6129337333894183,1.3555582593402604,-0.8734632791404133,-1.6535643086353036,0.5903918303604083,-1.3181861177735492,1,0.142857142857143
0.02931212541625118,-1.3790405415285798,1.4161557451046707,1.320355356327738,-0.6179272951851222,1.4189870544230063,1.7516709835128237,1.150842766702636,0.2821989118199465,-0.4518166965916037,2.195068428387631,0,0.142857142857143
0.9163636679389843,-1.3790405415285798,0.26317938625839,-1.481409167384675,-1.4012655655395247,1.7654922873158552,-0.5754912710009863,0.8763605909951039,-1.2250949792064736,-0.10441385427426636,-0.8497521782853916,1,0.142857142857143
0.6325071743317097,1.4377231177639476,-0.08772646208612982,0.23395686754129186,-0.6891398652173407,-0.5734180347108727,1.6031287119481121,1.3567043984832852,1.4069309015706255,1.4588989361537517,0.08711570069092253,0,0.142857142857143
0.17124037221988847,0.029341288117683866,-1.69186748308965,-1.4242302995538094,-0.6179272951851222,-1.6129337333894183,-1.6648012624755357,1.4596352143736098,1.6211655662850404,-1.1466223812262784,-2.84059642111006,1,-7.000000000000001
-0.6093649852001166,0.029341288117683866,-1.74199688999601,1.4918919598203342,-0.26186444502403056,-0.3135391100412361,-0.37743490891470494,-1.456737902518919,-1.469934596022948,1.4588989361537517,-0.7326436934133522,1,0.142857142857143
-0.21906230649011407,-0.674849626705448,0.7644734553219905,-0.3950106785982293,-0.9739901453462146,0.37947135574446067,1.5041005309049713,1.4939454863370514,-0.2916439400936652,-0.9729209600676098,0.4384411553070408,0,0.142857142857143
0.49057892752807236,0.029341288117683866,-0.08772646208612982,-0.16629520727476682,0.022985835104843415,1.2457344379765818,-0.12986445630685256,1.5282557583004925,-1.58470316640567,0.06928756688440231,0.08711570069092253,0,0.142857142857143
-0.6093649852001166,0.029341288117683866,1.1655087105728703,-0.4521895464290949,1.3048120956847755,-1.3530548087197818,1.5041005309049713,0.46463732743380576,0.9325541439887064,-0.278115275432935,1.1410920645392775,0,0.142857142857143
0.34865068072443506,-1.3790405415285798,0.5138264207901903,-0.738083885583423,-1.18762785544287,0.4660976639676729,0.3652764489088516,-1.0793249109210623,1.4145821395961402,1.285197514995083,-0.26420975392519447,1,0.142857142857143
-0.07713405968647678,-1.3790405415285798,1.2156381174792303,-1.1383359603994816,-1.6861158456683987,0.9858555133069462,0.41479053943042204,0.7048092311778962,0.3587112920750947,-0.4518166965916037,-0.0299927841811169,1,0.142857142857143
-1.0351497256110285,0.029341288117683866,0.5138264207901903,1.5490708276511997,1.3760246657169932,0.29284504752124846,1.1575018972539786,0.4989475993972473,1.6594217564126146,0.06928756688440231,1.9608514586435521,0,0.142857142857143
0.8099174828362563,0.7335322029408157,-0.4887617173370097,-1.5385880352155408,-1.6149032756361803,-0.22691280181802387,-1.4172308098676836,0.39601678350692265,-0.8042768878031583,0.9377946726777456,-2.0208370270057845,1,0.142857142857143
-0.11261612138738611,0.029341288117683866,-0.9900557864006099,1.2631764884968724,1.3760246657169932,-1.006549575826933,0.8604173541245557,-0.7019119193232058,-1.1332801229002956,-1.320323802384947,0.4384411553070408,0,0.142857142857143
0.0647941871171605,0.7335322029408157,-0.9900557864006099,0.6342089423573511,0.3790486852659359,0.4660976639676729,1.5536146214265418,0.9792914068854285,1.1085326185755473,1.6326003573124204,0.20422418556296196,0,0.142857142857143
0.13575831051897916,0.7335322029408157,1.1153793036665103,1.2059976206660068,1.5896623758136486,-1.439681116942994,-0.37743490891470494,-1.456737902518919,1.0932301425245177,-1.4940252235436158,1.4924175191553943,0,0.142857142857143
-1.0351497256110285,-0.674849626705448,-0.78953815877517,-1.3670514317229439,-1.18762785544287,-1.1798021922733573,1.6526428024696826,0.9106708629585454,0.5729459567895098,-0.4518166965916037,-1.5524030875176282,1,0.142857142857143
-0.325508491592842,0.7335322029408157,-0.78953815877517,1.0344610171734099,-0.6179272951851222,-0.660044342934085,-0.9220899046519793,-1.25087627073827,-1.3934222157677996,1.1114960938364142,-0.6155352085413127,1,0.142857142857143
-0.4674367383964793,1.4377231177639476,-0.6892793449624499,1.663428563312931,-1.1164152854106517,1.4189870544230063,0.9594455351676967,-1.4224276305554775,0.9402053820142212,-1.4940252235436158,0.5555496401790803,0,0.142857142857143
-0.6448470469010259,0.029341288117683866,0.21304997935202993,1.0344610171734099,-1.2588404254750887,0.29284504752124846,0.018677815257858842,-1.2165659987748283,1.0243690002948842,0.24298898804307098,0.3213326704350014,0,0.142857142857143
0.3841327424253444,-1.3790405415285798,-0.18798527589884992,1.663428563312931,-0.33307701505624904,0.8126028968605218,-0.7240335425656976,-0.4617400155791152,0.43522367233024295,0.41669040920173966,0.5555496401790803,0,0.142857142857143
1.4131125317517148,-0.674849626705448,0.6140852346029103,0.9772821493425442,1.3048120956847755,-0.5734180347108727,0.16722008682257025,1.1851530386660774,0.8866467158356175,-0.278115275432935,1.2582005494113169,0,0.142857142857143
-0.325508491592842,0.7335322029408157,-1.69186748308965,0.062420264048695016,-0.04822673492737508,0.5527239721908851,0.21673417734414016,0.6704989592144546,1.7053291845657035,-0.6255181177502723,-0.966860663157431,1,0.142857142857143
1.7679331487608079,-0.674849626705448,-1.29083222783877,0.6913878101882162,-0.26186444502403056,0.119592431074825,1.405072349861831,1.3567043984832852,0.060313009080016654,-0.799219538908941,-0.26420975392519447,1,0.142857142857143
1.2002201615462589,1.4377231177639476,0.3133087931647501,-0.05193747161303622,0.521473825330372,-0.9199232676037216,0.21673417734414016,-0.42742974361567365,-0.4676224146805061,-0.799219538908941,0.20422418556296196,0,0.142857142857143
0.49057892752807236,0.7335322029408157,-1.1404440071196902,1.2059976206660068,0.022985835104843415,-0.3135391100412361,1.405072349861831,0.3617065115434811,1.5370019480043775,-0.4518166965916037,0.08711570069092253,0,0.142857142857143
0.8099174828362563,-1.3790405415285798,1.0151204898537902,-0.8524416212451535,1.5896623758136486,1.4189870544230063,-0.5259771804794158,0.8077400470682208,0.9784615721417954,-0.9729209600676098,0.9068750947951986,0,0.142857142857143
0.455096865827163,0.7335322029408157,0.6140852346029103,-0.9667993569068848,-0.9739901453462146,1.3323607461997942,-0.8725758141304091,-0.8048427352135302,-1.592354404431185,0.41669040920173966,-0.26420975392519447,1,0.142857142857143
-0.2545443681910234,-0.674849626705448,-1.54147926237057,-0.3950106785982293,-0.9027775753139962,-0.7466706511572971,0.21673417734414016,-1.0107043669941793,1.4298846156471698,-0.4518166965916037,-1.6695115723896663,1,0.142857142857143
1.4840766551535334,1.4377231177639476,1.5665439658237503,0.4054934710338887,1.5184498057814302,0.9858555133069462,0.3157623583872811,-1.662599534299568,-0.4982273667825654,0.9377946726777456,2.0779599435155913,0,0.142857142857143
-1.6738268362273963,-0.674849626705448,0.06266175863295034,0.6913878101882162,1.5896623758136486,-0.4001654182644483,0.7613891730814153,-0.05001675201781704,-0.38345879639984304,0.9377946726777456,1.0239835796672379,0,0.142857142857143
0.20672243392079778,-1.3790405415285798,0.06266175863295034,0.4054934710338887,1.5184498057814302,0.03296612285161279,0.018677815257858842,-1.525358446445802,-0.31459765417020963,-1.6677266447022845,0.7897666099231591,0,0.142857142857143
0.27768655732261643,0.7335322029408157,1.5164145589173903,1.7206074311437967,1.09117438558812,0.8992292050837339,-0.9716039951735497,-0.530360559505998,-0.6206471751908026,-1.6677266447022845,2.3121769132596706,0,0.142857142857143
1.0228098530417122,-1.3790405415285798,0.41356760697747014,-0.738083885583423,-1.1164152854106517,-0.4001654182644483,1.0584737162108375,-0.35880919968879055,-0.6282984132163174,-0.6255181177502723,-0.26420975392519447,1,0.142857142857143
-0.21906230649011407,-1.3790405415285798,-0.9900557864006099,0.17677799971042626,1.3048120956847755,1.1591081297533705,1.5041005309049713,-0.42742974361567365,-0.9113942201603659,-0.9729209600676098,0.4384411553070408,0,0.142857142857143
0.5260609892289817,0.029341288117683866,0.1127911655393104,0.9772821493425442,-0.9027775753139962,-0.4867917264876605,-1.6152871719539652,1.5968763022273755,-1.209792503155444,-0.4518166965916037,-0.14710126905315632,1,0.142857142857143
1.2002201615462589,0.7335322029408157,0.3634382000711101,0.5198512066956199,-1.0452027153784331,-0.660044342934085,0.41479053943042204,0.3617065115434811,0.175081579462739,-1.1466223812262784,0.08711570069092253,0,0.142857142857143
1.3066663466489867,-0.674849626705448,1.46628515201103,-0.5665472820908262,-0.11943930495959357,0.6393502804140974,0.16722008682257025,-0.49605028754255676,-0.2533877499660911,0.5903918303604083,0.9068750947951986,0,0.142857142857143
1.2002201615462589,-0.674849626705448,-0.78953815877517,-1.1955148282303474,-0.6179272951851222,1.2457344379765818,-1.4172308098676836,1.6998071181177001,-0.94965041028794,0.24298898804307098,-1.4352946026455888,1,0.142857142857143
0.8099174828362563,-0.674849626705448,1.5164145589173903,-1.481409167384675,-1.4012655655395247,-1.093175884050145,0.3652764489088516,-1.182255726811387,-0.605344699139773,0.41669040920173966,-0.26420975392519447,1,0.142857142857143
-0.8577394171064818,-0.674849626705448,-1.09031460021333,-1.7101246387081372,-1.5436907056039617,1.4189870544230063,0.513818720473563,-0.7705324632500887,-0.07740927537925014,-1.320323802384947,-1.7866200572617057,1,0.142857142857143
-0.8932214788073912,1.4377231177639476,-1.34096163474513,1.4918919598203342,1.0199618155559016,-0.14028649359481166,1.30604416881869,-0.8391530071769718,-0.35285384429778377,-1.4940252235436158,0.4384411553070408,0,0.142857142857143
1.342148408349896,-0.674849626705448,1.4161557451046707,1.4347130919894686,-0.6179272951851222,0.7259765886373095,-0.7735476330872681,-1.045014638957621,-0.48292489073153577,-1.320323802384947,1.4924175191553943,0,0.142857142857143
-0.9996676639101192,-1.3790405415285798,1.2657675243855906,1.0916398850042754,-1.1164152854106517,-0.05366018537159943,-1.3182026288245428,0.6361886872510134,0.22098900761582793,0.5903918303604083,0.7897666099231591,0,0.142857142857143
0.10027624881806982,-1.3790405415285798,-1.1404440071196902,-1.3098725638920785,0.16541097516928038,1.4189870544230063,-0.5259771804794158,0.8077400470682208,-0.9955578384410289,1.285197514995083,-1.2010776329015098,1,0.142857142857143
-0.9996676639101192,0.7335322029408157,1.3158969312919506,0.062420264048695016,0.7351115354270276,-0.3135391100412361,0.21673417734414016,1.5282557583004925,-0.1615728936599132,0.06928756688440231,1.1410920645392775,0,0.142857142857143
0.41961480412625374,1.4377231177639476,-1.3910910416514901,-1.4242302995538094,-0.4755021551206852,-1.3530548087197818,0.3157623583872811,-0.9077735511038548,-1.2403974552575032,0.9377946726777456,-2.0208370270057845,1,0.142857142857143
-1.6738268362273963,-1.3790405415285798,0.7143440484156305,0.4054934710338887,1.3048120956847755,-0.9199232676037216,1.30604416881869,1.01360167884887,1.728282898642248,-0.278115275432935,1.2582005494113169,0,0.142857142857143
1.6260049019571707,-0.674849626705448,-0.23811468280520998,-0.5093684142599605,-1.5436907056039617,-1.526307425166206,0.6623609920382744,-0.11863729594469993,-1.3857709777422849,-0.9729209600676098,-1.0839691480294704,1,0.142857142857143
-1.7093088979283055,-1.3790405415285798,-1.24070282093241,0.6342089423573511,1.4472372357492116,0.8992292050837339,-1.466744900389254,1.3910146704467268,-0.10036298945579462,-0.4518166965916037,-0.26420975392519447,1,0.142857142857143
0.455096865827163,-1.3790405415285798,-0.5890205311497297,-0.9667993569068848,-1.4724781355717433,-0.05366018537159943,-0.03083627526371163,1.1851530386660774,1.1085326185755473,0.5903918303604083,-1.4352946026455888,1,0.142857142857143
0.8099174828362563,1.4377231177639476,0.26317938625839,0.9201032815116786,1.0199618155559016,-0.7466706511572971,-1.02111808569512,-1.6282892623361265,-0.18452660773645765,1.1114960938364142,0.5555496401790803,0,0.142857142857143
-0.9287035405083005,-1.3790405415285798,0.3634382000711101,1.4918919598203342,-0.6179272951851222,-0.8332969593805094,0.5633328109951334,0.4303270554703642,1.2768598551368735,1.1114960938364142,0.7897666099231591,0,0.142857142857143
-1.2480420958164844,1.4377231177639476,-0.9399263794942498,-0.9096204890760192,0.0941984051370619,0.9858555133069462,-1.5657730814323947,0.6704989592144546,1.514048233927833,1.4588989361537517,-1.3181861177735492,1,0.142857142857143
-1.0351497256110285,0.7335322029408157,0.6642146415092705,1.4918919598203342,-1.6149032756361803,-0.5734180347108727,-0.17937854682842302,1.3910146704467268,-1.3092585974871367,-1.6677266447022845,0.5555496401790803,0,0.142857142857143
1.7679331487608079,0.7335322029408157,-0.28824408971157,0.6342089423573511,0.5926863953625906,-1.439681116942994,-0.3279208183931344,-1.0793249109210623,-0.2610389879916059,0.9377946726777456,-0.0299927841811169,1,0.142857142857143
1.5195587168544427,0.7335322029408157,-0.28824408971157,-1.1383359603994816,1.3760246657169932,0.20621873929803625,-0.9220899046519793,0.018603791909066046,-0.38345879639984304,-0.278115275432935,-0.4984267236692733,1,0.142857142857143
-0.14809818308829542,-0.674849626705448,1.3660263381983107,1.4918919598203342,1.5184498057814302,0.4660976639676729,0.4643046299519925,-0.324498927725349,0.06796424710553148,1.285197514995083,2.42928539813171,0,0.142857142857143
0.7034712977335283,1.4377231177639476,-0.23811468280520998,0.8057455458499474,1.1623869556203386,-1.1798021922733573,1.1575018972539786,0.15584487976283223,-0.7583694596500694,0.5903918303604083,0.6726581250511197,0,0.142857142857143
-1.6028627128255777,1.4377231177639476,1.46628515201103,-0.8524416212451535,1.233599525652557,-0.05366018537159943,0.06819190577942931,-0.6332913753963227,-0.06975803735373533,-0.799219538908941,1.0239835796672379,0,0.142857142857143
0.49057892752807236,0.029341288117683866,1.1655087105728703,0.7485666780190818,0.7351115354270276,-0.5734180347108727,-0.9220899046519793,-0.9763940950307379,1.4910945198512884,-0.799219538908941,1.1410920645392775,0,0.142857142857143
-0.5029188000973887,-1.3790405415285798,-0.3383734966179301,0.9772821493425442,-0.8315650052817777,1.7654922873158552,-1.6152871719539652,0.3617065115434811,-1.0261627905430881,0.5903918303604083,-0.0299927841811169,1,0.142857142857143
1.6969690253589893,-0.674849626705448,-1.34096163474513,1.4918919598203342,-1.1164152854106517,0.4660976639676729,-0.9220899046519793,-0.6332913753963227,0.26689643576891686,-1.4940252235436158,-0.6155352085413127,1,0.142857142857143
-0.8577394171064818,-0.674849626705448,1.4161557451046707,-1.4242302995538094,-0.33307701505624904,-1.3530548087197818,-1.6648012624755357,0.5675681433241304,-0.8042768878031583,0.9377946726777456,-0.4984267236692733,1,0.142857142857143
1.7324510870598986,-0.674849626705448,-0.9399263794942498,-1.652945770877272,1.233599525652557,1.678865979092643,-1.2686885383029722,-0.9077735511038548,-1.202141265129929,-1.4940252235436158,-1.0839691480294704,1,-7.000000000000001
0.9518457296398936,-1.3790405415285798,-0.28824408971157,-1.5385880352155408,-1.6149032756361803,0.29284504752124846,-0.3279208183931344,-1.593978990372685,0.9555078580652508,0.9377946726777456,-1.5524030875176282,1,0.142857142857143
-1.531898589423759,-1.3790405415285798,1.0151204898537902,-0.6809050177525574,-1.6149032756361803,0.37947135574446067,-0.3279208183931344,1.6311865741908171,-0.6971595554459508,0.764093251519077,-0.14710126905315632,1,0.142857142857143
0.8099174828362563,0.7335322029408157,-0.23811468280520998,1.148818752835141,1.09117438558812,-0.9199232676037216,-0.9220899046519793,1.1165324947391944,0.7948318595294396,0.9377946726777456,0.3213326704350014,0,0.142857142857143
-0.4674367383964793,0.7335322029408157,-1.54147926237057,0.46267233886475434,-0.7603524352495592,-0.7466706511572971,-0.5754912710009863,0.5675681433241304,-0.31459765417020963,-0.9729209600676098,-1.4352946026455888,1,0.142857142857143
-0.7158111703028446,0.029341288117683866,-0.03759705517976976,0.6913878101882162,0.2366235452014989,-0.9199232676037216,-0.9716039951735497,-0.6676016473597642,0.6877145271722321,1.6326003573124204,-0.0299927841811169,1,0.142857142857143
-0.7158111703028446,0.7335322029408157,0.8146028622283505,-0.5093684142599605,-0.33307701505624904,-1.2664285004965694,-1.1201462667382611,1.150842766702636,-1.462283357997433,0.41669040920173966,-0.26420975392519447,1,0.142857142857143
-1.0706317873119378,-0.674849626705448,-1.04018519330697,0.46267233886475434,-0.8315650052817777,1.3323607461997942,1.405072349861831,-0.6676016473597642,0.0756154851310463,1.4588989361537517,-0.14710126905315632,1,0.142857142857143
-1.0706317873119378,0.7335322029408157,0.6140852346029103,1.148818752835141,0.6638989653948091,1.1591081297533705,-0.3279208183931344,-1.1479454548479453,-0.72776450754801,0.06928756688440231,1.375309034283355,0,0.142857142857143
-0.43195467669557,-0.674849626705448,-1.64173807618329,1.663428563312931,-1.6149032756361803,-0.14028649359481166,0.018677815257858842,-1.2851865427017115,-0.4752736527060209,-1.320323802384947,-0.8497521782853916,1,0.142857142857143
0.27768655732261643,1.4377231177639476,1.3158969312919506,-0.738083885583423,-0.11943930495959357,0.4660976639676729,-0.27840672787156395,-0.22156811183502456,0.7259707172998062,1.1114960938364142,0.5555496401790803,0,0.142857142857143
1.66148696365808,1.4377231177639476,-0.23811468280520998,-0.738083885583423,-1.3300529955073064,-1.3530548087197818,0.3652764489088516,0.08722433583594913,1.338069759340992,1.1114960938364142,-1.2010776329015098,1,0.142857142857143
1.6969690253589893,0.029341288117683866,1.7169321865428304,-0.6809050177525574,-0.9739901453462146,0.9858555133069462,-0.8230617236088386,1.288083854556402,-0.8654867920072769,1.4588989361537517,0.5555496401790803,0,0.142857142857143
-0.8222573554055725,0.029341288117683866,1.7169321865428304,0.5770300745264856,1.233599525652557,-0.5734180347108727,0.612846901516704,0.32739623958003955,1.7512366127187924,1.1114960938364142,1.9608514586435521,0,0.142857142857143
-1.1770779724146658,-0.674849626705448,0.26317938625839,-0.22347407510563244,-0.7603524352495592,0.9858555133069462,-0.9220899046519793,0.6704989592144546,0.5729459567895098,-1.6677266447022845,-0.14710126905315632,1,0.142857142857143
0.9873277913408028,-1.3790405415285798,0.5639558276965503,-0.8524416212451535,0.5926863953625906,-1.006549575826933,-1.2686885383029722,0.7048092311778962,0.4734798624578171,-0.278115275432935,-0.38131823879723387,1,0.142857142857143
1.0937739764435308,-0.674849626705448,-1.09031460021333,0.3483146032030231,-0.26186444502403056,-1.2664285004965694,-1.6152871719539652,0.4303270554703642,0.03735929500347219,0.9377946726777456,-1.3181861177735492,1,0.142857142857143
-1.0351497256110285,0.7335322029408157,0.9649910829474302,0.5770300745264856,0.806324105459246,0.03296612285161279,0.4643046299519925,1.0822222227757532,-0.20748032181300213,0.764093251519077,1.375309034283355,0,0.142857142857143
-1.319006219218303,1.4377231177639476,0.26317938625839,0.23395686754129186,0.022985835104843415,-1.439681116942994,-1.4172308098676836,0.3617065115434811,1.3533722353920217,-1.4940252235436158,-0.26420975392519447,1,0.142857142857143
0.3131686190235258,0.7335322029408157,-1.1905734140260502,1.2059976206660068,1.803300085910304,0.8126028968605218,1.0089596256892672,1.6998071181177001,1.6747242324636442,-1.6677266447022845,0.7897666099231591,0,0.142857142857143
-0.14809818308829542,0.7335322029408157,0.41356760697747014,0.2911357353721575,-0.8315650052817777,0.8992292050837339,-1.4172308098676836,1.4596352143736098,-0.5517860329611691,-0.4518166965916037,-0.0299927841811169,1,0.142857142857143
1.0228098530417122,0.7335322029408157,-0.5890205311497297,0.5770300745264856,0.2366235452014989,-0.4867917264876605,-1.2686885383029722,-1.388117358592036,-0.3987612724508727,0.764093251519077,-0.4984267236692733,1,0.142857142857143
-0.18358024478920476,-0.674849626705448,-0.6391499380560899,1.377534224158603,0.521473825330372,-0.660044342934085,-0.6745194520441272,1.3567043984832852,0.18273281748825382,-1.320323802384947,0.08711570069092253,0,0.142857142857143
-1.1415959107137563,0.7335322029408157,-0.83966756568153,-1.652945770877272,0.16541097516928038,1.2457344379765818,1.6031287119481121,0.2587756956531565,-0.15392165563439839,-0.799219538908941,-0.7326436934133522,1,0.142857142857143
-0.8577394171064818,-0.674849626705448,0.3634382000711101,-0.3950106785982293,-0.9027775753139962,-1.3530548087197818,-0.6250053615225567,-1.3538070866285945,-1.117977646849266,-0.6255181177502723,-0.6155352085413127,1,0.142857142857143
0.17124037221988847,0.029341288117683866,0.1127911655393104,1.2631764884968724,1.803300085910304,0.29284504752124846,1.107987806732408,-0.5646708314694396,-0.8425330779307324,-1.6677266447022845,1.6095260040274337,0,0.142857142857143
1.12925603814444,-0.674849626705448,0.6140852346029103,0.6342089423573511,-0.6179272951851222,-1.2664285004965694,0.4643046299519925,-1.25087627073827,1.0932301425245177,0.24298898804307098,0.4384411553070408,0,0.142857142857143
1.2357022232471682,1.4377231177639476,-0.83966756568153,1.0344610171734099,-0.26186444502403056,1.7654922873158552,-1.4172308098676836,0.9792914068854285,1.3457209973665067,1.6326003573124204,-0.14710126905315632,1,0.142857142857143
0.13575831051897916,1.4377231177639476,1.2156381174792303,-1.0239782247377505,-1.3300529955073064,1.678865979092643,-1.3182026288245428,-0.05001675201781704,0.5958996708660542,0.41669040920173966,-0.0299927841811169,1,0.142857142857143
-0.7512932320037539,-1.3790405415285798,-1.4412204485578501,-1.5385880352155408,-1.4012655655395247,0.29284504752124846,0.16722008682257025,-0.9077735511038548,-0.513529842833595,-0.10441385427426636,-2.137945511877824,1,0.142857142857143
-0.7867752937046633,0.029341288117683866,-1.59160866927693,0.005241396217829401,0.6638989653948091,-0.8332969593805094,-0.6250053615225567,0.39601678350692265,-1.1944900271044143,-1.320323802384947,-1.2010776329015098,1,0.142857142857143
0.8099174828362563,0.029341288117683866,-1.29083222783877,1.377534224158603,-1.4724781355717433,1.4189870544230063,1.7516709835128237,0.7048092311778962,1.0473227143714288,0.5903918303604083,-0.0299927841811169,1,0.142857142857143
-1.319006219218303,0.029341288117683866,1.5665439658237503,0.11959913187956063,0.8775366754914645,1.5056133626462185,1.6526428024696826,1.150842766702636,-1.2786536453850772,1.6326003573124204,2.195068428387631,0,0.142857142857143
-1.6028627128255777,0.029341288117683866,1.5164145589173903,0.6342089423573511,-0.6891398652173407,-0.4001654182644483,0.21673417734414016,1.01360167884887,-1.4775858340484627,0.06928756688440231,1.1410920645392775,0,0.142857142857143
0.27768655732261643,-0.674849626705448,1.1153793036665103,-0.1091163394439012,-1.4724781355717433,-1.093175884050145,-1.5162589909108244,0.018603791909066046,-0.10036298945579462,0.5903918303604083,-0.38131823879723387,1,0.142857142857143
-0.6803291086019353,0.7335322029408157,-0.3383734966179301,-1.3098725638920785,1.3760246657169932,-0.22691280181802387,-0.37743490891470494,0.5675681433241304,-1.202141265129929,1.6326003573124204,-0.6155352085413127,1,0.142857142857143
-0.3964726149946607,-1.3790405415285798,1.5665439658237503,0.5198512066956199,1.6608749458458671,-1.1798021922733573,-0.0803503657852821,0.3617065115434811,1.2233011889582697,1.285197514995083,1.6095260040274337,0,0.142857142857143
1.4840766551535334,0.7335322029408157,-0.6892793449624499,-1.1383359603994816,0.6638989653948091,-1.526307425166206,0.41479053943042204,0.7048092311778962,0.29750138787097613,-1.6677266447022845,-1.0839691480294704,1,0.142857142857143
0.7744354211353469,-0.674849626705448,1.3158969312919506,0.2911357353721575,-0.5467147251529038,1.0724818215301584,0.16722008682257025,-1.4224276305554775,0.4734798624578171,0.5903918303604083,1.1410920645392775,0,0.142857142857143
-1.106113849012847,0.7335322029408157,-0.6892793449624499,-1.1955148282303474,-1.18762785544287,-0.22691280181802387,0.3652764489088516,-1.4224276305554775,0.6341558609936283,0.5903918303604083,-1.4352946026455888,1,0.142857142857143
1.448594593452624,-1.3790405415285798,1.1655087105728703,-1.4242302995538094,-0.04822673492737508,0.4660976639676729,1.1575018972539786,0.9792914068854285,-0.3069464161446948,-0.6255181177502723,0.4384411553070408,0,0.142857142857143
-1.7093088979283055,-0.674849626705448,1.7169321865428304,-0.5665472820908262,-0.33307701505624904,0.37947135574446067,1.0584737162108375,-0.08432702398125859,1.383977187494081,-0.9729209600676098,1.1410920645392775,0,0.142857142857143
-0.6803291086019353,-1.3790405415285798,1.4161557451046707,-1.1955148282303474,1.0199618155559016,0.4660976639676729,-0.5259771804794158,1.288083854556402,0.8483905257080434,-1.6677266447022845,0.6726581250511197,0,0.142857142857143
0.455096865827163,1.4377231177639476,-0.18798527589884992,0.5198512066956199,-0.4042895850884675,-1.526307425166206,0.3652764489088516,1.3910146704467268,0.11387167525862041,-0.799219538908941,-0.26420975392519447,1,0.142857142857143
-0.43195467669557,-0.674849626705448,-0.18798527589884992,-1.5385880352155408,1.1623869556203386,1.1591081297533705,0.3157623583872811,-0.49605028754255676,-0.9802553623899992,-1.4940252235436158,-0.26420975392519447,1,0.142857142857143
-0.18358024478920476,-0.674849626705448,1.0151204898537902,0.3483146032030231,-0.26186444502403056,1.5922396708694306,0.16722008682257025,0.39601678350692265,-0.008548133149616747,1.4588989361537517,1.1410920645392775,0,0.142857142857143
-0.00616993628465814,-1.3790405415285798,-1.69186748308965,1.0916398850042754,1.1623869556203386,1.0724818215301584,-0.7240335425656976,1.1851530386660774,0.22864024564134275,-0.6255181177502723,-0.14710126905315632,1,0.142857142857143
-1.2125600341155751,1.4377231177639476,-1.69186748308965,-1.1955148282303474,0.8775366754914645,-0.8332969593805094,0.3652764489088516,-0.35880919968879055,0.5576434807384801,0.41669040920173966,-1.5524030875176282,1,0.142857142857143
1.555040778555352,0.029341288117683866,1.3660263381983107,-0.795262753414288,-1.0452027153784331,-0.05366018537159943,-1.6648012624755357,-1.593978990372685,-0.6512521272928619,0.9377946726777456,-0.14710126905315632,1,0.142857142857143
0.9873277913408028,0.029341288117683866,1.3158969312919506,0.17677799971042626,1.6608749458458671,-1.526307425166206,-1.3677167193461133,-1.5596687184092437,1.5599556620809218,1.1114960938364142,0.9068750947951986,0,0.142857142857143
-0.18358024478920476,-1.3790405415285798,-0.5890205311497297,0.2911357353721575,-0.11943930495959357,-0.14028649359481166,1.5536146214265418,1.6654968461542587,-0.2533877499660911,0.5903918303604083,0.08711570069092253,0,0.142857142857143
1.0228098530417122,-1.3790405415285798,-1.1404440071196902,-1.481409167384675,0.7351115354270276,0.8126028968605218,-1.5657730814323947,1.4939454863370514,-1.3628172636657403,0.5903918303604083,-1.5524030875176282,1,0.142857142857143
-0.7512932320037539,-0.674849626705448,0.6140852346029103,-1.1383359603994816,-1.5436907056039617,-0.5734180347108727,0.9594455351676967,-0.29018865576190767,-0.008548133149616747,-1.6677266447022845,-0.4984267236692733,1,0.142857142857143
0.667989236032619,-1.3790405415285798,-1.3910910416514901,1.5490708276511997,0.3790486852659359,0.8126028968605218,-0.6250053615225567,-0.35880919968879055,0.36636253010060954,-0.9729209600676098,-0.0299927841811169,1,0.142857142857143
-0.8577394171064818,0.7335322029408157,-1.09031460021333,1.0344610171734099,0.6638989653948091,0.20621873929803625,-0.0803503657852821,1.4596352143736098,-0.819579363854188,0.764093251519077,-0.0299927841811169,1,0.142857142857143
0.20672243392079778,0.029341288117683866,1.2156381174792303,-0.6237261499216917,0.6638989653948091,1.5922396708694306,0.8109032636029858,-0.015706480054375496,-0.21513155983851695,1.4588989361537517,1.2582005494113169,0,0.142857142857143
-0.21906230649011407,0.029341288117683866,-0.5890205311497297,0.8057455458499474,-0.26186444502403056,0.29284504752124846,1.1575018972539786,1.0479119508123116,0.2439427216923724,1.1114960938364142,0.20422418556296196,0,0.142857142857143
-0.43195467669557,-0.674849626705448,1.3660263381983107,0.5198512066956199,-0.11943930495959357,0.6393502804140974,0.41479053943042204,0.2587756956531565,-0.5441347949356543,0.9377946726777456,1.375309034283355,0,0.142857142857143
-0.7512932320037539,0.029341288117683866,-0.3383734966179301,-1.252693696061213,-1.18762785544287,1.5922396708694306,1.3555582593402604,1.4253249424101682,1.4375358536726848,-0.278115275432935,-0.6155352085413127,1,0.142857142857143
0.561543050929891,0.029341288117683866,0.6140852346029103,-0.05193747161303622,-0.26186444502403056,-0.4867917264876605,0.3652764489088516,0.293085967616598,0.029708056977957364,-0.6255181177502723,0.3213326704350014,0,0.142857142857143
-0.9287035405083005,0.029341288117683866,0.26317938625839,-0.9667993569068848,0.8775366754914645,-1.6129337333894183,-0.4764630899578453,0.9792914068854285,0.909600429912162,-0.799219538908941,-0.4984267236692733,1,0.142857142857143
1.4840766551535334,-1.3790405415285798,0.86473226913471,-0.28065294293649806,-1.0452027153784331,0.119592431074825,-1.2686885383029722,-0.18725783987158304,-0.5594372709866839,-0.9729209600676098,-0.14710126905315632,1,0.142857142857143
1.5195587168544427,-1.3790405415285798,0.7143440484156305,-1.081157092568616,-0.6179272951851222,-0.22691280181802387,1.4545864403834008,-0.8734632791404133,1.2921623311879031,0.41669040920173966,0.08711570069092253,0,0.142857142857143
0.9163636679389843,-0.674849626705448,1.5665439658237503,-1.1383359603994816,-0.04822673492737508,-1.3530548087197818,0.4643046299519925,0.19015515172627376,1.2233011889582697,0.41669040920173966,0.3213326704350014,0,0.142857142857143
-0.5029188000973887,-1.3790405415285798,-1.04018519330697,-1.652945770877272,1.3048120956847755,0.29284504752124846,1.3555582593402604,0.3617065115434811,1.3916284255195959,1.4588989361537517,-0.7326436934133522,1,0.142857142857143
-0.8577394171064818,0.029341288117683866,-0.83966756568153,-0.5665472820908262,-1.18762785544287,-1.093175884050145,1.0089596256892672,-0.3931194716522321,0.947856620039736,0.41669040920173966,-1.2010776329015098,1,0.142857142857143
-1.531898589423759,1.4377231177639476,-0.23811468280520998,0.4054934710338887,-1.4724781355717433,-1.3530548087197818,-1.1201462667382611,0.08722433583594913,0.175081579462739,1.285197514995083,-0.966860663157431,1,0.142857142857143
0.3841327424253444,0.7335322029408157,-0.4887617173370097,0.3483146032030231,-0.4042895850884675,1.3323607461997942,-0.6250053615225567,-0.7019119193232058,-0.09271175143027979,0.9377946726777456,-0.14710126905315632,1,0.142857142857143
-1.2125600341155751,0.029341288117683866,0.21304997935202993,0.6913878101882162,0.5926863953625906,1.0724818215301584,1.3555582593402604,1.1165324947391944,0.29750138787097613,-0.10441385427426636,1.2582005494113169,0,0.142857142857143
0.8808816062380749,1.4377231177639476,-0.7394087518688099,1.320355356327738,-1.6149032756361803,-0.9199232676037216,1.405072349861831,-0.8048427352135302,-0.9343479342369103,-0.9729209600676098,-0.26420975392519447,1,0.142857142857143
-0.2545443681910234,1.4377231177639476,-0.9900557864006099,-0.28065294293649806,-0.4755021551206852,1.4189870544230063,-1.5657730814323947,0.05291406387250759,0.19038405551376864,-0.6255181177502723,-1.0839691480294704,1,0.142857142857143
-0.325508491592842,1.4377231177639476,1.5164145589173903,-0.6809050177525574,1.0199618155559016,0.9858555133069462,0.6623609920382744,1.6311865741908171,0.11387167525862041,1.1114960938364142,1.375309034283355,0,0.142857142857143
-1.6738268362273963,-1.3790405415285798,0.8146028622283505,0.2911357353721575,-1.0452027153784331,0.03296612285161279,-0.6250053615225567,-0.22156811183502456,1.1697425227796658,1.6326003573124204,0.20422418556296196,0,0.142857142857143
0.5260609892289817,1.4377231177639476,-0.9399263794942498,-0.3378318107673637,-0.8315650052817777,-1.006549575826933,1.0089596256892672,1.4253249424101682,0.7871806215039248,0.764093251519077,-1.0839691480294704,1,0.142857142857143
1.4131125317517148,0.7335322029408157,1.4161557451046707,1.2059976206660068,-1.1164152854106517,1.5922396708694306,-0.42694899943627485,-0.530360559505998,-0.5900422230887432,0.764093251519077,1.4924175191553943,0,0.142857142857143
0.0647941871171605,-0.674849626705448,-0.6391499380560899,1.0916398850042754,1.3760246657169932,-0.660044342934085,1.2565300782971194,1.2537735825929606,-1.4316784058953738,-1.1466223812262784,0.6726581250511197,0,0.142857142857143
-0.8577394171064818,-0.674849626705448,1.5665439658237503,0.6342089423573511,-0.5467147251529038,0.03296612285161279,0.513818720473563,0.05291406387250759,-0.8119281258286731,-1.4940252235436158,1.375309034283355,0,0.142857142857143
-0.7512932320037539,0.029341288117683866,-1.1404440071196902,-1.7101246387081372,-0.19065187499181205,-1.439681116942994,0.6623609920382744,-0.8734632791404133,0.7183194792742914,-0.4518166965916037,-1.903728542133745,1,0.142857142857143
0.0647941871171605,0.7335322029408157,-0.7394087518688099,0.9772821493425442,1.09117438558812,1.678865979092643,0.3652764489088516,-1.4224276305554775,-0.1921778457619725,-1.320323802384947,0.7897666099231591,0,0.142857142857143
-1.638344774526487,1.4377231177639476,-1.54147926237057,0.7485666780190818,-0.04822673492737508,1.2457344379765818,-0.37743490891470494,-1.1136351828845037,0.8407392876825286,-0.10441385427426636,-0.4984267236692733,1,0.142857142857143
-0.5738829234992073,-0.674849626705448,-0.3383734966179301,0.2911357353721575,-0.6891398652173407,-0.05366018537159943,1.0584737162108375,1.6654968461542587,-1.6688667846863332,1.6326003573124204,-0.0299927841811169,1,0.142857142857143
-0.07713405968647678,0.029341288117683866,1.2156381174792303,0.5770300745264856,0.7351115354270276,-0.4001654182644483,1.3555582593402604,0.8077400470682208,-0.5364835569101395,1.285197514995083,1.6095260040274337,0,0.142857142857143
0.02931212541625118,-0.674849626705448,-1.59160866927693,1.6062496954820653,0.6638989653948091,0.4660976639676729,-0.7735476330872681,-0.8391530071769718,-1.332212311563681,0.41669040920173966,-0.14710126905315632,1,0.142857142857143
1.7324510870598986,1.4377231177639476,-1.24070282093241,-1.652945770877272,0.16541097516928038,1.678865979092643,-0.42694899943627485,-0.4617400155791152,1.1926962368562104,-1.4940252235436158,-1.4352946026455888,1,-7.000000000000001
1.1647380998453494,1.4377231177639476,-1.64173807618329,-1.3098725638920785,-0.26186444502403056,-1.439681116942994,-0.3279208183931344,-0.08432702398125859,1.039671476345914,0.5903918303604083,-2.2550539967498633,1,0.142857142857143
1.4131125317517148,1.4377231177639476,-0.08772646208612982,-0.28065294293649806,1.1623869556203386,1.4189870544230063,1.2565300782971194,0.6018784152875719,1.5752581381319515,1.1114960938364142,0.7897666099231591,0,0.142857142857143
1.0937739764435308,-0.674849626705448,-1.59160866927693,1.4918919598203342,0.5926863953625906,0.8992292050837339,-0.6250053615225567,1.219463310629519,-1.163885075002355,1.6326003573124204,-0.14710126905315632,1,0.142857142857143
0.5260609892289817,0.029341288117683866,-1.54147926237057,-1.0239782247377505,-0.26186444502403056,-0.9199232676037216,-1.7143153529971062,1.4596352143736098,0.7565756694018655,-1.4940252235436158,-2.2550539967498633,1,0.142857142857143
0.20672243392079778,1.4377231177639476,-1.34096163474513,-1.481409167384675,0.806324105459246,1.5056133626462185,-0.22889263734999352,-1.2851865427017115,0.29750138787097613,1.285197514995083,-1.2010776329015098,1,0.142857142857143
-0.7867752937046633,0.029341288117683866,0.86473226913471,0.7485666780190818,-0.9027775753139962,0.8992292050837339,1.4545864403834008,-1.3194968146651531,0.5270385286364209,1.285197514995083,1.2582005494113169,0,0.142857142857143
1.3776304700508053,-1.3790405415285798,-0.3885029035242901,1.0344610171734099,-0.5467147251529038,-0.14028649359481166,0.612846901516704,0.05291406387250759,-1.0873726947472067,1.285197514995083,0.20422418556296196,0,0.142857142857143
-0.9287035405083005,0.029341288117683866,-1.64173807618329,0.11959913187956063,-1.6149032756361803,1.0724818215301584,-0.6250053615225567,0.2244654236897153,-1.1562338369768401,-1.6677266447022845,-1.5524030875176282,1,0.142857142857143
0.667989236032619,-1.3790405415285798,1.2657675243855906,-1.3670514317229439,0.7351115354270276,-0.4867917264876605,-1.7143153529971062,-0.324498927725349,1.63646804233607,1.4588989361537517,-0.0299927841811169,1,0.142857142857143
0.7389533594344376,0.7335322029408157,1.1655087105728703,-1.7101246387081372,-0.6891398652173407,-0.8332969593805094,-0.9220899046519793,-1.456737902518919,-1.0567677426451474,-1.320323802384947,-0.7326436934133522,1,0.142857142857143
0.455096865827163,1.4377231177639476,1.3158969312919506,1.377534224158603,0.022985835104843415,-0.5734180347108727,-1.3677167193461133,1.562566030263934,-0.8348818399052176,1.285197514995083,1.1410920645392775,0,0.142857142857143
-1.1415959107137563,-1.3790405415285798,1.2156381174792303,1.4347130919894686,0.806324105459246,-0.7466706511572971,-0.5754912710009863,-1.6282892623361265,-0.819579363854188,-1.6677266447022845,1.6095260040274337,0,0.142857142857143
0.10027624881806982,1.4377231177639476,0.16292057244567046,-1.4242302995538094,1.6608749458458671,-0.8332969593805094,1.2565300782971194,-1.1136351828845037,-1.2250949792064736,-0.4518166965916037,0.08711570069092253,0,0.142857142857143
-0.8222573554055725,0.7335322029408157,0.9649910829474302,1.4918919598203342,1.4472372357492116,1.1591081297533705,1.3555582593402604,-1.0107043669941793,0.8101343355804693,0.24298898804307098,2.42928539813171,0,0.142857142857143
1.0582919147426215,-0.674849626705448,-0.43863231043064965,-0.3378318107673637,0.16541097516928038,-1.1798021922733573,0.6623609920382744,-1.1136351828845037,-0.7354157455735248,1.1114960938364142,-0.4984267236692733,1,0.142857142857143
-1.319006219218303,-1.3790405415285798,0.5138264207901903,-1.1955148282303474,0.16541097516928038,-1.439681116942994,-0.42694899943627485,-0.29018865576190767,0.44287491035575777,0.41669040920173966,-0.6155352085413127,1,0.142857142857143
-1.4964165277228496,0.7335322029408157,1.6668027796364704,0.8057455458499474,0.7351115354270276,1.2457344379765818,-1.3182026288245428,0.7391195031413377,-0.6971595554459508,-1.6677266447022845,1.7266344888994731,0,0.142857142857143
1.0937739764435308,1.4377231177639476,-0.5388911242433697,0.46267233886475434,-1.0452027153784331,-1.1798021922733573,1.5536146214265418,1.4596352143736098,-1.6688667846863332,1.285197514995083,-0.38131823879723387,1,0.142857142857143
-0.21906230649011407,-1.3790405415285798,-0.5890205311497297,-0.6237261499216917,0.521473825330372,-0.4867917264876605,-1.2191744477814017,0.3617065115434811,0.05266177105450184,1.1114960938364142,-0.966860663157431,1,0.142857142857143
1.6969690253589893,-0.674849626705448,1.6668027796364704,0.5198512066956199,0.2366235452014989,1.5056133626462185,0.3157623583872811,0.12153460779939068,-1.2174437411809587,1.1114960938364142,1.8437429737715127,0,0.142857142857143
0.5260609892289817,0.029341288117683866,1.0652498967601502,-1.081157092568616,-1.4012655655395247,1.3323607461997942,-0.5259771804794158,0.6361886872510134,0.43522367233024295,-1.6677266447022845,-0.14710126905315632,1,0.142857142857143
0.9163636679389843,-0.674849626705448,0.8146028622283505,-0.4521895464290949,-1.4724781355717433,-1.006549575826933,0.16722008682257025,-0.9763940950307379,-0.94965041028794,1.1114960938364142,-0.26420975392519447,1,0.142857142857143
1.3776304700508053,1.4377231177639476,1.2156381174792303,-0.3378318107673637,-0.9027775753139962,1.0724818215301584,-0.5259771804794158,-1.3194968146651531,0.649458337044658,0.9377946726777456,0.4384411553070408,0,0.142857142857143
1.5905228402562612,-0.674849626705448,0.86473226913471,0.17677799971042626,1.3760246657169932,0.20621873929803625,0.11770599630099977,-1.0107043669941793,-0.06975803735373533,-0.9729209600676098,1.2582005494113169,0,0.142857142857143
-0.14809818308829542,-0.674849626705448,-1.04018519330697,1.320355356327738,-1.3300529955073064,-1.6995600416126306,0.018677815257858842,0.293085967616598,-1.332212311563681,0.06928756688440231,-0.8497521782853916,1,0.142857142857143
-1.425452404321031,1.4377231177639476,-0.83966756568153,-0.1091163394439012,-0.9739901453462146,0.8992292050837339,1.4545864403834008,-0.2558783837984661,-0.513529842833595,0.5903918303604083,-0.4984267236692733,1,0.142857142857143
1.5195587168544427,-1.3790405415285798,-0.18798527589884992,-0.05193747161303622,-0.4755021551206852,1.4189870544230063,0.26624826786571065,0.9106708629585454,-0.33755136824675414,-1.320323802384947,0.08711570069092253,0,0.142857142857143
-0.00616993628465814,-0.674849626705448,-0.4887617173370097,1.0344610171734099,1.5896623758136486,0.4660976639676729,0.8604173541245557,1.0822222227757532,-0.24573651194057625,-1.6677266447022845,1.0239835796672379,0,0.142857142857143
-0.00616993628465814,-1.3790405415285798,-0.3383734966179301,0.5770300745264856,-0.11943930495959357,0.8992292050837339,-0.4764630899578453,0.46463732743380576,0.8789954778101027,-0.6255181177502723,0.08711570069092253,0,0.142857142857143
1.0228098530417122,0.029341288117683866,-1.34096163474513,0.3483146032030231,-0.04822673492737508,-1.6129337333894183,-0.37743490891470494,-1.3194968146651531,-1.1715363130278698,0.06928756688440231,-1.2010776329015098,1,0.142857142857143
-1.6738268362273963,0.7335322029408157,-0.08772646208612982,1.377534224158603,0.0941984051370619,0.7259765886373095,-0.8230617236088386,-0.15294756790814149,0.4658286244323023,0.9377946726777456,0.6726581250511197,0,0.142857142857143
1.8034152104617172,-0.674849626705448,-1.64173807618329,-0.5093684142599605,-0.5467147251529038,-0.3135391100412361,-1.2191744477814017,0.8420503190316624,0.4199211962792133,0.5903918303604083,-1.903728542133745,1,0.142857142857143
-1.638344774526487,0.7335322029408157,0.7143440484156305,1.2059976206660068,-0.26186444502403056,-0.660044342934085,1.5536146214265418,0.08722433583594913,-0.22278279786403177,-1.1466223812262784,1.2582005494113169,0,0.142857142857143
-0.9641856022092098,-0.674849626705448,-0.5890205311497297,1.0916398850042754,0.3790486852659359,-0.3135391100412361,-0.0803503657852821,1.219463310629519,0.3128038639220058,1.6326003573124204,0.20422418556296196,0,0.142857142857143
-0.7867752937046633,1.4377231177639476,-1.4412204485578501,0.9772821493425442,1.233599525652557,-1.093175884050145,-0.22889263734999352,-1.1136351828845037,-1.5158420241760369,-0.9729209600676098,-0.38131823879723387,1,0.142857142857143
-1.425452404321031,0.029341288117683866,-1.04018519330697,-0.9667993569068848,-1.6149032756361803,-0.5734180347108727,0.21673417734414016,1.2537735825929606,1.2233011889582697,-1.320323802384947,-1.7866200572617057,1,0.142857142857143
-1.2480420958164844,-0.674849626705448,1.5164145589173903,0.11959913187956063,-0.8315650052817777,-1.526307425166206,0.8109032636029858,-1.2851865427017115,1.7206316606167331,1.4588989361537517,0.6726581250511197,0,0.142857142857143
-1.7093088979283055,0.7335322029408157,-1.54147926237057,-1.1383359603994816,0.7351115354270276,0.7259765886373095,1.405072349861831,0.293085967616598,-1.5464469762780961,-1.4940252235436158,-0.966860663157431,1,0.142857142857143
-1.319006219218303,-1.3790405415285798,0.7644734553219905,-1.081157092568616,-0.6179272951851222,-0.05366018537159943,-1.6152871719539652,-0.8391530071769718,-1.6765180227118481,-0.4518166965916037,-0.6155352085413127,1,0.142857142857143
-1.3544882809192123,0.7335322029408157,0.06266175863295034,-1.0239782247377505,1.09117438558812,-1.093175884050145,-1.4172308098676836,-0.18725783987158304,-1.58470316640567,0.9377946726777456,-0.7326436934133522,1,0.142857142857143
0.17124037221988847,-0.674849626705448,-0.78953815877517,0.17677799971042626,-0.5467147251529038,1.5056133626462185,1.5041005309049713,0.018603791909066046,-0.7048107934714656,-0.799219538908941,-0.0299927841811169,1,0.142857142857143
-0.3964726149946607,1.4377231177639476,-0.08772646208612982,-0.5665472820908262,1.5184498057814302,-1.6995600416126306,0.21673417734414016,0.8420503190316624,1.4298846156471698,1.4588989361537517,-0.14710126905315632,1,0.142857142857143
-1.3899703426201218,1.4377231177639476,0.06266175863295034,0.4054934710338887,-0.9027775753139962,-0.05366018537159943,-0.22889263734999352,-1.456737902518919,0.7030170032232618,1.6326003573124204,-0.14710126905315632,1,0.142857142857143
1.66148696365808,0.7335322029408157,-0.8897969725878901,-1.0239782247377505,0.022985835104843415,0.9858555133069462,-1.5162589909108244,0.293085967616598,0.8407392876825286,-1.4940252235436158,-1.3181861177735492,1,0.142857142857143
0.27768655732261643,0.7335322029408157,-0.23811468280520998,-0.3950106785982293,0.806324105459246,0.20621873929803625,1.5536146214265418,-0.8391530071769718,-0.35285384429778377,-1.6677266447022845,0.3213326704350014,0,0.142857142857143
1.7324510870598986,0.7335322029408157,-0.18798527589884992,0.2911357353721575,0.3078361152337174,-0.5734180347108727,-0.6250053615225567,-1.3194968146651531,-0.3758075583743282,-0.10441385427426636,-0.14710126905315632,1,0.142857142857143
1.342148408349896,0.7335322029408157,1.7670615934491904,1.2631764884968724,0.2366235452014989,0.119592431074825,-0.7240335425656976,0.08722433583594913,-1.3704685016912552,1.4588989361537517,1.8437429737715127,0,0.142857142857143
1.1647380998453494,1.4377231177639476,-0.7394087518688099,-1.0239782247377505,-0.8315650052817777,-1.093175884050145,-1.3677167193461133,-0.2558783837984661,1.3074648072389328,1.285197514995083,-1.903728542133745,1,0.142857142857143
0.27768655732261643,1.4377231177639476,-1.1404440071196902,-1.481409167384675,-0.6179272951851222,-0.9199232676037216,0.06819190577942931,-1.3538070866285945,0.25924519774340204,0.24298898804307098,-1.903728542133745,1,0.142857142857143
-1.6738268362273963,0.029341288117683866,0.86473226913471,0.11959913187956063,1.3048120956847755,0.7259765886373095,-1.6648012624755357,-0.35880919968879055,-1.0185115525175734,0.24298898804307098,0.9068750947951986,0,0.142857142857143
-1.1770779724146658,0.7335322029408157,1.0652498967601502,-1.1383359603994816,0.16541097516928038,-1.006549575826933,0.7613891730814153,-0.7705324632500887,1.1085326185755473,1.285197514995083,0.20422418556296196,0,0.142857142857143
-1.2125600341155751,-0.674849626705448,-0.08772646208612982,0.5770300745264856,-0.33307701505624904,-0.660044342934085,0.4643046299519925,-1.182255726811387,-0.17687536971094284,-1.6677266447022845,0.08711570069092253,0,0.142857142857143
-1.6028627128255777,0.029341288117683866,0.7143440484156305,1.5490708276511997,1.803300085910304,-0.14028649359481166,-0.8230617236088386,-0.18725783987158304,1.5523044240554071,0.41669040920173966,1.6095260040274337,0,0.142857142857143
-0.9287035405083005,0.029341288117683866,-1.04018519330697,0.9201032815116786,-0.26186444502403056,0.29284504752124846,-1.6648012624755357,-1.593978990372685,1.338069759340992,-0.9729209600676098,-0.7326436934133522,1,0.142857142857143
1.6969690253589893,0.7335322029408157,0.012532351726590292,-0.3378318107673637,0.521473825330372,0.4660976639676729,-1.3182026288245428,1.6654968461542587,0.03735929500347219,0.41669040920173966,-0.26420975392519447,1,0.142857142857143
0.3131686190235258,0.029341288117683866,1.5665439658237503,-0.738083885583423,-0.5467147251529038,0.7259765886373095,0.9594455351676967,1.4939454863370514,-1.1256288848747809,0.06928756688440231,0.9068750947951986,0,0.142857142857143
-1.2125600341155751,1.4377231177639476,-0.3383734966179301,-0.8524416212451535,-1.0452027153784331,1.5922396708694306,1.4545864403834008,-1.525358446445802,0.5423410046874505,0.24298898804307098,-0.38131823879723387,1,0.142857142857143
1.7324510870598986,0.7335322029408157,0.4636970138838302,0.46267233886475434,1.3048120956847755,0.8992292050837339,0.16722008682257025,0.5332578713606888,0.03735929500347219,-0.278115275432935,1.2582005494113169,0,0.142857142857143
1.0228098530417122,0.7335322029408157,-0.03759705517976976,-1.252693696061213,-0.9027775753139962,-0.660044342934085,1.5041005309049713,-0.9077735511038548,1.0167177622693695,-0.10441385427426636,-0.7326436934133522,1,0.142857142857143
-1.7093088979283055,-0.674849626705448,-1.34096163474513,1.5490708276511997,1.3048120956847755,0.29284504752124846,0.612846901516704,-1.6282892623361265,1.7206316606167331,-0.799219538908941,0.4384411553070408,0,0.142857142857143
-0.9287035405083005,0.7335322029408157,0.7143440484156305,-0.28065294293649806,0.022985835104843415,-1.6995600416126306,0.6623609920382744,0.5675681433241304,0.1368253893351649,0.764093251519077,0.20422418556296196,0,0.142857142857143
-0.325508491592842,0.029341288117683866,0.06266175863295034,1.2059976206660068,-0.11943930495959357,-0.4867917264876605,0.16722008682257025,0.7734297751047793,-1.4852370720739776,-1.1466223812262784,0.5555496401790803,0,0.142857142857143
1.0937739764435308,0.7335322029408157,-0.08772646208612982,0.8629244136808131,0.6638989653948091,1.3323607461997942,1.7516709835128237,-0.22156811183502456,-1.1103264088237512,-1.1466223812262784,1.2582005494113169,0,0.142857142857143
1.6260049019571707,0.7335322029408157,-1.04018519330697,1.148818752835141,0.2366235452014989,-1.526307425166206,1.6526428024696826,0.05291406387250759,-0.5823909850632284,1.285197514995083,-0.0299927841811169,1,0.142857142857143
-0.43195467669557,1.4377231177639476,0.5639558276965503,0.4054934710338887,-1.1164152854106517,0.119592431074825,0.7613891730814153,1.6311865741908171,0.603550908891569,-0.6255181177502723,0.4384411553070408,0,0.142857142857143
-0.18358024478920476,1.4377231177639476,-0.5890205311497297,1.4918919598203342,-0.5467147251529038,1.7654922873158552,-0.03083627526371163,-1.0793249109210623,1.2003474748817253,-0.10441385427426636,0.5555496401790803,0,0.142857142857143
-1.3899703426201218,0.029341288117683866,1.7169321865428304,-1.5385880352155408,-1.4012655655395247,0.8126028968605218,-0.7240335425656976,-1.0793249109210623,-0.062106799328220504,1.1114960938364142,-0.0299927841811169,1,0.142857142857143
-1.425452404321031,-1.3790405415285798,0.9649910829474302,-1.252693696061213,-0.11943930495959357,0.37947135574446067,-0.22889263734999352,-1.593978990372685,0.649458337044658,-1.6677266447022845,-0.0299927841811169,1,0.142857142857143
-1.2835241575173937,-1.3790405415285798,0.26317938625839,1.0344610171734099,1.7320875158780855,-0.8332969593805094,0.06819190577942931,1.4253249424101682,-1.1485825989513254,0.9377946726777456,1.1410920645392775,0,0.142857142857143
0.24220449562170712,0.7335322029408157,-0.13785586899248986,-0.738083885583423,1.6608749458458671,-1.1798021922733573,0.3157623583872811,-0.7362221912866471,-0.9802553623899992,1.4588989361537517,-0.14710126905315632,1,0.142857142857143
1.6969690253589893,-1.3790405415285798,0.3133087931647501,1.0916398850042754,-0.33307701505624904,-0.14028649359481166,0.8109032636029858,-0.4617400155791152,-1.2710024073595625,1.6326003573124204,0.7897666099231591,0,0.142857142857143
0.10027624881806982,0.7335322029408157,-1.4412204485578501,-0.6809050177525574,1.6608749458458671,1.5922396708694306,-0.5754912710009863,0.2587756956531565,-1.0261627905430881,-0.278115275432935,-0.6155352085413127,1,0.142857142857143
1.12925603814444,1.4377231177639476,1.1153793036665103,1.5490708276511997,-1.4012655655395247,-1.1798021922733573,1.6031287119481121,0.15584487976283223,-1.5617494523291258,0.764093251519077,1.2582005494113169,0,0.142857142857143
-1.6738268362273963,0.7335322029408157,0.86473226913471,-0.9667993569068848,1.3048120956847755,1.5922396708694306,-0.8725758141304091,1.3223941265198436,1.5523044240554071,0.41669040920173966,0.6726581250511197,0,0.142857142857143
-1.6028627128255777,-1.3790405415285798,1.2657675243855906,0.005241396217829401,0.3790486852659359,-0.9199232676037216,0.16722008682257025,0.6704989592144546,-0.5747397470377136,-0.10441385427426636,0.9068750947951986,0,0.142857142857143
0.27768655732261643,0.029341288117683866,0.41356760697747014,-0.4521895464290949,1.0199618155559016,-1.093175884050145,-0.37743490891470494,-0.49605028754255676,0.23629148366685757,-0.278115275432935,0.08711570069092253,0,0.142857142857143
-1.2125600341155751,0.7335322029408157,-0.03759705517976976,1.0344610171734099,0.3078361152337174,-0.4867917264876605,1.107987806732408,-0.8734632791404133,1.6211655662850404,0.41669040920173966,0.7897666099231591,0,0.142857142857143
-1.7093088979283055,-0.674849626705448,-0.83966756568153,-1.652945770877272,0.521473825330372,0.03296612285161279,-0.17937854682842302,1.6311865741908171,-1.4852370720739776,1.285197514995083,-1.3181861177735492,1,0.142857142857143
-0.36099055329375135,-1.3790405415285798,0.26317938625839,1.2631764884968724,0.3078361152337174,0.8126028968605218,-0.42694899943627485,-1.388117358592036,-1.4010734537933145,-0.278115275432935,1.0239835796672379,0,0.142857142857143
0.8453995445371656,0.029341288117683866,1.6166733727301104,-0.8524416212451535,-0.5467147251529038,1.4189870544230063,1.6526428024696826,-0.18725783987158304,-0.1309679415578539,-1.4940252235436158,1.1410920645392775,0,0.142857142857143
1.0228098530417122,0.7335322029408157,-0.9399263794942498,-1.3670514317229439,1.1623869556203386,-1.1798021922733573,0.8604173541245557,-1.525358446445802,-0.8807892680583065,-0.9729209600676098,-0.966860663157431,1,0.142857142857143
0.02931212541625118,-0.674849626705448,-0.6391499380560899,1.6062496954820653,-0.26186444502403056,-0.14028649359481166,0.26624826786571065,1.6654968461542587,-0.1921778457619725,-0.6255181177502723,0.3213326704350014,0,0.142857142857143
0.455096865827163,-1.3790405415285798,0.7644734553219905,0.3483146032030231,-1.4724781355717433,0.6393502804140974,-1.5162589909108244,0.3617065115434811,0.7106682412487766,1.4588989361537517,-0.0299927841811169,1,0.142857142857143
-0.5384008617982979,0.7335322029408157,0.6642146415092705,1.0916398850042754,-0.26186444502403056,-0.660044342934085,1.5536146214265418,0.6361886872510134,-1.3016073594616218,-1.320323802384947,1.1410920645392775,0,0.142857142857143
0.9518457296398936,1.4377231177639476,-0.5388911242433697,0.4054934710338887,0.16541097516928038,-1.2664285004965694,-0.7240335425656976,-0.8734632791404133,-0.6665546033438915,1.4588989361537517,-0.4984267236692733,1,0.142857142857143
0.7034712977335283,-0.674849626705448,-1.69186748308965,0.062420264048695016,-1.2588404254750887,1.3323607461997942,1.30604416881869,-0.2558783837984661,0.7871806215039248,-0.9729209600676098,-0.966860663157431,1,0.142857142857143
-0.325508491592842,0.029341288117683866,-0.78953815877517,0.005241396217829401,1.0199618155559016,1.2457344379765818,1.207015987775549,-0.4617400155791152,0.39696748220266886,-1.1466223812262784,0.3213326704350014,0,0.142857142857143
1.7679331487608079,-1.3790405415285798,0.7143440484156305,-1.652945770877272,-0.33307701505624904,-0.5734180347108727,0.7118750825598449,0.944981134921987,1.1161838566010622,0.06928756688440231,-0.38131823879723387,1,0.142857142857143
0.20672243392079778,0.029341288117683866,-0.6892793449624499,-0.16629520727476682,0.806324105459246,0.7259765886373095,1.7021568929912532,-0.9077735511038548,-0.3069464161446948,0.41669040920173966,0.20422418556296196,0,0.142857142857143
-1.319006219218303,1.4377231177639476,1.46628515201103,-1.1955148282303474,0.948749245523683,0.29284504752124846,-0.7735476330872681,-0.08432702398125859,-1.6535643086353036,0.06928756688440231,0.5555496401790803,0,0.142857142857143
0.7744354211353469,1.4377231177639476,0.26317938625839,0.46267233886475434,0.0941984051370619,-1.526307425166206,-0.9220899046519793,-0.015706480054375496,-1.1868387890788994,-0.799219538908941,-0.0299927841811169,1,0.142857142857143
-0.2900264298919327,0.7335322029408157,-0.5890205311497297,-0.8524416212451535,-0.11943930495959357,-1.2664285004965694,1.5041005309049713,1.288083854556402,1.2233011889582697,0.5903918303604083,-0.7326436934133522,1,0.142857142857143
0.7389533594344376,-0.674849626705448,1.4161557451046707,0.46267233886475434,-0.19065187499181205,-1.526307425166206,0.018677815257858842,0.9106708629585454,0.519387290610906,1.285197514995083,0.9068750947951986,0,0.142857142857143
-1.5673806511246684,-0.674849626705448,0.5138264207901903,-1.4242302995538094,-0.19065187499181205,-0.660044342934085,0.16722008682257025,-1.25087627073827,-0.34520260627226895,0.24298898804307098,-0.4984267236692733,1,0.142857142857143
1.1647380998453494,-1.3790405415285798,-1.3910910416514901,0.2911357353721575,-0.04822673492737508,0.119592431074825,0.612846901516704,-0.7705324632500887,0.7948318595294396,-0.6255181177502723,-0.7326436934133522,1,0.142857142857143
-0.14809818308829542,0.7335322029408157,0.4636970138838302,-1.4242302995538094,-1.3300529955073064,-1.526307425166206,-0.8230617236088386,-1.2165659987748283,-1.2863048834105921,-0.799219538908941,-1.3181861177735492,1,0.142857142857143
0.7034712977335283,0.7335322029408157,0.41356760697747014,1.148818752835141,0.806324105459246,-1.2664285004965694,0.8604173541245557,-0.7362221912866471,-0.7354157455735248,1.4588989361537517,1.1410920645392775,0,0.142857142857143
-0.36099055329375135,0.7335322029408157,-0.13785586899248986,0.9772821493425442,0.3790486852659359,0.5527239721908851,1.7516709835128237,-1.456737902518919,-1.5311445002270665,-0.6255181177502723,1.0239835796672379,0,0.142857142857143
1.6260049019571707,-0.674849626705448,-1.4913498554642102,1.0916398850042754,0.521473825330372,0.5527239721908851,-1.2686885383029722,0.5332578713606888,-0.9037429821348509,-1.6677266447022845,-0.4984267236692733,1,0.142857142857143
-0.8577394171064818,0.029341288117683866,-0.18798527589884992,-1.5957669030464063,-0.4755021551206852,1.1591081297533705,0.7118750825598449,-0.11863729594469993,-1.163885075002355,-0.278115275432935,-0.7326436934133522,1,0.142857142857143
-1.6738268362273963,-0.674849626705448,-0.08772646208612982,1.4918919598203342,0.521473825330372,-0.660044342934085,0.11770599630099977,-1.456737902518919,0.8024830975549544,0.9377946726777456,0.7897666099231591,0,0.142857142857143
-0.00616993628465814,0.029341288117683866,-0.08772646208612982,-0.5093684142599605,0.6638989653948091,0.5527239721908851,0.7613891730814153,-0.7705324632500887,-1.1409313609258105,-0.9729209600676098,0.20422418556296196,0,0.142857142857143
-1.2125600341155751,0.029341288117683866,-1.3910910416514901,-1.652945770877272,-1.2588404254750887,0.8126028968605218,1.6526428024696826,1.6654968461542587,0.10622043723310559,-1.4940252235436158,-1.6695115723896663,1,-7.000000000000001
0.17124037221988847,0.029341288117683866,1.1153793036665103,-0.8524416212451535,-0.26186444502403056,1.2457344379765818,1.30604416881869,-0.8734632791404133,-0.7966256497776435,-0.6255181177502723,0.7897666099231591,0,0.142857142857143
0.5260609892289817,1.4377231177639476,-0.83966756568153,0.46267233886475434,-1.6861158456683987,0.8126028968605218,0.06819190577942931,0.39601678350692265,0.21333776959031311,0.9377946726777456,-0.7326436934133522,1,0.142857142857143
-1.425452404321031,-0.674849626705448,0.9148616760410702,0.8057455458499474,1.3048120956847755,-1.006549575826933,-0.3279208183931344,1.562566030263934,1.5599556620809218,-0.4518166965916037,1.1410920645392775,0,0.142857142857143
1.555040778555352,0.7335322029408157,-1.34096163474513,-1.0239782247377505,1.803300085910304,0.20621873929803625,-0.7240335425656976,1.6998071181177001,-1.0032090764665438,1.4588989361537517,-0.966860663157431,1,0.142857142857143
-0.00616993628465814,0.029341288117683866,1.2156381174792303,0.7485666780190818,0.6638989653948091,1.4189870544230063,0.6623609920382744,-0.7362221912866471,-1.248048693283018,0.5903918303604083,1.8437429737715127,0,0.142857142857143
0.5970251126308004,-1.3790405415285798,0.9148616760410702,0.4054934710338887,-1.4724781355717433,0.119592431074825,-0.5259771804794158,-0.5646708314694396,-1.6459130706097889,-0.799219538908941,0.3213326704350014,0,0.142857142857143
0.13575831051897916,-0.674849626705448,-1.4913498554642102,0.5770300745264856,1.09117438558812,0.6393502804140974,0.018677815257858842,1.562566030263934,-0.06975803735373533,-1.6677266447022845,-0.26420975392519447,1,0.142857142857143
0.561543050929891,-1.3790405415285798,-0.23811468280520998,-1.5957669030464063,1.6608749458458671,-1.006549575826933,1.0089596256892672,0.944981134921987,-0.03915308525167604,0.24298898804307098,-0.38131823879723387,1,0.142857142857143
-0.14809818308829542,-0.674849626705448,-0.03759705517976976,-1.652945770877272,1.5184498057814302,1.678865979092643,-0.9220899046519793,-0.9763940950307379,-1.2403974552575032,1.1114960938364142,-0.26420975392519447,1,0.142857142857143
0.17124037221988847,-1.3790405415285798,-0.4887617173370097,1.148818752835141,0.022985835104843415,1.4189870544230063,1.5041005309049713,-1.1136351828845037,-1.117977646849266,1.285197514995083,0.9068750947951986,0,0.142857142857143
1.7324510870598986,-1.3790405415285798,-0.4887617173370097,0.23395686754129186,-0.8315650052817777,1.5056133626462185,-0.7735476330872681,1.3910146704467268,1.039671476345914,0.9377946726777456,-0.38131823879723387,1,0.142857142857143
1.0582919147426215,-0.674849626705448,1.4161557451046707,-1.1383359603994816,1.6608749458458671,-0.14028649359481166,1.5536146214265418,0.6361886872510134,-1.6841692607373628,-1.320323802384947,1.2582005494113169,0,0.142857142857143
-0.6803291086019353,0.7335322029408157,-1.24070282093241,-1.3670514317229439,-0.26186444502403056,1.0724818215301584,-1.2191744477814017,-1.25087627073827,-0.8731380300327917,0.41669040920173966,-1.6695115723896663,1,0.142857142857143
0.13575831051897916,0.7335322029408157,-1.1404440071196902,1.4347130919894686,1.1623869556203386,-0.4867917264876605,0.5633328109951334,0.15584487976283223,-1.5311445002270665,-1.1466223812262784,0.3213326704350014,0,0.142857142857143
-0.18358024478920476,1.4377231177639476,-1.59160866927693,-0.16629520727476682,1.4472372357492116,0.29284504752124846,1.1575018972539786,1.6998071181177001,-0.9190454581858807,-1.4940252235436158,-0.38131823879723387,1,0.142857142857143
-0.041651997985567464,0.029341288117683866,0.6642146415092705,-0.9096204890760192,-1.2588404254750887,1.3323607461997942,-0.7735476330872681,-0.9420838230672964,-0.7507182216245546,-0.9729209600676098,-0.38131823879723387,1,0.142857142857143
1.1647380998453494,0.7335322029408157,0.4636970138838302,-0.22347407510563244,-0.19065187499181205,-0.660044342934085,0.9099314446461262,1.5282557583004925,-1.1256288848747809,0.06928756688440231,0.20422418556296196,0,0.142857142857143
1.12925603814444,1.4377231177639476,1.3158969312919506,0.8057455458499474,-0.8315650052817777,-1.439681116942994,-0.7735476330872681,1.4253249424101682,1.2233011889582697,1.285197514995083,0.5555496401790803,0,0.142857142857143
1.0228098530417122,-1.3790405415285798,-0.83966756568153,0.7485666780190818,-1.6861158456683987,-0.4001654182644483,0.4643046299519925,-1.182255726811387,-0.3758075583743282,-0.6255181177502723,-0.7326436934133522,1,0.142857142857143
1.0937739764435308,0.029341288117683866,0.5639558276965503,-0.3378318107673637,0.3790486852659359,-1.3530548087197818,-1.6648012624755357,1.4253249424101682,0.25924519774340204,1.6326003573124204,-0.26420975392519447,1,0.142857142857143
0.3131686190235258,-1.3790405415285798,1.0652498967601502,-1.4242302995538094,-0.26186444502403056,0.6393502804140974,-0.8725758141304091,-1.4224276305554775,-0.9419991722624251,0.24298898804307098,-0.14710126905315632,1,0.142857142857143
-1.5673806511246684,1.4377231177639476,1.6668027796364704,1.6062496954820653,-1.18762785544287,-0.660044342934085,-1.3677167193461133,-0.7705324632500887,-0.689508317420436,-0.278115275432935,1.1410920645392775,0,0.142857142857143
-0.8222573554055725,-0.674849626705448,1.7169321865428304,0.46267233886475434,-0.26186444502403056,-1.093175884050145,1.7021568929912532,1.1165324947391944,1.3151160452644475,-1.4940252235436158,1.4924175191553943,0,0.142857142857143
0.41961480412625374,-1.3790405415285798,0.5639558276965503,0.8057455458499474,1.0199618155559016,-0.8332969593805094,-0.6745194520441272,-0.05001675201781704,-0.8807892680583065,0.24298898804307098,0.7897666099231591,0,0.142857142857143
0.8808816062380749,0.029341288117683866,-0.4887617173370097,0.8629244136808131,0.022985835104843415,-1.2664285004965694,0.3157623583872811,-0.6676016473597642,-1.6688667846863332,-0.799219538908941,-0.0299927841811169,1,0.142857142857143
-0.21906230649011407,0.7335322029408157,0.3634382000711101,1.320355356327738,-0.26186444502403056,0.37947135574446067,0.4643046299519925,-0.2558783837984661,-1.0414652665941178,-1.1466223812262784,1.0239835796672379,0,0.142857142857143
0.10027624881806982,0.7335322029408157,1.3158969312919506,-0.9096204890760192,-0.9739901453462146,0.8126028968605218,-0.6250053615225567,0.05291406387250759,0.7030170032232618,0.764093251519077,0.20422418556296196,0,0.142857142857143
0.8453995445371656,0.029341288117683866,1.2657675243855906,1.2631764884968724,-0.33307701505624904,0.8992292050837339,-1.2191744477814017,-1.662599534299568,-1.3857709777422849,1.4588989361537517,1.375309034283355,0,0.142857142857143
0.02931212541625118,-0.674849626705448,0.9148616760410702,0.8629244136808131,-1.2588404254750887,1.3323607461997942,-0.7735476330872681,1.6654968461542587,-0.6589033653183767,0.24298898804307098,0.7897666099231591,0,0.142857142857143
0.8099174828362563,1.4377231177639476,-0.18798527589884992,-1.481409167384675,0.3078361152337174,0.37947135574446067,0.8604173541245557,-1.593978990372685,-0.8731380300327917,-1.6677266447022845,-0.4984267236692733,1,0.142857142857143
-1.106113849012847,-0.674849626705448,-1.54147926237057,1.4347130919894686,0.7351115354270276,0.03296612285161279,-0.17937854682842302,-1.25087627073827,1.2615573790858439,1.1114960938364142,-0.14710126905315632,1,0.142857142857143
-1.531898589423759,-0.674849626705448,-0.13785586899248986,0.7485666780190818,0.3078361152337174,0.03296612285161279,-1.0706321762166906,-0.11863729594469993,1.468140805774744,-0.799219538908941,0.08711570069092253,0,0.142857142857143
1.0228098530417122,-0.674849626705448,0.1127911655393104,0.46267233886475434,0.16541097516928038,-1.2664285004965694,-0.42694899943627485,-1.3538070866285945,-0.6129959371652878,-0.278115275432935,-0.0299927841811169,1,0.142857142857143
-1.3899703426201218,1.4377231177639476,-0.6892793449624499,-1.5385880352155408,-0.11943930495959357,1.2457344379765818,1.5041005309049713,1.4939454863370514,0.5346897666619357,-0.799219538908941,-0.7326436934133522,1,0.142857142857143
-1.638344774526487,-0.674849626705448,1.7169321865428304,0.5770300745264856,-0.7603524352495592,0.29284504752124846,-1.3182026288245428,1.6311865741908171,1.1544400467286362,0.24298898804307098,1.0239835796672379,0,0.142857142857143
-1.5673806511246684,0.029341288117683866,-0.8897969725878901,0.7485666780190818,1.0199618155559016,0.6393502804140974,0.41479053943042204,1.3567043984832852,0.8560417637335582,-0.278115275432935,0.3213326704350014,0,0.142857142857143
-1.6738268362273963,1.4377231177639476,-0.8897969725878901,1.663428563312931,-0.4042895850884675,0.8126028968605218,0.6623609920382744,-0.9763940950307379,1.514048233927833,0.9377946726777456,0.4384411553070408,0,0.142857142857143
-1.2125600341155751,0.7335322029408157,-1.04018519330697,1.4918919598203342,-0.4755021551206852,-1.3530548087197818,0.7118750825598449,-0.6676016473597642,-0.5288323188846247,-1.4940252235436158,-0.26420975392519447,1,0.142857142857143
-0.3964726149946607,0.029341288117683866,-0.28824408971157,1.663428563312931,0.5926863953625906,0.8992292050837339,-1.6152871719539652,-1.2851865427017115,0.9555078580652508,1.285197514995083,0.6726581250511197,0,0.142857142857143
-1.425452404321031,1.4377231177639476,1.1153793036665103,-0.3378318107673637,1.5896623758136486,-0.3135391100412361,0.9594455351676967,-0.05001675201781704,1.5905606141829811,1.1114960938364142,1.2582005494113169,0,0.142857142857143
-0.325508491592842,-0.674849626705448,1.5665439658237503,1.148818752835141,1.09117438558812,-1.006549575826933,1.0584737162108375,1.219463310629519,1.3151160452644475,0.06928756688440231,2.0779599435155913,0,0.142857142857143
0.7034712977335283,0.029341288117683866,0.26317938625839,-0.3950106785982293,1.6608749458458671,-0.7466706511572971,-0.3279208183931344,1.6654968461542587,1.7053291845657035,0.06928756688440231,0.3213326704350014,0,0.142857142857143
1.342148408349896,-1.3790405415285798,-1.69186748308965,0.23395686754129186,1.5896623758136486,0.6393502804140974,1.1575018972539786,-1.662599534299568,1.5905606141829811,1.6326003573124204,-0.14710126905315632,1,-7.000000000000001
0.41961480412625374,0.7335322029408157,0.6642146415092705,0.005241396217829401,0.948749245523683,-0.05366018537159943,-1.2191744477814017,0.5332578713606888,0.6571095750701729,-0.9729209600676098,0.4384411553070408,0,0.142857142857143
-1.2835241575173937,0.029341288117683866,0.41356760697747014,-1.1955148282303474,1.6608749458458671,0.119592431074825,-1.466744900389254,0.46463732743380576,-0.12331670353233909,0.764093251519077,-0.14710126905315632,1,0.142857142857143
0.17124037221988847,0.029341288117683866,0.4636970138838302,1.4918919598203342,-1.0452027153784331,0.8126028968605218,1.30604416881869,0.08722433583594913,-0.06975803735373533,0.9377946726777456,1.2582005494113169,0,0.142857142857143
0.9518457296398936,1.4377231177639476,1.2657675243855906,1.2059976206660068,-1.4012655655395247,-1.3530548087197818,-0.8230617236088386,1.288083854556402,-0.643600889267347,-0.4518166965916037,0.5555496401790803,0,0.142857142857143
1.342148408349896,-0.674849626705448,0.4636970138838302,-0.5093684142599605,1.0199618155559016,-0.9199232676037216,0.513818720473563,-0.8734632791404133,-0.3987612724508727,-0.10441385427426636,0.3213326704350014,0,0.142857142857143
-0.8932214788073912,-0.674849626705448,-1.29083222783877,1.2631764884968724,0.3790486852659359,-1.2664285004965694,-0.22889263734999352,-1.1479454548479453,-1.469934596022948,0.5903918303604083,-0.4984267236692733,1,0.142857142857143
1.0582919147426215,-1.3790405415285798,-1.4412204485578501,-1.0239782247377505,-0.04822673492737508,-0.4867917264876605,-0.4764630899578453,0.12153460779939068,-0.48292489073153577,1.4588989361537517,-1.7866200572617057,1,0.142857142857143
0.13575831051897916,1.4377231177639476,1.0652498967601502,-0.5665472820908262,-1.5436907056039617,0.20621873929803625,0.3157623583872811,1.4939454863370514,1.6594217564126146,1.1114960938364142,0.08711570069092253,0,0.142857142857143
-1.0706317873119378,0.029341288117683866,1.46628515201103,0.3483146032030231,0.0941984051370619,0.20621873929803625,1.6526428024696826,0.944981134921987,-1.6076568804822147,0.9377946726777456,1.6095260040274337,0,0.142857142857143
1.448594593452624,1.4377231177639476,-0.13785586899248986,-0.6809050177525574,-1.6149032756361803,-0.5734180347108727,0.16722008682257025,0.19015515172627376,-1.6000056424566997,-1.320323802384947,-1.0839691480294704,1,0.142857142857143
-0.9996676639101192,-0.674849626705448,-0.5890205311497297,-0.738083885583423,-1.1164152854106517,0.03296612285161279,-0.7735476330872681,0.8077400470682208,-0.643600889267347,-0.799219538908941,-1.3181861177735492,1,0.142857142857143
-1.638344774526487,0.7335322029408157,0.9649910829474302,-0.5665472820908262,0.2366235452014989,-1.006549575826933,0.8604173541245557,-1.525358446445802,-1.4928883100994923,0.5903918303604083,0.4384411553070408,0,0.142857142857143
0.17124037221988847,-0.674849626705448,-0.23811468280520998,-1.081157092568616,-0.7603524352495592,-0.7466706511572971,0.06819190577942931,-0.9077735511038548,1.6900267085146738,0.9377946726777456,-1.0839691480294704,1,0.142857142857143
-0.8932214788073912,1.4377231177639476,0.3133087931647501,0.8057455458499474,-0.6179272951851222,-1.6129337333894183,-1.2686885383029722,1.4253249424101682,-0.643600889267347,-1.320323802384947,-0.14710126905315632,1,0.142857142857143
0.5260609892289817,0.7335322029408157,0.8146028622283505,0.11959913187956063,-1.0452027153784331,-1.3530548087197818,-0.37743490891470494,1.1851530386660774,1.6211655662850404,0.9377946726777456,-0.0299927841811169,1,0.142857142857143
1.8034152104617172,0.029341288117683866,-1.1905734140260502,-0.738083885583423,-0.4042895850884675,0.8992292050837339,0.16722008682257025,-1.4224276305554775,-0.6971595554459508,1.6326003573124204,-1.0839691480294704,1,0.142857142857143
-1.2125600341155751,0.7335322029408157,-0.28824408971157,1.4918919598203342,0.521473825330372,1.0724818215301584,-0.0803503657852821,-0.4617400155791152,-0.7507182216245546,-0.4518166965916037,0.9068750947951986,0,0.142857142857143
-0.7158111703028446,0.029341288117683866,1.0151204898537902,-1.1383359603994816,0.0941984051370619,-0.05366018537159943,0.4643046299519925,1.562566030263934,-0.2304340358895466,0.24298898804307098,0.20422418556296196,0,0.142857142857143
0.9518457296398936,0.029341288117683866,-1.54147926237057,-1.481409167384675,-1.1164152854106517,-1.6129337333894183,0.8604173541245557,0.7734297751047793,-0.07740927537925014,0.9377946726777456,-2.3721624816219027,1,0.142857142857143
1.3066663466489867,1.4377231177639476,-1.1905734140260502,-0.6809050177525574,-0.9027775753139962,-0.4001654182644483,-0.8230617236088386,-0.015706480054375496,-1.6229593565332443,1.4588989361537517,-1.7866200572617057,1,0.142857142857143
-0.5029188000973887,1.4377231177639476,0.5138264207901903,-0.6809050177525574,-0.11943930495959357,-0.7466706511572971,-0.42694899943627485,-1.1479454548479453,-1.6459130706097889,0.5903918303604083,-0.26420975392519447,1,0.142857142857143
0.6325071743317097,0.7335322029408157,-1.1404440071196902,-1.0239782247377505,-0.6179272951851222,0.37947135574446067,-0.9716039951735497,-1.2851865427017115,-0.4982273667825654,0.5903918303604083,-1.6695115723896663,1,0.142857142857143
-0.18358024478920476,-1.3790405415285798,-1.69186748308965,-0.4521895464290949,-1.4724781355717433,-0.8332969593805094,-1.4172308098676836,-1.3538070866285945,1.0473227143714288,-1.4940252235436158,-2.3721624816219027,1,-7.000000000000001
-0.325508491592842,0.029341288117683866,0.5138264207901903,-1.252693696061213,1.5184498057814302,-1.3530548087197818,1.6031287119481121,0.39601678350692265,-0.16922413168542802,-1.4940252235436158,0.3213326704350014,0,0.142857142857143
-1.3544882809192123,-0.674849626705448,-1.4412204485578501,1.5490708276511997,-0.8315650052817777,-0.5734180347108727,-0.3279208183931344,-1.525358446445802,-0.8807892680583065,0.41669040920173966,-0.7326436934133522,1,0.142857142857143
0.13575831051897916,0.7335322029408157,-0.4887617173370097,0.9201032815116786,1.09117438558812,-1.1798021922733573,-0.42694899943627485,-0.42742974361567365,1.6823754704891591,-0.9729209600676098,0.20422418556296196,0,0.142857142857143
1.7324510870598986,0.7335322029408157,1.1153793036665103,-0.3950106785982293,-1.6149032756361803,-1.093175884050145,1.6031287119481121,-1.456737902518919,1.0932301425245177,0.9377946726777456,0.20422418556296196,0,0.142857142857143
-0.8577394171064818,0.7335322029408157,-1.74199688999601,0.005241396217829401,-0.4042895850884675,1.678865979092643,-1.1696603572598316,-0.49605028754255676,1.0626251904224584,-1.320323802384947,-1.3181861177735492,1,0.142857142857143
1.342148408349896,1.4377231177639476,-0.9900557864006099,-0.9667993569068848,0.806324105459246,0.03296612285161279,-0.27840672787156395,-1.1136351828845037,-0.3681563203488134,-0.10441385427426636,-0.966860663157431,1,0.142857142857143
-0.8577394171064818,0.7335322029408157,-1.4412204485578501,0.17677799971042626,1.4472372357492116,-0.7466706511572971,-0.5754912710009863,-1.2851865427017115,0.7871806215039248,1.4588989361537517,-0.7326436934133522,1,0.142857142857143
-1.0706317873119378,0.7335322029408157,0.5639558276965503,1.148818752835141,-0.9739901453462146,-1.2664285004965694,1.2565300782971194,-1.1479454548479453,-0.8884405060838213,1.285197514995083,0.6726581250511197,0,0.142857142857143
0.9163636679389843,-0.674849626705448,-1.54147926237057,1.2631764884968724,-0.5467147251529038,1.4189870544230063,1.5536146214265418,0.6018784152875719,1.1161838566010622,-1.4940252235436158,0.08711570069092253,0,0.142857142857143
1.555040778555352,-1.3790405415285798,1.1655087105728703,1.6062496954820653,1.0199618155559016,0.4660976639676729,0.3652764489088516,1.219463310629519,-0.7201132695224952,-0.4518166965916037,2.195068428387631,0,0.142857142857143
-1.0706317873119378,0.029341288117683866,-1.54147926237057,-0.3950106785982293,-0.19065187499181205,-1.1798021922733573,-1.3677167193461133,0.15584487976283223,0.5882484328405394,-1.4940252235436158,-1.903728542133745,1,0.142857142857143
-1.425452404321031,0.029341288117683866,1.6668027796364704,0.7485666780190818,1.803300085910304,0.7259765886373095,-0.6745194520441272,0.6018784152875719,1.598211852208496,-1.4940252235436158,2.0779599435155913,0,-7.000000000000001
-0.11261612138738611,0.029341288117683866,0.7143440484156305,-1.652945770877272,0.521473825330372,-1.093175884050145,0.26624826786571065,0.018603791909066046,0.9708103341162806,-0.4518166965916037,-0.38131823879723387,1,0.142857142857143
-0.5384008617982979,0.7335322029408157,1.2156381174792303,1.320355356327738,-0.04822673492737508,0.8126028968605218,-0.6250053615225567,-0.530360559505998,-0.8272306018797028,0.41669040920173966,1.4924175191553943,0,0.142857142857143
-0.9996676639101192,-0.674849626705448,0.5138264207901903,-1.5957669030464063,0.45026125529815436,0.03296612285161279,0.16722008682257025,-0.4617400155791152,0.6188533849425987,-0.4518166965916037,-0.26420975392519447,1,0.142857142857143
-1.3899703426201218,-1.3790405415285798,1.6166733727301104,-0.28065294293649806,-0.11943930495959357,-1.526307425166206,-1.5657730814323947,0.7734297751047793,-0.7889744117521287,-1.1466223812262784,0.3213326704350014,0,0.142857142857143
-0.36099055329375135,1.4377231177639476,-0.8897969725878901,0.8629244136808131,-1.18762785544287,-1.006549575826933,-0.12986445630685256,-0.7019119193232058,0.5346897666619357,0.41669040920173966,-0.8497521782853916,1,0.142857142857143
0.10027624881806982,0.029341288117683866,1.0652498967601502,1.148818752835141,1.3048120956847755,-0.22691280181802387,0.7118750825598449,-0.7705324632500887,-0.22278279786403177,-0.6255181177502723,1.8437429737715127,0,0.142857142857143
-1.319006219218303,0.029341288117683866,0.26317938625839,1.4347130919894686,1.6608749458458671,0.20621873929803625,-0.12986445630685256,1.562566030263934,1.6670729944381295,-1.1466223812262784,1.4924175191553943,0,0.142857142857143
1.4131125317517148,0.7335322029408157,-0.8897969725878901,-0.1091163394439012,-0.11943930495959357,0.29284504752124846,-0.4764630899578453,-1.1479454548479453,-1.4393296439208885,1.6326003573124204,-0.7326436934133522,1,0.142857142857143
-0.2545443681910234,0.7335322029408157,0.41356760697747014,-1.0239782247377505,0.3790486852659359,0.6393502804140974,0.11770599630099977,0.7734297751047793,-0.857835553981762,-0.9729209600676098,0.08711570069092253,0,0.142857142857143
0.17124037221988847,1.4377231177639476,-1.1404440071196902,0.6342089423573511,0.521473825330372,1.4189870544230063,0.8109032636029858,0.05291406387250759,-1.2174437411809587,0.41669040920173966,0.20422418556296196,0,0.142857142857143
-0.36099055329375135,1.4377231177639476,1.1655087105728703,-0.22347407510563244,0.521473825330372,0.8126028968605218,0.4643046299519925,-1.2165659987748283,-0.1309679415578539,0.9377946726777456,1.1410920645392775,0,0.142857142857143
-0.7867752937046633,0.7335322029408157,1.2657675243855906,0.6342089423573511,1.3760246657169932,-1.006549575826933,1.30604416881869,-1.4910481744823605,-1.5464469762780961,-0.4518166965916037,1.7266344888994731,0,0.142857142857143
-0.3964726149946607,1.4377231177639476,-0.6892793449624499,0.8629244136808131,-1.0452027153784331,-1.006549575826933,-1.0706321762166906,-1.25087627073827,1.5446531860298922,-0.10441385427426636,-0.8497521782853916,1,0.142857142857143
-0.041651997985567464,0.7335322029408157,0.9649910829474302,0.8057455458499474,1.09117438558812,-0.7466706511572971,1.3555582593402604,-1.2165659987748283,0.03735929500347219,-0.799219538908941,1.6095260040274337,0,0.142857142857143
0.17124037221988847,-1.3790405415285798,-1.1905734140260502,1.5490708276511997,0.948749245523683,-0.7466706511572971,0.3157623583872811,0.7734297751047793,1.3227672832899624,0.24298898804307098,0.20422418556296196,0,0.142857142857143
1.5195587168544427,0.029341288117683866,0.6140852346029103,-0.3950106785982293,1.6608749458458671,1.3323607461997942,0.7613891730814153,0.7391195031413377,-1.6306105945587592,1.6326003573124204,1.2582005494113169,0,0.142857142857143
0.0647941871171605,1.4377231177639476,0.16292057244567046,1.6062496954820653,-0.04822673492737508,-1.439681116942994,0.21673417734414016,1.1851530386660774,1.2003474748817253,1.1114960938364142,0.6726581250511197,0,0.142857142857143
0.455096865827163,-1.3790405415285798,0.7644734553219905,-0.9096204890760192,0.6638989653948091,1.678865979092643,0.6623609920382744,1.3223941265198436,0.7183194792742914,-0.10441385427426636,0.7897666099231591,0,0.142857142857143
1.7679331487608079,0.7335322029408157,0.7143440484156305,1.2059976206660068,-0.4755021551206852,-0.8332969593805094,1.5536146214265418,0.8077400470682208,-0.4676224146805061,-0.10441385427426636,1.1410920645392775,0,0.142857142857143
-1.3544882809192123,0.029341288117683866,0.16292057244567046,0.5198512066956199,0.948749245523683,0.4660976639676729,0.16722008682257025,0.8763605909951039,-1.3857709777422849,1.4588989361537517,0.7897666099231591,0,0.142857142857143
0.6325071743317097,-0.674849626705448,-0.4887617173370097,-0.3378318107673637,1.7320875158780855,-1.3530548087197818,-0.7735476330872681,-0.015706480054375496,-0.38345879639984304,-0.6255181177502723,-0.38131823879723387,1,0.142857142857143
-0.00616993628465814,-1.3790405415285798,0.3634382000711101,-0.6809050177525574,-0.26186444502403056,-0.9199232676037216,1.6526428024696826,-1.25087627073827,-1.508190786150522,-0.6255181177502723,-0.0299927841811169,1,0.142857142857143
1.12925603814444,1.4377231177639476,-1.04018519330697,-1.4242302995538094,-0.04822673492737508,-1.6995600416126306,-1.4172308098676836,1.0822222227757532,0.05266177105450184,0.41669040920173966,-2.137945511877824,1,0.142857142857143
-0.9287035405083005,0.029341288117683866,0.6642146415092705,-1.5385880352155408,1.0199618155559016,1.2457344379765818,1.0584737162108375,0.05291406387250759,-0.7124620314969804,0.41669040920173966,0.5555496401790803,0,0.142857142857143
-0.6448470469010259,-0.674849626705448,-0.9900557864006099,0.11959913187956063,0.8775366754914645,0.4660976639676729,-0.0803503657852821,1.5968763022273755,1.5446531860298922,0.41669040920173966,-0.26420975392519447,1,0.142857142857143
-0.43195467669557,-1.3790405415285798,0.8146028622283505,0.8057455458499474,-1.4724781355717433,-0.4867917264876605,1.2565300782971194,-0.9077735511038548,-0.13861917958336872,-0.799219538908941,0.6726581250511197,0,0.142857142857143
0.41961480412625374,-0.674849626705448,-1.4913498554642102,-0.8524416212451535,0.5926863953625906,1.4189870544230063,-0.12986445630685256,0.39601678350692265,-0.2686902260171207,-0.799219538908941,-1.0839691480294704,1,0.142857142857143
0.27768655732261643,1.4377231177639476,-0.5388911242433697,0.062420264048695016,1.7320875158780855,0.7259765886373095,0.612846901516704,-0.8734632791404133,-1.6153081185077296,0.06928756688440231,0.5555496401790803,0,0.142857142857143
1.6969690253589893,-1.3790405415285798,0.1127911655393104,0.2911357353721575,-1.7573284157006173,0.8992292050837339,0.7613891730814153,-0.42742974361567365,1.6670729944381295,0.5903918303604083,-0.0299927841811169,1,0.142857142857143
1.555040778555352,0.7335322029408157,1.6166733727301104,-0.9096204890760192,-0.6179272951851222,-1.093175884050145,0.26624826786571065,-1.182255726811387,-0.4370174625784468,-0.799219538908941,0.3213326704350014,0,0.142857142857143
-0.9996676639101192,1.4377231177639476,0.5639558276965503,-0.5665472820908262,0.8775366754914645,0.20621873929803625,-0.12986445630685256,-1.1136351828845037,0.8866467158356175,0.5903918303604083,0.4384411553070408,0,0.142857142857143
-1.1770779724146658,0.7335322029408157,-0.43863231043064965,1.4918919598203342,0.022985835104843415,0.5527239721908851,1.4545864403834008,1.288083854556402,-0.14627041760888354,1.285197514995083,0.9068750947951986,0,0.142857142857143
-0.9641856022092098,-1.3790405415285798,-0.08772646208612982,-1.5385880352155408,-1.0452027153784331,1.0724818215301584,-0.12986445630685256,-0.6676016473597642,0.1368253893351649,1.4588989361537517,-0.966860663157431,1,0.142857142857143
0.49057892752807236,-1.3790405415285798,0.86473226913471,-0.795262753414288,-1.3300529955073064,-0.8332969593805094,1.4545864403834008,0.293085967616598,-0.33755136824675414,1.6326003573124204,-0.0299927841811169,1,0.142857142857143
0.5260609892289817,0.029341288117683866,0.06266175863295034,-0.1091163394439012,-0.8315650052817777,1.1591081297533705,1.405072349861831,0.9792914068854285,1.1773937608051808,0.41669040920173966,0.3213326704350014,0,0.142857142857143
-0.43195467669557,-1.3790405415285798,-1.3910910416514901,0.8057455458499474,-1.0452027153784331,-0.4001654182644483,0.018677815257858842,0.8077400470682208,-0.34520260627226895,-0.799219538908941,-0.966860663157431,1,0.142857142857143
0.7389533594344376,0.029341288117683866,0.16292057244567046,1.0916398850042754,-1.1164152854106517,1.0724818215301584,0.7118750825598449,0.2244654236897153,-1.3934222157677996,-0.6255181177502723,0.6726581250511197,0,0.142857142857143
-1.3544882809192123,0.7335322029408157,-1.24070282093241,0.5770300745264856,0.0941984051370619,0.5527239721908851,-0.5259771804794158,1.4253249424101682,0.6877145271722321,-0.278115275432935,-0.4984267236692733,1,0.142857142857143
-1.3899703426201218,0.7335322029408157,0.6140852346029103,-0.9096204890760192,0.3790486852659359,0.7259765886373095,-1.4172308098676836,0.018603791909066046,-0.857835553981762,1.6326003573124204,-0.14710126905315632,1,0.142857142857143
1.5195587168544427,-0.674849626705448,-1.09031460021333,1.377534224158603,-0.19065187499181205,-1.006549575826933,-0.17937854682842302,-0.29018865576190767,-1.6765180227118481,-0.4518166965916037,-0.38131823879723387,1,0.142857142857143
1.2357022232471682,-0.674849626705448,0.06266175863295034,-1.1955148282303474,-1.5436907056039617,0.8126028968605218,0.21673417734414016,-0.4617400155791152,1.2615573790858439,1.6326003573124204,-0.8497521782853916,1,0.142857142857143
0.41961480412625374,1.4377231177639476,0.9148616760410702,-0.5665472820908262,0.8775366754914645,-1.1798021922733573,-1.2686885383029722,-0.49605028754255676,0.37401376812612436,-1.1466223812262784,0.08711570069092253,0,0.142857142857143
0.7034712977335283,0.029341288117683866,-1.54147926237057,-1.252693696061213,1.3048120956847755,0.4660976639676729,-0.8230617236088386,0.2244654236897153,0.8789954778101027,-0.799219538908941,-1.4352946026455888,1,0.142857142857143
0.561543050929891,-1.3790405415285798,0.9148616760410702,-1.652945770877272,0.0941984051370619,0.119592431074825,-0.3279208183931344,-0.6676016473597642,0.4887823385088467,0.06928756688440231,-0.26420975392519447,1,0.142857142857143
-1.638344774526487,0.7335322029408157,1.0652498967601502,1.0344610171734099,-0.26186444502403056,-0.7466706511572971,-0.7240335425656976,-0.05001675201781704,-1.4928883100994923,1.4588989361537517,0.9068750947951986,0,0.142857142857143
-1.7093088979283055,1.4377231177639476,1.1153793036665103,-0.6809050177525574,0.3078361152337174,0.8992292050837339,-0.37743490891470494,-0.6676016473597642,0.5270385286364209,0.5903918303604083,0.6726581250511197,0,0.142857142857143
-0.00616993628465814,-1.3790405415285798,1.5164145589173903,0.17677799971042626,0.5926863953625906,1.4189870544230063,-1.3677167193461133,-0.9077735511038548,-0.5441347949356543,1.285197514995083,1.2582005494113169,0,0.142857142857143
0.9518457296398936,-0.674849626705448,1.2657675243855906,-0.28065294293649806,-1.4724781355717433,-0.14028649359481166,-0.9220899046519793,-0.7019119193232058,1.253906141060329,1.4588989361537517,-0.0299927841811169,1,0.142857142857143
-0.43195467669557,0.029341288117683866,0.86473226913471,-1.5957669030464063,0.3078361152337174,0.9858555133069462,-1.6648012624755357,0.19015515172627376,-1.1868387890788994,0.764093251519077,-0.26420975392519447,1,0.142857142857143
-1.0351497256110285,0.7335322029408157,-0.9399263794942498,1.4918919598203342,-0.5467147251529038,-1.1798021922733573,0.21673417734414016,1.5282557583004925,1.383977187494081,-1.4940252235436158,-0.26420975392519447,1,0.142857142857143
-0.041651997985567464,-1.3790405415285798,0.9148616760410702,0.9772821493425442,0.521473825330372,1.2457344379765818,0.8604173541245557,1.3223941265198436,1.3151160452644475,0.764093251519077,1.7266344888994731,0,0.142857142857143
-1.2125600341155751,0.029341288117683866,-0.28824408971157,-0.738083885583423,0.2366235452014989,-0.660044342934085,-1.4172308098676836,-1.6969098062630097,0.45817738640678746,-0.278115275432935,-0.966860663157431,1,0.142857142857143
-1.531898589423759,-0.674849626705448,1.7670615934491904,-0.738083885583423,-0.7603524352495592,-1.1798021922733573,-1.1696603572598316,-0.7019119193232058,-0.3987612724508727,0.5903918303604083,0.08711570069092253,0,0.142857142857143
-0.4674367383964793,0.7335322029408157,0.41356760697747014,-0.795262753414288,-0.7603524352495592,0.03296612285161279,1.0584737162108375,-1.525358446445802,-0.1309679415578539,0.9377946726777456,-0.14710126905315632,1,0.142857142857143
0.0647941871171605,-0.674849626705448,-1.69186748308965,-0.6237261499216917,0.3078361152337174,-1.1798021922733573,-0.22889263734999352,0.19015515172627376,0.38166500615163923,-1.1466223812262784,-1.6695115723896663,1,0.142857142857143
0.3841327424253444,1.4377231177639476,-0.3383734966179301,0.9772821493425442,1.5896623758136486,1.2457344379765818,0.21673417734414016,-0.29018865576190767,0.3434088160240651,1.6326003573124204,1.1410920645392775,0,0.142857142857143
0.561543050929891,1.4377231177639476,-0.6391499380560899,-0.1091163394439012,-0.7603524352495592,1.5922396708694306,-0.6250053615225567,-1.3538070866285945,1.1314863326520919,-1.4940252235436158,-0.6155352085413127,1,0.142857142857143
-1.2835241575173937,0.029341288117683866,0.4636970138838302,-0.4521895464290949,0.16541097516928038,1.0724818215301584,1.107987806732408,1.5968763022273755,-1.6306105945587592,0.41669040920173966,0.6726581250511197,0,0.142857142857143
0.34865068072443506,-0.674849626705448,0.9649910829474302,-1.5385880352155408,-1.6861158456683987,1.0724818215301584,-0.0803503657852821,-1.25087627073827,-0.6818570793949211,-1.1466223812262784,-0.4984267236692733,1,0.142857142857143
0.17124037221988847,-0.674849626705448,1.2657675243855906,0.7485666780190818,-0.04822673492737508,0.119592431074825,1.6526428024696826,1.6311865741908171,0.8024830975549544,1.285197514995083,1.7266344888994731,0,0.142857142857143
-1.6738268362273963,-0.674849626705448,0.06266175863295034,-1.3098725638920785,1.6608749458458671,-0.660044342934085,1.2565300782971194,-0.35880919968879055,1.5829093761574664,-0.4518166965916037,0.08711570069092253,0,0.142857142857143
0.8808816062380749,1.4377231177639476,-1.1905734140260502,-0.4521895464290949,0.45026125529815436,-1.1798021922733573,1.6526428024696826,1.4253249424101682,0.7030170032232618,1.285197514995083,-0.7326436934133522,1,0.142857142857143
0.8808816062380749,-0.674849626705448,-1.4412204485578501,1.4347130919894686,-1.0452027153784331,-0.22691280181802387,-0.17937854682842302,0.3617065115434811,0.863693001759073,-1.1466223812262784,-0.7326436934133522,1,0.142857142857143
1.448594593452624,-1.3790405415285798,0.6642146415092705,0.3483146032030231,-1.4012655655395247,0.03296612285161279,0.8109032636029858,1.6998071181177001,-1.117977646849266,-0.6255181177502723,0.4384411553070408,0,0.142857142857143
-0.8222573554055725,-1.3790405415285798,1.6166733727301104,-1.4242302995538094,0.16541097516928038,-0.660044342934085,-0.37743490891470494,-1.0793249109210623,-0.5900422230887432,-0.278115275432935,0.20422418556296196,0,0.142857142857143
-0.7512932320037539,1.4377231177639476,0.012532351726590292,-1.4242302995538094,0.45026125529815436,-0.4867917264876605,1.2565300782971194,-0.22156811183502456,1.7512366127187924,-0.799219538908941,-0.38131823879723387,1,0.142857142857143
1.66148696365808,-0.674849626705448,-0.78953815877517,0.9201032815116786,-1.0452027153784331,-0.5734180347108727,-0.0803503657852821,1.5282557583004925,0.8407392876825286,0.5903918303604083,-0.6155352085413127,1,0.142857142857143
-0.3964726149946607,0.7335322029408157,-0.4887617173370097,-1.1955148282303474,0.022985835104843415,-0.14028649359481166,1.405072349861831,1.4939454863370514,0.1368253893351649,0.5903918303604083,-0.6155352085413127,1,0.142857142857143
-0.5384008617982979,-1.3790405415285798,1.4161557451046707,1.0344610171734099,-1.7573284157006173,-0.5734180347108727,-0.22889263734999352,-0.9077735511038548,-1.5464469762780961,-0.4518166965916037,0.7897666099231591,0,0.142857142857143
1.5195587168544427,0.029341288117683866,-0.83966756568153,-1.5385880352155408,-0.9027775753139962,1.0724818215301584,1.2565300782971194,-0.05001675201781704,1.4069309015706255,0.24298898804307098,-1.2010776329015098,1,0.142857142857143
-0.43195467669557,0.029341288117683866,1.5164145589173903,0.5198512066956199,-0.4042895850884675,0.8992292050837339,0.612846901516704,0.12153460779939068,1.0473227143714288,0.764093251519077,1.4924175191553943,0,0.142857142857143
1.5905228402562612,0.7335322029408157,1.3158969312919506,-1.1383359603994816,1.3048120956847755,1.3323607461997942,0.16722008682257025,0.5675681433241304,-1.6612155466608185,0.24298898804307098,1.0239835796672379,0,0.142857142857143
0.8453995445371656,1.4377231177639476,0.8146028622283505,1.2631764884968724,0.5926863953625906,0.03296612285161279,-1.1696603572598316,-1.525358446445802,1.1314863326520919,0.41669040920173966,1.1410920645392775,0,0.142857142857143
0.9873277913408028,-0.674849626705448,0.26317938625839,-0.3950106785982293,0.948749245523683,-0.660044342934085,0.3652764489088516,0.15584487976283223,1.123835094626577,1.6326003573124204,0.20422418556296196,0,0.142857142857143
-1.2125600341155751,-1.3790405415285798,0.9148616760410702,-1.252693696061213,-0.9739901453462146,1.3323607461997942,-1.6648012624755357,0.8763605909951039,0.022056818952442544,0.06928756688440231,-0.4984267236692733,1,0.142857142857143
-1.4609344660219403,0.7335322029408157,-1.74199688999601,1.0916398850042754,-0.4755021551206852,0.20621873929803625,0.612846901516704,0.7048092311778962,-1.3169098355126514,1.4588989361537517,-0.6155352085413127,1,0.142857142857143
-0.5738829234992073,0.029341288117683866,1.5164145589173903,1.2631764884968724,-0.26186444502403056,0.7259765886373095,1.405072349861831,1.219463310629519,-0.16922413168542802,0.764093251519077,2.0779599435155913,0,0.142857142857143
-0.11261612138738611,-1.3790405415285798,0.16292057244567046,-0.22347407510563244,0.8775366754914645,1.1591081297533705,0.9594455351676967,-1.5596687184092437,-1.1868387890788994,1.6326003573124204,0.7897666099231591,0,0.142857142857143
-0.5738829234992073,-1.3790405415285798,1.1655087105728703,1.2059976206660068,-0.6891398652173407,-0.22691280181802387,-0.0803503657852821,-1.1479454548479453,-0.34520260627226895,0.41669040920173966,1.1410920645392775,0,0.142857142857143
0.41961480412625374,-1.3790405415285798,-0.8897969725878901,-1.4242302995538094,1.5184498057814302,0.29284504752124846,0.612846901516704,1.4253249424101682,-1.3169098355126514,-0.6255181177502723,-0.6155352085413127,1,0.142857142857143
0.561543050929891,0.029341288117683866,0.5639558276965503,-0.3378318107673637,-0.4755021551206852,0.7259765886373095,-0.37743490891470494,-0.49605028754255676,-0.8425330779307324,-0.9729209600676098,0.08711570069092253,0,0.142857142857143
0.9518457296398936,0.7335322029408157,-0.8897969725878901,-1.652945770877272,-1.18762785544287,0.37947135574446067,0.7613891730814153,-1.6282892623361265,1.3686747114430513,-0.278115275432935,-1.5524030875176282,1,0.142857142857143
-1.2835241575173937,0.7335322029408157,-1.4913498554642102,1.377534224158603,-0.9739901453462146,0.8992292050837339,-0.6250053615225567,1.2537735825929606,-0.6129959371652878,-0.4518166965916037,-0.6155352085413127,1,0.142857142857143
0.20672243392079778,1.4377231177639476,-1.4913498554642102,0.8057455458499474,0.45026125529815436,-1.6995600416126306,-1.6648012624755357,1.0822222227757532,1.0320202383203991,1.6326003573124204,-1.2010776329015098,1,0.142857142857143
0.9163636679389843,0.7335322029408157,1.46628515201103,1.7206074311437967,-1.18762785544287,1.3323607461997942,-0.7735476330872681,0.32739623958003955,-1.6076568804822147,-0.278115275432935,1.6095260040274337,0,0.142857142857143
0.02931212541625118,-1.3790405415285798,0.6642146415092705,0.9772821493425442,1.09117438558812,-1.2664285004965694,-0.17937854682842302,1.150842766702636,-0.8884405060838213,-1.320323802384947,1.0239835796672379,0,0.142857142857143
-1.0706317873119378,-1.3790405415285798,-0.03759705517976976,-1.3098725638920785,1.09117438558812,-0.8332969593805094,1.405072349861831,1.4253249424101682,1.3686747114430513,0.764093251519077,-0.14710126905315632,1,0.142857142857143
1.448594593452624,0.7335322029408157,-0.18798527589884992,0.46267233886475434,-0.11943930495959357,-0.4867917264876605,-0.37743490891470494,-0.8734632791404133,-1.1256288848747809,-1.320323802384947,-0.14710126905315632,1,0.142857142857143
1.342148408349896,-1.3790405415285798,-1.69186748308965,-1.652945770877272,1.7320875158780855,-0.9199232676037216,1.0584737162108375,-1.4910481744823605,-1.209792503155444,-1.6677266447022845,-1.4352946026455888,1,-7.000000000000001
1.448594593452624,-1.3790405415285798,-1.69186748308965,-0.8524416212451535,-0.33307701505624904,-0.14028649359481166,-0.6745194520441272,-1.593978990372685,0.12152291328413524,0.06928756688440231,-1.903728542133745,1,0.142857142857143
0.34865068072443506,-0.674849626705448,-1.4412204485578501,-1.4242302995538094,1.5184498057814302,0.7259765886373095,-1.2686885383029722,-0.4617400155791152,0.7489244313763507,-0.9729209600676098,-1.4352946026455888,1,0.142857142857143
1.555040778555352,-0.674849626705448,0.5639558276965503,-0.738083885583423,1.6608749458458671,-0.5734180347108727,1.7516709835128237,1.7341173900811417,-1.2786536453850772,1.6326003573124204,0.9068750947951986,0,0.142857142857143
1.0582919147426215,-0.674849626705448,0.5639558276965503,0.11959913187956063,1.6608749458458671,0.8126028968605218,-0.9716039951735497,-1.3194968146651531,0.5958996708660542,0.764093251519077,0.9068750947951986,0,0.142857142857143
1.2711842849480774,0.7335322029408157,1.0151204898537902,-0.6237261499216917,-0.6179272951851222,-1.6995600416126306,0.7118750825598449,-1.3194968146651531,-0.857835553981762,-0.4518166965916037,-0.0299927841811169,1,0.142857142857143
-0.18358024478920476,0.029341288117683866,-0.28824408971157,-0.05193747161303622,-1.4724781355717433,-0.7466706511572971,-0.5754912710009863,1.562566030263934,0.8101343355804693,1.285197514995083,-0.966860663157431,1,0.142857142857143
1.448594593452624,-0.674849626705448,1.46628515201103,-1.0239782247377505,1.7320875158780855,0.8126028968605218,0.9594455351676967,0.5675681433241304,0.42757243430472813,1.6326003573124204,1.4924175191553943,0,0.142857142857143
-0.5384008617982979,-1.3790405415285798,0.7644734553219905,0.8629244136808131,-0.9739901453462146,-0.14028649359481166,0.41479053943042204,0.944981134921987,0.029708056977957364,-1.4940252235436158,0.6726581250511197,0,0.142857142857143
0.5260609892289817,0.029341288117683866,0.06266175863295034,-0.1091163394439012,-0.6179272951851222,0.29284504752124846,0.8109032636029858,-0.29018865576190767,-0.987906600415514,1.4588989361537517,0.08711570069092253,0,0.142857142857143
0.8453995445371656,0.029341288117683866,0.4636970138838302,-1.252693696061213,0.948749245523683,-0.7466706511572971,1.405072349861831,1.1165324947391944,-1.3016073594616218,1.4588989361537517,0.20422418556296196,0,0.142857142857143
-0.9996676639101192,0.029341288117683866,-0.4887617173370097,-1.3670514317229439,1.6608749458458671,0.5527239721908851,-0.12986445630685256,-0.324498927725349,1.468140805774744,1.1114960938364142,-0.38131823879723387,1,0.142857142857143
0.667989236032619,0.7335322029408157,-1.29083222783877,-0.6237261499216917,-0.04822673492737508,-0.05366018537159943,-0.0803503657852821,-1.0793249109210623,-1.0108603144920585,1.1114960938364142,-1.3181861177735492,1,0.142857142857143
0.7389533594344376,-0.674849626705448,1.46628515201103,-1.3098725638920785,0.948749245523683,0.8992292050837339,1.107987806732408,1.3567043984832852,-0.1921778457619725,-0.278115275432935,1.1410920645392775,0,0.142857142857143
-0.43195467669557,0.029341288117683866,-0.08772646208612982,-0.795262753414288,0.8775366754914645,0.4660976639676729,1.30604416881869,-1.4224276305554775,-0.33755136824675414,-0.278115275432935,0.20422418556296196,0,0.142857142857143
1.2002201615462589,1.4377231177639476,-0.83966756568153,-0.3378318107673637,-0.4042895850884675,1.0724818215301584,-0.12986445630685256,-1.1136351828845037,-1.3245610735381663,0.41669040920173966,-0.7326436934133522,1,0.142857142857143
-0.325508491592842,-1.3790405415285798,0.41356760697747014,0.23395686754129186,0.806324105459246,1.5922396708694306,1.4545864403834008,1.562566030263934,-0.8501843159562472,0.41669040920173966,1.375309034283355,0,0.142857142857143
-1.3544882809192123,0.7335322029408157,-0.6892793449624499,1.377534224158603,1.7320875158780855,1.2457344379765818,-1.3182026288245428,1.562566030263934,0.4046187202281837,0.06928756688440231,0.7897666099231591,0,0.142857142857143
1.0937739764435308,-1.3790405415285798,-0.18798527589884992,-1.5385880352155408,0.16541097516928038,-0.4867917264876605,-0.0803503657852821,0.39601678350692265,1.6670729944381295,0.5903918303604083,-0.966860663157431,1,0.142857142857143
0.3131686190235258,-1.3790405415285798,-0.23811468280520998,1.0916398850042754,1.4472372357492116,-1.2664285004965694,0.11770599630099977,-0.7362221912866471,0.006754342901412898,-0.6255181177502723,0.6726581250511197,0,0.142857142857143
0.49057892752807236,-0.674849626705448,-1.1404440071196902,-0.6237261499216917,-0.19065187499181205,1.1591081297533705,1.5041005309049713,0.46463732743380576,-0.2610389879916059,1.1114960938364142,-0.6155352085413127,1,0.142857142857143
-0.4674367383964793,-0.674849626705448,0.7644734553219905,-0.16629520727476682,-0.8315650052817777,-1.006549575826933,0.612846901516704,-1.6969098062630097,-1.2633511693340476,-0.9729209600676098,0.08711570069092253,0,0.142857142857143
-0.07713405968647678,0.029341288117683866,-0.3885029035242901,-0.05193747161303622,-0.4755021551206852,-0.5734180347108727,1.6031287119481121,0.4989475993972473,1.5676069001064368,0.9377946726777456,-0.14710126905315632,1,0.142857142857143
0.8808816062380749,-0.674849626705448,0.5639558276965503,-0.22347407510563244,0.948749245523683,1.7654922873158552,0.5633328109951334,-1.525358446445802,-1.2403974552575032,-1.6677266447022845,1.1410920645392775,0,0.142857142857143
-0.2900264298919327,-1.3790405415285798,0.16292057244567046,-0.738083885583423,1.5896623758136486,1.2457344379765818,0.8109032636029858,-1.4224276305554775,-1.0108603144920585,-1.6677266447022845,0.6726581250511197,0,0.142857142857143
-0.8577394171064818,-1.3790405415285798,-1.1905734140260502,1.663428563312931,-1.18762785544287,-0.05366018537159943,-0.4764630899578453,0.4989475993972473,1.6747242324636442,1.1114960938364142,-0.4984267236692733,1,0.142857142857143
0.3841327424253444,0.7335322029408157,-0.43863231043064965,0.5770300745264856,-1.4724781355717433,-0.8332969593805094,0.7613891730814153,-0.05001675201781704,-0.3299001302212393,-0.9729209600676098,-0.4984267236692733,1,0.142857142857143
-0.11261612138738611,-0.674849626705448,0.1127911655393104,-0.6809050177525574,-0.4755021551206852,-1.439681116942994,1.7021568929912532,-1.5596687184092437,-0.9726041243644844,-1.4940252235436158,-0.26420975392519447,1,0.142857142857143
0.561543050929891,-1.3790405415285798,-0.8897969725878901,0.11959913187956063,-0.04822673492737508,0.7259765886373095,-1.466744900389254,-1.045014638957621,-1.1256288848747809,0.24298898804307098,-0.7326436934133522,1,0.142857142857143
-0.11261612138738611,-1.3790405415285798,-1.09031460021333,-1.5385880352155408,-1.4724781355717433,1.7654922873158552,1.0089596256892672,1.4596352143736098,0.6647608130956877,0.06928756688440231,-1.4352946026455888,1,0.142857142857143
1.2357022232471682,0.7335322029408157,1.1655087105728703,-0.5093684142599605,-0.26186444502403056,-1.2664285004965694,-1.2686885383029722,0.4303270554703642,-0.7966256497776435,0.06928756688440231,-0.0299927841811169,1,0.142857142857143
-0.7867752937046633,1.4377231177639476,0.5138264207901903,-1.652945770877272,-1.18762785544287,1.678865979092643,-1.466744900389254,0.6361886872510134,-1.072070218696177,0.41669040920173966,-0.8497521782853916,1,0.142857142857143
-0.8222573554055725,-0.674849626705448,-0.9399263794942498,-0.795262753414288,0.5926863953625906,-0.3135391100412361,-1.02111808569512,0.8077400470682208,-1.0414652665941178,-0.278115275432935,-1.2010776329015098,1,0.142857142857143
0.9873277913408028,0.029341288117683866,-1.09031460021333,1.377534224158603,0.6638989653948091,0.4660976639676729,-1.3677167193461133,0.3617065115434811,0.7030170032232618,1.1114960938364142,-0.0299927841811169,1,0.142857142857143
1.3776304700508053,0.029341288117683866,-0.4887617173370097,-0.8524416212451535,0.6638989653948091,0.6393502804140974,0.018677815257858842,0.9792914068854285,-1.2250949792064736,-1.4940252235436158,-0.38131823879723387,1,0.142857142857143
0.02931212541625118,-0.674849626705448,-0.5890205311497297,-1.3670514317229439,1.7320875158780855,-0.7466706511572971,-0.22889263734999352,0.5332578713606888,-0.34520260627226895,0.5903918303604083,-0.7326436934133522,1,0.142857142857143
-0.07713405968647678,0.7335322029408157,0.86473226913471,1.0916398850042754,-1.3300529955073064,-1.6129337333894183,0.6623609920382744,-0.6676016473597642,0.8866467158356175,0.24298898804307098,0.5555496401790803,0,0.142857142857143
-0.9287035405083005,1.4377231177639476,0.3133087931647501,0.062420264048695016,0.022985835104843415,-0.5734180347108727,-1.466744900389254,-1.388117358592036,0.6877145271722321,0.41669040920173966,-0.26420975392519447,1,0.142857142857143
0.9518457296398936,-1.3790405415285798,1.1655087105728703,-0.05193747161303622,0.16541097516928038,-0.660044342934085,-1.0706321762166906,-1.388117358592036,0.3434088160240651,-0.4518166965916037,0.4384411553070408,0,0.142857142857143
1.0582919147426215,1.4377231177639476,-1.09031460021333,0.5198512066956199,-1.2588404254750887,0.20621873929803625,0.11770599630099977,0.8077400470682208,-1.1256288848747809,0.764093251519077,-0.8497521782853916,1,0.142857142857143
0.24220449562170712,-0.674849626705448,-0.9900557864006099,-1.081157092568616,-0.19065187499181205,1.1591081297533705,1.207015987775549,0.08722433583594913,0.4887823385088467,-1.6677266447022845,-0.7326436934133522,1,0.142857142857143
1.8034152104617172,1.4377231177639476,1.46628515201103,0.9772821493425442,-0.11943930495959357,0.8992292050837339,1.6031287119481121,0.944981134921987,0.9172516679376768,-0.278115275432935,2.0779599435155913,0,-7.000000000000001
-0.9287035405083005,0.7335322029408157,0.5639558276965503,-1.3098725638920785,0.16541097516928038,-0.22691280181802387,-0.7735476330872681,0.3617065115434811,-1.469934596022948,0.764093251519077,-0.4984267236692733,1,0.142857142857143
0.3841327424253444,0.029341288117683866,-0.3383734966179301,-0.9096204890760192,-0.8315650052817777,-0.05366018537159943,-0.42694899943627485,1.4253249424101682,-0.605344699139773,0.24298898804307098,-1.0839691480294704,1,0.142857142857143
-1.1770779724146658,-1.3790405415285798,-0.3885029035242901,1.148818752835141,0.5926863953625906,0.4660976639676729,-0.5754912710009863,1.1165324947391944,-0.17687536971094284,0.9377946726777456,0.4384411553070408,0,0.142857142857143
-0.6448470469010259,-1.3790405415285798,0.3133087931647501,0.6913878101882162,1.3048120956847755,-1.1798021922733573,0.16722008682257025,-1.662599534299568,-0.2610389879916059,1.285197514995083,0.7897666099231591,0,0.142857142857143
0.10027624881806982,-0.674849626705448,0.8146028622283505,-1.4242302995538094,0.806324105459246,-0.8332969593805094,1.30604416881869,1.0822222227757532,-0.773671935701099,-1.320323802384947,0.20422418556296196,0,0.142857142857143
0.41961480412625374,0.7335322029408157,1.5164145589173903,1.2631764884968724,0.7351115354270276,-1.093175884050145,-0.7735476330872681,-0.9763940950307379,0.6724120511212025,-0.6255181177502723,1.4924175191553943,0,0.142857142857143
1.6969690253589893,1.4377231177639476,1.3158969312919506,1.5490708276511997,-0.33307701505624904,0.03296612285161279,1.6526428024696826,-0.7362221912866471,0.5576434807384801,-1.4940252235436158,1.9608514586435521,0,0.142857142857143
-0.8222573554055725,-1.3790405415285798,-0.28824408971157,-0.5665472820908262,0.3790486852659359,1.5056133626462185,1.207015987775549,1.7341173900811417,0.2056865315647983,1.285197514995083,0.20422418556296196,0,0.142857142857143
0.455096865827163,0.7335322029408157,0.16292057244567046,0.8629244136808131,1.0199618155559016,-0.5734180347108727,0.7613891730814153,0.5675681433241304,-1.5694006903546405,1.285197514995083,0.9068750947951986,0,0.142857142857143
1.0228098530417122,1.4377231177639476,0.41356760697747014,0.2911357353721575,0.16541097516928038,0.5527239721908851,-0.8230617236088386,-1.4224276305554775,-0.5670885090121988,0.764093251519077,0.4384411553070408,0,0.142857142857143
-0.9641856022092098,0.029341288117683866,-0.13785586899248986,0.005241396217829401,-1.6149032756361803,-1.006549575826933,1.1575018972539786,1.150842766702636,0.45817738640678746,-1.6677266447022845,-0.6155352085413127,1,0.142857142857143
-1.6738268362273963,0.029341288117683866,0.3133087931647501,1.663428563312931,-1.18762785544287,-1.526307425166206,1.0089596256892672,-0.8391530071769718,0.9861128101673102,1.6326003573124204,0.5555496401790803,0,0.142857142857143
-1.638344774526487,0.029341288117683866,0.26317938625839,0.005241396217829401,1.3048120956847755,0.119592431074825,-0.8230617236088386,0.6361886872510134,1.4528383297237144,0.41669040920173966,0.4384411553070408,0,0.142857142857143
-1.6028627128255777,-0.674849626705448,1.1655087105728703,-1.5957669030464063,0.521473825330372,-0.4867917264876605,-0.7240335425656976,-0.35880919968879055,-1.6076568804822147,-0.4518166965916037,-0.14710126905315632,1,0.142857142857143
-0.6093649852001166,-1.3790405415285798,1.1153793036665103,-1.5957669030464063,-0.4755021551206852,0.20621873929803625,-1.2191744477814017,0.8763605909951039,-0.22278279786403177,-1.1466223812262784,-0.4984267236692733,1,0.142857142857143
1.4840766551535334,0.7335322029408157,0.7644734553219905,1.4347130919894686,0.7351115354270276,0.6393502804140974,-0.3279208183931344,-1.6969098062630097,0.4734798624578171,1.1114960938364142,1.6095260040274337,0,0.142857142857143
-0.18358024478920476,-1.3790405415285798,-0.3885029035242901,-0.9667993569068848,1.1623869556203386,0.37947135574446067,-0.17937854682842302,1.5282557583004925,-1.6535643086353036,0.9377946726777456,-0.38131823879723387,1,0.142857142857143
-1.106113849012847,-1.3790405415285798,-1.34096163474513,1.663428563312931,-1.0452027153784331,-1.6995600416126306,1.7516709835128237,-0.7362221912866471,-0.40641251047638755,1.4588989361537517,-0.38131823879723387,1,0.142857142857143
1.1647380998453494,-0.674849626705448,0.3133087931647501,1.377534224158603,-0.6179272951851222,0.6393502804140974,-1.0706321762166906,0.4303270554703642,-1.4010734537933145,-0.278115275432935,0.5555496401790803,0,0.142857142857143
-1.4964165277228496,0.029341288117683866,-0.6892793449624499,1.320355356327738,1.233599525652557,-0.05366018537159943,-1.5657730814323947,0.4989475993972473,-1.1103264088237512,1.1114960938364142,0.20422418556296196,0,0.142857142857143
0.5260609892289817,0.029341288117683866,-0.18798527589884992,1.2631764884968724,0.2366235452014989,-1.1798021922733573,0.6623609920382744,0.05291406387250759,-1.3092585974871367,0.24298898804307098,0.5555496401790803,0,0.142857142857143
-1.425452404321031,-1.3790405415285798,-0.3383734966179301,-1.3098725638920785,0.3078361152337174,-1.526307425166206,0.11770599630099977,1.3567043984832852,-0.18452660773645765,0.5903918303604083,-1.0839691480294704,1,0.142857142857143
0.6325071743317097,-0.674849626705448,0.4636970138838302,-1.5385880352155408,-1.6861158456683987,-0.14028649359481166,-0.5754912710009863,-0.18725783987158304,-0.7124620314969804,-0.9729209600676098,-1.2010776329015098,1,0.142857142857143
0.41961480412625374,-1.3790405415285798,0.06266175863295034,-1.0239782247377505,-0.6179272951851222,0.37947135574446067,-1.466744900389254,-1.182255726811387,0.9249029059631916,0.06928756688440231,-0.966860663157431,1,0.142857142857143
0.9873277913408028,0.029341288117683866,1.1153793036665103,-1.081157092568616,-1.3300529955073064,0.8126028968605218,-1.1696603572598316,1.219463310629519,-0.03915308525167604,-0.9729209600676098,-0.26420975392519447,1,0.142857142857143
0.7034712977335283,-1.3790405415285798,-0.6391499380560899,0.5770300745264856,-1.6149032756361803,0.8126028968605218,1.207015987775549,-0.2558783837984661,0.8560417637335582,0.41669040920173966,-0.26420975392519447,1,0.142857142857143
-0.6093649852001166,1.4377231177639476,-0.5890205311497297,1.6062496954820653,1.7320875158780855,0.119592431074825,1.5041005309049713,0.08722433583594913,0.305152625896491,0.41669040920173966,1.375309034283355,0,0.142857142857143
-1.7093088979283055,0.029341288117683866,-1.1404440071196902,0.2911357353721575,0.2366235452014989,0.8992292050837339,0.018677815257858842,-0.7705324632500887,1.5752581381319515,1.1114960938364142,-0.38131823879723387,1,0.142857142857143
0.3841327424253444,-1.3790405415285798,0.26317938625839,0.8057455458499474,-1.2588404254750887,1.3323607461997942,0.3157623583872811,-1.25087627073827,0.10622043723310559,1.4588989361537517,0.5555496401790803,0,0.142857142857143
1.448594593452624,0.7335322029408157,-0.78953815877517,0.7485666780190818,-1.4012655655395247,-1.6129337333894183,0.21673417734414016,0.6704989592144546,0.9019491918866471,0.764093251519077,-0.966860663157431,1,0.142857142857143
0.17124037221988847,0.7335322029408157,-0.03759705517976976,-1.652945770877272,-1.4012655655395247,-0.5734180347108727,-0.17937854682842302,-0.7362221912866471,0.8330880496570138,0.9377946726777456,-1.5524030875176282,1,0.142857142857143
1.6260049019571707,1.4377231177639476,-1.24070282093241,0.6913878101882162,-1.2588404254750887,0.5527239721908851,-1.5162589909108244,-0.29018865576190767,0.2745476737944317,-0.4518166965916037,-1.2010776329015098,1,0.142857142857143
-0.6093649852001166,1.4377231177639476,1.5164145589173903,-1.5385880352155408,-0.26186444502403056,0.7259765886373095,-0.12986445630685256,1.0822222227757532,-1.033814028568603,-1.1466223812262784,0.3213326704350014,0,0.142857142857143
0.9163636679389843,-1.3790405415285798,1.1153793036665103,-1.4242302995538094,0.521473825330372,1.5056133626462185,-0.9716039951735497,0.6018784152875719,0.37401376812612436,0.9377946726777456,0.3213326704350014,0,0.142857142857143
-0.18358024478920476,1.4377231177639476,-1.29083222783877,1.0344610171734099,1.7320875158780855,-0.4001654182644483,-0.17937854682842302,-1.525358446445802,-0.24573651194057625,-1.4940252235436158,0.08711570069092253,0,0.142857142857143
-0.2545443681910234,-1.3790405415285798,-1.29083222783877,-0.16629520727476682,1.1623869556203386,1.4189870544230063,0.06819190577942931,0.2587756956531565,-0.3605050823232986,1.285197514995083,-0.26420975392519447,1,0.142857142857143
0.7389533594344376,-0.674849626705448,-1.04018519330697,0.4054934710338887,-1.4724781355717433,-0.3135391100412361,0.7613891730814153,0.5675681433241304,-1.5617494523291258,1.285197514995083,-0.8497521782853916,1,0.142857142857143
-0.6093649852001166,0.029341288117683866,-1.3910910416514901,0.7485666780190818,0.022985835104843415,0.7259765886373095,-0.8725758141304091,-0.5989811034328811,0.22098900761582793,-1.320323802384947,-0.6155352085413127,1,0.142857142857143
0.8808816062380749,0.029341288117683866,0.4636970138838302,0.8629244136808131,-0.19065187499181205,1.5056133626462185,0.4643046299519925,-0.7019119193232058,-0.3758075583743282,0.764093251519077,1.1410920645392775,0,0.142857142857143
-0.325508491592842,0.029341288117683866,1.2657675243855906,0.005241396217829401,0.6638989653948091,-0.3135391100412361,-0.8230617236088386,1.562566030263934,0.09856919920759077,-1.320323802384947,0.9068750947951986,0,0.142857142857143
1.4840766551535334,0.7335322029408157,-1.04018519330697,-1.1955148282303474,1.3048120956847755,0.6393502804140974,-1.0706321762166906,-0.7705324632500887,-1.508190786150522,-0.9729209600676098,-1.0839691480294704,1,0.142857142857143
-0.2900264298919327,-0.674849626705448,-0.6391499380560899,-1.3098725638920785,-1.4012655655395247,0.8126028968605218,1.2565300782971194,-0.8048427352135302,1.0243690002948842,-0.6255181177502723,-1.0839691480294704,1,0.142857142857143
0.3841327424253444,-0.674849626705448,-0.23811468280520998,-0.9096204890760192,0.0941984051370619,-0.8332969593805094,1.5536146214265418,1.4253249424101682,-0.8731380300327917,1.285197514995083,-0.38131823879723387,1,0.142857142857143
-1.1415959107137563,-0.674849626705448,-0.28824408971157,0.8057455458499474,-0.11943930495959357,1.2457344379765818,1.5536146214265418,-0.530360559505998,-0.7660206976755842,-1.1466223812262784,0.7897666099231591,0,0.142857142857143
-0.8577394171064818,0.7335322029408157,-0.28824408971157,-1.0239782247377505,1.3760246657169932,-1.1798021922733573,-0.12986445630685256,0.39601678350692265,-1.2174437411809587,1.1114960938364142,-0.4984267236692733,1,0.142857142857143
1.0228098530417122,-1.3790405415285798,0.26317938625839,-0.22347407510563244,-1.5436907056039617,-0.05366018537159943,1.107987806732408,0.39601678350692265,0.6571095750701729,0.9377946726777456,-0.14710126905315632,1,0.142857142857143
-1.106113849012847,1.4377231177639476,-1.69186748308965,-0.6809050177525574,0.7351115354270276,1.0724818215301584,-0.6745194520441272,0.018603791909066046,-0.20748032181300213,-0.10441385427426636,-1.2010776329015098,1,0.142857142857143
0.20672243392079778,1.4377231177639476,0.5639558276965503,1.320355356327738,-0.33307701505624904,-0.660044342934085,-1.6648012624755357,0.2587756956531565,-0.27634146404263554,-0.799219538908941,0.4384411553070408,0,0.142857142857143
1.5195587168544427,0.7335322029408157,-1.04018519330697,-0.5093684142599605,-0.4755021551206852,-1.6995600416126306,1.207015987775549,-1.593978990372685,-1.37811973971677,-0.4518166965916037,-1.2010776329015098,1,0.142857142857143
-1.638344774526487,-1.3790405415285798,0.1127911655393104,0.17677799971042626,0.5926863953625906,-0.4001654182644483,0.513818720473563,-1.5596687184092437,-0.4217149865274172,0.06928756688440231,0.4384411553070408,0,0.142857142857143
1.448594593452624,-1.3790405415285798,0.06266175863295034,0.23395686754129186,0.022985835104843415,0.8126028968605218,-0.37743490891470494,1.5282557583004925,-0.9190454581858807,0.9377946726777456,0.20422418556296196,0,0.142857142857143
0.455096865827163,-1.3790405415285798,0.012532351726590292,1.0344610171734099,-0.19065187499181205,0.03296612285161279,1.207015987775549,0.7391195031413377,1.3151160452644475,0.24298898804307098,0.7897666099231591,0,0.142857142857143
-1.2125600341155751,1.4377231177639476,1.3660263381983107,0.2911357353721575,-0.9739901453462146,-0.7466706511572971,1.0584737162108375,-1.5596687184092437,0.16743034143722418,0.9377946726777456,0.9068750947951986,0,0.142857142857143
-0.8577394171064818,0.7335322029408157,-0.03759705517976976,1.320355356327738,-0.26186444502403056,0.119592431074825,-1.5657730814323947,-1.6969098062630097,-0.9573016483134548,-0.278115275432935,0.20422418556296196,0,0.142857142857143
-0.7158111703028446,-0.674849626705448,-1.34096163474513,-1.3098725638920785,-0.26186444502403056,0.5527239721908851,0.7613891730814153,-1.0793249109210623,1.3992796635451106,1.4588989361537517,-1.4352946026455888,1,0.142857142857143
1.12925603814444,0.7335322029408157,0.4636970138838302,-1.3670514317229439,0.45026125529815436,-1.3530548087197818,-1.3677167193461133,0.8077400470682208,-0.857835553981762,0.764093251519077,-0.8497521782853916,1,0.142857142857143
-1.531898589423759,-1.3790405415285798,-1.29083222783877,0.062420264048695016,0.3078361152337174,-0.4867917264876605,-0.0803503657852821,-0.4617400155791152,0.3434088160240651,-0.278115275432935,-0.8497521782853916,1,0.142857142857143
-0.2900264298919327,-1.3790405415285798,-1.24070282093241,1.377534224158603,1.6608749458458671,1.7654922873158552,1.0089596256892672,0.5675681433241304,0.2821989118199465,-1.1466223812262784,1.0239835796672379,0,0.142857142857143
-1.0706317873119378,-0.674849626705448,0.3634382000711101,-1.5385880352155408,1.4472372357492116,0.119592431074825,0.612846901516704,1.150842766702636,-0.38345879639984304,-0.6255181177502723,0.08711570069092253,0,0.142857142857143
1.8034152104617172,1.4377231177639476,-0.83966756568153,1.663428563312931,1.4472372357492116,-1.2664285004965694,-1.6152871719539652,0.6704989592144546,-1.469934596022948,1.4588989361537517,0.08711570069092253,0,-7.000000000000001
-0.8222573554055725,1.4377231177639476,1.7169321865428304,0.46267233886475434,-1.18762785544287,1.4189870544230063,0.06819190577942931,-1.182255726811387,1.1926962368562104,-0.278115275432935,1.375309034283355,0,0.142857142857143
-0.2900264298919327,-0.674849626705448,-0.78953815877517,1.0344610171734099,0.45026125529815436,0.8992292050837339,-0.17937854682842302,-0.6332913753963227,0.7565756694018655,-0.10441385427426636,0.3213326704350014,0,0.142857142857143
-1.2835241575173937,1.4377231177639476,-0.13785586899248986,1.0344610171734099,1.233599525652557,0.5527239721908851,-0.9220899046519793,-0.7705324632500887,-1.6765180227118481,1.285197514995083,0.7897666099231591,0,0.142857142857143
-0.2900264298919327,-0.674849626705448,-0.78953815877517,-0.9667993569068848,-0.11943930495959357,1.4189870544230063,-1.3677167193461133,0.7734297751047793,1.077927666473488,0.06928756688440231,-1.0839691480294704,1,0.142857142857143
1.555040778555352,-1.3790405415285798,1.5164145589173903,0.23395686754129186,-0.4755021551206852,0.8992292050837339,-0.8230617236088386,0.6704989592144546,1.4528383297237144,-1.4940252235436158,1.0239835796672379,0,0.142857142857143
1.0228098530417122,0.7335322029408157,1.2156381174792303,-0.3378318107673637,0.0941984051370619,-0.3135391100412361,-0.6745194520441272,1.0479119508123116,-0.6359496512418322,0.24298898804307098,0.4384411553070408,0,0.142857142857143
-0.9996676639101192,-0.674849626705448,0.012532351726590292,1.2059976206660068,1.09117438558812,-0.3135391100412361,-0.9220899046519793,-0.29018865576190767,1.039671476345914,1.6326003573124204,0.6726581250511197,0,0.142857142857143
0.41961480412625374,1.4377231177639476,0.1127911655393104,1.0344610171734099,-0.4755021551206852,0.5527239721908851,-0.8725758141304091,-1.3194968146651531,1.728282898642248,0.5903918303604083,0.3213326704350014,0,0.142857142857143
-1.638344774526487,-0.674849626705448,-0.78953815877517,1.0916398850042754,0.16541097516928038,-1.526307425166206,-0.12986445630685256,1.5282557583004925,-1.4928883100994923,0.764093251519077,-0.26420975392519447,1,0.142857142857143
-0.5738829234992073,1.4377231177639476,0.7644734553219905,-1.5957669030464063,1.3760246657169932,-1.1798021922733573,-1.2686885383029722,-1.0793249109210623,-1.4469808819464034,0.24298898804307098,-0.38131823879723387,1,0.142857142857143
0.49057892752807236,1.4377231177639476,0.9649910829474302,-0.4521895464290949,-1.1164152854106517,0.5527239721908851,-0.5754912710009863,1.2537735825929606,0.7871806215039248,1.6326003573124204,0.08711570069092253,0,0.142857142857143
-1.6028627128255777,0.029341288117683866,1.5665439658237503,-1.1955148282303474,-1.7573284157006173,-0.8332969593805094,1.107987806732408,-0.9763940950307379,0.9325541439887064,-1.4940252235436158,-0.0299927841811169,1,0.142857142857143
0.9163636679389843,-0.674849626705448,0.7644734553219905,-1.481409167384675,-0.5467147251529038,-0.7466706511572971,0.21673417734414016,0.8077400470682208,0.3434088160240651,0.764093251519077,-0.4984267236692733,1,0.142857142857143
-0.2545443681910234,1.4377231177639476,1.6166733727301104,-0.4521895464290949,1.0199618155559016,0.8992292050837339,1.405072349861831,-0.15294756790814149,0.6571095750701729,-1.6677266447022845,1.7266344888994731,0,0.142857142857143
1.6260049019571707,-0.674849626705448,-0.9399263794942498,-0.9096204890760192,-0.4042895850884675,-0.9199232676037216,0.21673417734414016,-1.25087627073827,0.9402053820142212,-1.320323802384947,-1.4352946026455888,1,0.142857142857143
0.10027624881806982,-0.674849626705448,-1.09031460021333,-0.22347407510563244,0.3078361152337174,1.1591081297533705,1.7021568929912532,-0.35880919968879055,-1.1409313609258105,0.06928756688440231,-0.14710126905315632,1,0.142857142857143
0.667989236032619,0.7335322029408157,0.3634382000711101,-1.0239782247377505,0.022985835104843415,0.8992292050837339,0.9594455351676967,0.018603791909066046,-1.5694006903546405,0.06928756688440231,0.20422418556296196,0,0.142857142857143
-0.2545443681910234,-1.3790405415285798,-0.03759705517976976,-0.5665472820908262,0.8775366754914645,-0.5734180347108727,1.1575018972539786,0.32739623958003955,-0.8348818399052176,1.285197514995083,0.08711570069092253,0,0.142857142857143
-0.9287035405083005,1.4377231177639476,0.6642146415092705,1.663428563312931,-1.6861158456683987,-0.4867917264876605,-1.3182026288245428,-0.8048427352135302,1.1926962368562104,-1.1466223812262784,0.3213326704350014,0,0.142857142857143
0.0647941871171605,-0.674849626705448,0.9649910829474302,0.4054934710338887,1.7320875158780855,-0.4001654182644483,0.6623609920382744,-1.4910481744823605,0.7871806215039248,-0.278115275432935,1.4924175191553943,0,0.142857142857143
1.555040778555352,0.029341288117683866,-0.7394087518688099,-1.3098725638920785,0.7351115354270276,0.5527239721908851,-0.42694899943627485,1.562566030263934,1.2003474748817253,-0.799219538908941,-0.966860663157431,1,0.142857142857143
0.49057892752807236,0.029341288117683866,1.46628515201103,-0.6237261499216917,-0.8315650052817777,0.119592431074825,1.1575018972539786,-1.3538070866285945,-1.3245610735381663,1.4588989361537517,0.6726581250511197,0,0.142857142857143
0.10027624881806982,0.029341288117683866,0.7644734553219905,-0.3950106785982293,-0.33307701505624904,0.9858555133069462,1.6031287119481121,-1.25087627073827,-0.9649528863389696,1.1114960938364142,0.7897666099231591,0,0.142857142857143
-0.2900264298919327,-1.3790405415285798,-0.43863231043064965,-0.4521895464290949,-1.5436907056039617,0.6393502804140974,-0.17937854682842302,-1.045014638957621,-1.1715363130278698,1.285197514995083,-0.966860663157431,1,0.142857142857143
-0.8222573554055725,0.029341288117683866,-0.6892793449624499,0.46267233886475434,-0.7603524352495592,-0.9199232676037216,0.8109032636029858,-1.5596687184092437,0.45817738640678746,0.764093251519077,-0.4984267236692733,1,0.142857142857143
0.20672243392079778,-1.3790405415285798,-1.74199688999601,-0.9667993569068848,-0.5467147251529038,1.7654922873158552,0.11770599630099977,-1.0107043669941793,1.7129804225912184,-0.10441385427426636,-1.5524030875176282,1,0.142857142857143
-0.6448470469010259,0.7335322029408157,-1.29083222783877,0.6913878101882162,-1.3300529955073064,-0.9199232676037216,-0.4764630899578453,0.9106708629585454,-0.12331670353233909,0.9377946726777456,-1.3181861177735492,1,0.142857142857143
-1.3544882809192123,0.029341288117683866,-0.28824408971157,1.4918919598203342,-0.4042895850884675,0.6393502804140974,-0.8230617236088386,-1.25087627073827,0.7489244313763507,-1.4940252235436158,0.3213326704350014,0,0.142857142857143
-1.3899703426201218,0.7335322029408157,1.7169321865428304,1.4918919598203342,1.4472372357492116,0.8126028968605218,-0.42694899943627485,-1.3194968146651531,-0.07740927537925014,0.764093251519077,2.5463938830037494,0,0.142857142857143
-1.319006219218303,1.4377231177639476,0.8146028622283505,1.2631764884968724,-1.0452027153784331,-1.3530548087197818,1.405072349861831,-0.49605028754255676,0.04501053302898701,-0.10441385427426636,0.9068750947951986,0,0.142857142857143
0.34865068072443506,0.029341288117683866,0.9148616760410702,-0.28065294293649806,-1.7573284157006173,-0.5734180347108727,0.11770599630099977,-0.5989811034328811,0.26689643576891686,-0.9729209600676098,-0.14710126905315632,1,0.142857142857143
0.455096865827163,0.7335322029408157,-1.59160866927693,-1.7101246387081372,-0.6179272951851222,0.5527239721908851,0.8109032636029858,-0.15294756790814149,1.3610234734175366,-0.9729209600676098,-1.903728542133745,1,0.142857142857143
-1.638344774526487,1.4377231177639476,0.6140852346029103,-1.5957669030464063,-0.33307701505624904,1.0724818215301584,1.0584737162108375,0.7734297751047793,1.2003474748817253,1.6326003573124204,-0.0299927841811169,1,0.142857142857143
-0.4674367383964793,-1.3790405415285798,1.7670615934491904,-1.3670514317229439,-1.1164152854106517,-1.2664285004965694,-0.5754912710009863,-0.9763940950307379,-0.72776450754801,0.24298898804307098,-0.26420975392519447,1,0.142857142857143
-0.041651997985567464,0.7335322029408157,-0.6391499380560899,0.3483146032030231,0.3790486852659359,-0.05366018537159943,1.107987806732408,-1.4910481744823605,-0.7583694596500694,0.5903918303604083,0.08711570069092253,0,0.142857142857143
0.9163636679389843,1.4377231177639476,0.3133087931647501,0.062420264048695016,0.8775366754914645,0.03296612285161279,-0.22889263734999352,-0.324498927725349,1.0090665242438546,-1.4940252235436158,0.4384411553070408,0,0.142857142857143
-0.14809818308829542,-1.3790405415285798,-1.64173807618329,0.7485666780190818,1.1623869556203386,1.0724818215301584,-1.2686885383029722,1.3910146704467268,0.5882484328405394,0.41669040920173966,-0.4984267236692733,1,0.142857142857143
-1.319006219218303,1.4377231177639476,1.6668027796364704,0.6913878101882162,-1.4724781355717433,-1.006549575826933,0.9594455351676967,1.1851530386660774,1.0243690002948842,-0.4518166965916037,1.0239835796672379,0,0.142857142857143
0.17124037221988847,-0.674849626705448,-0.9900557864006099,-1.652945770877272,-0.04822673492737508,0.119592431074825,-0.8725758141304091,-1.2851865427017115,0.2745476737944317,0.24298898804307098,-1.7866200572617057,1,0.142857142857143
-0.9641856022092098,0.029341288117683866,-0.5388911242433697,-0.28065294293649806,0.022985835104843415,-0.05366018537159943,-0.7735476330872681,-1.593978990372685,-0.5747397470377136,-1.320323802384947,-0.7326436934133522,1,0.142857142857143
1.342148408349896,0.029341288117683866,1.3158969312919506,0.8629244136808131,1.3048120956847755,0.03296612285161279,-1.2686885383029722,0.7048092311778962,-1.1409313609258105,-0.278115275432935,1.4924175191553943,0,0.142857142857143
-0.43195467669557,1.4377231177639476,1.1655087105728703,-1.252693696061213,1.4472372357492116,1.3323607461997942,-0.0803503657852821,0.8420503190316624,-1.163885075002355,0.5903918303604083,0.9068750947951986,0,0.142857142857143
-0.2545443681910234,-0.674849626705448,-0.3383734966179301,-0.738083885583423,-1.18762785544287,-0.5734180347108727,0.41479053943042204,0.293085967616598,0.6341558609936283,0.24298898804307098,-0.966860663157431,1,0.142857142857143
-0.14809818308829542,0.029341288117683866,-1.64173807618329,-1.652945770877272,1.3760246657169932,-1.526307425166206,0.8109032636029858,1.288083854556402,1.5063969959023182,0.24298898804307098,-1.6695115723896663,1,0.142857142857143
0.13575831051897916,0.029341288117683866,1.1655087105728703,-0.05193747161303622,0.948749245523683,1.1591081297533705,-0.5259771804794158,1.3567043984832852,-0.4905761287570506,-0.799219538908941,1.2582005494113169,0,0.142857142857143
0.34865068072443506,-1.3790405415285798,1.7670615934491904,1.2059976206660068,-0.4755021551206852,-1.6995600416126306,0.4643046299519925,0.7048092311778962,0.9708103341162806,-0.799219538908941,1.4924175191553943,0,0.142857142857143
-0.2900264298919327,0.7335322029408157,1.2657675243855906,-0.16629520727476682,-1.5436907056039617,-0.05366018537159943,0.6623609920382744,0.39601678350692265,-0.9343479342369103,1.285197514995083,0.4384411553070408,0,0.142857142857143
-0.6803291086019353,-0.674849626705448,-1.1404440071196902,-0.9096204890760192,0.3078361152337174,-0.22691280181802387,0.06819190577942931,-1.1136351828845037,1.1467888087031215,0.24298898804307098,-1.2010776329015098,1,0.142857142857143
-0.00616993628465814,0.7335322029408157,0.6140852346029103,0.6913878101882162,-0.6891398652173407,-0.05366018537159943,1.6031287119481121,0.944981134921987,0.4505261483812726,1.4588989361537517,0.9068750947951986,0,0.142857142857143
1.2002201615462589,0.7335322029408157,-1.1404440071196902,-1.481409167384675,0.3078361152337174,-0.4867917264876605,-0.7735476330872681,1.0822222227757532,0.7948318595294396,-0.10441385427426636,-1.7866200572617057,1,0.142857142857143
-0.14809818308829542,1.4377231177639476,0.16292057244567046,-0.16629520727476682,-1.0452027153784331,-1.6995600416126306,-0.8725758141304091,0.05291406387250759,-1.4010734537933145,-1.6677266447022845,-0.8497521782853916,1,0.142857142857143
0.667989236032619,0.029341288117683866,1.7670615934491904,0.9201032815116786,0.948749245523683,1.5922396708694306,1.3555582593402604,-0.5989811034328811,1.085578904499003,0.9377946726777456,2.6635023678757888,0,0.142857142857143
-0.2900264298919327,0.029341288117683866,-0.43863231043064965,-0.1091163394439012,0.521473825330372,1.4189870544230063,-0.27840672787156395,0.9792914068854285,-0.40641251047638755,1.4588989361537517,-0.0299927841811169,1,0.142857142857143
-1.5673806511246684,1.4377231177639476,-0.6391499380560899,-1.252693696061213,-1.0452027153784331,0.37947135574446067,-1.5162589909108244,1.2537735825929606,-1.4775858340484627,0.5903918303604083,-1.6695115723896663,1,0.142857142857143
-1.638344774526487,0.7335322029408157,-1.64173807618329,0.46267233886475434,-0.26186444502403056,-0.7466706511572971,-1.02111808569512,0.5332578713606888,0.45817738640678746,-0.10441385427426636,-1.4352946026455888,1,0.142857142857143
0.41961480412625374,0.7335322029408157,0.6642146415092705,0.23395686754129186,1.3048120956847755,-1.2664285004965694,1.0089596256892672,0.6018784152875719,0.9402053820142212,1.1114960938364142,1.0239835796672379,0,0.142857142857143
0.20672243392079778,1.4377231177639476,1.5665439658237503,-1.252693696061213,0.521473825330372,-0.4001654182644483,1.6031287119481121,-0.5646708314694396,-0.04680432327719086,0.41669040920173966,0.9068750947951986,0,0.142857142857143
1.6260049019571707,-1.3790405415285798,0.1127911655393104,0.46267233886475434,1.6608749458458671,-1.3530548087197818,-0.6250053615225567,0.39601678350692265,-0.8119281258286731,-0.799219538908941,0.4384411553070408,0,0.142857142857143
0.20672243392079778,-1.3790405415285798,-1.64173807618329,-1.5385880352155408,-1.5436907056039617,1.4189870544230063,0.7613891730814153,0.6361886872510134,0.43522367233024295,-1.6677266447022845,-2.0208370270057845,1,0.142857142857143
-0.07713405968647678,1.4377231177639476,-1.74199688999601,-0.8524416212451535,1.5184498057814302,1.5056133626462185,0.7613891730814153,0.944981134921987,0.8101343355804693,-0.4518166965916037,-0.7326436934133522,1,0.142857142857143
1.0228098530417122,-0.674849626705448,-1.09031460021333,1.0916398850042754,-1.2588404254750887,-0.05366018537159943,1.5536146214265418,-1.045014638957621,0.175081579462739,-1.4940252235436158,-0.26420975392519447,1,0.142857142857143
0.667989236032619,1.4377231177639476,-1.24070282093241,-1.652945770877272,1.3048120956847755,0.20621873929803625,0.41479053943042204,1.4939454863370514,0.19038405551376864,-0.799219538908941,-1.2010776329015098,1,0.142857142857143
-0.7158111703028446,-1.3790405415285798,0.3634382000711101,1.4347130919894686,-0.7603524352495592,-1.093175884050145,0.5633328109951334,0.7391195031413377,-0.39111003442535786,-0.6255181177502723,0.6726581250511197,0,0.142857142857143
0.7034712977335283,0.7335322029408157,-0.83966756568153,1.5490708276511997,1.5184498057814302,-0.14028649359481166,1.207015987775549,-0.15294756790814149,-1.2174437411809587,-0.9729209600676098,0.9068750947951986,0,0.142857142857143
-1.531898589423759,-0.674849626705448,-0.03759705517976976,0.6913878101882162,0.0941984051370619,-0.3135391100412361,0.4643046299519925,1.6311865741908171,-0.5976934611142581,-1.320323802384947,0.4384411553070408,0,0.142857142857143
-0.00616993628465814,0.029341288117683866,1.0151204898537902,0.11959913187956063,-0.6179272951851222,-1.2664285004965694,1.3555582593402604,-0.08432702398125859,-1.1103264088237512,-1.6677266447022845,0.6726581250511197,0,0.142857142857143
-0.8932214788073912,0.7335322029408157,0.6140852346029103,1.0344610171734099,0.5926863953625906,-0.3135391100412361,0.06819190577942931,1.0479119508123116,1.598211852208496,0.24298898804307098,1.1410920645392775,0,0.142857142857143
1.555040778555352,0.7335322029408157,1.6668027796364704,1.6062496954820653,-0.4755021551206852,-1.439681116942994,-1.1201462667382611,1.6998071181177001,-1.5770519283801554,-0.10441385427426636,1.2582005494113169,0,-7.000000000000001
0.49057892752807236,0.7335322029408157,0.9649910829474302,1.148818752835141,-1.1164152854106517,1.4189870544230063,0.5633328109951334,1.3223941265198436,1.085578904499003,0.06928756688440231,1.375309034283355,0,0.142857142857143
-1.4964165277228496,1.4377231177639476,1.46628515201103,1.377534224158603,-0.19065187499181205,-0.7466706511572971,-0.3279208183931344,-0.35880919968879055,1.2768598551368735,-1.4940252235436158,1.4924175191553943,0,0.142857142857143
0.6325071743317097,-0.674849626705448,-1.4913498554642102,0.6342089423573511,-1.1164152854106517,-0.4867917264876605,-1.5162589909108244,-0.7705324632500887,-1.0567677426451474,-1.320323802384947,-1.5524030875176282,1,0.142857142857143
0.8453995445371656,0.7335322029408157,-0.9399263794942498,-0.1091163394439012,-0.04822673492737508,1.3323607461997942,0.9099314446461262,0.05291406387250759,-0.35285384429778377,-1.320323802384947,-0.26420975392519447,1,0.142857142857143
1.2002201615462589,0.7335322029408157,-1.69186748308965,-0.3378318107673637,1.4472372357492116,0.8992292050837339,0.16722008682257025,0.12153460779939068,-1.6229593565332443,1.1114960938364142,-0.6155352085413127,1,0.142857142857143
0.561543050929891,0.029341288117683866,-1.74199688999601,0.005241396217829401,0.948749245523683,1.1591081297533705,1.3555582593402604,-0.015706480054375496,1.4145821395961402,0.764093251519077,-0.38131823879723387,1,0.142857142857143
0.24220449562170712,-1.3790405415285798,-1.1905734140260502,-0.4521895464290949,-0.6179272951851222,-0.22691280181802387,0.26624826786571065,1.3910146704467268,-1.1409313609258105,-0.799219538908941,-1.2010776329015098,1,0.142857142857143
-1.319006219218303,-0.674849626705448,-1.3910910416514901,-1.652945770877272,-1.18762785544287,1.7654922873158552,-1.0706321762166906,0.018603791909066046,1.1467888087031215,1.285197514995083,-2.137945511877824,1,-7.000000000000001
0.10027624881806982,0.7335322029408157,0.3634382000711101,-0.738083885583423,1.3048120956847755,-0.7466706511572971,0.6623609920382744,0.6018784152875719,0.43522367233024295,-1.6677266447022845,0.3213326704350014,0,0.142857142857143
-0.3964726149946607,1.4377231177639476,-0.7394087518688099,1.0916398850042754,1.09117438558812,-0.14028649359481166,0.3652764489088516,0.3617065115434811,0.22864024564134275,0.41669040920173966,0.4384411553070408,0,0.142857142857143
1.66148696365808,1.4377231177639476,0.16292057244567046,0.17677799971042626,0.022985835104843415,-0.660044342934085,1.5041005309049713,0.32739623958003955,0.22098900761582793,0.24298898804307098,0.4384411553070408,0,0.142857142857143
-0.9996676639101192,0.029341288117683866,0.9649910829474302,1.6062496954820653,0.022985835104843415,-1.3530548087197818,-0.17937854682842302,-0.05001675201781704,1.1544400467286362,0.9377946726777456,1.1410920645392775,0,0.142857142857143
-1.3899703426201218,1.4377231177639476,-0.03759705517976976,1.6062496954820653,-1.7573284157006173,1.4189870544230063,1.5041005309049713,1.5968763022273755,-0.4217149865274172,0.764093251519077,0.9068750947951986,0,0.142857142857143
1.342148408349896,-0.674849626705448,1.1153793036665103,1.5490708276511997,-1.2588404254750887,0.03296612285161279,-0.9716039951735497,-1.4910481744823605,-1.4546321199719183,-0.10441385427426636,0.9068750947951986,0,0.142857142857143
-1.0706317873119378,0.7335322029408157,-1.24070282093241,-0.3378318107673637,1.4472372357492116,1.7654922873158552,1.7021568929912532,1.3223941265198436,1.3763259494685662,1.285197514995083,0.20422418556296196,0,0.142857142857143
-0.7512932320037539,0.029341288117683866,-0.6391499380560899,-1.4242302995538094,-0.9739901453462146,-1.006549575826933,-0.22889263734999352,0.5675681433241304,1.338069759340992,-1.4940252235436158,-1.7866200572617057,1,0.142857142857143
-0.7512932320037539,-0.674849626705448,-1.74199688999601,-0.3950106785982293,-1.5436907056039617,1.5056133626462185,-0.27840672787156395,-0.11863729594469993,0.09091796118207594,-0.10441385427426636,-1.6695115723896663,1,0.142857142857143
1.3066663466489867,-1.3790405415285798,0.5138264207901903,0.8629244136808131,1.4472372357492116,1.3323607461997942,0.612846901516704,-0.9763940950307379,-0.9190454581858807,-1.4940252235436158,1.7266344888994731,0,0.142857142857143
0.3841327424253444,-0.674849626705448,0.5639558276965503,-0.22347407510563244,1.3760246657169932,1.2457344379765818,0.11770599630099977,0.6704989592144546,-0.429366224552932,0.9377946726777456,1.0239835796672379,0,0.142857142857143
1.4131125317517148,0.7335322029408157,-0.6391499380560899,0.8629244136808131,-0.9739901453462146,-0.3135391100412361,1.30604416881869,0.7734297751047793,-0.7660206976755842,1.1114960938364142,-0.0299927841811169,1,0.142857142857143
-0.8932214788073912,-0.674849626705448,-0.7394087518688099,-1.081157092568616,0.8775366754914645,-0.8332969593805094,-0.12986445630685256,-0.35880919968879055,-1.1485825989513254,0.5903918303604083,-0.966860663157431,1,0.142857142857143
-0.7512932320037539,-0.674849626705448,-1.4412204485578501,-1.4242302995538094,0.3790486852659359,0.37947135574446067,-0.27840672787156395,-0.22156811183502456,-0.6971595554459508,1.4588989361537517,-1.5524030875176282,1,0.142857142857143
0.9518457296398936,-1.3790405415285798,-1.24070282093241,-1.3670514317229439,-1.3300529955073064,-1.3530548087197818,0.41479053943042204,-1.0107043669941793,0.863693001759073,-0.10441385427426636,-2.137945511877824,1,0.142857142857143
0.6325071743317097,0.7335322029408157,-0.3885029035242901,0.8057455458499474,-0.26186444502403056,0.8126028968605218,-1.3182026288245428,1.0822222227757532,-0.4752736527060209,1.6326003573124204,-0.14710126905315632,1,0.142857142857143
-0.8222573554055725,0.029341288117683866,1.0652498967601502,1.0344610171734099,-1.3300529955073064,-0.3135391100412361,-1.1201462667382611,-0.8391530071769718,-1.2403974552575032,0.24298898804307098,0.5555496401790803,0,0.142857142857143
0.5260609892289817,1.4377231177639476,-0.5388911242433697,-1.3098725638920785,-0.7603524352495592,0.9858555133069462,-0.4764630899578453,1.0822222227757532,-0.8042768878031583,0.41669040920173966,-1.2010776329015098,1,0.142857142857143
-0.7158111703028446,0.029341288117683866,-0.13785586899248986,-1.652945770877272,-1.3300529955073064,-1.093175884050145,-1.3182026288245428,-0.530360559505998,-1.5694006903546405,1.1114960938364142,-1.903728542133745,1,0.142857142857143
-0.6093649852001166,-0.674849626705448,0.7644734553219905,-0.22347407510563244,-0.33307701505624904,-1.2664285004965694,0.018677815257858842,-1.25087627073827,-0.9802553623899992,1.4588989361537517,0.08711570069092253,0,0.142857142857143
-0.18358024478920476,0.7335322029408157,-1.24070282093241,0.17677799971042626,0.948749245523683,-0.7466706511572971,-0.9716039951735497,0.08722433583594913,-1.4316784058953738,0.9377946726777456,-0.8497521782853916,1,0.142857142857143
-0.14809818308829542,0.029341288117683866,-1.59160866927693,0.4054934710338887,-0.6891398652173407,-1.439681116942994,0.9099314446461262,-0.6332913753963227,0.1444766273606797,-1.320323802384947,-1.2010776329015098,1,0.142857142857143
-0.36099055329375135,1.4377231177639476,0.4636970138838302,-0.6809050177525574,1.6608749458458671,0.7259765886373095,-1.2191744477814017,-0.2558783837984661,0.5117360525853912,0.41669040920173966,0.4384411553070408,0,0.142857142857143
0.41961480412625374,-1.3790405415285798,0.3133087931647501,-1.481409167384675,0.5926863953625906,-1.6995600416126306,1.0089596256892672,0.6018784152875719,1.7359341366677628,0.41669040920173966,-0.4984267236692733,1,0.142857142857143
-0.6803291086019353,1.4377231177639476,-1.59160866927693,0.23395686754129186,1.3048120956847755,-0.8332969593805094,1.30604416881869,-1.6282892623361265,1.383977187494081,-0.9729209600676098,-0.38131823879723387,1,0.142857142857143
-1.0706317873119378,-0.674849626705448,0.5639558276965503,-0.22347407510563244,-1.6149032756361803,1.5056133626462185,-0.0803503657852821,-1.593978990372685,0.33575757799855027,0.24298898804307098,0.08711570069092253,0,0.142857142857143
1.0228098530417122,1.4377231177639476,-1.4913498554642102,0.23395686754129186,0.45026125529815436,0.03296612285161279,1.107987806732408,1.2537735825929606,1.1697425227796658,0.5903918303604083,-0.4984267236692733,1,0.142857142857143
0.9163636679389843,1.4377231177639476,-0.28824408971157,0.23395686754129186,0.521473825330372,-0.4867917264876605,1.4545864403834008,-1.25087627073827,-0.35285384429778377,1.285197514995083,0.3213326704350014,0,0.142857142857143
-1.5673806511246684,0.029341288117683866,0.21304997935202993,-1.1955148282303474,1.09117438558812,1.5056133626462185,-1.1201462667382611,1.1165324947391944,-0.857835553981762,-0.10441385427426636,-0.0299927841811169,1,0.142857142857143
1.4131125317517148,-1.3790405415285798,1.46628515201103,0.17677799971042626,-0.4755021551206852,-1.6995600416126306,-1.5162589909108244,-0.22156811183502456,0.29750138787097613,-1.1466223812262784,0.20422418556296196,0,0.142857142857143
1.5905228402562612,-0.674849626705448,-1.1404440071196902,1.2059976206660068,-0.6891398652173407,0.37947135574446067,0.018677815257858842,-1.525358446445802,-0.45997117665499127,0.24298898804307098,-0.38131823879723387,1,0.142857142857143
0.27768655732261643,-0.674849626705448,1.46628515201103,0.9772821493425442,0.948749245523683,0.37947135574446067,0.4643046299519925,0.4989475993972473,-0.6512521272928619,0.24298898804307098,2.0779599435155913,0,0.142857142857143
-0.2900264298919327,-0.674849626705448,-0.23811468280520998,-1.0239782247377505,-1.6861158456683987,1.0724818215301584,-1.6648012624755357,1.150842766702636,0.8866467158356175,0.24298898804307098,-1.4352946026455888,1,0.142857142857143
-1.2835241575173937,0.029341288117683866,-1.34096163474513,1.2631764884968724,1.233599525652557,0.5527239721908851,0.018677815257858842,0.7734297751047793,0.22098900761582793,0.5903918303604083,0.20422418556296196,0,0.142857142857143
-1.531898589423759,-1.3790405415285798,-1.29083222783877,1.663428563312931,-0.33307701505624904,-0.9199232676037216,-1.1201462667382611,0.6018784152875719,1.2462549030348142,1.285197514995083,-0.6155352085413127,1,0.142857142857143
0.10027624881806982,1.4377231177639476,0.6642146415092705,-0.4521895464290949,0.948749245523683,1.678865979092643,-1.3182026288245428,-0.6332913753963227,0.9325541439887064,-0.4518166965916037,0.5555496401790803,0,0.142857142857143
-0.14809818308829542,0.029341288117683866,1.0151204898537902,1.4918919598203342,-0.9027775753139962,0.29284504752124846,-0.7735476330872681,1.1165324947391944,0.4505261483812726,-1.4940252235436158,1.0239835796672379,0,0.142857142857143
-1.4964165277228496,1.4377231177639476,1.3158969312919506,-1.5957669030464063,0.2366235452014989,-0.9199232676037216,-0.5259771804794158,0.9792914068854285,-1.5770519283801554,-0.278115275432935,-0.14710126905315632,1,0.142857142857143
0.13575831051897916,-1.3790405415285798,0.9649910829474302,1.0344610171734099,0.16541097516928038,-1.093175884050145,-0.22889263734999352,0.19015515172627376,-1.1715363130278698,0.764093251519077,1.0239835796672379,0,0.142857142857143
0.561543050929891,1.4377231177639476,-0.23811468280520998,0.17677799971042626,-0.6179272951851222,0.8126028968605218,0.513818720473563,-0.5646708314694396,1.085578904499003,-0.278115275432935,-0.0299927841811169,1,0.142857142857143
1.4131125317517148,-0.674849626705448,0.21304997935202993,-1.652945770877272,0.7351115354270276,-0.4001654182644483,1.5536146214265418,1.1165324947391944,0.39696748220266886,-1.320323802384947,-0.14710126905315632,1,0.142857142857143
-1.7093088979283055,1.4377231177639476,-1.04018519330697,-0.5665472820908262,-0.04822673492737508,-0.660044342934085,0.06819190577942931,-1.1136351828845037,0.39696748220266886,-0.4518166965916037,-1.2010776329015098,1,0.142857142857143
-1.2835241575173937,0.7335322029408157,1.5164145589173903,1.4347130919894686,0.0941984051370619,0.8126028968605218,-0.17937854682842302,0.46463732743380576,-1.5617494523291258,0.9377946726777456,1.9608514586435521,0,0.142857142857143
-1.0351497256110285,-1.3790405415285798,0.012532351726590292,0.2911357353721575,-0.7603524352495592,-0.4001654182644483,-1.4172308098676836,-1.525358446445802,0.36636253010060954,0.5903918303604083,-0.4984267236692733,1,0.142857142857143
-0.7867752937046633,0.029341288117683866,0.41356760697747014,0.3483146032030231,-0.6891398652173407,0.6393502804140974,1.0584737162108375,-1.3194968146651531,-1.1715363130278698,1.6326003573124204,0.6726581250511197,0,0.142857142857143
1.2002201615462589,-0.674849626705448,1.3158969312919506,0.005241396217829401,1.09117438558812,-0.4001654182644483,-1.2686885383029722,-1.5596687184092437,1.644119280361585,1.4588989361537517,0.9068750947951986,0,0.142857142857143
-1.425452404321031,1.4377231177639476,-0.13785586899248986,0.7485666780190818,-1.4012655655395247,1.2457344379765818,0.8604173541245557,-0.9763940950307379,0.022056818952442544,-0.4518166965916037,0.3213326704350014,0,0.142857142857143
-0.9996676639101192,-0.674849626705448,-0.83966756568153,-0.16629520727476682,-1.6149032756361803,-0.3135391100412361,0.26624826786571065,1.562566030263934,-1.4316784058953738,-0.4518166965916037,-1.2010776329015098,1,0.142857142857143
-1.3899703426201218,0.029341288117683866,-1.59160866927693,-0.6237261499216917,0.3078361152337174,1.5922396708694306,1.2565300782971194,-0.9077735511038548,-1.2174437411809587,0.5903918303604083,-0.7326436934133522,1,0.142857142857143
1.342148408349896,0.029341288117683866,1.5164145589173903,1.2059976206660068,1.0199618155559016,-0.3135391100412361,0.018677815257858842,-0.11863729594469993,-0.20748032181300213,0.41669040920173966,1.9608514586435521,0,0.142857142857143
-0.07713405968647678,0.029341288117683866,-1.29083222783877,1.320355356327738,0.948749245523683,-0.22691280181802387,0.06819190577942931,-0.42742974361567365,0.5270385286364209,0.9377946726777456,0.08711570069092253,0,0.142857142857143
-1.319006219218303,-1.3790405415285798,-1.04018519330697,-0.5665472820908262,-0.11943930495959357,-0.5734180347108727,0.9099314446461262,-0.5646708314694396,1.2845110931623882,0.41669040920173966,-0.966860663157431,1,0.142857142857143
-1.5673806511246684,0.7335322029408157,-0.9399263794942498,0.4054934710338887,-0.19065187499181205,-1.439681116942994,-0.03083627526371163,0.7048092311778962,-0.8425330779307324,1.6326003573124204,-0.8497521782853916,1,0.142857142857143
0.3841327424253444,-1.3790405415285798,-1.4412204485578501,1.4918919598203342,-0.4042895850884675,0.29284504752124846,1.0089596256892672,-0.5989811034328811,0.5882484328405394,-0.799219538908941,-0.0299927841811169,1,0.142857142857143
1.0937739764435308,-0.674849626705448,1.5164145589173903,1.0344610171734099,-0.19065187499181205,0.03296612285161279,-0.7735476330872681,0.7048092311778962,0.3587112920750947,-0.6255181177502723,1.375309034283355,0,0.142857142857143
-0.07713405968647678,0.029341288117683866,-1.59160866927693,0.4054934710338887,0.2366235452014989,-0.3135391100412361,0.513818720473563,0.19015515172627376,0.6265046229681135,-1.4940252235436158,-0.7326436934133522,1,0.142857142857143
1.5905228402562612,-1.3790405415285798,1.3660263381983107,1.6062496954820653,1.4472372357492116,0.8126028968605218,0.3157623583872811,0.6704989592144546,-1.2710024073595625,1.6326003573124204,2.5463938830037494,0,-7.000000000000001
1.12925603814444,-1.3790405415285798,0.1127911655393104,0.6342089423573511,0.6638989653948091,-0.8332969593805094,0.3157623583872811,1.0479119508123116,-0.2916439400936652,1.285197514995083,0.5555496401790803,0,0.142857142857143
-0.041651997985567464,1.4377231177639476,-0.4887617173370097,1.4918919598203342,0.16541097516928038,0.37947135574446067,-1.6152871719539652,-1.1136351828845037,-0.9113942201603659,-1.320323802384947,0.20422418556296196,0,0.142857142857143
1.6260049019571707,-1.3790405415285798,-1.54147926237057,1.148818752835141,1.0199618155559016,-1.093175884050145,0.4643046299519925,1.1165324947391944,-1.1715363130278698,0.41669040920173966,-0.26420975392519447,1,0.142857142857143
0.9163636679389843,1.4377231177639476,1.5164145589173903,0.3483146032030231,0.5926863953625906,-0.3135391100412361,1.4545864403834008,0.4989475993972473,0.4122699582536985,0.5903918303604083,1.7266344888994731,0,0.142857142857143
-0.325508491592842,-1.3790405415285798,1.6166733727301104,1.0916398850042754,1.3048120956847755,-1.093175884050145,-0.7735476330872681,-0.7019119193232058,-0.6589033653183767,0.5903918303604083,1.7266344888994731,0,0.142857142857143
-1.5673806511246684,0.7335322029408157,0.9649910829474302,0.4054934710338887,0.3790486852659359,0.20621873929803625,0.3157623583872811,1.4939454863370514,1.3457209973665067,0.9377946726777456,1.1410920645392775,0,0.142857142857143
-1.638344774526487,-1.3790405415285798,-1.09031460021333,-1.1383359603994816,-1.1164152854106517,0.6393502804140974,-0.12986445630685256,1.6998071181177001,-1.592354404431185,-0.9729209600676098,-1.6695115723896663,1,0.142857142857143
-0.2900264298919327,1.4377231177639476,1.7169321865428304,1.148818752835141,-0.11943930495959357,0.20621873929803625,1.207015987775549,-0.05001675201781704,-0.6665546033438915,0.24298898804307098,2.0779599435155913,0,0.142857142857143
0.455096865827163,0.7335322029408157,-1.1905734140260502,0.005241396217829401,-0.26186444502403056,1.3323607461997942,-1.2686885383029722,1.3223941265198436,-0.11566546550682426,-1.320323802384947,-0.966860663157431,1,0.142857142857143
0.6325071743317097,0.029341288117683866,-0.43863231043064965,-0.9096204890760192,0.2366235452014989,1.0724818215301584,-1.7143153529971062,0.46463732743380576,-0.8348818399052176,-0.799219538908941,-0.8497521782853916,1,0.142857142857143
-0.8932214788073912,0.029341288117683866,1.46628515201103,1.2059976206660068,-1.3300529955073064,-1.3530548087197818,0.3157623583872811,0.12153460779939068,0.695365765197747,-1.1466223812262784,1.0239835796672379,0,0.142857142857143
0.17124037221988847,0.029341288117683866,1.5164145589173903,-0.3378318107673637,1.4472372357492116,-0.4001654182644483,0.8604173541245557,-0.05001675201781704,-1.6688667846863332,1.6326003573124204,1.4924175191553943,0,0.142857142857143
-0.7512932320037539,0.029341288117683866,0.8146028622283505,-0.4521895464290949,-1.6861158456683987,-1.3530548087197818,0.018677815257858842,0.6704989592144546,0.1444766273606797,1.285197514995083,-0.4984267236692733,1,0.142857142857143
-1.2835241575173937,0.029341288117683866,0.06266175863295034,-1.252693696061213,-0.9027775753139962,-0.14028649359481166,-1.0706321762166906,-0.7705324632500887,-1.58470316640567,-0.4518166965916037,-1.2010776329015098,1,0.142857142857143
0.3841327424253444,0.7335322029408157,0.7644734553219905,1.320355356327738,-0.9739901453462146,1.0724818215301584,0.9099314446461262,-0.4617400155791152,-1.4852370720739776,-0.4518166965916037,1.375309034283355,0,0.142857142857143
1.342148408349896,1.4377231177639476,0.012532351726590292,0.6342089423573511,0.521473825330372,1.0724818215301584,-1.5657730814323947,-0.6676016473597642,-0.6742058413694063,-0.9729209600676098,0.3213326704350014,0,0.142857142857143
0.5260609892289817,-0.674849626705448,-0.7394087518688099,-0.6237261499216917,0.0941984051370619,0.6393502804140974,-0.37743490891470494,0.7734297751047793,-0.8884405060838213,-1.1466223812262784,-0.7326436934133522,1,0.142857142857143
1.8034152104617172,-1.3790405415285798,-1.64173807618329,-1.4242302995538094,-0.26186444502403056,1.5922396708694306,0.8109032636029858,-1.388117358592036,-1.6153081185077296,-0.278115275432935,-1.4352946026455888,1,-7.000000000000001
-0.4674367383964793,1.4377231177639476,0.41356760697747014,1.0916398850042754,-0.33307701505624904,-0.9199232676037216,0.06819190577942931,0.19015515172627376,1.4987457578768033,0.9377946726777456,0.5555496401790803,0,0.142857142857143
1.0582919147426215,-1.3790405415285798,0.4636970138838302,-1.652945770877272,0.16541097516928038,-1.3530548087197818,-1.6152871719539652,1.01360167884887,-0.5517860329611691,-0.4518166965916037,-1.0839691480294704,1,0.142857142857143
0.455096865827163,-0.674849626705448,0.012532351726590292,1.320355356327738,-0.33307701505624904,-0.7466706511572971,-0.5259771804794158,0.7391195031413377,-1.6841692607373628,-0.10441385427426636,0.3213326704350014,0,0.142857142857143
0.10027624881806982,1.4377231177639476,0.012532351726590292,0.9772821493425442,1.5896623758136486,-0.4867917264876605,-0.8725758141304091,0.4303270554703642,0.38931624417715405,-1.4940252235436158,0.6726581250511197,0,0.142857142857143
-1.5673806511246684,-0.674849626705448,-0.13785586899248986,-1.481409167384675,1.7320875158780855,1.2457344379765818,-1.1201462667382611,1.3910146704467268,-0.10801422748130944,0.764093251519077,-0.26420975392519447,1,0.142857142857143
-0.07713405968647678,-1.3790405415285798,-0.18798527589884992,0.7485666780190818,-0.4042895850884675,-1.006549575826933,0.4643046299519925,1.6654968461542587,1.2615573790858439,-0.799219538908941,-0.0299927841811169,1,0.142857142857143
-0.21906230649011407,0.7335322029408157,0.7143440484156305,1.320355356327738,-0.04822673492737508,-0.4001654182644483,-0.8230617236088386,0.3617065115434811,-0.7048107934714656,0.9377946726777456,0.9068750947951986,0,0.142857142857143
0.0647941871171605,0.029341288117683866,-0.5388911242433697,1.320355356327738,-1.0452027153784331,-1.439681116942994,1.0089596256892672,1.1851530386660774,1.0932301425245177,-0.4518166965916037,-0.14710126905315632,1,0.142857142857143
-0.00616993628465814,-0.674849626705448,0.06266175863295034,1.148818752835141,-0.26186444502403056,-1.006549575826933,-0.7240335425656976,0.05291406387250759,1.1161838566010622,-1.4940252235436158,0.20422418556296196,0,0.142857142857143
-1.2480420958164844,1.4377231177639476,1.0151204898537902,0.2911357353721575,1.0199618155559016,-1.006549575826933,-1.5162589909108244,1.288083854556402,-1.6306105945587592,0.764093251519077,0.6726581250511197,0,0.142857142857143
-0.8222573554055725,0.7335322029408157,0.7143440484156305,-0.28065294293649806,1.3760246657169932,-0.660044342934085,-1.6648012624755357,-0.6676016473597642,-0.41406374850190236,-1.6677266447022845,0.3213326704350014,0,0.142857142857143
0.7744354211353469,-0.674849626705448,-1.59160866927693,1.320355356327738,1.1623869556203386,0.6393502804140974,-0.5259771804794158,-1.456737902518919,0.25159395971788723,-0.9729209600676098,-0.0299927841811169,1,0.142857142857143
1.6260049019571707,-1.3790405415285798,0.8146028622283505,-0.3950106785982293,-1.7573284157006173,-1.6995600416126306,-0.12986445630685256,-0.015706480054375496,-0.34520260627226895,1.4588989361537517,-0.6155352085413127,1,0.142857142857143
-0.2545443681910234,0.029341288117683866,-0.6892793449624499,0.23395686754129186,-0.6891398652173407,-1.093175884050145,-0.27840672787156395,-0.9077735511038548,1.4069309015706255,-1.1466223812262784,-0.8497521782853916,1,0.142857142857143
0.13575831051897916,0.7335322029408157,-1.1905734140260502,0.5770300745264856,0.948749245523683,-1.3530548087197818,-0.0803503657852821,-1.456737902518919,-1.6688667846863332,-1.4940252235436158,-0.4984267236692733,1,0.142857142857143
-1.1770779724146658,1.4377231177639476,-1.69186748308965,-0.9667993569068848,0.45026125529815436,-0.4001654182644483,1.7021568929912532,-1.593978990372685,0.7259707172998062,0.9377946726777456,-1.2010776329015098,1,0.142857142857143
0.3131686190235258,0.7335322029408157,1.1655087105728703,1.0916398850042754,-1.1164152854106517,0.7259765886373095,-0.7240335425656976,-0.6676016473597642,1.5905606141829811,-0.9729209600676098,1.0239835796672379,0,0.142857142857143
1.2357022232471682,0.7335322029408157,-1.74199688999601,0.7485666780190818,-1.1164152854106517,-1.3530548087197818,-0.8725758141304091,-0.3931194716522321,0.909600429912162,0.41669040920173966,-1.6695115723896663,1,0.142857142857143
-0.07713405968647678,0.7335322029408157,1.6668027796364704,0.7485666780190818,-0.6179272951851222,-0.5734180347108727,-0.17937854682842302,0.46463732743380576,-0.5441347949356543,0.9377946726777456,1.1410920645392775,0,0.142857142857143
1.4840766551535334,0.7335322029408157,-1.4913498554642102,0.5770300745264856,1.1623869556203386,-0.660044342934085,1.7021568929912532,-1.4224276305554775,1.4069309015706255,-1.1466223812262784,-0.14710126905315632,1,0.142857142857143
0.561543050929891,0.7335322029408157,-0.03759705517976976,1.0916398850042754,1.6608749458458671,1.5056133626462185,1.4545864403834008,0.05291406387250759,-1.5158420241760369,0.9377946726777456,1.7266344888994731,0,0.142857142857143
-0.9641856022092098,1.4377231177639476,0.6642146415092705,1.320355356327738,-1.0452027153784331,1.5056133626462185,1.107987806732408,1.6654968461542587,-1.3016073594616218,-1.6677266447022845,1.375309034283355,0,-7.000000000000001
-1.425452404321031,-0.674849626705448,-1.3910910416514901,-1.3098725638920785,-0.6891398652173407,0.4660976639676729,1.0584737162108375,1.3910146704467268,0.9325541439887064,0.764093251519077,-1.5524030875176282,1,0.142857142857143
1.12925603814444,0.7335322029408157,-1.3910910416514901,-0.4521895464290949,0.022985835104843415,-1.526307425166206,-0.5259771804794158,-1.0793249109210623,0.25159395971788723,-0.9729209600676098,-1.6695115723896663,1,0.142857142857143
-0.00616993628465814,-0.674849626705448,-1.4913498554642102,-0.1091163394439012,0.45026125529815436,-1.3530548087197818,1.6031287119481121,1.6654968461542587,-0.09271175143027979,-0.9729209600676098,-0.8497521782853916,1,0.142857142857143
-0.3964726149946607,-0.674849626705448,-1.59160866927693,0.2911357353721575,-1.5436907056039617,1.5922396708694306,-1.2191744477814017,-0.6676016473597642,-0.09271175143027979,1.1114960938364142,-1.4352946026455888,1,0.142857142857143
0.41961480412625374,0.029341288117683866,-0.8897969725878901,0.5198512066956199,-0.7603524352495592,-0.9199232676037216,-0.8230617236088386,-0.015706480054375496,-1.332212311563681,-0.6255181177502723,-0.966860663157431,1,0.142857142857143
0.5260609892289817,0.029341288117683866,-0.7394087518688099,-0.4521895464290949,-0.11943930495959357,1.678865979092643,-1.1201462667382611,-0.4617400155791152,0.5270385286364209,1.6326003573124204,-0.7326436934133522,1,0.142857142857143
-0.7158111703028446,0.029341288117683866,-0.9399263794942498,-1.652945770877272,0.3790486852659359,0.6393502804140974,0.3652764489088516,-1.456737902518919,-0.0008968951241019245,1.4588989361537517,-1.2010776329015098,1,0.142857142857143
-0.4674367383964793,0.7335322029408157,-0.08772646208612982,-0.5665472820908262,-1.4012655655395247,-1.1798021922733573,-1.6152871719539652,-0.08432702398125859,0.5729459567895098,1.4588989361537517,-1.4352946026455888,1,0.142857142857143
-0.07713405968647678,-1.3790405415285798,1.5665439658237503,0.8057455458499474,0.521473825330372,0.5527239721908851,1.1575018972539786,-1.3194968146651531,-0.9726041243644844,-0.10441385427426636,2.0779599435155913,0,0.142857142857143
-1.5673806511246684,-0.674849626705448,0.3133087931647501,1.148818752835141,-1.4724781355717433,0.7259765886373095,0.11770599630099977,-0.3931194716522321,0.11387167525862041,-1.6677266447022845,0.5555496401790803,0,0.142857142857143
-0.8222573554055725,-0.674849626705448,1.2156381174792303,-0.05193747161303622,-0.6179272951851222,1.3323607461997942,-1.1696603572598316,-0.9763940950307379,-0.3758075583743282,0.9377946726777456,0.6726581250511197,0,0.142857142857143
-0.9641856022092098,-0.674849626705448,0.7644734553219905,0.8629244136808131,-1.5436907056039617,-0.9199232676037216,-0.7735476330872681,0.19015515172627376,0.5805971948150246,0.06928756688440231,0.08711570069092253,0,0.142857142857143
1.2711842849480774,1.4377231177639476,1.5665439658237503,1.0344610171734099,-1.1164152854106517,-0.3135391100412361,-0.4764630899578453,1.01360167884887,-1.1256288848747809,-1.4940252235436158,1.1410920645392775,0,0.142857142857143
-0.325508491592842,-0.674849626705448,-0.3383734966179301,-0.795262753414288,-0.4042895850884675,0.03296612285161279,-0.5259771804794158,-0.8734632791404133,-0.6129959371652878,0.24298898804307098,-0.8497521782853916,1,0.142857142857143
-1.425452404321031,0.7335322029408157,0.9649910829474302,-1.1383359603994816,-1.6149032756361803,0.5527239721908851,0.9594455351676967,1.0822222227757532,-1.3016073594616218,1.6326003573124204,-0.14710126905315632,1,0.142857142857143
-0.36099055329375135,-0.674849626705448,1.2657675243855906,-0.1091163394439012,-0.33307701505624904,-0.14028649359481166,1.6526428024696826,1.219463310629519,1.039671476345914,-0.799219538908941,1.1410920645392775,0,0.142857142857143
-0.8222573554055725,-1.3790405415285798,1.5164145589173903,-0.28065294293649806,-0.7603524352495592,-0.05366018537159943,1.4545864403834008,-0.35880919968879055,1.4910945198512884,-1.320323802384947,1.0239835796672379,0,0.142857142857143
-1.0706317873119378,-1.3790405415285798,-1.59160866927693,-0.3950106785982293,-1.18762785544287,0.7259765886373095,-1.3677167193461133,0.5675681433241304,-1.0261627905430881,-0.10441385427426636,-1.903728542133745,1,0.142857142857143
0.6325071743317097,1.4377231177639476,1.5665439658237503,-1.652945770877272,-0.19065187499181205,-1.6129337333894183,-0.03083627526371163,0.018603791909066046,-0.14627041760888354,-1.4940252235436158,-0.14710126905315632,1,0.142857142857143
-0.18358024478920476,-0.674849626705448,0.6140852346029103,0.9772821493425442,0.16541097516928038,0.37947135574446067,-1.02111808569512,-0.7019119193232058,1.3074648072389328,0.24298898804307098,0.7897666099231591,0,0.142857142857143
-0.041651997985567464,-0.674849626705448,0.7143440484156305,1.4347130919894686,-0.4042895850884675,1.4189870544230063,1.4545864403834008,1.4939454863370514,-1.6459130706097889,-0.278115275432935,1.7266344888994731,0,0.142857142857143
0.8808816062380749,0.7335322029408157,-0.83966756568153,-1.5957669030464063,-0.6891398652173407,0.8992292050837339,-1.5657730814323947,-0.9420838230672964,0.7259707172998062,1.4588989361537517,-1.7866200572617057,1,0.142857142857143
1.2002201615462589,1.4377231177639476,0.6642146415092705,0.5198512066956199,-0.26186444502403056,-0.22691280181802387,-1.2191744477814017,0.05291406387250759,0.4734798624578171,-0.6255181177502723,0.3213326704350014,0,0.142857142857143
-1.0351497256110285,-0.674849626705448,-0.5890205311497297,0.7485666780190818,-1.4724781355717433,1.5056133626462185,-1.6648012624755357,1.5968763022273755,0.022056818952442544,0.5903918303604083,-0.6155352085413127,1,0.142857142857143
-0.07713405968647678,0.029341288117683866,-1.69186748308965,-0.795262753414288,-1.4012655655395247,0.5527239721908851,-0.6250053615225567,0.944981134921987,1.4451870916981995,-1.320323802384947,-2.137945511877824,1,0.142857142857143
0.0647941871171605,0.7335322029408157,0.86473226913471,0.11959913187956063,1.09117438558812,0.9858555133069462,-0.9716039951735497,0.7734297751047793,1.330418521315477,0.5903918303604083,1.0239835796672379,0,0.142857142857143
1.3066663466489867,0.7335322029408157,-0.13785586899248986,-0.5093684142599605,0.2366235452014989,-1.006549575826933,1.2565300782971194,-0.8048427352135302,-0.8960917441093361,0.41669040920173966,-0.14710126905315632,1,0.142857142857143
0.02931212541625118,1.4377231177639476,-1.69186748308965,0.8057455458499474,-1.4724781355717433,0.4660976639676729,1.0584737162108375,-1.25087627073827,0.8330880496570138,1.285197514995083,-0.966860663157431,1,0.142857142857143
-1.5673806511246684,1.4377231177639476,1.6668027796364704,1.0916398850042754,-1.0452027153784331,-1.093175884050145,-1.2686885383029722,-1.2165659987748283,-1.6688667846863332,0.24298898804307098,0.9068750947951986,0,0.142857142857143
0.5260609892289817,1.4377231177639476,0.86473226913471,0.3483146032030231,0.6638989653948091,-1.6129337333894183,-0.6250053615225567,0.4989475993972473,-1.1409313609258105,-0.799219538908941,0.5555496401790803,0,0.142857142857143
0.667989236032619,0.7335322029408157,1.2657675243855906,0.6342089423573511,-0.8315650052817777,0.7259765886373095,1.0089596256892672,-0.6332913753963227,-0.12331670353233909,-0.278115275432935,1.375309034283355,0,0.142857142857143
0.7744354211353469,0.7335322029408157,-0.5388911242433697,-1.3670514317229439,0.022985835104843415,0.9858555133069462,-0.9220899046519793,-0.7705324632500887,0.7412731933508359,-1.6677266447022845,-1.0839691480294704,1,0.142857142857143
-1.1415959107137563,-1.3790405415285798,0.26317938625839,1.4918919598203342,-1.2588404254750887,1.678865979092643,1.5536146214265418,1.3223941265198436,0.3510600540495799,-0.4518166965916037,1.2582005494113169,0,0.142857142857143
0.20672243392079778,1.4377231177639476,1.7169321865428304,-1.081157092568616,0.948749245523683,-0.4867917264876605,-1.1201462667382611,-0.2558783837984661,-0.5670885090121988,-0.6255181177502723,0.5555496401790803,0,0.142857142857143
-0.6448470469010259,-0.674849626705448,0.16292057244567046,1.7206074311437967,-0.33307701505624904,0.4660976639676729,-0.42694899943627485,-0.35880919968879055,0.7106682412487766,1.6326003573124204,0.9068750947951986,0,0.142857142857143
1.5195587168544427,-0.674849626705448,0.9649910829474302,-1.4242302995538094,-0.9739901453462146,0.03296612285161279,-1.6648012624755357,-0.8391530071769718,0.6112021469170839,-1.4940252235436158,-0.7326436934133522,1,0.142857142857143
-0.6093649852001166,1.4377231177639476,-0.03759705517976976,0.7485666780190818,1.3048120956847755,1.5056133626462185,-0.5754912710009863,-1.2165659987748283,0.7642269074273803,0.5903918303604083,0.9068750947951986,0,0.142857142857143
0.8453995445371656,0.7335322029408157,-0.08772646208612982,-0.6809050177525574,-0.26186444502403056,-0.660044342934085,-0.8230617236088386,0.32739623958003955,-1.3628172636657403,-1.1466223812262784,-0.8497521782853916,1,0.142857142857143
-1.2480420958164844,-0.674849626705448,-0.83966756568153,0.9772821493425442,1.6608749458458671,0.7259765886373095,0.3652764489088516,-0.11863729594469993,0.29750138787097613,-0.10441385427426636,0.6726581250511197,0,0.142857142857143
1.8034152104617172,1.4377231177639476,0.9148616760410702,0.6342089423573511,-1.0452027153784331,0.03296612285161279,1.0089596256892672,-0.05001675201781704,-0.3758075583743282,0.9377946726777456,0.9068750947951986,0,0.142857142857143
0.561543050929891,-0.674849626705448,-0.28824408971157,1.377534224158603,-1.18762785544287,1.7654922873158552,-1.3182026288245428,-1.662599534299568,0.7642269074273803,0.9377946726777456,0.20422418556296196,0,0.142857142857143
1.3066663466489867,0.029341288117683866,1.0151204898537902,-0.28065294293649806,1.1623869556203386,0.6393502804140974,1.0089596256892672,1.1165324947391944,1.0702764284479733,1.4588989361537517,1.375309034283355,0,0.142857142857143
0.27768655732261643,-0.674849626705448,-1.59160866927693,1.377534224158603,0.0941984051370619,0.8126028968605218,1.207015987775549,1.562566030263934,-0.5517860329611691,0.5903918303604083,0.08711570069092253,0,0.142857142857143
-1.6738268362273963,1.4377231177639476,-1.1905734140260502,-0.3378318107673637,-0.4755021551206852,0.20621873929803625,0.612846901516704,1.6654968461542587,-0.9037429821348509,-0.278115275432935,-0.966860663157431,1,0.142857142857143
-0.43195467669557,1.4377231177639476,-1.04018519330697,1.4347130919894686,-1.1164152854106517,-0.7466706511572971,0.06819190577942931,-0.8048427352135302,0.5117360525853912,-1.4940252235436158,-0.4984267236692733,1,0.142857142857143
0.9873277913408028,-1.3790405415285798,-0.28824408971157,0.9772821493425442,0.8775366754914645,0.29284504752124846,1.1575018972539786,0.2244654236897153,-0.05445556130270568,-0.9729209600676098,0.9068750947951986,0,0.142857142857143
-0.041651997985567464,0.029341288117683866,0.6140852346029103,1.320355356327738,1.09117438558812,-1.093175884050145,-0.6745194520441272,0.7734297751047793,0.863693001759073,1.285197514995083,1.1410920645392775,0,0.142857142857143
-0.7867752937046633,0.7335322029408157,0.86473226913471,1.0344610171734099,1.6608749458458671,0.29284504752124846,-0.9716039951735497,1.2537735825929606,-0.4370174625784468,-0.278115275432935,1.4924175191553943,0,0.142857142857143
-0.07713405968647678,0.029341288117683866,-0.28824408971157,1.4918919598203342,-0.5467147251529038,1.678865979092643,1.4545864403834008,0.46463732743380576,0.7412731933508359,1.6326003573124204,1.0239835796672379,0,0.142857142857143
1.66148696365808,-1.3790405415285798,-1.29083222783877,0.8629244136808131,-0.04822673492737508,-1.1798021922733573,-0.8230617236088386,1.562566030263934,0.23629148366685757,0.764093251519077,-0.966860663157431,1,0.142857142857143
-0.041651997985567464,1.4377231177639476,1.3158969312919506,0.3483146032030231,0.45026125529815436,0.119592431074825,-1.4172308098676836,-0.15294756790814149,-0.8425330779307324,-1.6677266447022845,0.9068750947951986,0,0.142857142857143
-0.2900264298919327,0.7335322029408157,1.1655087105728703,-1.3670514317229439,-0.9739901453462146,-1.6995600416126306,-0.6745194520441272,-1.3194968146651531,-1.462283357997433,0.41669040920173966,-0.7326436934133522,1,0.142857142857143
1.0937739764435308,1.4377231177639476,0.6140852346029103,-1.0239782247377505,-1.4724781355717433,1.1591081297533705,-1.4172308098676836,-1.388117358592036,0.695365765197747,-1.1466223812262784,-0.7326436934133522,1,0.142857142857143
0.17124037221988847,-0.674849626705448,0.06266175863295034,-0.22347407510563244,0.0941984051370619,0.6393502804140974,-0.37743490891470494,-0.8391530071769718,-0.987906600415514,1.6326003573124204,-0.0299927841811169,1,0.142857142857143
0.9163636679389843,-0.674849626705448,0.8146028622283505,1.0344610171734099,1.09117438558812,1.678865979092643,1.0089596256892672,0.944981134921987,0.8330880496570138,-1.4940252235436158,2.0779599435155913,0,0.142857142857143
-0.8932214788073912,0.7335322029408157,0.26317938625839,0.7485666780190818,-1.4012655655395247,0.8992292050837339,-1.2191744477814017,-1.456737902518919,1.5752581381319515,-1.4940252235436158,-0.0299927841811169,1,0.142857142857143
-1.2125600341155751,-1.3790405415285798,-0.18798527589884992,-1.081157092568616,-0.04822673492737508,1.1591081297533705,1.6031287119481121,0.46463732743380576,0.4505261483812726,1.6326003573124204,-0.0299927841811169,1,0.142857142857143
-0.36099055329375135,0.7335322029408157,-0.18798527589884992,1.5490708276511997,0.3790486852659359,-0.9199232676037216,-0.03083627526371163,0.6361886872510134,1.7359341366677628,0.5903918303604083,0.5555496401790803,0,0.142857142857143
-0.5029188000973887,-1.3790405415285798,-0.08772646208612982,1.0916398850042754,-1.3300529955073064,1.2457344379765818,1.405072349861831,1.562566030263934,-0.24573651194057625,-0.4518166965916037,0.6726581250511197,0,0.142857142857143
-0.36099055329375135,0.7335322029408157,-1.09031460021333,1.4347130919894686,0.948749245523683,1.5056133626462185,-0.6250053615225567,1.5282557583004925,-1.0567677426451474,0.24298898804307098,0.4384411553070408,0,0.142857142857143
0.667989236032619,-1.3790405415285798,1.3660263381983107,0.8057455458499474,1.5184498057814302,-0.5734180347108727,0.018677815257858842,-1.662599534299568,0.19038405551376864,-0.799219538908941,1.7266344888994731,0,0.142857142857143
-0.9996676639101192,-0.674849626705448,-1.1404440071196902,-1.5957669030464063,1.4472372357492116,-1.6995600416126306,0.8604173541245557,-1.182255726811387,1.0702764284479733,0.41669040920173966,-1.3181861177735492,1,0.142857142857143
1.342148408349896,0.7335322029408157,0.5639558276965503,0.5770300745264856,-1.7573284157006173,1.678865979092643,1.30604416881869,1.3910146704467268,0.4658286244323023,1.4588989361537517,0.7897666099231591,0,0.142857142857143
0.7034712977335283,-1.3790405415285798,0.9649910829474302,1.2631764884968724,0.0941984051370619,1.7654922873158552,-1.6648012624755357,-0.6676016473597642,0.993764048192825,-0.4518166965916037,1.375309034283355,0,0.142857142857143
-0.21906230649011407,0.029341288117683866,-1.34096163474513,-0.4521895464290949,-1.6861158456683987,0.5527239721908851,1.3555582593402604,1.3223941265198436,-0.3222488921957245,-0.9729209600676098,-1.3181861177735492,1,0.142857142857143
0.20672243392079778,1.4377231177639476,0.06266175863295034,-1.252693696061213,-0.5467147251529038,-1.006549575826933,1.107987806732408,1.4253249424101682,1.2845110931623882,1.285197514995083,-0.7326436934133522,1,0.142857142857143
0.20672243392079778,1.4377231177639476,0.41356760697747014,0.6913878101882162,-0.11943930495959357,-0.8332969593805094,1.30604416881869,0.8420503190316624,0.6265046229681135,1.4588989361537517,0.7897666099231591,0,0.142857142857143
-0.14809818308829542,1.4377231177639476,-1.09031460021333,-1.4242302995538094,-0.5467147251529038,-1.2664285004965694,0.11770599630099977,0.46463732743380576,0.32045510194752064,-1.320323802384947,-1.903728542133745,1,0.142857142857143
-0.07713405968647678,-1.3790405415285798,1.46628515201103,-1.652945770877272,-0.5467147251529038,0.8126028968605218,0.9594455351676967,-0.2558783837984661,1.2921623311879031,0.5903918303604083,0.4384411553070408,0,0.142857142857143
1.12925603814444,-0.674849626705448,-1.54147926237057,-1.3670514317229439,0.5926863953625906,-0.660044342934085,-0.5259771804794158,-0.015706480054375496,0.4734798624578171,0.5903918303604083,-1.7866200572617057,1,0.142857142857143
0.10027624881806982,-1.3790405415285798,-0.28824408971157,-0.795262753414288,-0.6891398652173407,-0.7466706511572971,0.11770599630099977,0.39601678350692265,0.8177855736059841,0.41669040920173966,-0.966860663157431,1,0.142857142857143
-0.9287035405083005,-1.3790405415285798,-0.9900557864006099,-0.05193747161303622,-0.5467147251529038,0.20621873929803625,0.612846901516704,0.46463732743380576,-1.339863549589196,1.1114960938364142,-0.7326436934133522,1,0.142857142857143
-0.14809818308829542,0.029341288117683866,-0.7394087518688099,-1.652945770877272,0.45026125529815436,-0.8332969593805094,0.612846901516704,0.8763605909951039,1.6976779465401888,-0.4518166965916037,-1.2010776329015098,1,0.142857142857143
1.5195587168544427,0.029341288117683866,1.7169321865428304,0.6342089423573511,0.521473825330372,-1.6129337333894183,1.2565300782971194,-1.182255726811387,-0.20748032181300213,0.5903918303604083,1.6095260040274337,0,0.142857142857143
0.24220449562170712,-1.3790405415285798,0.6642146415092705,1.7206074311437967,-0.9027775753139962,0.4660976639676729,-0.12986445630685256,-1.5596687184092437,0.29750138787097613,1.6326003573124204,1.1410920645392775,0,0.142857142857143
-0.11261612138738611,-0.674849626705448,-0.7394087518688099,1.4347130919894686,1.3048120956847755,-0.4001654182644483,-1.466744900389254,1.3567043984832852,-0.3299001302212393,1.6326003573124204,0.20422418556296196,0,0.142857142857143
0.667989236032619,1.4377231177639476,1.3660263381983107,-0.9096204890760192,-0.7603524352495592,-1.526307425166206,1.0584737162108375,-0.2558783837984661,0.23629148366685757,0.9377946726777456,0.20422418556296196,0,0.142857142857143
-0.5029188000973887,-1.3790405415285798,-1.29083222783877,-0.16629520727476682,1.1623869556203386,1.1591081297533705,-0.27840672787156395,0.08722433583594913,0.2056865315647983,1.1114960938364142,-0.4984267236692733,1,0.142857142857143
0.10027624881806982,-1.3790405415285798,-0.18798527589884992,1.2631764884968724,-0.11943930495959357,-1.6129337333894183,-0.9220899046519793,-0.05001675201781704,-0.9726041243644844,0.764093251519077,-0.0299927841811169,1,0.142857142857143
0.0647941871171605,1.4377231177639476,0.16292057244567046,0.6342089423573511,-0.11943930495959357,-0.14028649359481166,-0.17937854682842302,-0.29018865576190767,1.0932301425245177,1.1114960938364142,0.3213326704350014,0,0.142857142857143
-1.4964165277228496,0.7335322029408157,-1.24070282093241,-1.3670514317229439,-1.6861158456683987,-0.22691280181802387,-1.0706321762166906,-1.6282892623361265,-1.1944900271044143,-1.1466223812262784,-2.3721624816219027,1,0.142857142857143
-1.4609344660219403,0.7335322029408157,-0.9399263794942498,1.4918919598203342,0.806324105459246,0.9858555133069462,-1.02111808569512,-0.9077735511038548,1.63646804233607,0.06928756688440231,0.3213326704350014,0,0.142857142857143
1.7679331487608079,0.7335322029408157,1.2657675243855906,-0.22347407510563244,1.6608749458458671,0.8126028968605218,0.513818720473563,0.8077400470682208,0.2439427216923724,1.6326003573124204,1.6095260040274337,0,0.142857142857143
-0.9287035405083005,-1.3790405415285798,-0.5890205311497297,-1.3098725638920785,0.3078361152337174,1.4189870544230063,1.0089596256892672,0.4303270554703642,0.060313009080016654,1.6326003573124204,-0.4984267236692733,1,0.142857142857143
-0.5738829234992073,1.4377231177639476,-1.4412204485578501,0.6342089423573511,0.806324105459246,1.678865979092643,-0.8230617236088386,-1.6282892623361265,0.4887823385088467,-1.4940252235436158,-0.26420975392519447,1,0.142857142857143
0.02931212541625118,1.4377231177639476,-0.28824408971157,-0.3950106785982293,-0.4042895850884675,0.37947135574446067,0.513818720473563,-0.15294756790814149,1.7053291845657035,0.41669040920173966,-0.38131823879723387,1,0.142857142857143
-0.18358024478920476,0.029341288117683866,-0.5388911242433697,-0.28065294293649806,-1.6861158456683987,-0.4001654182644483,-0.7735476330872681,0.05291406387250759,-0.8731380300327917,-1.1466223812262784,-1.3181861177735492,1,0.142857142857143
-1.0706317873119378,-1.3790405415285798,1.6668027796364704,-1.1383359603994816,1.0199618155559016,1.678865979092643,-1.6648012624755357,0.7048092311778962,0.4505261483812726,0.24298898804307098,0.9068750947951986,0,0.142857142857143
1.7324510870598986,0.7335322029408157,0.6140852346029103,-0.9096204890760192,1.4472372357492116,-1.093175884050145,-0.9716039951735497,-0.7705324632500887,-1.592354404431185,-0.6255181177502723,-0.0299927841811169,1,0.142857142857143
-1.1770779724146658,-1.3790405415285798,0.7644734553219905,1.4918919598203342,-1.4724781355717433,1.5922396708694306,1.4545864403834008,-1.525358446445802,1.338069759340992,-0.10441385427426636,1.4924175191553943,0,0.142857142857143
1.2002201615462589,1.4377231177639476,0.7644734553219905,0.005241396217829401,-1.6149032756361803,0.29284504752124846,-1.5657730814323947,0.3617065115434811,0.9708103341162806,0.9377946726777456,-0.26420975392519447,1,0.142857142857143
0.3131686190235258,-1.3790405415285798,0.86473226913471,0.5770300745264856,1.803300085910304,0.8126028968605218,-1.1696603572598316,1.5968763022273755,-0.11566546550682426,0.06928756688440231,1.375309034283355,0,0.142857142857143
-0.6448470469010259,0.029341288117683866,-0.6391499380560899,0.6342089423573511,-0.04822673492737508,1.678865979092643,1.30604416881869,-0.4617400155791152,1.4145821395961402,-0.799219538908941,0.5555496401790803,0,0.142857142857143
-1.4964165277228496,0.029341288117683866,1.1153793036665103,-1.252693696061213,1.803300085910304,-0.8332969593805094,0.8109032636029858,1.4253249424101682,1.5829093761574664,0.41669040920173966,0.7897666099231591,0,0.142857142857143
1.448594593452624,0.7335322029408157,1.6668027796364704,-0.738083885583423,1.6608749458458671,-1.526307425166206,0.7613891730814153,0.12153460779939068,0.03735929500347219,-0.4518166965916037,1.2582005494113169,0,0.142857142857143
-0.5738829234992073,1.4377231177639476,0.21304997935202993,-0.8524416212451535,1.6608749458458671,-1.6129337333894183,-1.02111808569512,-0.8734632791404133,0.9555078580652508,-1.6677266447022845,-0.26420975392519447,1,0.142857142857143
-0.6093649852001166,-1.3790405415285798,-0.03759705517976976,1.2631764884968724,0.806324105459246,0.29284504752124846,-1.4172308098676836,0.6704989592144546,-0.8425330779307324,0.24298898804307098,0.5555496401790803,0,0.142857142857143
-0.8577394171064818,-0.674849626705448,1.7670615934491904,0.9772821493425442,-0.7603524352495592,-0.3135391100412361,0.8604173541245557,1.6311865741908171,-1.2556999313085329,-1.1466223812262784,1.6095260040274337,0,0.142857142857143
0.5260609892289817,-1.3790405415285798,-0.23811468280520998,-0.05193747161303622,1.5184498057814302,0.119592431074825,-0.03083627526371163,0.293085967616598,-1.2710024073595625,1.6326003573124204,0.3213326704350014,0,0.142857142857143
1.0228098530417122,-1.3790405415285798,-0.23811468280520998,-1.481409167384675,1.0199618155559016,-0.4001654182644483,-1.3677167193461133,0.46463732743380576,1.4757920438002587,1.4588989361537517,-0.966860663157431,1,0.142857142857143
-0.5029188000973887,-1.3790405415285798,-1.74199688999601,-0.3950106785982293,1.1623869556203386,-0.4001654182644483,0.3652764489088516,0.39601678350692265,-0.987906600415514,-1.6677266447022845,-1.0839691480294704,1,0.142857142857143
-1.531898589423759,-1.3790405415285798,-1.09031460021333,-1.252693696061213,0.3790486852659359,0.4660976639676729,-1.5162589909108244,-0.8734632791404133,-0.8119281258286731,0.24298898804307098,-1.5524030875176282,1,0.142857142857143
-1.6738268362273963,-1.3790405415285798,1.2657675243855906,0.5198512066956199,-0.19065187499181205,-0.4867917264876605,-1.6648012624755357,1.150842766702636,0.9172516679376768,0.24298898804307098,0.5555496401790803,0,0.142857142857143
1.66148696365808,1.4377231177639476,0.012532351726590292,1.0916398850042754,-0.04822673492737508,1.5922396708694306,1.207015987775549,-0.5646708314694396,0.21333776959031311,-0.4518166965916037,1.1410920645392775,0,0.142857142857143
-0.8932214788073912,-1.3790405415285798,1.6668027796364704,0.4054934710338887,-0.33307701505624904,0.5527239721908851,-0.3279208183931344,1.1165324947391944,-0.7430669835990397,0.06928756688440231,1.2582005494113169,0,0.142857142857143
1.1647380998453494,-1.3790405415285798,1.0652498967601502,0.9772821493425442,-0.9027775753139962,-0.660044342934085,1.5536146214265418,1.150842766702636,1.2615573790858439,0.764093251519077,1.1410920645392775,0,0.142857142857143
-0.4674367383964793,0.029341288117683866,0.16292057244567046,-0.795262753414288,-0.04822673492737508,0.8992292050837339,-1.02111808569512,-0.7019119193232058,-0.0008968951241019245,1.6326003573124204,-0.38131823879723387,1,0.142857142857143
0.34865068072443506,0.029341288117683866,1.2156381174792303,-0.3950106785982293,-0.6891398652173407,1.4189870544230063,1.7516709835128237,0.6018784152875719,-0.4905761287570506,-1.4940252235436158,1.1410920645392775,0,0.142857142857143
1.3066663466489867,0.029341288117683866,0.012532351726590292,-0.16629520727476682,-0.5467147251529038,0.7259765886373095,0.9099314446461262,1.219463310629519,1.0167177622693695,-0.4518166965916037,0.08711570069092253,0,0.142857142857143
1.5905228402562612,0.029341288117683866,-0.83966756568153,0.4054934710338887,1.5896623758136486,-1.526307425166206,-1.7143153529971062,0.3617065115434811,1.63646804233607,0.41669040920173966,-0.6155352085413127,1,0.142857142857143
-0.36099055329375135,-1.3790405415285798,-0.5890205311497297,-0.738083885583423,-0.8315650052817777,-1.1798021922733573,0.3157623583872811,-1.1136351828845037,-0.2304340358895466,0.41669040920173966,-1.2010776329015098,1,0.142857142857143
-0.43195467669557,1.4377231177639476,1.6668027796364704,1.4347130919894686,-1.18762785544287,-0.4001654182644483,-0.22889263734999352,-0.4617400155791152,0.8101343355804693,1.4588989361537517,1.375309034283355,0,0.142857142857143
-0.5384008617982979,-0.674849626705448,0.4636970138838302,1.148818752835141,0.6638989653948091,-1.006549575826933,-0.12986445630685256,1.4253249424101682,1.1697425227796658,1.4588989361537517,0.9068750947951986,0,0.142857142857143
-0.7867752937046633,0.7335322029408157,0.8146028622283505,0.8629244136808131,-0.8315650052817777,-0.22691280181802387,-1.4172308098676836,0.39601678350692265,1.1850449988306955,-0.4518166965916037,0.3213326704350014,0,0.142857142857143
-0.2545443681910234,0.7335322029408157,0.4636970138838302,-0.6237261499216917,-0.9027775753139962,-1.6995600416126306,-0.9220899046519793,-1.2165659987748283,0.25159395971788723,0.764093251519077,-0.8497521782853916,1,0.142857142857143
1.7324510870598986,1.4377231177639476,-0.13785586899248986,0.3483146032030231,1.0199618155559016,-0.9199232676037216,-1.466744900389254,0.12153460779939068,1.1161838566010622,-0.278115275432935,-0.14710126905315632,1,0.142857142857143
1.3776304700508053,1.4377231177639476,-0.13785586899248986,0.062420264048695016,0.806324105459246,-0.7466706511572971,-1.2686885383029722,0.2244654236897153,-1.209792503155444,0.41669040920173966,-0.26420975392519447,1,0.142857142857143
0.8453995445371656,-1.3790405415285798,0.012532351726590292,0.4054934710338887,0.16541097516928038,0.8992292050837339,0.7118750825598449,0.12153460779939068,-0.6665546033438915,-0.799219538908941,0.6726581250511197,0,0.142857142857143
0.667989236032619,0.029341288117683866,-1.29083222783877,1.148818752835141,1.3048120956847755,-0.14028649359481166,0.7613891730814153,1.288083854556402,-1.4010734537933145,-0.799219538908941,0.3213326704350014,0,0.142857142857143
-1.2125600341155751,-0.674849626705448,-1.54147926237057,0.3483146032030231,-0.26186444502403056,-0.5734180347108727,-1.4172308098676836,0.2244654236897153,1.5293507099788626,-0.799219538908941,-1.4352946026455888,1,0.142857142857143
-1.319006219218303,0.029341288117683866,-1.4913498554642102,-1.1383359603994816,-0.6179272951851222,-0.5734180347108727,0.5633328109951334,0.4303270554703642,1.3151160452644475,1.4588989361537517,-1.7866200572617057,1,0.142857142857143
0.20672243392079778,0.7335322029408157,-0.08772646208612982,-1.252693696061213,0.521473825330372,-1.439681116942994,-0.42694899943627485,0.7391195031413377,0.519387290610906,1.285197514995083,-0.966860663157431,1,0.142857142857143
-1.0351497256110285,0.029341288117683866,-1.09031460021333,1.4918919598203342,0.0941984051370619,1.7654922873158552,0.11770599630099977,0.15584487976283223,-0.12331670353233909,0.9377946726777456,0.4384411553070408,0,0.142857142857143
-0.6093649852001166,-0.674849626705448,-0.5388911242433697,-0.1091163394439012,-1.0452027153784331,-0.9199232676037216,-0.7735476330872681,-0.15294756790814149,-0.008548133149616747,0.5903918303604083,-1.2010776329015098,1,0.142857142857143
-0.041651997985567464,0.7335322029408157,-1.09031460021333,-0.3950106785982293,1.4472372357492116,-1.6995600416126306,0.612846901516704,-0.05001675201781704,0.603550908891569,1.1114960938364142,-0.7326436934133522,1,0.142857142857143
-0.3964726149946607,0.029341288117683866,1.0652498967601502,-1.252693696061213,1.0199618155559016,0.4660976639676729,-0.27840672787156395,-0.8391530071769718,1.2921623311879031,0.41669040920173966,0.4384411553070408,0,0.142857142857143
0.34865068072443506,0.7335322029408157,-1.09031460021333,0.6342089423573511,-1.5436907056039617,0.29284504752124846,-0.9716039951735497,1.562566030263934,-0.21513155983851695,0.41669040920173966,-1.0839691480294704,1,0.142857142857143
0.02931212541625118,-0.674849626705448,-0.28824408971157,1.6062496954820653,-1.6861158456683987,-0.660044342934085,0.612846901516704,1.3567043984832852,-1.5464469762780961,-0.278115275432935,0.08711570069092253,0,0.142857142857143
-0.43195467669557,0.029341288117683866,1.0652498967601502,-0.3378318107673637,-0.9739901453462146,1.4189870544230063,1.5041005309049713,0.018603791909066046,-1.0950239327727216,-0.6255181177502723,0.9068750947951986,0,0.142857142857143
1.448594593452624,0.7335322029408157,1.6166733727301104,0.5198512066956199,1.233599525652557,0.119592431074825,-0.9716039951735497,0.08722433583594913,-0.3605050823232986,0.764093251519077,1.6095260040274337,0,0.142857142857143
1.0582919147426215,1.4377231177639476,-0.6892793449624499,0.6342089423573511,1.233599525652557,0.7259765886373095,1.5041005309049713,0.7734297751047793,1.5216994719533479,0.764093251519077,0.7897666099231591,0,0.142857142857143
-0.21906230649011407,-1.3790405415285798,-0.28824408971157,-0.05193747161303622,-0.8315650052817777,0.119592431074825,-0.7240335425656976,0.6704989592144546,0.8483905257080434,1.4588989361537517,-0.6155352085413127,1,0.142857142857143
1.4131125317517148,-0.674849626705448,1.7169321865428304,-0.3378318107673637,-0.4755021551206852,-0.5734180347108727,1.405072349861831,0.018603791909066046,-0.8425330779307324,1.6326003573124204,1.1410920645392775,0,0.142857142857143
0.3841327424253444,0.7335322029408157,0.16292057244567046,-0.795262753414288,0.8775366754914645,1.1591081297533705,0.7613891730814153,0.8077400470682208,-0.11566546550682426,-1.4940252235436158,0.4384411553070408,0,0.142857142857143
0.9873277913408028,0.029341288117683866,-1.24070282093241,-1.7101246387081372,-0.9027775753139962,0.7259765886373095,-1.3677167193461133,1.4253249424101682,-1.4852370720739776,1.1114960938364142,-2.2550539967498633,1,0.142857142857143
1.2357022232471682,0.029341288117683866,0.86473226913471,-0.22347407510563244,0.7351115354270276,0.29284504752124846,1.6031287119481121,0.3617065115434811,-1.2403974552575032,0.41669040920173966,1.1410920645392775,0,0.142857142857143
1.3066663466489867,-1.3790405415285798,-0.18798527589884992,-0.6809050177525574,-0.11943930495959357,-1.439681116942994,1.0584737162108375,-0.8734632791404133,0.7259707172998062,-0.10441385427426636,-0.6155352085413127,1,0.142857142857143
-1.6738268362273963,-0.674849626705448,-0.9399263794942498,1.0916398850042754,1.3760246657169932,-1.439681116942994,-1.6152871719539652,0.8420503190316624,1.1085326185755473,-1.1466223812262784,-0.26420975392519447,1,0.142857142857143
1.448594593452624,0.7335322029408157,-0.18798527589884992,-1.1383359603994816,1.7320875158780855,-1.3530548087197818,0.3157623583872811,0.46463732743380576,-0.45231993862947645,-1.320323802384947,-0.38131823879723387,1,0.142857142857143
-0.00616993628465814,-0.674849626705448,0.21304997935202993,-0.738083885583423,1.5896623758136486,0.8992292050837339,1.6526428024696826,-1.5596687184092437,-0.11566546550682426,-1.1466223812262784,0.9068750947951986,0,0.142857142857143
-1.6028627128255777,-0.674849626705448,0.6642146415092705,-0.9096204890760192,0.022985835104843415,1.4189870544230063,0.7118750825598449,-0.35880919968879055,1.4528383297237144,-0.4518166965916037,0.4384411553070408,0,0.142857142857143
0.561543050929891,-1.3790405415285798,0.4636970138838302,-0.4521895464290949,1.3048120956847755,0.8992292050837339,0.41479053943042204,-0.4617400155791152,1.63646804233607,0.41669040920173966,0.7897666099231591,0,0.142857142857143
-0.8932214788073912,0.029341288117683866,-1.24070282093241,0.005241396217829401,-0.33307701505624904,0.37947135574446067,-1.5657730814323947,0.8763605909951039,0.695365765197747,-0.4518166965916037,-1.3181861177735492,1,0.142857142857143
1.2002201615462589,0.7335322029408157,1.1655087105728703,-1.1383359603994816,0.0941984051370619,-0.8332969593805094,0.8109032636029858,-0.5989811034328811,0.175081579462739,0.9377946726777456,0.3213326704350014,0,0.142857142857143
0.561543050929891,-1.3790405415285798,0.5138264207901903,-1.081157092568616,0.948749245523683,-0.4867917264876605,0.7613891730814153,-1.525358446445802,1.6517705183870997,-0.278115275432935,0.20422418556296196,0,0.142857142857143
0.5260609892289817,1.4377231177639476,-0.83966756568153,-0.795262753414288,0.521473825330372,-1.2664285004965694,1.5536146214265418,-0.9420838230672964,0.022056818952442544,0.9377946726777456,-0.7326436934133522,1,0.142857142857143
-1.5673806511246684,1.4377231177639476,-1.74199688999601,1.320355356327738,-0.7603524352495592,0.6393502804140974,1.0584737162108375,-1.1479454548479453,0.603550908891569,-0.10441385427426636,-0.38131823879723387,1,0.142857142857143
-0.11261612138738611,-0.674849626705448,0.012532351726590292,1.4347130919894686,0.7351115354270276,0.8126028968605218,-1.4172308098676836,-0.9420838230672964,-1.0491165046196327,-0.10441385427426636,0.7897666099231591,0,0.142857142857143
-0.9641856022092098,1.4377231177639476,1.0151204898537902,-0.5665472820908262,1.1623869556203386,-1.2664285004965694,-1.1201462667382611,-0.530360559505998,0.7412731933508359,-0.6255181177502723,0.3213326704350014,0,0.142857142857143
0.3841327424253444,1.4377231177639476,-1.3910910416514901,-0.5093684142599605,1.233599525652557,-1.439681116942994,1.5536146214265418,1.6998071181177001,1.0167177622693695,0.24298898804307098,-0.7326436934133522,1,0.142857142857143
1.0937739764435308,0.029341288117683866,0.3634382000711101,0.5198512066956199,0.948749245523683,-1.2664285004965694,1.1575018972539786,0.7391195031413377,-0.13861917958336872,-1.320323802384947,0.9068750947951986,0,0.142857142857143
1.6260049019571707,1.4377231177639476,0.8146028622283505,0.7485666780190818,0.5926863953625906,-1.2664285004965694,-0.27840672787156395,-1.3194968146651531,-0.643600889267347,0.9377946726777456,0.7897666099231591,0,0.142857142857143
-0.8222573554055725,-1.3790405415285798,-1.64173807618329,1.4347130919894686,1.3048120956847755,0.119592431074825,-0.9220899046519793,-1.2851865427017115,-1.6688667846863332,-0.9729209600676098,-0.14710126905315632,1,0.142857142857143
-0.11261612138738611,-1.3790405415285798,0.26317938625839,1.320355356327738,0.5926863953625906,-0.05366018537159943,1.2565300782971194,-0.08432702398125859,-0.7583694596500694,1.1114960938364142,1.375309034283355,0,0.142857142857143
0.7034712977335283,0.7335322029408157,-1.29083222783877,0.6342089423573511,0.6638989653948091,1.678865979092643,0.7613891730814153,-0.015706480054375496,-1.58470316640567,-0.9729209600676098,0.20422418556296196,0,0.142857142857143
0.9163636679389843,1.4377231177639476,-0.7394087518688099,0.17677799971042626,0.7351115354270276,-1.2664285004965694,1.107987806732408,0.39601678350692265,-0.45231993862947645,1.1114960938364142,-0.14710126905315632,1,0.142857142857143
0.9518457296398936,-1.3790405415285798,0.6140852346029103,-0.22347407510563244,1.1623869556203386,-1.006549575826933,-1.02111808569512,0.5332578713606888,-1.2633511693340476,0.9377946726777456,0.20422418556296196,0,0.142857142857143
0.02931212541625118,-0.674849626705448,0.8146028622283505,1.7206074311437967,1.803300085910304,0.8992292050837339,0.8604173541245557,-0.8391530071769718,-0.857835553981762,0.24298898804307098,2.42928539813171,0,0.142857142857143
1.7679331487608079,0.7335322029408157,-1.4412204485578501,-0.22347407510563244,0.2366235452014989,-0.3135391100412361,-0.9716039951735497,0.32739623958003955,-1.3016073594616218,1.4588989361537517,-1.3181861177735492,1,0.142857142857143
0.667989236032619,-1.3790405415285798,1.1153793036665103,-1.4242302995538094,1.3048120956847755,-1.3530548087197818,1.1575018972539786,-0.4617400155791152,1.6135143282595257,0.24298898804307098,0.4384411553070408,0,0.142857142857143
-0.5738829234992073,-1.3790405415285798,-1.4913498554642102,-0.9667993569068848,-1.3300529955073064,-0.660044342934085,0.06819190577942931,0.32739623958003955,-0.31459765417020963,1.6326003573124204,-2.137945511877824,1,0.142857142857143
-1.6028627128255777,0.7335322029408157,-0.28824408971157,-0.1091163394439012,-0.26186444502403056,1.2457344379765818,-0.9220899046519793,-1.662599534299568,-0.605344699139773,-0.4518166965916037,-0.26420975392519447,1,0.142857142857143
-0.8577394171064818,-0.674849626705448,0.41356760697747014,0.11959913187956063,-1.5436907056039617,-1.439681116942994,0.513818720473563,-0.08432702398125859,-1.6765180227118481,1.285197514995083,-0.38131823879723387,1,0.142857142857143
-0.6448470469010259,0.7335322029408157,-0.03759705517976976,-0.28065294293649806,-1.4012655655395247,1.5056133626462185,1.0584737162108375,-0.9077735511038548,-0.9266966962113955,1.6326003573124204,-0.0299927841811169,1,0.142857142857143
0.20672243392079778,0.029341288117683866,-0.9900557864006099,0.9772821493425442,-0.19065187499181205,-1.006549575826933,1.405072349861831,-1.0107043669941793,-0.8807892680583065,-1.1466223812262784,-0.14710126905315632,1,0.142857142857143
-0.6093649852001166,1.4377231177639476,0.4636970138838302,0.5770300745264856,-0.6179272951851222,-0.5734180347108727,-0.5259771804794158,0.6361886872510134,0.649458337044658,-1.320323802384947,0.20422418556296196,0,0.142857142857143
-1.2125600341155751,0.029341288117683866,1.7670615934491904,-1.1383359603994816,1.0199618155559016,-0.9199232676037216,-1.4172308098676836,1.288083854556402,0.9708103341162806,-1.6677266447022845,0.4384411553070408,0,0.142857142857143
0.34865068072443506,1.4377231177639476,0.7143440484156305,0.17677799971042626,1.3048120956847755,-0.5734180347108727,0.11770599630099977,-0.015706480054375496,-0.7201132695224952,0.06928756688440231,0.9068750947951986,0,0.142857142857143
0.455096865827163,-0.674849626705448,1.46628515201103,-1.3670514317229439,0.806324105459246,-1.1798021922733573,-0.37743490891470494,-0.29018865576190767,1.5216994719533479,0.5903918303604083,0.20422418556296196,0,0.142857142857143
0.10027624881806982,0.7335322029408157,-0.13785586899248986,0.23395686754129186,0.7351115354270276,0.37947135574446067,1.3555582593402604,-0.4617400155791152,-0.9649528863389696,-0.4518166965916037,0.6726581250511197,0,0.142857142857143
0.24220449562170712,0.7335322029408157,-1.29083222783877,0.23395686754129186,-0.8315650052817777,1.0724818215301584,-1.466744900389254,0.6704989592144546,0.38166500615163923,-1.1466223812262784,-1.2010776329015098,1,0.142857142857143
-1.4964165277228496,0.029341288117683866,0.7143440484156305,-0.8524416212451535,0.2366235452014989,0.119592431074825,-1.2191744477814017,0.32739623958003955,-0.7201132695224952,0.06928756688440231,-0.14710126905315632,1,0.142857142857143
1.0582919147426215,-0.674849626705448,0.5138264207901903,1.320355356327738,0.6638989653948091,-0.4867917264876605,0.06819190577942931,0.6361886872510134,-0.3299001302212393,0.764093251519077,1.1410920645392775,0,0.142857142857143
-1.3899703426201218,1.4377231177639476,1.5164145589173903,0.5770300745264856,1.5896623758136486,-0.3135391100412361,1.6031287119481121,0.7048092311778962,-0.6818570793949211,1.6326003573124204,2.195068428387631,0,-7.000000000000001
0.6325071743317097,1.4377231177639476,-1.64173807618329,1.2059976206660068,-0.11943930495959357,-1.3530548087197818,0.7118750825598449,-0.015706480054375496,-1.1944900271044143,-0.6255181177502723,-0.7326436934133522,1,0.142857142857143
1.2002201615462589,1.4377231177639476,-0.28824408971157,-1.4242302995538094,-1.4012655655395247,-0.7466706511572971,0.4643046299519925,0.12153460779939068,0.11387167525862041,-0.799219538908941,-1.4352946026455888,1,0.142857142857143
0.34865068072443506,-0.674849626705448,0.7143440484156305,1.4347130919894686,0.806324105459246,-0.4001654182644483,0.7613891730814153,-1.5596687184092437,0.7642269074273803,0.764093251519077,1.6095260040274337,0,0.142857142857143
-0.6093649852001166,-1.3790405415285798,-1.64173807618329,-1.252693696061213,0.5926863953625906,1.0724818215301584,1.7021568929912532,-0.49605028754255676,-0.4370174625784468,-1.6677266447022845,-0.966860663157431,1,0.142857142857143
-0.9287035405083005,1.4377231177639476,-0.43863231043064965,-1.3670514317229439,-0.8315650052817777,-0.7466706511572971,0.7613891730814153,-1.525358446445802,-1.5770519283801554,1.285197514995083,-1.2010776329015098,1,0.142857142857143
-0.8577394171064818,1.4377231177639476,-0.5890205311497297,0.062420264048695016,0.16541097516928038,-0.7466706511572971,1.4545864403834008,-0.42742974361567365,-0.023850609200646394,-1.4940252235436158,-0.14710126905315632,1,0.142857142857143
-1.2480420958164844,0.7335322029408157,-1.69186748308965,0.17677799971042626,0.8775366754914645,-0.9199232676037216,-1.5162589909108244,-1.1479454548479453,-0.10801422748130944,0.5903918303604083,-1.3181861177735492,1,0.142857142857143
0.24220449562170712,-1.3790405415285798,-0.3885029035242901,-0.22347407510563244,-0.04822673492737508,0.9858555133069462,-1.3677167193461133,0.944981134921987,0.15212786538619452,0.41669040920173966,-0.4984267236692733,1,0.142857142857143
-1.4964165277228496,-1.3790405415285798,0.8146028622283505,-0.1091163394439012,-0.9739901453462146,0.119592431074825,1.6031287119481121,0.32739623958003955,-1.163885075002355,1.4588989361537517,0.5555496401790803,0,0.142857142857143
0.49057892752807236,0.7335322029408157,-0.78953815877517,1.2631764884968724,0.948749245523683,-0.4867917264876605,0.8109032636029858,-1.3538070866285945,-1.1791875510533847,0.06928756688440231,0.5555496401790803,0,0.142857142857143
-1.638344774526487,0.7335322029408157,-0.7394087518688099,0.5198512066956199,0.521473825330372,-1.006549575826933,-1.6152871719539652,-0.22156811183502456,1.6823754704891591,0.24298898804307098,-0.6155352085413127,1,0.142857142857143
-1.2835241575173937,0.7335322029408157,-0.3383734966179301,1.4918919598203342,1.5896623758136486,-1.2664285004965694,1.6031287119481121,-0.42742974361567365,-1.5311445002270665,1.4588989361537517,1.1410920645392775,0,0.142857142857143
-0.9996676639101192,0.029341288117683866,0.8146028622283505,1.148818752835141,-0.33307701505624904,-0.14028649359481166,1.2565300782971194,0.9792914068854285,-1.2633511693340476,0.06928756688440231,1.375309034283355,0,0.142857142857143
-1.638344774526487,-0.674849626705448,0.6642146415092705,0.23395686754129186,-1.18762785544287,-0.660044342934085,1.405072349861831,0.6704989592144546,-1.6153081185077296,-0.799219538908941,0.4384411553070408,0,0.142857142857143
-0.9287035405083005,0.7335322029408157,-0.9900557864006099,0.9201032815116786,-1.6861158456683987,0.6393502804140974,-0.0803503657852821,-0.49605028754255676,-1.5234932622015516,-0.6255181177502723,-0.6155352085413127,1,0.142857142857143
-0.9996676639101192,0.7335322029408157,0.86473226913471,-0.22347407510563244,-0.9027775753139962,0.4660976639676729,-1.1201462667382611,0.9106708629585454,0.15977910341170934,0.41669040920173966,-0.0299927841811169,1,0.142857142857143
0.667989236032619,-1.3790405415285798,-1.4913498554642102,0.2911357353721575,1.4472372357492116,-1.6995600416126306,0.018677815257858842,-0.49605028754255676,-0.605344699139773,1.1114960938364142,-0.7326436934133522,1,0.142857142857143
1.2711842849480774,0.029341288117683866,-0.03759705517976976,-1.4242302995538094,1.233599525652557,0.8126028968605218,1.5536146214265418,0.6704989592144546,0.09856919920759077,-0.10441385427426636,0.20422418556296196,0,0.142857142857143
1.6260049019571707,0.029341288117683866,1.6668027796364704,0.5198512066956199,-1.6149032756361803,0.8126028968605218,1.405072349861831,1.0479119508123116,0.19038405551376864,-0.4518166965916037,1.375309034283355,0,0.142857142857143
-0.8932214788073912,0.029341288117683866,-1.4412204485578501,0.5770300745264856,-0.7603524352495592,0.5527239721908851,0.41479053943042204,-1.182255726811387,0.6341558609936283,-1.1466223812262784,-0.7326436934133522,1,0.142857142857143
-0.43195467669557,-1.3790405415285798,-1.09031460021333,0.23395686754129186,0.8775366754914645,0.9858555133069462,-0.6745194520441272,0.05291406387250759,1.4604895677492291,0.41669040920173966,-0.26420975392519447,1,0.142857142857143
-1.5673806511246684,-1.3790405415285798,0.9148616760410702,1.377534224158603,1.5184498057814302,0.9858555133069462,-0.9220899046519793,-1.6282892623361265,-1.5694006903546405,0.24298898804307098,1.8437429737715127,0,-7.000000000000001
-1.0351497256110285,-0.674849626705448,0.5639558276965503,-1.5385880352155408,1.233599525652557,-0.8332969593805094,-0.22889263734999352,0.6018784152875719,1.5523044240554071,-1.320323802384947,-0.26420975392519447,1,0.142857142857143
-1.1415959107137563,1.4377231177639476,-0.3383734966179301,0.9201032815116786,1.5184498057814302,-0.22691280181802387,-0.22889263734999352,0.7048092311778962,1.3916284255195959,-0.799219538908941,0.6726581250511197,0,0.142857142857143
-0.7158111703028446,-0.674849626705448,-0.6892793449624499,0.5198512066956199,1.233599525652557,0.20621873929803625,-1.6152871719539652,-0.11863729594469993,1.2462549030348142,0.06928756688440231,-0.14710126905315632,1,0.142857142857143
1.3066663466489867,-0.674849626705448,0.6140852346029103,-1.652945770877272,0.022985835104843415,0.37947135574446067,-0.5259771804794158,0.6018784152875719,-0.12331670353233909,-0.799219538908941,-0.4984267236692733,1,0.142857142857143
-0.21906230649011407,1.4377231177639476,-0.4887617173370097,-0.4521895464290949,1.3048120956847755,0.20621873929803625,0.7613891730814153,1.3910146704467268,0.2056865315647983,-0.6255181177502723,0.08711570069092253,0,0.142857142857143
0.7744354211353469,1.4377231177639476,-1.64173807618329,-0.3950106785982293,1.4472372357492116,-0.7466706511572971,-0.7735476330872681,-0.6676016473597642,0.7183194792742914,0.764093251519077,-1.2010776329015098,1,0.142857142857143
-0.4674367383964793,0.7335322029408157,0.6140852346029103,-1.0239782247377505,1.5896623758136486,-0.7466706511572971,-1.2191744477814017,-1.388117358592036,-0.3758075583743282,-0.6255181177502723,-0.0299927841811169,1,0.142857142857143
-0.7867752937046633,1.4377231177639476,-0.18798527589884992,-1.5385880352155408,-0.9027775753139962,0.9858555133069462,-1.466744900389254,-1.182255726811387,0.6188533849425987,1.6326003573124204,-1.3181861177735492,1,0.142857142857143
1.66148696365808,1.4377231177639476,1.3660263381983107,-1.0239782247377505,1.5896623758136486,-0.4867917264876605,-0.17937854682842302,0.7391195031413377,-0.5441347949356543,-1.4940252235436158,0.7897666099231591,0,0.142857142857143
-0.21906230649011407,-0.674849626705448,-1.59160866927693,-1.652945770877272,-0.11943930495959357,-1.2664285004965694,0.612846901516704,-0.9763940950307379,-0.6818570793949211,0.5903918303604083,-2.137945511877824,1,0.142857142857143
-0.6093649852001166,0.7335322029408157,0.16292057244567046,-1.3098725638920785,-1.6861158456683987,-1.526307425166206,1.6031287119481121,-1.2165659987748283,-0.2304340358895466,0.5903918303604083,-1.0839691480294704,1,0.142857142857143
-0.9996676639101192,1.4377231177639476,-0.08772646208612982,1.5490708276511997,1.5896623758136486,0.9858555133069462,0.3652764489088516,-0.15294756790814149,-1.2863048834105921,1.1114960938364142,1.4924175191553943,0,0.142857142857143
0.5970251126308004,-1.3790405415285798,0.3133087931647501,-0.9096204890760192,-1.6149032756361803,1.5922396708694306,-0.6250053615225567,-0.18725783987158304,0.2898501498454613,1.1114960938364142,-0.6155352085413127,1,0.142857142857143
1.0228098530417122,0.029341288117683866,-0.83966756568153,0.6342089423573511,1.5184498057814302,-0.4867917264876605,0.018677815257858842,-0.11863729594469993,1.5063969959023182,1.285197514995083,0.08711570069092253,0,0.142857142857143
1.6260049019571707,0.029341288117683866,-0.3383734966179301,-0.3378318107673637,-1.18762785544287,-0.4001654182644483,1.30604416881869,-0.4617400155791152,-0.7048107934714656,-1.320323802384947,-0.6155352085413127,1,0.142857142857143
-1.319006219218303,-1.3790405415285798,-1.1404440071196902,1.2631764884968724,-0.33307701505624904,-1.6995600416126306,-0.7735476330872681,0.3617065115434811,1.7053291845657035,0.764093251519077,-0.7326436934133522,1,0.142857142857143
1.4840766551535334,-0.674849626705448,0.9649910829474302,-0.22347407510563244,0.948749245523683,-0.4001654182644483,-0.8725758141304091,0.8077400470682208,-0.45997117665499127,0.5903918303604083,0.5555496401790803,0,0.142857142857143
-0.041651997985567464,-1.3790405415285798,-0.5388911242433697,1.4347130919894686,1.5896623758136486,-0.8332969593805094,1.0584737162108375,-0.22156811183502456,-0.6206471751908026,1.6326003573124204,0.9068750947951986,0,0.142857142857143
-0.00616993628465814,0.029341288117683866,-0.08772646208612982,-0.9096204890760192,-1.0452027153784331,-0.22691280181802387,0.9099314446461262,0.39601678350692265,-1.0567677426451474,-1.6677266447022845,-0.7326436934133522,1,0.142857142857143
1.3776304700508053,1.4377231177639476,-1.59160866927693,1.0916398850042754,1.7320875158780855,-0.3135391100412361,-1.6648012624755357,-1.1136351828845037,-0.9649528863389696,0.41669040920173966,-0.4984267236692733,1,0.142857142857143
-0.9641856022092098,0.7335322029408157,-1.29083222783877,0.8057455458499474,-0.8315650052817777,-0.14028649359481166,1.3555582593402604,1.6311865741908171,-1.5540982143036108,-0.278115275432935,-0.4984267236692733,1,0.142857142857143
0.7389533594344376,0.029341288117683866,1.2156381174792303,0.2911357353721575,-1.0452027153784331,0.29284504752124846,0.018677815257858842,-0.324498927725349,1.7206316606167331,-1.1466223812262784,0.6726581250511197,0,0.142857142857143
-0.8932214788073912,-1.3790405415285798,0.6140852346029103,-1.4242302995538094,0.6638989653948091,0.29284504752124846,0.3652764489088516,-0.7019119193232058,0.2898501498454613,0.764093251519077,0.08711570069092253,0,0.142857142857143
1.2711842849480774,-0.674849626705448,-0.83966756568153,-0.16629520727476682,0.7351115354270276,-1.439681116942994,0.3652764489088516,0.32739623958003955,0.22864024564134275,-1.1466223812262784,-0.6155352085413127,1,0.142857142857143
-0.7158111703028446,1.4377231177639476,-0.18798527589884992,-0.5665472820908262,1.09117438558812,-1.2664285004965694,1.6031287119481121,0.46463732743380576,1.7359341366677628,0.764093251519077,0.08711570069092253,0,0.142857142857143
0.49057892752807236,-0.674849626705448,-0.5890205311497297,1.377534224158603,-1.4012655655395247,-1.2664285004965694,-0.6745194520441272,1.5968763022273755,-0.09271175143027979,-1.320323802384947,-0.6155352085413127,1,0.142857142857143
0.7744354211353469,-1.3790405415285798,0.9148616760410702,-0.3378318107673637,1.1623869556203386,-0.7466706511572971,-0.7735476330872681,0.08722433583594913,0.175081579462739,-0.4518166965916037,0.5555496401790803,0,0.142857142857143
-1.2480420958164844,0.7335322029408157,-0.43863231043064965,-0.9096204890760192,-0.11943930495959357,0.20621873929803625,-1.2191744477814017,0.2244654236897153,-0.22278279786403177,-0.278115275432935,-1.0839691480294704,1,0.142857142857143
-0.7512932320037539,-0.674849626705448,1.5164145589173903,0.6342089423573511,-0.8315650052817777,0.5527239721908851,1.207015987775549,-0.324498927725349,-0.8042768878031583,-1.320323802384947,1.4924175191553943,0,0.142857142857143
1.5195587168544427,1.4377231177639476,1.1655087105728703,0.11959913187956063,-0.9739901453462146,-0.3135391100412361,1.7021568929912532,0.9792914068854285,-1.592354404431185,1.1114960938364142,0.9068750947951986,0,0.142857142857143
-1.2125600341155751,0.7335322029408157,-0.3885029035242901,0.17677799971042626,0.3078361152337174,-1.093175884050145,-0.3279208183931344,-0.530360559505998,1.3227672832899624,0.41669040920173966,-0.38131823879723387,1,0.142857142857143
1.2357022232471682,1.4377231177639476,0.8146028622283505,0.6342089423573511,1.6608749458458671,1.0724818215301584,-1.2191744477814017,-0.49605028754255676,-1.462283357997433,1.4588989361537517,1.375309034283355,0,0.142857142857143
-0.5738829234992073,-0.674849626705448,-0.78953815877517,1.7206074311437967,-0.6891398652173407,1.3323607461997942,0.612846901516704,-0.530360559505998,1.6594217564126146,0.5903918303604083,0.5555496401790803,0,0.142857142857143
0.17124037221988847,-1.3790405415285798,-0.03759705517976976,0.005241396217829401,0.45026125529815436,-1.6995600416126306,1.5041005309049713,-0.4617400155791152,1.468140805774744,1.6326003573124204,0.08711570069092253,0,0.142857142857143
0.6325071743317097,0.7335322029408157,1.0652498967601502,1.4918919598203342,-0.33307701505624904,0.7259765886373095,0.06819190577942931,1.0479119508123116,0.649458337044658,-1.6677266447022845,1.6095260040274337,0,0.142857142857143
1.1647380998453494,-0.674849626705448,-0.5388911242433697,-0.8524416212451535,0.3078361152337174,1.678865979092643,-1.02111808569512,-1.3538070866285945,-1.1562338369768401,-0.4518166965916037,-0.6155352085413127,1,0.142857142857143
-0.14809818308829542,-0.674849626705448,-0.4887617173370097,-0.9667993569068848,-0.4755021551206852,0.5527239721908851,0.16722008682257025,0.8420503190316624,-1.2710024073595625,-1.1466223812262784,-0.8497521782853916,1,0.142857142857143
0.7744354211353469,-0.674849626705448,-1.4913498554642102,-0.1091163394439012,-0.6891398652173407,0.4660976639676729,-1.5657730814323947,-1.2851865427017115,0.4658286244323023,1.1114960938364142,-1.5524030875176282,1,0.142857142857143
0.20672243392079778,-1.3790405415285798,1.1153793036665103,0.6342089423573511,0.3790486852659359,0.29284504752124846,1.2565300782971194,1.1165324947391944,-1.1409313609258105,0.764093251519077,1.6095260040274337,0,0.142857142857143
-0.9996676639101192,-1.3790405415285798,-0.5388911242433697,-1.3098725638920785,-1.4724781355717433,-1.526307425166206,-1.3182026288245428,-0.530360559505998,1.253906141060329,0.24298898804307098,-2.137945511877824,1,0.142857142857143
0.20672243392079778,1.4377231177639476,1.1153793036665103,0.062420264048695016,0.806324105459246,-0.4001654182644483,-1.5657730814323947,1.3910146704467268,0.22098900761582793,1.285197514995083,0.6726581250511197,0,0.142857142857143
0.455096865827163,0.7335322029408157,-0.6892793449624499,0.005241396217829401,0.022985835104843415,-1.6129337333894183,-0.4764630899578453,0.8420503190316624,0.15977910341170934,0.764093251519077,-0.966860663157431,1,0.142857142857143
0.10027624881806982,1.4377231177639476,1.0151204898537902,0.6342089423573511,-0.04822673492737508,1.4189870544230063,-0.5259771804794158,-0.7019119193232058,-0.8042768878031583,-1.1466223812262784,1.1410920645392775,0,0.142857142857143
0.9163636679389843,-0.674849626705448,-1.1905734140260502,0.6913878101882162,-0.8315650052817777,1.5056133626462185,-1.2686885383029722,-0.5989811034328811,1.20799871290724,-1.4940252235436158,-0.7326436934133522,1,0.142857142857143
-0.7867752937046633,1.4377231177639476,1.3660263381983107,0.46267233886475434,1.5896623758136486,-1.2664285004965694,-1.4172308098676836,1.1851530386660774,1.4910945198512884,-0.10441385427426636,1.1410920645392775,0,0.142857142857143
0.455096865827163,-1.3790405415285798,-0.4887617173370097,-0.9667993569068848,1.5184498057814302,-0.660044342934085,-0.3279208183931344,0.7048092311778962,-1.0261627905430881,-0.4518166965916037,-0.4984267236692733,1,0.142857142857143
-0.5738829234992073,-1.3790405415285798,-1.4913498554642102,-1.5385880352155408,-1.3300529955073064,-1.439681116942994,0.9099314446461262,-0.015706480054375496,-0.4370174625784468,0.9377946726777456,-2.3721624816219027,1,0.142857142857143
-1.1770779724146658,-0.674849626705448,-0.7394087518688099,-1.4242302995538094,-1.2588404254750887,0.7259765886373095,-1.6152871719539652,1.2537735825929606,0.5576434807384801,0.41669040920173966,-1.903728542133745,1,0.142857142857143
0.3131686190235258,-1.3790405415285798,-1.29083222783877,1.0916398850042754,0.022985835104843415,1.3323607461997942,1.3555582593402604,-1.6282892623361265,-0.9037429821348509,-0.6255181177502723,0.20422418556296196,0,0.142857142857143
0.8808816062380749,0.7335322029408157,0.6140852346029103,-0.738083885583423,-0.8315650052817777,-0.4001654182644483,0.018677815257858842,1.562566030263934,-0.9802553623899992,-1.1466223812262784,-0.26420975392519447,1,0.142857142857143
0.02931212541625118,1.4377231177639476,1.6166733727301104,1.7206074311437967,-0.4042895850884675,-0.660044342934085,1.2565300782971194,1.7341173900811417,0.22864024564134275,-0.278115275432935,2.0779599435155913,0,0.142857142857143
-0.11261612138738611,1.4377231177639476,-1.59160866927693,-0.6809050177525574,0.7351115354270276,1.5922396708694306,-1.466744900389254,-1.593978990372685,-0.12331670353233909,-0.278115275432935,-1.2010776329015098,1,0.142857142857143
1.4840766551535334,-1.3790405415285798,1.7169321865428304,-0.3378318107673637,-0.26186444502403056,-1.093175884050145,-1.3182026288245428,0.293085967616598,-1.3857709777422849,-1.4940252235436158,0.4384411553070408,0,0.142857142857143
-0.5384008617982979,-0.674849626705448,-1.04018519330697,0.8629244136808131,-0.7603524352495592,1.1591081297533705,-1.3182026288245428,0.9106708629585454,1.3151160452644475,-0.6255181177502723,-0.6155352085413127,1,0.142857142857143
0.455096865827163,0.7335322029408157,0.8146028622283505,-1.1383359603994816,-0.7603524352495592,1.3323607461997942,1.3555582593402604,-1.5596687184092437,-1.469934596022948,1.4588989361537517,0.3213326704350014,0,0.142857142857143
-1.0351497256110285,0.029341288117683866,1.6668027796364704,0.17677799971042626,-0.11943930495959357,1.678865979092643,0.21673417734414016,0.5675681433241304,0.9861128101673102,-1.4940252235436158,1.6095260040274337,0,0.142857142857143
-1.2835241575173937,0.7335322029408157,0.3634382000711101,-1.481409167384675,-0.8315650052817777,-1.006549575826933,-1.6648012624755357,0.15584487976283223,-0.45231993862947645,0.9377946726777456,-1.3181861177735492,1,0.142857142857143
0.9163636679389843,-1.3790405415285798,-0.78953815877517,0.5198512066956199,-1.2588404254750887,0.119592431074825,0.9594455351676967,-1.1479454548479453,-0.24573651194057625,-1.320323802384947,-0.4984267236692733,1,0.142857142857143
1.2357022232471682,-0.674849626705448,-1.69186748308965,1.6062496954820653,-1.0452027153784331,1.1591081297533705,0.21673417734414016,-0.8048427352135302,-1.6076568804822147,-1.4940252235436158,-0.38131823879723387,1,-7.000000000000001
1.2357022232471682,1.4377231177639476,0.7143440484156305,1.377534224158603,1.09117438558812,-0.7466706511572971,1.3555582593402604,1.150842766702636,0.8560417637335582,1.4588989361537517,1.7266344888994731,0,0.142857142857143
-0.00616993628465814,-1.3790405415285798,-0.6391499380560899,1.7206074311437967,-1.6149032756361803,-1.1798021922733573,1.3555582593402604,-1.4910481744823605,1.4910945198512884,1.1114960938364142,-0.0299927841811169,1,0.142857142857143
0.667989236032619,0.7335322029408157,1.2657675243855906,0.8057455458499474,-0.9739901453462146,-0.3135391100412361,0.06819190577942931,1.0822222227757532,-0.7201132695224952,0.764093251519077,0.9068750947951986,0,0.142857142857143
-1.531898589423759,-0.674849626705448,0.06266175863295034,0.6913878101882162,-1.3300529955073064,0.29284504752124846,-0.8725758141304091,-0.22156811183502456,-1.079721456721692,-1.320323802384947,-0.14710126905315632,1,0.142857142857143
-1.1415959107137563,-0.674849626705448,-1.54147926237057,-1.652945770877272,-1.6861158456683987,-1.6995600416126306,-1.3182026288245428,-0.8734632791404133,0.6341558609936283,1.4588989361537517,-2.84059642111006,1,-7.000000000000001
-1.4609344660219403,-0.674849626705448,-1.04018519330697,-1.5385880352155408,-1.18762785544287,-0.4001654182644483,-0.9716039951735497,-0.6332913753963227,0.15212786538619452,1.6326003573124204,-2.2550539967498633,1,0.142857142857143
1.5195587168544427,0.7335322029408157,0.6140852346029103,1.2631764884968724,1.3760246657169932,0.29284504752124846,-0.22889263734999352,0.4989475993972473,1.1008813805500326,1.1114960938364142,1.4924175191553943,0,0.142857142857143
-1.1415959107137563,0.7335322029408157,1.7169321865428304,-1.081157092568616,-0.04822673492737508,1.3323607461997942,-0.9220899046519793,-0.05001675201781704,1.2233011889582697,-1.1466223812262784,0.6726581250511197,0,0.142857142857143
-1.1415959107137563,-1.3790405415285798,-0.7394087518688099,-0.738083885583423,0.5926863953625906,1.4189870544230063,0.26624826786571065,0.12153460779939068,0.9631590960907658,-1.1466223812262784,-0.38131823879723387,1,0.142857142857143
-0.5029188000973887,0.7335322029408157,1.6668027796364704,-0.6809050177525574,0.948749245523683,-0.22691280181802387,0.21673417734414016,1.1165324947391944,-0.12331670353233909,-0.4518166965916037,1.1410920645392775,0,0.142857142857143
1.2711842849480774,0.7335322029408157,0.26317938625839,-1.3670514317229439,-0.19065187499181205,0.29284504752124846,1.4545864403834008,-1.045014638957621,0.36636253010060954,-0.9729209600676098,-0.14710126905315632,1,0.142857142857143
-0.07713405968647678,-0.674849626705448,-0.8897969725878901,-0.8524416212451535,1.3760246657169932,-1.006549575826933,1.0089596256892672,-0.11863729594469993,1.383977187494081,0.5903918303604083,-0.6155352085413127,1,0.142857142857143
0.8808816062380749,-0.674849626705448,1.3158969312919506,0.46267233886475434,1.233599525652557,-0.8332969593805094,-1.3677167193461133,0.4303270554703642,-0.5823909850632284,-0.799219538908941,1.0239835796672379,0,0.142857142857143
1.0582919147426215,-1.3790405415285798,1.7169321865428304,-1.481409167384675,1.4472372357492116,1.1591081297533705,-0.6250053615225567,1.6311865741908171,-0.7124620314969804,0.9377946726777456,1.0239835796672379,0,0.142857142857143
-0.6093649852001166,1.4377231177639476,0.9148616760410702,0.23395686754129186,-1.3300529955073064,0.119592431074825,-0.4764630899578453,1.01360167884887,1.1850449988306955,-1.6677266447022845,0.20422418556296196,0,0.142857142857143
1.4131125317517148,-0.674849626705448,1.1153793036665103,1.4918919598203342,1.0199618155559016,-1.2664285004965694,-1.4172308098676836,-1.6282892623361265,-0.9419991722624251,1.6326003573124204,1.2582005494113169,0,0.142857142857143
-1.1770779724146658,0.029341288117683866,-0.08772646208612982,-0.1091163394439012,-1.6149032756361803,-0.8332969593805094,-1.1696603572598316,1.3567043984832852,-0.7124620314969804,1.1114960938364142,-1.0839691480294704,1,0.142857142857143
1.7324510870598986,-1.3790405415285798,-1.34096163474513,0.6913878101882162,-1.7573284157006173,-0.05366018537159943,-1.3182026288245428,1.219463310629519,-0.45997117665499127,-1.6677266447022845,-1.4352946026455888,1,0.142857142857143
1.2357022232471682,0.7335322029408157,-0.18798527589884992,0.5198512066956199,0.3790486852659359,-0.4867917264876605,-0.17937854682842302,-1.4910481744823605,-0.643600889267347,1.1114960938364142,0.08711570069092253,0,0.142857142857143
-0.9996676639101192,0.7335322029408157,-0.13785586899248986,-0.05193747161303622,0.2366235452014989,1.1591081297533705,0.6623609920382744,0.5675681433241304,0.060313009080016654,0.41669040920173966,0.3213326704350014,0,0.142857142857143
-0.18358024478920476,-0.674849626705448,0.7143440484156305,0.8629244136808131,1.0199618155559016,-0.05366018537159943,-0.22889263734999352,-1.662599534299568,-0.1309679415578539,0.06928756688440231,1.2582005494113169,0,0.142857142857143
-0.041651997985567464,-0.674849626705448,-1.29083222783877,-1.3098725638920785,-1.6149032756361803,0.29284504752124846,-0.8725758141304091,0.8077400470682208,1.0473227143714288,-1.1466223812262784,-2.2550539967498633,1,0.142857142857143
1.5905228402562612,1.4377231177639476,1.3158969312919506,-1.7101246387081372,-1.6861158456683987,-0.05366018537159943,-0.8725758141304091,0.6704989592144546,-0.09271175143027979,-0.6255181177502723,-0.7326436934133522,1,0.142857142857143
-1.2835241575173937,0.029341288117683866,-1.09031460021333,1.0344610171734099,-0.26186444502403056,-1.3530548087197818,-0.03083627526371163,-1.388117358592036,0.5117360525853912,-1.6677266447022845,-0.6155352085413127,1,0.142857142857143
0.10027624881806982,0.7335322029408157,1.1655087105728703,-0.5665472820908262,-0.7603524352495592,0.20621873929803625,0.8109032636029858,1.6998071181177001,-0.9802553623899992,0.06928756688440231,0.5555496401790803,0,0.142857142857143
-1.1770779724146658,0.029341288117683866,1.2156381174792303,1.2059976206660068,-0.6179272951851222,-1.3530548087197818,0.7118750825598449,-0.4617400155791152,0.9631590960907658,-0.9729209600676098,1.1410920645392775,0,0.142857142857143
-0.43195467669557,0.029341288117683866,-0.6391499380560899,-1.0239782247377505,0.16541097516928038,-0.14028649359481166,1.30604416881869,-1.3538070866285945,-0.33755136824675414,-0.10441385427426636,-0.6155352085413127,1,0.142857142857143
-0.00616993628465814,-1.3790405415285798,0.6642146415092705,1.2631764884968724,-0.4042895850884675,1.2457344379765818,-0.22889263734999352,-0.324498927725349,0.7948318595294396,1.6326003573124204,1.1410920645392775,0,0.142857142857143
-0.7158111703028446,1.4377231177639476,-0.78953815877517,-1.1955148282303474,-1.7573284157006173,0.119592431074825,-1.3182026288245428,-0.35880919968879055,1.4604895677492291,-0.799219538908941,-2.0208370270057845,1,0.142857142857143
-1.638344774526487,1.4377231177639476,-0.28824408971157,-1.652945770877272,-1.6149032756361803,0.6393502804140974,1.207015987775549,0.7391195031413377,-0.7889744117521287,0.9377946726777456,-1.2010776329015098,1,0.142857142857143
-1.4964165277228496,-0.674849626705448,1.5665439658237503,-0.6237261499216917,0.5926863953625906,-1.439681116942994,-0.8725758141304091,0.944981134921987,-0.19982908378748732,-0.4518166965916037,0.4384411553070408,0,0.142857142857143
1.7324510870598986,0.7335322029408157,-0.18798527589884992,1.663428563312931,1.6608749458458671,-0.5734180347108727,1.3555582593402604,1.219463310629519,-0.643600889267347,-1.6677266447022845,1.4924175191553943,0,-7.000000000000001
-1.425452404321031,0.029341288117683866,1.46628515201103,1.4347130919894686,-0.6179272951851222,0.7259765886373095,0.612846901516704,1.0822222227757532,-0.13861917958336872,-0.799219538908941,1.8437429737715127,0,0.142857142857143
-1.638344774526487,0.7335322029408157,-1.64173807618329,-0.3950106785982293,0.7351115354270276,-0.8332969593805094,1.6031287119481121,-1.593978990372685,1.5829093761574664,0.764093251519077,-0.8497521782853916,1,0.142857142857143
-0.43195467669557,0.029341288117683866,-1.59160866927693,-0.6809050177525574,1.0199618155559016,0.8992292050837339,-0.9716039951735497,-1.0107043669941793,-1.4469808819464034,-0.6255181177502723,-1.2010776329015098,1,0.142857142857143
1.66148696365808,0.029341288117683866,-0.13785586899248986,0.8057455458499474,-1.4012655655395247,-0.3135391100412361,1.7021568929912532,1.0822222227757532,1.1620912847541511,0.764093251519077,0.20422418556296196,0,0.142857142857143
-0.325508491592842,-0.674849626705448,0.1127911655393104,1.377534224158603,0.806324105459246,0.03296612285161279,-0.3279208183931344,-0.324498927725349,0.4658286244323023,-0.799219538908941,1.0239835796672379,0,0.142857142857143
-0.9641856022092098,-0.674849626705448,-0.9900557864006099,-1.0239782247377505,-1.3300529955073064,-1.006549575826933,-1.6152871719539652,0.6018784152875719,-1.6688667846863332,1.285197514995083,-2.2550539967498633,1,0.142857142857143
-1.4964165277228496,-1.3790405415285798,1.6668027796364704,-1.481409167384675,-0.26186444502403056,-0.8332969593805094,-0.0803503657852821,1.4596352143736098,-0.8042768878031583,1.285197514995083,0.08711570069092253,0,0.142857142857143
0.8453995445371656,1.4377231177639476,0.9148616760410702,0.2911357353721575,0.45026125529815436,-1.526307425166206,-0.9716039951735497,-1.456737902518919,-0.987906600415514,1.4588989361537517,0.4384411553070408,0,0.142857142857143
-0.5738829234992073,1.4377231177639476,-0.18798527589884992,-0.8524416212451535,0.8775366754914645,0.4660976639676729,0.9594455351676967,-0.5989811034328811,-1.4240271678698588,1.285197514995083,0.08711570069092253,0,0.142857142857143
0.13575831051897916,0.029341288117683866,-0.5388911242433697,-0.5665472820908262,1.4472372357492116,-1.526307425166206,-0.4764630899578453,-1.2851865427017115,1.383977187494081,-1.6677266447022845,-0.6155352085413127,1,0.142857142857143
-1.2480420958164844,-0.674849626705448,-0.6892793449624499,1.2059976206660068,0.948749245523683,-0.660044342934085,-0.22889263734999352,-1.045014638957621,-0.06975803735373533,0.764093251519077,0.20422418556296196,0,0.142857142857143
1.8034152104617172,-1.3790405415285798,-0.8897969725878901,-0.5093684142599605,0.948749245523683,-0.22691280181802387,1.207015987775549,1.3223941265198436,-1.117977646849266,-0.799219538908941,-0.38131823879723387,1,0.142857142857143
-0.9996676639101192,-1.3790405415285798,1.6668027796364704,-0.5665472820908262,1.5184498057814302,-0.7466706511572971,1.7021568929912532,0.6018784152875719,-1.2633511693340476,-1.4940252235436158,1.6095260040274337,0,0.142857142857143
-0.9641856022092098,0.7335322029408157,-0.6391499380560899,-0.9096204890760192,1.3760246657169932,1.1591081297533705,-0.9220899046519793,-1.5596687184092437,0.6112021469170839,-1.6677266447022845,-0.4984267236692733,1,0.142857142857143
1.7324510870598986,0.029341288117683866,-1.3910910416514901,0.2911357353721575,-0.11943930495959357,0.9858555133069462,-0.9716039951735497,-0.15294756790814149,0.947856620039736,1.1114960938364142,-0.8497521782853916,1,0.142857142857143
0.8099174828362563,-1.3790405415285798,0.86473226913471,0.6342089423573511,-0.26186444502403056,1.5056133626462185,-1.466744900389254,1.0479119508123116,-1.6306105945587592,-0.278115275432935,0.7897666099231591,0,0.142857142857143
-0.7512932320037539,-0.674849626705448,-1.4913498554642102,-0.3378318107673637,-1.18762785544287,-0.4001654182644483,0.4643046299519925,0.19015515172627376,1.5829093761574664,0.5903918303604083,-1.5524030875176282,1,0.142857142857143
0.41961480412625374,0.7335322029408157,0.41356760697747014,1.2631764884968724,0.948749245523683,0.20621873929803625,-0.4764630899578453,-0.42742974361567365,-1.2633511693340476,0.9377946726777456,1.1410920645392775,0,0.142857142857143
1.448594593452624,0.029341288117683866,0.6642146415092705,-1.5957669030464063,0.3790486852659359,-0.05366018537159943,-1.3677167193461133,-0.7362221912866471,-0.05445556130270568,1.4588989361537517,-0.6155352085413127,1,0.142857142857143
0.13575831051897916,-0.674849626705448,-0.18798527589884992,1.0916398850042754,1.5184498057814302,0.5527239721908851,1.107987806732408,-1.4910481744823605,-0.6742058413694063,-0.6255181177502723,1.2582005494113169,0,0.142857142857143
0.27768655732261643,-0.674849626705448,-0.83966756568153,-1.5385880352155408,1.6608749458458671,1.2457344379765818,1.4545864403834008,1.219463310629519,1.5293507099788626,0.41669040920173966,-0.26420975392519447,1,0.142857142857143
1.448594593452624,0.029341288117683866,-0.6391499380560899,1.0344610171734099,-1.2588404254750887,0.9858555133069462,-1.466744900389254,-1.662599534299568,-0.643600889267347,-1.4940252235436158,-0.4984267236692733,1,0.142857142857143
0.49057892752807236,0.029341288117683866,-0.9399263794942498,0.4054934710338887,0.022985835104843415,1.7654922873158552,1.7021568929912532,0.4989475993972473,-1.2250949792064736,0.5903918303604083,0.3213326704350014,0,0.142857142857143
0.02931212541625118,-0.674849626705448,0.6642146415092705,-1.3670514317229439,-0.6179272951851222,-1.439681116942994,-1.466744900389254,-1.0107043669941793,-0.23808527391506143,-1.320323802384947,-1.0839691480294704,1,0.142857142857143
-1.1415959107137563,0.7335322029408157,-1.4412204485578501,0.17677799971042626,-0.7603524352495592,0.4660976639676729,1.6526428024696826,-1.3194968146651531,1.6594217564126146,0.06928756688440231,-0.7326436934133522,1,0.142857142857143
0.3841327424253444,0.7335322029408157,0.9649910829474302,1.377534224158603,-0.5467147251529038,1.7654922873158552,-1.3677167193461133,-1.525358446445802,-1.58470316640567,0.9377946726777456,1.2582005494113169,0,0.142857142857143
-0.8577394171064818,-1.3790405415285798,-1.4412204485578501,-1.3098725638920785,-1.6149032756361803,-1.3530548087197818,-0.9716039951735497,1.6311865741908171,0.7030170032232618,-1.320323802384947,-2.7234879362380213,1,-7.000000000000001
0.561543050929891,-1.3790405415285798,0.9649910829474302,0.11959913187956063,1.09117438558812,0.37947135574446067,-0.6250053615225567,0.2244654236897153,-0.04680432327719086,0.24298898804307098,1.0239835796672379,0,0.142857142857143
1.4131125317517148,0.7335322029408157,0.4636970138838302,-0.8524416212451535,-0.19065187499181205,0.8992292050837339,-0.17937854682842302,-1.456737902518919,-1.6153081185077296,1.285197514995083,-0.0299927841811169,1,0.142857142857143
-0.07713405968647678,-0.674849626705448,0.5138264207901903,0.23395686754129186,-1.18762785544287,1.2457344379765818,1.6031287119481121,-1.5596687184092437,1.2921623311879031,0.5903918303604083,0.6726581250511197,0,0.142857142857143
-0.5738829234992073,-1.3790405415285798,0.6140852346029103,-0.3950106785982293,-0.04822673492737508,1.7654922873158552,-0.9716039951735497,-0.2558783837984661,-0.41406374850190236,0.24298898804307098,0.3213326704350014,0,0.142857142857143
-1.6028627128255777,-0.674849626705448,1.0151204898537902,-0.5665472820908262,-0.4042895850884675,1.4189870544230063,-0.3279208183931344,0.4303270554703642,-0.9573016483134548,-0.10441385427426636,0.5555496401790803,0,0.142857142857143
0.6325071743317097,-0.674849626705448,0.7143440484156305,0.005241396217829401,-0.19065187499181205,1.5922396708694306,-1.02111808569512,-0.6332913753963227,1.4757920438002587,0.764093251519077,0.5555496401790803,0,0.142857142857143
-0.07713405968647678,0.029341288117683866,-0.08772646208612982,1.663428563312931,1.3760246657169932,-0.5734180347108727,-0.22889263734999352,0.6018784152875719,1.2003474748817253,-0.4518166965916037,1.0239835796672379,0,0.142857142857143
-0.9641856022092098,-0.674849626705448,1.3660263381983107,1.2059976206660068,-0.4042895850884675,-0.14028649359481166,-1.6648012624755357,-0.324498927725349,-1.1256288848747809,-0.9729209600676098,1.0239835796672379,0,0.142857142857143
-0.9287035405083005,-0.674849626705448,-0.23811468280520998,1.6062496954820653,-1.2588404254750887,0.29284504752124846,-1.02111808569512,1.01360167884887,-0.9726041243644844,1.4588989361537517,0.08711570069092253,0,0.142857142857143
1.342148408349896,-0.674849626705448,0.5639558276965503,-1.5385880352155408,-1.4012655655395247,-1.2664285004965694,-1.4172308098676836,-1.0793249109210623,-0.8119281258286731,-1.6677266447022845,-1.4352946026455888,1,0.142857142857143
0.49057892752807236,-0.674849626705448,1.0652498967601502,-1.1955148282303474,0.5926863953625906,-0.5734180347108727,-0.5259771804794158,0.5675681433241304,-1.2403974552575032,1.285197514995083,0.08711570069092253,0,0.142857142857143
-0.5738829234992073,0.029341288117683866,1.0151204898537902,-1.481409167384675,-1.0452027153784331,0.5527239721908851,1.2565300782971194,-0.8391530071769718,-1.3704685016912552,-1.4940252235436158,-0.0299927841811169,1,0.142857142857143
0.7744354211353469,0.7335322029408157,-0.3383734966179301,-0.05193747161303622,1.09117438558812,-0.05366018537159943,1.0089596256892672,-0.22156811183502456,1.3992796635451106,1.6326003573124204,0.3213326704350014,0,0.142857142857143
-1.425452404321031,0.7335322029408157,-1.1905734140260502,1.148818752835141,-0.4755021551206852,-0.7466706511572971,1.207015987775549,-1.525358446445802,1.2233011889582697,-1.320323802384947,-0.26420975392519447,1,0.142857142857143
1.2711842849480774,0.7335322029408157,-0.7394087518688099,1.4347130919894686,0.948749245523683,-1.439681116942994,0.7613891730814153,0.12153460779939068,0.8789954778101027,0.764093251519077,0.4384411553070408,0,0.142857142857143
-0.36099055329375135,-0.674849626705448,0.26317938625839,0.005241396217829401,-0.04822673492737508,-0.14028649359481166,-1.02111808569512,0.9106708629585454,-1.4775858340484627,-1.1466223812262784,-0.14710126905315632,1,0.142857142857143
-1.0351497256110285,-1.3790405415285798,0.6642146415092705,1.4918919598203342,0.5926863953625906,1.3323607461997942,1.1575018972539786,-0.4617400155791152,0.1368253893351649,-0.4518166965916037,1.9608514586435521,0,0.142857142857143
1.12925603814444,1.4377231177639476,0.1127911655393104,-0.9096204890760192,0.8775366754914645,0.119592431074825,-0.27840672787156395,-0.7705324632500887,-1.4163759298443441,0.764093251519077,-0.14710126905315632,1,0.142857142857143
-1.0706317873119378,0.029341288117683866,0.26317938625839,0.6342089423573511,-1.3300529955073064,-1.2664285004965694,0.26624826786571065,-0.7705324632500887,-0.72776450754801,0.24298898804307098,-0.14710126905315632,1,0.142857142857143
1.1647380998453494,-1.3790405415285798,-1.3910910416514901,-1.3098725638920785,0.3078361152337174,0.9858555133069462,-0.42694899943627485,1.6654968461542587,-0.857835553981762,-0.9729209600676098,-1.4352946026455888,1,0.142857142857143
1.4131125317517148,1.4377231177639476,-0.78953815877517,0.23395686754129186,-0.19065187499181205,0.20621873929803625,0.06819190577942931,1.2537735825929606,0.4505261483812726,-0.6255181177502723,-0.4984267236692733,1,0.142857142857143
-0.9996676639101192,0.7335322029408157,-0.23811468280520998,-1.652945770877272,-0.6179272951851222,-0.4001654182644483,-0.42694899943627485,1.6654968461542587,-0.23808527391506143,-0.799219538908941,-1.4352946026455888,1,0.142857142857143
0.5970251126308004,0.7335322029408157,0.41356760697747014,1.4347130919894686,-0.9027775753139962,-1.2664285004965694,-1.7143153529971062,0.05291406387250759,0.3587112920750947,-0.9729209600676098,0.08711570069092253,0,0.142857142857143
0.24220449562170712,-0.674849626705448,-0.13785586899248986,0.9772821493425442,-0.11943930495959357,0.29284504752124846,1.0089596256892672,0.2244654236897153,-0.4370174625784468,-1.6677266447022845,0.6726581250511197,0,0.142857142857143
-1.2125600341155751,-0.674849626705448,1.3158969312919506,1.6062496954820653,1.5184498057814302,1.0724818215301584,0.513818720473563,0.9792914068854285,-0.17687536971094284,-1.6677266447022845,2.5463938830037494,0,-7.000000000000001
1.2002201615462589,0.7335322029408157,0.9148616760410702,-0.16629520727476682,-0.9739901453462146,-1.006549575826933,1.2565300782971194,0.6361886872510134,0.19038405551376864,-1.1466223812262784,0.3213326704350014,0,0.142857142857143
0.561543050929891,-1.3790405415285798,-0.23811468280520998,-1.5385880352155408,-0.11943930495959357,1.0724818215301584,-0.37743490891470494,-0.3931194716522321,-0.6971595554459508,-1.1466223812262784,-0.8497521782853916,1,0.142857142857143
-1.0351497256110285,0.029341288117683866,-0.9900557864006099,-0.3378318107673637,-1.5436907056039617,-0.9199232676037216,1.0584737162108375,1.0479119508123116,-0.06975803735373533,-1.4940252235436158,-1.3181861177735492,1,0.142857142857143
1.7324510870598986,0.7335322029408157,1.7169321865428304,0.5198512066956199,0.16541097516928038,0.9858555133069462,1.207015987775549,1.0822222227757532,-0.1309679415578539,0.9377946726777456,1.9608514586435521,0,0.142857142857143
0.7034712977335283,-0.674849626705448,-0.43863231043064965,1.663428563312931,0.5926863953625906,1.5922396708694306,-1.02111808569512,1.2537735825929606,0.4505261483812726,1.4588989361537517,0.7897666099231591,0,0.142857142857143
-0.6803291086019353,1.4377231177639476,-1.1905734140260502,0.062420264048695016,1.09117438558812,-0.22691280181802387,-0.0803503657852821,1.6998071181177001,-0.2916439400936652,-1.1466223812262784,-0.4984267236692733,1,0.142857142857143
1.6969690253589893,1.4377231177639476,1.2156381174792303,0.5198512066956199,-0.33307701505624904,-1.6129337333894183,0.3157623583872811,-1.662599534299568,0.9861128101673102,0.764093251519077,0.7897666099231591,0,0.142857142857143
-0.6803291086019353,-1.3790405415285798,-1.09031460021333,0.5198512066956199,-1.5436907056039617,-0.5734180347108727,-1.2191744477814017,0.293085967616598,0.18273281748825382,-0.4518166965916037,-1.4352946026455888,1,0.142857142857143
-0.14809818308829542,0.7335322029408157,-1.4412204485578501,-1.4242302995538094,-0.26186444502403056,1.5922396708694306,-0.9716039951735497,-0.8048427352135302,0.5499922427129653,0.41669040920173966,-1.7866200572617057,1,0.142857142857143
1.555040778555352,1.4377231177639476,0.6642146415092705,0.5198512066956199,1.3048120956847755,-0.05366018537159943,-1.2686885383029722,-0.7019119193232058,-0.24573651194057625,1.6326003573124204,0.9068750947951986,0,0.142857142857143
1.0582919147426215,-0.674849626705448,0.1127911655393104,0.6342089423573511,0.521473825330372,1.3323607461997942,0.3157623583872811,0.9792914068854285,1.7129804225912184,-1.6677266447022845,0.9068750947951986,0,0.142857142857143
-1.638344774526487,0.029341288117683866,-0.3885029035242901,0.9772821493425442,0.806324105459246,-1.526307425166206,0.3157623583872811,-1.25087627073827,-0.27634146404263554,1.1114960938364142,0.20422418556296196,0,0.142857142857143
-1.4609344660219403,0.029341288117683866,0.012532351726590292,-1.1383359603994816,-0.4755021551206852,-1.3530548087197818,0.26624826786571065,-1.3538070866285945,-0.3222488921957245,-0.9729209600676098,-0.966860663157431,1,0.142857142857143
-1.425452404321031,0.7335322029408157,1.2156381174792303,1.377534224158603,-1.4724781355717433,0.4660976639676729,0.6623609920382744,0.12153460779939068,0.36636253010060954,0.06928756688440231,1.375309034283355,0,0.142857142857143
-0.7158111703028446,0.029341288117683866,0.5138264207901903,-0.3950106785982293,-0.26186444502403056,-1.439681116942994,-1.6152871719539652,0.7048092311778962,-1.3245610735381663,0.9377946726777456,-0.6155352085413127,1,0.142857142857143
0.3841327424253444,-1.3790405415285798,-0.78953815877517,-0.05193747161303622,-0.04822673492737508,-0.3135391100412361,1.107987806732408,-0.15294756790814149,-0.5823909850632284,1.1114960938364142,-0.38131823879723387,1,0.142857142857143
1.6969690253589893,0.7335322029408157,1.3158969312919506,1.320355356327738,-0.7603524352495592,-1.6129337333894183,-0.8230617236088386,-0.7362221912866471,-0.6359496512418322,1.1114960938364142,0.7897666099231591,0,0.142857142857143
-0.7158111703028446,-1.3790405415285798,-1.29083222783877,-1.1955148282303474,0.521473825330372,0.8126028968605218,1.2565300782971194,1.5282557583004925,0.04501053302898701,-1.1466223812262784,-0.8497521782853916,1,0.142857142857143
-0.4674367383964793,-1.3790405415285798,-0.03759705517976976,0.3483146032030231,-1.4724781355717433,-0.7466706511572971,-0.5754912710009863,0.2244654236897153,-1.0491165046196327,-1.1466223812262784,-0.6155352085413127,1,0.142857142857143
-0.21906230649011407,0.7335322029408157,-1.1404440071196902,-1.1383359603994816,1.233599525652557,-0.7466706511572971,0.7613891730814153,0.2587756956531565,-1.3704685016912552,-1.4940252235436158,-0.966860663157431,1,0.142857142857143
0.667989236032619,1.4377231177639476,-1.54147926237057,-0.9096204890760192,0.6638989653948091,-1.439681116942994,-0.8725758141304091,1.2537735825929606,1.4451870916981995,0.24298898804307098,-1.7866200572617057,1,0.142857142857143
0.27768655732261643,1.4377231177639476,-0.13785586899248986,-0.738083885583423,-0.9027775753139962,0.8126028968605218,-1.6648012624755357,0.15584487976283223,0.6647608130956877,-1.4940252235436158,-0.966860663157431,1,0.142857142857143
0.6325071743317097,1.4377231177639476,0.5639558276965503,-0.16629520727476682,-0.5467147251529038,1.1591081297533705,0.9099314446461262,-0.5989811034328811,0.8866467158356175,-1.4940252235436158,0.5555496401790803,0,0.142857142857143
-0.3964726149946607,-1.3790405415285798,-1.54147926237057,-0.5665472820908262,0.948749245523683,-0.660044342934085,0.9099314446461262,0.8763605909951039,0.22098900761582793,0.5903918303604083,-0.966860663157431,1,0.142857142857143
0.41961480412625374,0.029341288117683866,0.86473226913471,-0.3378318107673637,-0.9739901453462146,0.119592431074825,1.4545864403834008,0.4989475993972473,-1.5234932622015516,0.5903918303604083,0.4384411553070408,0,0.142857142857143
-1.2125600341155751,0.7335322029408157,0.7644734553219905,-0.9096204890760192,1.7320875158780855,0.20621873929803625,0.7118750825598449,-1.2851865427017115,1.3610234734175366,0.41669040920173966,0.7897666099231591,0,0.142857142857143
1.2357022232471682,-0.674849626705448,-0.7394087518688099,0.8057455458499474,-1.4012655655395247,0.8992292050837339,-1.5657730814323947,-1.0107043669941793,1.514048233927833,0.06928756688440231,-0.7326436934133522,1,0.142857142857143
0.02931212541625118,0.029341288117683866,1.0652498967601502,-0.16629520727476682,-0.6179272951851222,-1.1798021922733573,-1.1201462667382611,0.5675681433241304,1.4834432818257737,-0.10441385427426636,-0.0299927841811169,1,0.142857142857143
1.12925603814444,0.029341288117683866,-1.4913498554642102,0.8629244136808131,0.806324105459246,-1.526307425166206,0.21673417734414016,-1.4224276305554775,-1.6612155466608185,0.24298898804307098,-0.6155352085413127,1,0.142857142857143
0.27768655732261643,0.029341288117683866,0.8146028622283505,-1.3098725638920785,-0.9739901453462146,-0.5734180347108727,-0.9716039951735497,-0.35880919968879055,1.4910945198512884,-1.4940252235436158,-0.7326436934133522,1,0.142857142857143
-1.0706317873119378,-0.674849626705448,-0.08772646208612982,-0.9096204890760192,0.3078361152337174,1.5056133626462185,0.8604173541245557,0.6018784152875719,-1.6459130706097889,0.5903918303604083,0.08711570069092253,0,0.142857142857143
-0.5738829234992073,-0.674849626705448,-0.43863231043064965,0.17677799971042626,0.0941984051370619,-1.3530548087197818,-0.5754912710009863,-1.6282892623361265,0.8713442397845879,0.764093251519077,-0.6155352085413127,1,0.142857142857143
1.6969690253589893,0.7335322029408157,1.0652498967601502,0.8057455458499474,1.09117438558812,0.6393502804140974,0.612846901516704,0.6018784152875719,0.03735929500347219,-0.4518166965916037,1.8437429737715127,0,0.142857142857143
-1.7093088979283055,1.4377231177639476,0.8146028622283505,-0.6809050177525574,0.16541097516928038,-0.22691280181802387,-0.7735476330872681,1.6311865741908171,-1.293956121436107,-1.6677266447022845,0.08711570069092253,0,0.142857142857143
-1.4964165277228496,-1.3790405415285798,-1.1905734140260502,1.0916398850042754,0.3078361152337174,0.4660976639676729,1.107987806732408,-0.530360559505998,1.6288168043105553,-0.10441385427426636,0.20422418556296196,0,0.142857142857143
0.7034712977335283,1.4377231177639476,-1.24070282093241,-1.3098725638920785,0.45026125529815436,-1.6995600416126306,-1.6648012624755357,-0.35880919968879055,-1.5617494523291258,1.4588989361537517,-2.137945511877824,1,-7.000000000000001
0.49057892752807236,0.029341288117683866,-0.13785586899248986,-0.4521895464290949,-0.6891398652173407,-1.093175884050145,1.0089596256892672,1.5968763022273755,1.0090665242438546,0.41669040920173966,-0.4984267236692733,1,0.142857142857143
0.0647941871171605,-1.3790405415285798,-0.78953815877517,-0.3950106785982293,-0.4042895850884675,-0.8332969593805094,-0.22889263734999352,-0.08432702398125859,-0.9190454581858807,-0.799219538908941,-1.0839691480294704,1,0.142857142857143
0.17124037221988847,0.029341288117683866,0.3634382000711101,-0.738083885583423,0.3790486852659359,-0.660044342934085,-1.5162589909108244,-1.6969098062630097,0.5423410046874505,-0.9729209600676098,-0.4984267236692733,1,0.142857142857143
-0.11261612138738611,0.7335322029408157,-0.23811468280520998,0.062420264048695016,-1.2588404254750887,0.20621873929803625,-1.2191744477814017,0.39601678350692265,-1.37811973971677,0.764093251519077,-0.8497521782853916,1,0.142857142857143
-0.18358024478920476,-0.674849626705448,-1.24070282093241,1.0344610171734099,0.3790486852659359,-1.3530548087197818,1.5536146214265418,-1.4224276305554775,1.1008813805500326,0.24298898804307098,-0.14710126905315632,1,0.142857142857143
0.10027624881806982,0.029341288117683866,-0.9900557864006099,0.6342089423573511,1.6608749458458671,-0.14028649359481166,0.11770599630099977,-0.8734632791404133,-1.1332801229002956,-1.1466223812262784,0.20422418556296196,0,0.142857142857143
-1.2125600341155751,0.029341288117683866,-0.18798527589884992,-0.738083885583423,1.5896623758136486,1.3323607461997942,-1.4172308098676836,0.08722433583594913,-0.94965041028794,0.764093251519077,-0.0299927841811169,1,0.142857142857143
-1.4964165277228496,0.7335322029408157,-1.29083222783877,-0.5093684142599605,-0.5467147251529038,0.29284504752124846,-0.7240335425656976,-1.2851865427017115,0.8866467158356175,1.285197514995083,-1.4352946026455888,1,0.142857142857143
-0.9641856022092098,1.4377231177639476,1.6166733727301104,0.062420264048695016,-0.33307701505624904,0.119592431074825,1.0089596256892672,-0.530360559505998,0.5958996708660542,-1.320323802384947,1.375309034283355,0,0.142857142857143
-0.6448470469010259,0.029341288117683866,0.7644734553219905,1.320355356327738,-0.4042895850884675,-1.439681116942994,1.6031287119481121,-0.18725783987158304,1.7435853746932777,1.6326003573124204,1.1410920645392775,0,0.142857142857143
0.9518457296398936,-1.3790405415285798,0.16292057244567046,-1.0239782247377505,0.948749245523683,1.0724818215301584,0.21673417734414016,-0.015706480054375496,1.2615573790858439,1.1114960938364142,0.20422418556296196,0,0.142857142857143
0.3131686190235258,-0.674849626705448,-1.4412204485578501,0.8629244136808131,-1.2588404254750887,-1.3530548087197818,0.21673417734414016,-0.29018865576190767,1.4604895677492291,-0.799219538908941,-1.2010776329015098,1,0.142857142857143
1.5195587168544427,0.029341288117683866,-1.3910910416514901,0.005241396217829401,1.3760246657169932,1.3323607461997942,-1.6648012624755357,1.3567043984832852,0.9325541439887064,0.5903918303604083,-0.6155352085413127,1,0.142857142857143
1.0582919147426215,-0.674849626705448,1.2156381174792303,1.2631764884968724,0.3790486852659359,0.29284504752124846,1.107987806732408,1.01360167884887,-0.31459765417020963,0.9377946726777456,1.9608514586435521,0,0.142857142857143
0.9518457296398936,-1.3790405415285798,1.7670615934491904,-1.3098725638920785,1.233599525652557,0.03296612285161279,-0.37743490891470494,0.39601678350692265,-1.4010734537933145,-0.799219538908941,0.9068750947951986,0,0.142857142857143
-1.2125600341155751,1.4377231177639476,1.3158969312919506,-0.9667993569068848,-0.26186444502403056,1.5922396708694306,-0.22889263734999352,-0.4617400155791152,-0.5670885090121988,1.6326003573124204,0.5555496401790803,0,0.142857142857143
-0.07713405968647678,0.029341288117683866,-0.5890205311497297,0.23395686754129186,1.3760246657169932,1.0724818215301584,0.21673417734414016,-1.456737902518919,1.4604895677492291,-0.9729209600676098,0.4384411553070408,0,0.142857142857143
0.17124037221988847,0.7335322029408157,-1.1404440071196902,-0.738083885583423,-0.7603524352495592,0.6393502804140974,-1.6648012624755357,0.9106708629585454,-1.5770519283801554,0.24298898804307098,-1.6695115723896663,1,0.142857142857143
0.0647941871171605,1.4377231177639476,0.7143440484156305,0.2911357353721575,-1.1164152854106517,0.37947135574446067,-1.6152871719539652,-1.2851865427017115,-0.8654867920072769,0.24298898804307098,-0.0299927841811169,1,0.142857142857143
-1.4964165277228496,-0.674849626705448,-1.34096163474513,0.8057455458499474,0.2366235452014989,0.119592431074825,-0.12986445630685256,1.6654968461542587,-1.5694006903546405,-0.9729209600676098,-0.4984267236692733,1,0.142857142857143
-1.106113849012847,0.7335322029408157,-1.54147926237057,-0.9096204890760192,-0.26186444502403056,0.8126028968605218,0.4643046299519925,-0.8734632791404133,0.2745476737944317,-0.278115275432935,-1.3181861177735492,1,0.142857142857143
-0.9641856022092098,1.4377231177639476,1.1153793036665103,-0.6237261499216917,1.7320875158780855,0.7259765886373095,-1.5162589909108244,-1.5596687184092437,-0.689508317420436,1.1114960938364142,0.7897666099231591,0,0.142857142857143
-0.6803291086019353,-0.674849626705448,-1.1404440071196902,-1.481409167384675,-0.19065187499181205,1.2457344379765818,-1.466744900389254,-0.4617400155791152,-0.20748032181300213,0.764093251519077,-1.6695115723896663,1,0.142857142857143
0.10027624881806982,0.7335322029408157,0.9649910829474302,0.17677799971042626,1.233599525652557,-1.3530548087197818,1.4545864403834008,1.4939454863370514,-1.5464469762780961,-0.10441385427426636,1.2582005494113169,0,0.142857142857143
-1.6028627128255777,0.7335322029408157,-0.43863231043064965,-1.5385880352155408,1.7320875158780855,-1.6129337333894183,1.5536146214265418,-0.42742974361567365,0.22098900761582793,0.9377946726777456,-0.4984267236692733,1,0.142857142857143
0.6325071743317097,0.029341288117683866,0.41356760697747014,1.7206074311437967,0.8775366754914645,-0.9199232676037216,1.207015987775549,-0.29018865576190767,0.11387167525862041,-0.278115275432935,1.6095260040274337,0,0.142857142857143
-1.0706317873119378,0.7335322029408157,1.6668027796364704,0.2911357353721575,1.3048120956847755,1.5922396708694306,0.612846901516704,0.19015515172627376,-1.033814028568603,0.24298898804307098,2.195068428387631,0,0.142857142857143
1.1647380998453494,-0.674849626705448,-1.09031460021333,-0.8524416212451535,-0.6891398652173407,-0.4867917264876605,-0.27840672787156395,-1.3538070866285945,0.993764048192825,-0.6255181177502723,-1.5524030875176282,1,0.142857142857143
-1.1415959107137563,0.029341288117683866,0.16292057244567046,-0.16629520727476682,0.521473825330372,1.1591081297533705,-0.22889263734999352,0.4989475993972473,0.7565756694018655,-0.4518166965916037,0.4384411553070408,0,0.142857142857143
-1.5673806511246684,0.7335322029408157,0.5138264207901903,-1.081157092568616,0.2366235452014989,1.678865979092643,0.06819190577942931,1.4939454863370514,1.20799871290724,-1.320323802384947,0.20422418556296196,0,0.142857142857143
0.17124037221988847,-0.674849626705448,-0.43863231043064965,0.6913878101882162,-0.4042895850884675,-0.8332969593805094,0.26624826786571065,-0.2558783837984661,0.4658286244323023,0.41669040920173966,-0.14710126905315632,1,0.142857142857143
-0.4674367383964793,-1.3790405415285798,-0.4887617173370097,0.3483146032030231,0.3790486852659359,0.20621873929803625,1.4545864403834008,0.6018784152875719,1.1850449988306955,1.1114960938364142,0.3213326704350014,0,0.142857142857143
1.3776304700508053,-0.674849626705448,0.16292057244567046,1.5490708276511997,0.45026125529815436,1.1591081297533705,0.5633328109951334,1.1851530386660774,0.6647608130956877,-0.6255181177502723,1.375309034283355,0,0.142857142857143
0.9518457296398936,-0.674849626705448,-1.1404440071196902,-0.05193747161303622,0.7351115354270276,-0.9199232676037216,-1.7143153529971062,-0.530360559505998,-0.9802553623899992,-0.799219538908941,-1.2010776329015098,1,0.142857142857143
-0.00616993628465814,0.7335322029408157,-0.83966756568153,1.663428563312931,1.3048120956847755,1.0724818215301584,-1.2686885383029722,0.9106708629585454,1.5905606141829811,-0.4518166965916037,0.5555496401790803,0,0.142857142857143
-0.8932214788073912,1.4377231177639476,-0.13785586899248986,-1.0239782247377505,-0.6891398652173407,-1.006549575826933,0.9594455351676967,0.7391195031413377,-0.39111003442535786,-1.6677266447022845,-0.8497521782853916,1,0.142857142857143
0.49057892752807236,0.029341288117683866,1.0652498967601502,1.5490708276511997,-1.6149032756361803,-1.526307425166206,-0.5259771804794158,-1.388117358592036,-1.1944900271044143,0.9377946726777456,0.5555496401790803,0,0.142857142857143
-1.3899703426201218,1.4377231177639476,0.26317938625839,-1.0239782247377505,0.5926863953625906,0.6393502804140974,1.5041005309049713,-1.182255726811387,1.0243690002948842,-1.4940252235436158,0.3213326704350014,0,0.142857142857143
1.0582919147426215,-1.3790405415285798,0.012532351726590292,-0.4521895464290949,-1.1164152854106517,1.3323607461997942,-0.3279208183931344,1.4596352143736098,-1.5311445002270665,-0.4518166965916037,-0.38131823879723387,1,0.142857142857143
1.5905228402562612,-0.674849626705448,-0.28824408971157,0.5198512066956199,1.803300085910304,1.5922396708694306,-1.7143153529971062,1.3567043984832852,-0.857835553981762,-0.4518166965916037,0.5555496401790803,0,0.142857142857143
-1.2835241575173937,-1.3790405415285798,-0.5388911242433697,1.5490708276511997,0.7351115354270276,0.20621873929803625,0.06819190577942931,-1.1479454548479453,-1.0261627905430881,0.9377946726777456,0.6726581250511197,0,0.142857142857143
1.3776304700508053,0.029341288117683866,-1.59160866927693,-1.7101246387081372,-0.4755021551206852,-0.8332969593805094,-1.5162589909108244,-1.0793249109210623,0.2056865315647983,-0.799219538908941,-2.7234879362380213,1,0.142857142857143
0.10027624881806982,0.7335322029408157,0.7143440484156305,-0.6809050177525574,0.948749245523683,-1.006549575826933,0.16722008682257025,1.0479119508123116,1.1161838566010622,-1.4940252235436158,0.3213326704350014,0,0.142857142857143
1.5195587168544427,-0.674849626705448,0.6642146415092705,0.11959913187956063,-0.19065187499181205,-0.4001654182644483,1.207015987775549,-0.9420838230672964,1.6747242324636442,-0.9729209600676098,0.6726581250511197,0,0.142857142857143
-0.5029188000973887,0.029341288117683866,0.21304997935202993,1.6062496954820653,-1.1164152854106517,-0.4867917264876605,0.26624826786571065,1.288083854556402,0.12152291328413524,-0.9729209600676098,0.5555496401790803,0,0.142857142857143
1.555040778555352,-1.3790405415285798,1.5164145589173903,1.5490708276511997,1.6608749458458671,1.2457344379765818,-0.4764630899578453,-1.456737902518919,-0.3758075583743282,-0.799219538908941,2.5463938830037494,0,-7.000000000000001
0.561543050929891,-1.3790405415285798,-0.6391499380560899,1.6062496954820653,-1.18762785544287,0.8992292050837339,-0.4764630899578453,0.293085967616598,0.175081579462739,-0.799219538908941,0.08711570069092253,0,0.142857142857143
0.49057892752807236,-1.3790405415285798,0.012532351726590292,-0.9096204890760192,0.16541097516928038,-0.9199232676037216,0.5633328109951334,1.3910146704467268,0.909600429912162,-0.278115275432935,-0.4984267236692733,1,0.142857142857143
-0.2900264298919327,0.7335322029408157,-1.4412204485578501,-0.05193747161303622,-1.0452027153784331,-1.006549575826933,1.5536146214265418,0.9106708629585454,0.38931624417715405,-0.4518166965916037,-1.2010776329015098,1,0.142857142857143
-1.3899703426201218,-0.674849626705448,1.3158969312919506,-1.7101246387081372,-0.4042895850884675,-0.7466706511572971,0.26624826786571065,-0.8391530071769718,1.383977187494081,1.6326003573124204,-0.14710126905315632,1,0.142857142857143
-1.531898589423759,1.4377231177639476,-0.23811468280520998,1.148818752835141,-1.6861158456683987,0.6393502804140974,1.5041005309049713,-0.8734632791404133,1.468140805774744,-1.1466223812262784,0.3213326704350014,0,0.142857142857143
0.02931212541625118,0.7335322029408157,1.6166733727301104,-0.9096204890760192,-1.4012655655395247,-1.1798021922733573,0.7118750825598449,0.8077400470682208,-0.7507182216245546,-0.6255181177502723,0.08711570069092253,0,0.142857142857143
0.17124037221988847,1.4377231177639476,-1.1404440071196902,0.2911357353721575,-0.04822673492737508,0.8126028968605218,-0.17937854682842302,-0.530360559505998,1.1161838566010622,1.285197514995083,-0.4984267236692733,1,0.142857142857143
-0.3964726149946607,0.7335322029408157,1.2156381174792303,-1.5385880352155408,1.5896623758136486,-1.2664285004965694,-1.6152871719539652,-0.29018865576190767,0.6571095750701729,-0.4518166965916037,-0.0299927841811169,1,0.142857142857143
1.7324510870598986,-1.3790405415285798,-0.7394087518688099,-0.8524416212451535,0.6638989653948091,-1.093175884050145,0.16722008682257025,1.6998071181177001,0.9861128101673102,1.285197514995083,-0.966860663157431,1,0.142857142857143
1.3776304700508053,-1.3790405415285798,-1.24070282093241,-0.28065294293649806,1.3048120956847755,1.5056133626462185,0.3652764489088516,-1.2165659987748283,1.2309524269837846,-0.799219538908941,-0.14710126905315632,1,0.142857142857143
0.9873277913408028,-1.3790405415285798,0.41356760697747014,-0.9096204890760192,0.2366235452014989,1.5922396708694306,1.3555582593402604,-0.324498927725349,0.16743034143722418,-1.6677266447022845,0.5555496401790803,0,0.142857142857143
1.3066663466489867,-0.674849626705448,0.1127911655393104,-1.3098725638920785,0.16541097516928038,-1.6995600416126306,-0.5754912710009863,-0.9420838230672964,1.1314863326520919,0.9377946726777456,-0.966860663157431,1,0.142857142857143
-0.2545443681910234,1.4377231177639476,0.26317938625839,0.5198512066956199,0.6638989653948091,1.3323607461997942,-0.9220899046519793,-0.8048427352135302,-1.6612155466608185,-1.4940252235436158,0.6726581250511197,0,0.142857142857143
1.555040778555352,0.029341288117683866,-1.69186748308965,-1.252693696061213,0.6638989653948091,0.8992292050837339,-1.3182026288245428,-0.9077735511038548,0.9555078580652508,1.4588989361537517,-1.7866200572617057,1,0.142857142857143
-1.6738268362273963,-1.3790405415285798,-0.03759705517976976,1.320355356327738,0.2366235452014989,0.6393502804140974,-0.5259771804794158,0.2587756956531565,1.6900267085146738,-1.1466223812262784,0.7897666099231591,0,0.142857142857143
-0.2545443681910234,0.029341288117683866,0.26317938625839,-0.8524416212451535,0.5926863953625906,1.1591081297533705,-0.12986445630685256,0.6361886872510134,-0.5670885090121988,-0.4518166965916037,0.20422418556296196,0,0.142857142857143
-1.1415959107137563,-1.3790405415285798,-0.28824408971157,0.8629244136808131,1.3048120956847755,-0.660044342934085,-0.37743490891470494,-0.4617400155791152,0.825436811631499,-0.799219538908941,0.4384411553070408,0,0.142857142857143
-0.325508491592842,-1.3790405415285798,1.1153793036665103,1.663428563312931,1.1623869556203386,0.20621873929803625,-0.6745194520441272,-1.0107043669941793,1.0320202383203991,1.285197514995083,1.8437429737715127,0,0.142857142857143
1.0228098530417122,-0.674849626705448,-0.83966756568153,1.2631764884968724,0.521473825330372,-1.6129337333894183,0.8109032636029858,-1.5596687184092437,-0.6589033653183767,1.285197514995083,0.08711570069092253,0,0.142857142857143
0.24220449562170712,0.029341288117683866,-0.6892793449624499,-0.8524416212451535,-0.4042895850884675,-0.4867917264876605,-0.42694899943627485,-0.5989811034328811,0.8560417637335582,0.9377946726777456,-1.2010776329015098,1,0.142857142857143
-0.041651997985567464,1.4377231177639476,0.3133087931647501,0.11959913187956063,1.0199618155559016,0.20621873929803625,1.2565300782971194,-0.9077735511038548,1.3763259494685662,-1.4940252235436158,0.9068750947951986,0,0.142857142857143
0.7389533594344376,1.4377231177639476,1.5665439658237503,-0.5665472820908262,0.0941984051370619,0.5527239721908851,-1.4172308098676836,-0.015706480054375496,-1.5617494523291258,0.41669040920173966,0.6726581250511197,0,0.142857142857143
0.10027624881806982,0.7335322029408157,-1.09031460021333,0.46267233886475434,-1.1164152854106517,-1.439681116942994,-0.5754912710009863,-0.9077735511038548,-0.45997117665499127,0.24298898804307098,-1.3181861177735492,1,0.142857142857143
0.9518457296398936,0.029341288117683866,0.21304997935202993,0.9201032815116786,-0.4042895850884675,0.8126028968605218,-0.27840672787156395,-0.7362221912866471,-1.4775858340484627,-1.1466223812262784,0.5555496401790803,0,0.142857142857143
-0.4674367383964793,-1.3790405415285798,-0.78953815877517,-0.5093684142599605,0.521473825330372,1.3323607461997942,-1.0706321762166906,1.1851530386660774,0.4658286244323023,0.5903918303604083,-0.6155352085413127,1,0.142857142857143
-0.4674367383964793,1.4377231177639476,0.7143440484156305,-1.0239782247377505,-1.4724781355717433,0.8126028968605218,0.06819190577942931,0.7048092311778962,-0.3987612724508727,1.4588989361537517,-0.38131823879723387,1,0.142857142857143
-0.07713405968647678,1.4377231177639476,-0.9900557864006099,1.148818752835141,0.6638989653948091,1.3323607461997942,1.0584737162108375,-0.49605028754255676,1.2615573790858439,0.764093251519077,0.6726581250511197,0,0.142857142857143
-0.11261612138738611,-1.3790405415285798,0.21304997935202993,-1.0239782247377505,1.4472372357492116,-0.7466706511572971,-0.27840672787156395,-1.0107043669941793,0.6112021469170839,-0.4518166965916037,-0.14710126905315632,1,0.142857142857143
-0.9641856022092098,-1.3790405415285798,-0.3383734966179301,0.8057455458499474,-1.0452027153784331,-0.4001654182644483,-1.6648012624755357,0.9106708629585454,1.0549739523969437,1.285197514995083,-0.6155352085413127,1,0.142857142857143
1.0228098530417122,-0.674849626705448,1.0652498967601502,0.5198512066956199,-1.7573284157006173,-0.8332969593805094,0.018677815257858842,0.4303270554703642,-1.5540982143036108,-0.6255181177502723,0.3213326704350014,0,0.142857142857143
0.7389533594344376,0.029341288117683866,-1.34096163474513,1.663428563312931,-0.7603524352495592,1.678865979092643,-1.0706321762166906,-0.4617400155791152,0.863693001759073,0.764093251519077,-0.26420975392519447,1,0.142857142857143
-0.8932214788073912,-1.3790405415285798,-0.9900557864006099,-0.16629520727476682,-1.5436907056039617,-0.660044342934085,0.11770599630099977,-0.08432702398125859,1.4834432818257737,-0.6255181177502723,-1.4352946026455888,1,0.142857142857143
0.8808816062380749,-1.3790405415285798,-1.64173807618329,-1.3670514317229439,0.6638989653948091,-0.22691280181802387,1.30604416881869,0.6704989592144546,0.6341558609936283,1.4588989361537517,-1.3181861177735492,1,0.142857142857143
0.7389533594344376,0.029341288117683866,1.0151204898537902,1.663428563312931,0.16541097516928038,0.6393502804140974,-0.8725758141304091,-0.18725783987158304,-1.1485825989513254,0.5903918303604083,1.4924175191553943,0,0.142857142857143
0.02931212541625118,-1.3790405415285798,-0.18798527589884992,0.7485666780190818,-0.4042895850884675,1.5056133626462185,-1.3677167193461133,-0.42742974361567365,-0.7124620314969804,-1.320323802384947,0.08711570069092253,0,0.142857142857143
0.5970251126308004,-1.3790405415285798,-1.1905734140260502,-1.5385880352155408,-1.3300529955073064,1.5056133626462185,0.21673417734414016,1.0479119508123116,-0.7889744117521287,-0.6255181177502723,-1.6695115723896663,1,0.142857142857143
-0.18358024478920476,-0.674849626705448,1.2657675243855906,-1.0239782247377505,-1.18762785544287,-1.006549575826933,0.06819190577942931,-1.2851865427017115,-1.5464469762780961,-0.278115275432935,-0.26420975392519447,1,0.142857142857143
-0.8222573554055725,0.7335322029408157,-0.78953815877517,-0.28065294293649806,-0.9027775753139962,-1.2664285004965694,1.2565300782971194,0.2244654236897153,-0.9266966962113955,1.4588989361537517,-0.966860663157431,1,0.142857142857143
1.8034152104617172,0.029341288117683866,-1.54147926237057,-0.6237261499216917,1.803300085910304,-0.22691280181802387,-1.2686885383029722,1.6311865741908171,1.1620912847541511,-0.6255181177502723,-1.2010776329015098,1,-7.000000000000001
-0.6803291086019353,1.4377231177639476,1.3158969312919506,-0.3950106785982293,-0.4042895850884675,-0.7466706511572971,-1.5657730814323947,-0.7705324632500887,-0.10036298945579462,-1.4940252235436158,0.08711570069092253,0,0.142857142857143
-1.7093088979283055,-1.3790405415285798,-0.9900557864006099,0.6342089423573511,0.3078361152337174,0.20621873929803625,1.2565300782971194,-1.3538070866285945,-1.2633511693340476,-0.9729209600676098,0.08711570069092253,0,0.142857142857143
-1.1415959107137563,0.7335322029408157,1.1153793036665103,-0.9667993569068848,1.09117438558812,-0.3135391100412361,-1.0706321762166906,0.9106708629585454,-0.4982273667825654,-0.10441385427426636,0.3213326704350014,0,0.142857142857143
1.2357022232471682,-1.3790405415285798,-0.4887617173370097,0.3483146032030231,0.2366235452014989,-0.3135391100412361,-0.22889263734999352,-0.9077735511038548,-0.28399270206815036,1.6326003573124204,-0.26420975392519447,1,0.142857142857143
-0.3964726149946607,0.029341288117683866,-0.3383734966179301,0.7485666780190818,0.45026125529815436,-0.7466706511572971,0.5633328109951334,0.5675681433241304,0.8483905257080434,-0.4518166965916037,0.3213326704350014,0,0.142857142857143
0.6325071743317097,-0.674849626705448,1.6668027796364704,0.5770300745264856,-1.18762785544287,-1.2664285004965694,-1.02111808569512,0.944981134921987,-1.6765180227118481,-1.6677266447022845,0.5555496401790803,0,0.142857142857143
-1.0351497256110285,-0.674849626705448,1.4161557451046707,-1.1383359603994816,-1.6861158456683987,1.4189870544230063,1.1575018972539786,1.6311865741908171,0.9325541439887064,-1.6677266447022845,0.4384411553070408,0,0.142857142857143
-0.2900264298919327,0.7335322029408157,-0.28824408971157,0.17677799971042626,-0.9027775753139962,-1.526307425166206,1.5536146214265418,-1.045014638957621,1.3074648072389328,-0.799219538908941,-0.38131823879723387,1,0.142857142857143
1.12925603814444,0.029341288117683866,-1.69186748308965,-1.1955148282303474,-0.4042895850884675,0.6393502804140974,-0.9220899046519793,-0.2558783837984661,-0.5900422230887432,0.41669040920173966,-2.0208370270057845,1,0.142857142857143
0.34865068072443506,-0.674849626705448,-1.29083222783877,-0.05193747161303622,0.8775366754914645,-1.3530548087197818,-0.22889263734999352,-1.6282892623361265,1.6594217564126146,-0.6255181177502723,-0.966860663157431,1,0.142857142857143
-0.00616993628465814,0.029341288117683866,1.2657675243855906,0.2911357353721575,1.3760246657169932,1.0724818215301584,0.612846901516704,0.39601678350692265,-1.3857709777422849,0.9377946726777456,1.8437429737715127,0,0.142857142857143
0.9518457296398936,-1.3790405415285798,-1.34096163474513,-1.1955148282303474,0.5926863953625906,0.5527239721908851,1.207015987775549,0.8763605909951039,-0.14627041760888354,0.06928756688440231,-0.966860663157431,1,0.142857142857143
1.448594593452624,1.4377231177639476,0.6642146415092705,0.062420264048695016,-0.04822673492737508,0.5527239721908851,0.21673417734414016,0.4989475993972473,0.23629148366685757,-1.4940252235436158,0.6726581250511197,0,0.142857142857143
1.0937739764435308,0.029341288117683866,0.06266175863295034,0.6342089423573511,-0.19065187499181205,-0.8332969593805094,-1.7143153529971062,0.2244654236897153,-1.1332801229002956,-1.1466223812262784,-0.26420975392519447,1,0.142857142857143
-0.7158111703028446,0.7335322029408157,-0.3383734966179301,-1.0239782247377505,-1.4724781355717433,0.9858555133069462,-0.8725758141304091,0.39601678350692265,-0.11566546550682426,-0.10441385427426636,-1.2010776329015098,1,0.142857142857143
-0.2545443681910234,-0.674849626705448,1.3158969312919506,-0.16629520727476682,-0.7603524352495592,1.4189870544230063,1.2565300782971194,-1.1479454548479453,1.2998135692134178,-0.278115275432935,1.1410920645392775,0,0.142857142857143
-1.638344774526487,-1.3790405415285798,1.0652498967601502,0.4054934710338887,-1.3300529955073064,0.4660976639676729,-1.5162589909108244,1.3567043984832852,-0.6971595554459508,0.06928756688440231,0.20422418556296196,0,0.142857142857143
1.12925603814444,-0.674849626705448,1.2156381174792303,0.062420264048695016,1.0199618155559016,-1.093175884050145,0.26624826786571065,1.6654968461542587,-0.8425330779307324,-0.4518166965916037,1.0239835796672379,0,0.142857142857143
-0.8222573554055725,-1.3790405415285798,-0.18798527589884992,-0.4521895464290949,1.803300085910304,0.29284504752124846,-0.0803503657852821,0.018603791909066046,1.2309524269837846,1.1114960938364142,0.3213326704350014,0,0.142857142857143
-1.5673806511246684,1.4377231177639476,-1.29083222783877,1.5490708276511997,0.806324105459246,0.8992292050837339,0.018677815257858842,-0.08432702398125859,-1.209792503155444,-1.4940252235436158,0.3213326704350014,0,0.142857142857143
1.0582919147426215,-1.3790405415285798,0.012532351726590292,1.4918919598203342,-1.7573284157006173,1.4189870544230063,-0.6250053615225567,-0.6332913753963227,-1.2403974552575032,-0.799219538908941,0.3213326704350014,0,0.142857142857143
0.5260609892289817,0.029341288117683866,1.0151204898537902,-0.6237261499216917,-1.4724781355717433,-0.05366018537159943,0.8604173541245557,-0.9420838230672964,1.6594217564126146,-1.1466223812262784,0.08711570069092253,0,0.142857142857143
1.8034152104617172,1.4377231177639476,1.6166733727301104,1.663428563312931,1.09117438558812,-1.006549575826933,-0.9716039951735497,-0.530360559505998,-1.2250949792064736,0.5903918303604083,1.9608514586435521,0,-7.000000000000001
0.0647941871171605,0.029341288117683866,-1.04018519330697,-1.252693696061213,-0.26186444502403056,-1.2664285004965694,-0.27840672787156395,-1.182255726811387,1.5752581381319515,-1.4940252235436158,-1.7866200572617057,1,0.142857142857143
-0.9287035405083005,1.4377231177639476,0.16292057244567046,0.6342089423573511,1.5896623758136486,0.5527239721908851,-0.4764630899578453,-0.15294756790814149,1.3457209973665067,0.06928756688440231,0.9068750947951986,0,0.142857142857143
1.1647380998453494,-0.674849626705448,-0.78953815877517,-0.8524416212451535,-0.9027775753139962,-1.006549575826933,0.26624826786571065,-0.5646708314694396,1.253906141060329,1.4588989361537517,-1.4352946026455888,1,0.142857142857143
-1.1770779724146658,-0.674849626705448,-0.08772646208612982,-1.652945770877272,-0.04822673492737508,-1.526307425166206,1.6526428024696826,1.01360167884887,-1.6459130706097889,-0.9729209600676098,-0.8497521782853916,1,0.142857142857143
-0.325508491592842,1.4377231177639476,0.7644734553219905,-0.3950106785982293,0.16541097516928038,1.4189870544230063,-0.8230617236088386,-0.8734632791404133,1.085578904499003,1.285197514995083,0.4384411553070408,0,0.142857142857143
0.9873277913408028,-1.3790405415285798,-1.34096163474513,0.6913878101882162,-1.0452027153784331,1.5056133626462185,-0.9716039951735497,-0.8048427352135302,-0.5747397470377136,1.285197514995083,-0.8497521782853916,1,0.142857142857143
-0.11261612138738611,-1.3790405415285798,1.1153793036665103,0.9772821493425442,1.5184498057814302,0.8992292050837339,-1.5162589909108244,1.1851530386660774,-0.5211810808591099,1.6326003573124204,1.6095260040274337,0,0.142857142857143
0.27768655732261643,-0.674849626705448,-1.29083222783877,0.4054934710338887,-1.0452027153784331,-0.7466706511572971,0.8604173541245557,1.6654968461542587,0.5270385286364209,-1.320323802384947,-0.966860663157431,1,0.142857142857143
-0.8577394171064818,0.7335322029408157,1.0652498967601502,-1.252693696061213,-0.33307701505624904,-0.7466706511572971,-0.7240335425656976,-1.2851865427017115,-0.34520260627226895,-1.320323802384947,-0.38131823879723387,1,0.142857142857143
0.5970251126308004,0.029341288117683866,-1.1404440071196902,0.2911357353721575,-0.8315650052817777,-0.8332969593805094,-0.03083627526371163,0.5332578713606888,0.6265046229681135,-1.1466223812262784,-1.0839691480294704,1,0.142857142857143
-1.425452404321031,0.7335322029408157,1.6668027796364704,-0.3378318107673637,0.3790486852659359,-0.8332969593805094,-0.03083627526371163,-1.456737902518919,-0.7889744117521287,-1.1466223812262784,0.9068750947951986,0,0.142857142857143
-0.6448470469010259,-1.3790405415285798,0.06266175863295034,0.23395686754129186,0.6638989653948091,-0.22691280181802387,-1.3182026288245428,-1.3538070866285945,1.4910945198512884,1.4588989361537517,-0.0299927841811169,1,0.142857142857143
1.3776304700508053,-1.3790405415285798,-1.64173807618329,1.663428563312931,1.7320875158780855,-0.4001654182644483,-1.6152871719539652,0.8077400470682208,-0.18452660773645765,-0.4518166965916037,-0.14710126905315632,1,-7.000000000000001
1.2711842849480774,0.029341288117683866,-1.24070282093241,-1.252693696061213,0.3078361152337174,1.678865979092643,-1.3677167193461133,-0.7019119193232058,1.0090665242438546,1.6326003573124204,-1.4352946026455888,1,0.142857142857143
-0.5738829234992073,0.029341288117683866,0.06266175863295034,0.062420264048695016,1.1623869556203386,0.8992292050837339,1.4545864403834008,1.150842766702636,-0.7507182216245546,-0.4518166965916037,1.0239835796672379,0,0.142857142857143
-1.2835241575173937,1.4377231177639476,1.0652498967601502,-0.8524416212451535,0.45026125529815436,-0.14028649359481166,1.0089596256892672,-0.6332913753963227,-0.7048107934714656,-0.799219538908941,0.6726581250511197,0,0.142857142857143
0.13575831051897916,0.7335322029408157,0.06266175863295034,-0.5093684142599605,0.6638989653948091,1.5922396708694306,-0.03083627526371163,-0.08432702398125859,-0.4982273667825654,-0.4518166965916037,0.3213326704350014,0,0.142857142857143
-1.5673806511246684,-0.674849626705448,1.46628515201103,0.5770300745264856,-1.6861158456683987,-1.006549575826933,0.6623609920382744,0.9106708629585454,1.1314863326520919,0.9377946726777456,0.6726581250511197,0,0.142857142857143
-0.4674367383964793,-0.674849626705448,0.9148616760410702,-1.5385880352155408,-0.4042895850884675,-0.7466706511572971,-0.37743490891470494,-1.1479454548479453,-0.0008968951241019245,1.285197514995083,-0.4984267236692733,1,0.142857142857143
0.7034712977335283,1.4377231177639476,0.7143440484156305,-0.16629520727476682,0.0941984051370619,0.119592431074825,0.6623609920382744,-1.525358446445802,-1.1944900271044143,0.41669040920173966,0.6726581250511197,0,0.142857142857143
-0.00616993628465814,0.029341288117683866,0.1127911655393104,0.9201032815116786,-0.5467147251529038,-0.4001654182644483,1.5041005309049713,-0.9763940950307379,-0.5441347949356543,0.06928756688440231,0.6726581250511197,0,0.142857142857143
-0.5384008617982979,-1.3790405415285798,0.86473226913471,0.46267233886475434,-0.26186444502403056,1.678865979092643,0.8109032636029858,-1.4910481744823605,-0.4752736527060209,-0.799219538908941,1.2582005494113169,0,0.142857142857143
-1.2480420958164844,-0.674849626705448,0.5639558276965503,-0.9667993569068848,0.7351115354270276,-0.660044342934085,1.30604416881869,-0.530360559505998,0.7565756694018655,-1.1466223812262784,0.3213326704350014,0,0.142857142857143
-1.1770779724146658,-1.3790405415285798,1.2657675243855906,-1.1955148282303474,-0.7603524352495592,-1.3530548087197818,-0.9716039951735497,-0.8734632791404133,-1.0950239327727216,0.41669040920173966,-0.4984267236692733,1,0.142857142857143
-0.6093649852001166,-0.674849626705448,0.1127911655393104,1.377534224158603,1.803300085910304,0.8992292050837339,1.6526428024696826,1.01360167884887,-0.0008968951241019245,-0.4518166965916037,1.9608514586435521,0,0.142857142857143
-0.5738829234992073,-1.3790405415285798,0.86473226913471,-0.5665472820908262,-0.4755021551206852,0.03296612285161279,-0.4764630899578453,0.9792914068854285,-1.0032090764665438,-0.4518166965916037,0.08711570069092253,0,0.142857142857143
0.10027624881806982,0.7335322029408157,-0.18798527589884992,-0.9667993569068848,0.5926863953625906,0.6393502804140974,0.6623609920382744,-1.593978990372685,1.514048233927833,-1.4940252235436158,-0.14710126905315632,1,0.142857142857143
0.49057892752807236,0.7335322029408157,0.9148616760410702,0.5198512066956199,-0.33307701505624904,0.37947135574446067,-1.5657730814323947,0.9106708629585454,-0.9649528863389696,-0.10441385427426636,0.5555496401790803,0,0.142857142857143
1.3776304700508053,1.4377231177639476,-0.83966756568153,-0.738083885583423,1.6608749458458671,-0.4001654182644483,-1.6648012624755357,-0.7362221912866471,-0.11566546550682426,-1.6677266447022845,-0.8497521782853916,1,0.142857142857143
0.9873277913408028,0.029341288117683866,-1.64173807618329,-1.0239782247377505,-0.8315650052817777,-1.439681116942994,-0.4764630899578453,-1.593978990372685,0.15977910341170934,-0.10441385427426636,-2.3721624816219027,1,0.142857142857143
-1.4609344660219403,0.7335322029408157,1.46628515201103,0.005241396217829401,-0.8315650052817777,0.37947135574446067,-1.02111808569512,-1.456737902518919,-0.7201132695224952,0.41669040920173966,0.5555496401790803,0,0.142857142857143
0.9518457296398936,0.029341288117683866,1.7169321865428304,1.4918919598203342,0.8775366754914645,0.7259765886373095,-0.5259771804794158,-1.3538070866285945,0.44287491035575777,0.5903918303604083,2.3121769132596706,0,0.142857142857143
-1.3544882809192123,-0.674849626705448,-1.24070282093241,1.0916398850042754,-0.7603524352495592,-0.4867917264876605,-0.9716039951735497,0.32739623958003955,-1.2250949792064736,-0.10441385427426636,-0.8497521782853916,1,0.142857142857143
-0.9287035405083005,-1.3790405415285798,-0.13785586899248986,0.3483146032030231,-0.04822673492737508,0.03296612285161279,-1.466744900389254,-1.045014638957621,-1.2556999313085329,0.9377946726777456,-0.26420975392519447,1,0.142857142857143
-1.7093088979283055,-1.3790405415285798,-0.7394087518688099,-0.28065294293649806,0.0941984051370619,-1.2664285004965694,-1.6152871719539652,-1.182255726811387,-0.5211810808591099,-0.278115275432935,-1.3181861177735492,1,0.142857142857143
0.6325071743317097,0.7335322029408157,-1.4913498554642102,-1.0239782247377505,1.5184498057814302,-1.6129337333894183,0.5633328109951334,-0.3931194716522321,0.6112021469170839,-1.6677266447022845,-1.3181861177735492,1,0.142857142857143
-0.5738829234992073,1.4377231177639476,0.21304997935202993,-0.1091163394439012,0.5926863953625906,-1.1798021922733573,1.207015987775549,-1.182255726811387,-1.2327462172319883,1.4588989361537517,0.3213326704350014,0,0.142857142857143
-1.4964165277228496,1.4377231177639476,1.3660263381983107,1.6062496954820653,-0.6179272951851222,1.0724818215301584,-0.9716039951735497,0.19015515172627376,0.603550908891569,-1.4940252235436158,1.6095260040274337,0,0.142857142857143
1.0582919147426215,1.4377231177639476,-1.74199688999601,1.0344610171734099,-0.5467147251529038,-0.5734180347108727,-0.37743490891470494,0.46463732743380576,-1.462283357997433,-0.4518166965916037,-1.0839691480294704,1,0.142857142857143
0.561543050929891,0.029341288117683866,-0.9900557864006099,-1.081157092568616,-0.11943930495959357,0.8992292050837339,-0.7240335425656976,-1.6282892623361265,1.0090665242438546,-0.9729209600676098,-1.3181861177735492,1,0.142857142857143
1.5195587168544427,-1.3790405415285798,-0.28824408971157,1.6062496954820653,0.7351115354270276,0.8126028968605218,0.21673417734414016,1.6311865741908171,1.7435853746932777,-0.278115275432935,1.0239835796672379,0,0.142857142857143
1.5195587168544427,-0.674849626705448,0.7143440484156305,0.8057455458499474,-0.6891398652173407,-0.660044342934085,1.0089596256892672,-0.6676016473597642,0.305152625896491,1.285197514995083,0.7897666099231591,0,0.142857142857143
-1.638344774526487,-0.674849626705448,1.1153793036665103,-1.3098725638920785,1.1623869556203386,0.37947135574446067,-1.0706321762166906,0.15584487976283223,-1.5617494523291258,1.4588989361537517,0.3213326704350014,0,0.142857142857143
-0.14809818308829542,-0.674849626705448,-1.54147926237057,1.663428563312931,-1.6149032756361803,0.5527239721908851,-0.42694899943627485,0.5332578713606888,-0.9266966962113955,-1.1466223812262784,-0.7326436934133522,1,0.142857142857143
-0.325508491592842,-0.674849626705448,-0.13785586899248986,-0.9667993569068848,0.022985835104843415,0.8992292050837339,0.06819190577942931,-0.7019119193232058,1.3763259494685662,-0.4518166965916037,-0.38131823879723387,1,0.142857142857143
1.7324510870598986,-0.674849626705448,-1.34096163474513,-0.4521895464290949,-1.18762785544287,-0.8332969593805094,-1.1696603572598316,1.3567043984832852,-0.1921778457619725,1.285197514995083,-2.0208370270057845,1,0.142857142857143
-1.531898589423759,-0.674849626705448,-0.9399263794942498,0.062420264048695016,0.0941984051370619,0.37947135574446067,-1.5162589909108244,1.6311865741908171,-1.2633511693340476,-0.278115275432935,-0.8497521782853916,1,0.142857142857143
0.24220449562170712,0.029341288117683866,1.3158969312919506,-0.28065294293649806,-1.18762785544287,0.8992292050837339,1.1575018972539786,1.3223941265198436,1.0167177622693695,-0.10441385427426636,0.7897666099231591,0,0.142857142857143
0.49057892752807236,0.029341288117683866,0.7143440484156305,0.5770300745264856,-0.4042895850884675,0.6393502804140974,1.405072349861831,-0.5646708314694396,0.7642269074273803,0.06928756688440231,1.1410920645392775,0,0.142857142857143
0.27768655732261643,-0.674849626705448,-0.5388911242433697,-1.252693696061213,-1.3300529955073064,1.1591081297533705,1.4545864403834008,0.9792914068854285,-0.15392165563439839,0.24298898804307098,-0.8497521782853916,1,0.142857142857143
1.448594593452624,1.4377231177639476,0.06266175863295034,1.148818752835141,-1.6149032756361803,1.7654922873158552,0.3652764489088516,1.6654968461542587,1.1926962368562104,-0.10441385427426636,0.5555496401790803,0,0.142857142857143
1.5905228402562612,0.7335322029408157,-0.13785586899248986,1.6062496954820653,-0.6891398652173407,0.4660976639676729,-0.27840672787156395,-1.4910481744823605,0.4658286244323023,-1.1466223812262784,0.5555496401790803,0,0.142857142857143
-0.21906230649011407,0.029341288117683866,-1.4412204485578501,0.5198512066956199,0.45026125529815436,-0.9199232676037216,0.16722008682257025,-0.9420838230672964,0.993764048192825,1.1114960938364142,-0.7326436934133522,1,0.142857142857143
-1.319006219218303,-0.674849626705448,-0.4887617173370097,-0.8524416212451535,-0.8315650052817777,-0.3135391100412361,0.7118750825598449,-1.5596687184092437,0.8942979538611323,0.06928756688440231,-0.966860663157431,1,0.142857142857143
-0.7512932320037539,-1.3790405415285798,1.3158969312919506,-0.3950106785982293,-1.3300529955073064,-1.439681116942994,-1.1696603572598316,-0.8391530071769718,-0.28399270206815036,1.1114960938364142,-0.26420975392519447,1,0.142857142857143
0.41961480412625374,0.7335322029408157,1.2156381174792303,1.663428563312931,0.521473825330372,1.3323607461997942,0.3652764489088516,0.6704989592144546,-0.8272306018797028,-0.278115275432935,2.195068428387631,0,0.142857142857143
-0.9641856022092098,0.029341288117683866,0.26317938625839,0.3483146032030231,-0.6179272951851222,-0.4867917264876605,0.9099314446461262,0.293085967616598,1.5216994719533479,-0.10441385427426636,0.3213326704350014,0,0.142857142857143
0.34865068072443506,1.4377231177639476,-0.08772646208612982,-0.9667993569068848,1.5896623758136486,1.3323607461997942,-0.8725758141304091,-1.3538070866285945,-0.1921778457619725,0.41669040920173966,-0.0299927841811169,1,0.142857142857143
-1.0706317873119378,-0.674849626705448,1.7670615934491904,-1.3670514317229439,1.3048120956847755,-0.05366018537159943,1.1575018972539786,1.1165324947391944,1.5523044240554071,0.24298898804307098,1.2582005494113169,0,0.142857142857143
0.7389533594344376,0.7335322029408157,-0.78953815877517,1.148818752835141,-1.4012655655395247,-1.3530548087197818,1.405072349861831,0.15584487976283223,-1.3169098355126514,0.9377946726777456,-0.38131823879723387,1,0.142857142857143
1.342148408349896,0.029341288117683866,1.5665439658237503,-1.481409167384675,1.4472372357492116,-0.660044342934085,0.018677815257858842,-0.2558783837984661,1.2233011889582697,0.24298898804307098,0.6726581250511197,0,0.142857142857143
0.7744354211353469,-1.3790405415285798,-1.04018519330697,-1.0239782247377505,-1.1164152854106517,0.03296612285161279,1.0584737162108375,0.2587756956531565,-0.8119281258286731,-0.6255181177502723,-1.3181861177735492,1,0.142857142857143
-1.7093088979283055,-1.3790405415285798,0.6140852346029103,-0.16629520727476682,0.6638989653948091,-1.439681116942994,1.2565300782971194,0.9792914068854285,1.728282898642248,-1.320323802384947,0.5555496401790803,0,0.142857142857143
-0.9287035405083005,-0.674849626705448,-1.09031460021333,-1.481409167384675,-0.9739901453462146,0.119592431074825,0.7118750825598449,0.944981134921987,0.6724120511212025,1.4588989361537517,-1.6695115723896663,1,0.142857142857143
0.27768655732261643,-0.674849626705448,-1.09031460021333,-0.05193747161303622,0.5926863953625906,-1.1798021922733573,-1.0706321762166906,-1.0107043669941793,0.029708056977957364,0.24298898804307098,-1.0839691480294704,1,0.142857142857143
-1.425452404321031,1.4377231177639476,0.21304997935202993,0.11959913187956063,0.806324105459246,-1.6129337333894183,0.6623609920382744,1.4939454863370514,-0.8042768878031583,-0.10441385427426636,0.3213326704350014,0,0.142857142857143
-0.8932214788073912,1.4377231177639476,-1.24070282093241,-1.652945770877272,0.45026125529815436,0.29284504752124846,1.7021568929912532,1.3567043984832852,-0.34520260627226895,0.41669040920173966,-1.0839691480294704,1,0.142857142857143
-0.8932214788073912,-0.674849626705448,-1.24070282093241,-1.252693696061213,-1.3300529955073064,-0.8332969593805094,-0.6745194520441272,1.5968763022273755,-0.2916439400936652,-0.799219538908941,-2.2550539967498633,1,0.142857142857143
-0.5738829234992073,0.7335322029408157,-0.43863231043064965,-0.16629520727476682,-0.6179272951851222,-1.093175884050145,-1.2191744477814017,1.562566030263934,0.05266177105450184,-0.10441385427426636,-1.0839691480294704,1,0.142857142857143
0.10027624881806982,-0.674849626705448,-0.23811468280520998,-1.081157092568616,-0.4755021551206852,-1.2664285004965694,-0.12986445630685256,-0.7705324632500887,0.5958996708660542,1.4588989361537517,-1.2010776329015098,1,0.142857142857143
-0.325508491592842,-1.3790405415285798,-0.83966756568153,0.2911357353721575,-0.19065187499181205,-1.6129337333894183,-1.5657730814323947,1.150842766702636,1.6211655662850404,0.9377946726777456,-1.2010776329015098,1,0.142857142857143
-0.4674367383964793,-0.674849626705448,-1.4913498554642102,-0.1091163394439012,1.7320875158780855,0.9858555133069462,1.6031287119481121,0.9792914068854285,1.7206316606167331,-0.9729209600676098,0.08711570069092253,0,0.142857142857143
1.66148696365808,0.029341288117683866,0.9148616760410702,0.062420264048695016,1.5184498057814302,1.1591081297533705,1.207015987775549,0.6018784152875719,1.3992796635451106,-0.9729209600676098,1.7266344888994731,0,0.142857142857143
0.8453995445371656,-1.3790405415285798,0.5639558276965503,0.17677799971042626,-1.0452027153784331,-0.4867917264876605,0.3652764489088516,1.4596352143736098,-0.15392165563439839,1.1114960938364142,0.08711570069092253,0,0.142857142857143
-0.6803291086019353,-1.3790405415285798,0.8146028622283505,0.9772821493425442,1.09117438558812,0.29284504752124846,-1.6648012624755357,0.9106708629585454,-0.857835553981762,-1.320323802384947,1.1410920645392775,0,0.142857142857143
-0.8932214788073912,1.4377231177639476,1.7169321865428304,-0.8524416212451535,0.521473825330372,-0.660044342934085,1.405072349861831,0.32739623958003955,-0.7583694596500694,0.06928756688440231,1.1410920645392775,0,0.142857142857143
-0.21906230649011407,-0.674849626705448,-1.29083222783877,-1.4242302995538094,0.6638989653948091,-0.3135391100412361,0.8109032636029858,-1.3194968146651531,-1.469934596022948,0.9377946726777456,-1.3181861177735492,1,0.142857142857143
0.0647941871171605,-1.3790405415285798,-1.4412204485578501,1.148818752835141,0.521473825330372,0.20621873929803625,-1.2686885383029722,-0.7019119193232058,1.077927666473488,0.5903918303604083,-0.4984267236692733,1,0.142857142857143
1.448594593452624,1.4377231177639476,-1.09031460021333,-1.652945770877272,-0.5467147251529038,-0.05366018537159943,-1.0706321762166906,-0.015706480054375496,-1.1868387890788994,-0.6255181177502723,-2.0208370270057845,1,0.142857142857143
0.9518457296398936,0.029341288117683866,0.4636970138838302,-1.5385880352155408,-1.1164152854106517,-0.22691280181802387,-0.4764630899578453,-0.35880919968879055,-0.1921778457619725,1.285197514995083,-0.966860663157431,1,0.142857142857143
0.0647941871171605,1.4377231177639476,-0.8897969725878901,1.148818752835141,-0.11943930495959357,-0.7466706511572971,1.7021568929912532,1.1165324947391944,-0.28399270206815036,-0.6255181177502723,0.20422418556296196,0,0.142857142857143
-1.0706317873119378,-1.3790405415285798,-1.1404440071196902,-0.1091163394439012,1.7320875158780855,-0.4001654182644483,-0.42694899943627485,-1.0107043669941793,1.3151160452644475,1.6326003573124204,-0.4984267236692733,1,0.142857142857143
1.1647380998453494,1.4377231177639476,1.7670615934491904,-0.4521895464290949,-1.5436907056039617,1.2457344379765818,1.7516709835128237,1.1165324947391944,-0.6742058413694063,0.764093251519077,1.1410920645392775,0,0.142857142857143
-0.9641856022092098,-1.3790405415285798,0.6140852346029103,-1.5385880352155408,0.16541097516928038,0.119592431074825,0.6623609920382744,-1.4224276305554775,-1.6765180227118481,0.764093251519077,-0.14710126905315632,1,0.142857142857143
-0.43195467669557,0.7335322029408157,-0.9900557864006099,-1.4242302995538094,0.2366235452014989,-1.6129337333894183,-0.27840672787156395,-1.456737902518919,-0.8731380300327917,-0.278115275432935,-1.7866200572617057,1,0.142857142857143
0.27768655732261643,-1.3790405415285798,-1.3910910416514901,-0.9096204890760192,-1.1164152854106517,-0.4867917264876605,-0.9220899046519793,-0.8734632791404133,0.9631590960907658,-0.278115275432935,-2.137945511877824,1,0.142857142857143
0.7034712977335283,1.4377231177639476,0.6140852346029103,1.5490708276511997,0.521473825330372,0.8992292050837339,0.9099314446461262,-0.5646708314694396,1.4069309015706255,-1.6677266447022845,1.8437429737715127,0,0.142857142857143
-1.638344774526487,-1.3790405415285798,0.6642146415092705,1.377534224158603,1.6608749458458671,-1.6129337333894183,1.7021568929912532,-0.5989811034328811,-0.33755136824675414,0.06928756688440231,1.8437429737715127,0,0.142857142857143
-0.2900264298919327,-0.674849626705448,-0.43863231043064965,1.2631764884968724,-0.9739901453462146,-1.1798021922733573,1.4545864403834008,1.5282557583004925,-0.5441347949356543,-0.9729209600676098,0.08711570069092253,0,0.142857142857143
-1.3544882809192123,0.7335322029408157,-0.9900557864006099,0.005241396217829401,-0.5467147251529038,-0.3135391100412361,-0.4764630899578453,1.150842766702636,-0.6282984132163174,1.6326003573124204,-1.0839691480294704,1,0.142857142857143
1.2711842849480774,-1.3790405415285798,-1.54147926237057,-0.05193747161303622,1.0199618155559016,-1.1798021922733573,0.41479053943042204,-0.8734632791404133,-1.4087246918188292,-0.278115275432935,-0.966860663157431,1,0.142857142857143
-0.14809818308829542,1.4377231177639476,0.5639558276965503,-0.738083885583423,-0.04822673492737508,1.2457344379765818,-0.5754912710009863,0.12153460779939068,-1.339863549589196,-0.799219538908941,0.08711570069092253,0,0.142857142857143
-1.4609344660219403,0.029341288117683866,-0.6391499380560899,-1.252693696061213,0.948749245523683,1.2457344379765818,-0.8230617236088386,-0.29018865576190767,1.1697425227796658,0.9377946726777456,-0.7326436934133522,1,0.142857142857143
1.342148408349896,-1.3790405415285798,-0.13785586899248986,1.2059976206660068,0.948749245523683,0.37947135574446067,-0.5259771804794158,-1.045014638957621,-0.08506051340476498,0.24298898804307098,0.7897666099231591,0,0.142857142857143
-0.5029188000973887,-1.3790405415285798,0.9649910829474302,-0.28065294293649806,-1.1164152854106517,1.5922396708694306,0.11770599630099977,1.219463310629519,0.26689643576891686,-0.4518166965916037,0.5555496401790803,0,0.142857142857143
0.49057892752807236,-1.3790405415285798,-1.24070282093241,-0.9667993569068848,-0.04822673492737508,-1.526307425166206,-0.12986445630685256,-0.2558783837984661,-0.05445556130270568,-1.1466223812262784,-1.6695115723896663,1,0.142857142857143
-1.1415959107137563,0.029341288117683866,1.7169321865428304,-1.081157092568616,0.3790486852659359,-1.3530548087197818,0.8109032636029858,1.6998071181177001,1.1773937608051808,0.06928756688440231,0.6726581250511197,0,0.142857142857143
1.7679331487608079,0.7335322029408157,1.5665439658237503,1.663428563312931,-0.33307701505624904,1.7654922873158552,-1.1696603572598316,-0.8391530071769718,-0.10036298945579462,-0.278115275432935,1.9608514586435521,0,0.142857142857143
1.6260049019571707,-1.3790405415285798,0.9649910829474302,1.2059976206660068,1.0199618155559016,0.4660976639676729,0.06819190577942931,0.7391195031413377,0.08326672315656113,-0.10441385427426636,1.7266344888994731,0,0.142857142857143
0.9163636679389843,-0.674849626705448,1.2156381174792303,-0.9667993569068848,-0.4755021551206852,-1.6129337333894183,1.6526428024696826,-1.456737902518919,-0.23808527391506143,-1.320323802384947,0.3213326704350014,0,0.142857142857143
0.3841327424253444,1.4377231177639476,-0.43863231043064965,1.320355356327738,-0.11943930495959357,0.119592431074825,-0.5754912710009863,-0.7362221912866471,0.5729459567895098,1.1114960938364142,0.20422418556296196,0,0.142857142857143
-0.6093649852001166,0.7335322029408157,0.6140852346029103,0.23395686754129186,-0.6179272951851222,0.119592431074825,-0.8725758141304091,1.2537735825929606,1.1085326185755473,0.06928756688440231,0.20422418556296196,0,0.142857142857143
1.5195587168544427,-1.3790405415285798,0.1127911655393104,0.9201032815116786,0.948749245523683,0.4660976639676729,1.0089596256892672,-0.5646708314694396,1.5293507099788626,-0.6255181177502723,1.1410920645392775,0,0.142857142857143
1.448594593452624,1.4377231177639476,1.1655087105728703,0.17677799971042626,-0.9739901453462146,0.20621873929803625,-0.42694899943627485,0.7048092311778962,0.5729459567895098,0.41669040920173966,0.5555496401790803,0,0.142857142857143
-0.43195467669557,0.029341288117683866,0.6642146415092705,-0.9667993569068848,1.7320875158780855,1.2457344379765818,1.0089596256892672,-0.5646708314694396,-0.7813231737266139,-0.799219538908941,1.0239835796672379,0,0.142857142857143
0.8808816062380749,0.029341288117683866,-1.04018519330697,1.4347130919894686,1.3048120956847755,-1.006549575826933,1.30604416881869,-0.9763940950307379,0.2439427216923724,-1.6677266447022845,0.5555496401790803,0,0.142857142857143
1.0937739764435308,1.4377231177639476,-1.09031460021333,0.9201032815116786,-0.33307701505624904,1.3323607461997942,0.11770599630099977,-1.6282892623361265,0.2745476737944317,0.06928756688440231,-0.14710126905315632,1,0.142857142857143
1.3776304700508053,-0.674849626705448,1.0151204898537902,-1.1383359603994816,-0.5467147251529038,0.8992292050837339,1.6031287119481121,-0.42742974361567365,-0.3222488921957245,0.5903918303604083,0.5555496401790803,0,0.142857142857143
-1.0706317873119378,0.7335322029408157,0.5639558276965503,-1.0239782247377505,-0.6891398652173407,-1.2664285004965694,-0.37743490891470494,-1.0107043669941793,0.022056818952442544,-0.4518166965916037,-0.7326436934133522,1,0.142857142857143
0.9518457296398936,-0.674849626705448,0.3133087931647501,-0.4521895464290949,-0.4755021551206852,0.6393502804140974,-0.37743490891470494,-0.8048427352135302,-0.13861917958336872,0.24298898804307098,-0.14710126905315632,1,0.142857142857143
0.6325071743317097,0.029341288117683866,-1.54147926237057,0.17677799971042626,-0.6891398652173407,0.119592431074825,-1.2686885383029722,1.4939454863370514,-1.4469808819464034,0.06928756688440231,-1.4352946026455888,1,0.142857142857143
1.7324510870598986,1.4377231177639476,0.41356760697747014,-1.3670514317229439,-0.4755021551206852,-0.8332969593805094,1.4545864403834008,1.219463310629519,0.6188533849425987,-0.10441385427426636,-0.38131823879723387,1,0.142857142857143
-0.9287035405083005,-0.674849626705448,0.1127911655393104,0.17677799971042626,-1.4012655655395247,1.678865979092643,0.26624826786571065,-1.182255726811387,-0.6589033653183767,0.5903918303604083,0.08711570069092253,0,0.142857142857143
0.7034712977335283,-0.674849626705448,-1.3910910416514901,-0.22347407510563244,-0.5467147251529038,0.5527239721908851,1.5041005309049713,-0.8391530071769718,-0.7507182216245546,-0.4518166965916037,-0.8497521782853916,1,0.142857142857143
0.20672243392079778,0.029341288117683866,-1.3910910416514901,1.663428563312931,-0.9027775753139962,-1.006549575826933,0.11770599630099977,0.15584487976283223,1.3610234734175366,-1.1466223812262784,-0.6155352085413127,1,0.142857142857143
0.7389533594344376,1.4377231177639476,0.41356760697747014,0.7485666780190818,-1.6861158456683987,0.29284504752124846,1.3555582593402604,-1.6282892623361265,1.644119280361585,-0.9729209600676098,0.4384411553070408,0,0.142857142857143
1.2002201615462589,0.029341288117683866,-0.13785586899248986,1.663428563312931,-1.0452027153784331,-1.439681116942994,1.2565300782971194,1.288083854556402,0.7489244313763507,-0.6255181177502723,0.4384411553070408,0,0.142857142857143
-0.7512932320037539,-1.3790405415285798,0.86473226913471,-0.795262753414288,-1.6861158456683987,-0.05366018537159943,1.2565300782971194,1.3910146704467268,1.1467888087031215,-0.9729209600676098,-0.0299927841811169,1,0.142857142857143
1.6969690253589893,-1.3790405415285798,0.3133087931647501,-0.16629520727476682,1.0199618155559016,0.8992292050837339,0.16722008682257025,-1.388117358592036,-0.18452660773645765,-0.278115275432935,0.6726581250511197,0,0.142857142857143
0.9873277913408028,0.7335322029408157,0.4636970138838302,0.5770300745264856,-0.9739901453462146,1.1591081297533705,-0.7240335425656976,-1.045014638957621,-1.5158420241760369,-0.9729209600676098,0.3213326704350014,0,0.142857142857143
-1.531898589423759,0.029341288117683866,1.5665439658237503,-1.252693696061213,-1.4724781355717433,0.20621873929803625,-0.7240335425656976,1.150842766702636,1.5905606141829811,0.9377946726777456,-0.14710126905315632,1,0.142857142857143
1.3776304700508053,0.7335322029408157,-1.3910910416514901,-1.252693696061213,-1.5436907056039617,1.7654922873158552,-0.37743490891470494,1.4253249424101682,1.5523044240554071,0.9377946726777456,-1.903728542133745,1,-7.000000000000001
0.02931212541625118,0.029341288117683866,-0.9900557864006099,0.005241396217829401,1.1623869556203386,1.1591081297533705,1.0584737162108375,1.1165324947391944,-1.2174437411809587,1.6326003573124204,0.20422418556296196,0,0.142857142857143
-0.8222573554055725,-0.674849626705448,1.3660263381983107,-0.6809050177525574,1.5896623758136486,-0.14028649359481166,0.612846901516704,-0.7705324632500887,1.3992796635451106,0.06928756688440231,1.2582005494113169,0,0.142857142857143
1.6260049019571707,-0.674849626705448,0.86473226913471,0.23395686754129186,1.3760246657169932,0.6393502804140974,0.513818720473563,-0.8391530071769718,-0.6742058413694063,-1.4940252235436158,1.375309034283355,0,0.142857142857143
1.6969690253589893,1.4377231177639476,-0.43863231043064965,1.663428563312931,0.3790486852659359,-0.3135391100412361,1.1575018972539786,0.8077400470682208,-1.3092585974871367,-0.278115275432935,0.9068750947951986,0,0.142857142857143
0.8099174828362563,0.029341288117683866,1.2657675243855906,0.005241396217829401,0.6638989653948091,0.37947135574446067,1.207015987775549,-0.7362221912866471,0.43522367233024295,0.41669040920173966,1.4924175191553943,0,0.142857142857143
-0.041651997985567464,1.4377231177639476,0.6642146415092705,0.8057455458499474,-1.6149032756361803,0.6393502804140974,-0.27840672787156395,-1.2851865427017115,1.7053291845657035,-0.4518166965916037,0.4384411553070408,0,0.142857142857143
1.12925603814444,1.4377231177639476,-0.83966756568153,-1.3098725638920785,1.3760246657169932,-1.006549575826933,1.1575018972539786,-0.29018865576190767,0.8330880496570138,0.24298898804307098,-0.7326436934133522,1,0.142857142857143
1.6969690253589893,-1.3790405415285798,-1.04018519330697,0.2911357353721575,-0.11943930495959357,-0.22691280181802387,1.3555582593402604,-0.18725783987158304,-0.4676224146805061,0.24298898804307098,-0.38131823879723387,1,0.142857142857143
1.7679331487608079,0.7335322029408157,1.46628515201103,0.6342089423573511,-0.11943930495959357,-1.3530548087197818,1.0089596256892672,-1.4224276305554775,1.3686747114430513,0.24298898804307098,1.2582005494113169,0,0.142857142857143
0.8808816062380749,-0.674849626705448,-1.1905734140260502,-1.7101246387081372,-0.26186444502403056,-1.2664285004965694,-1.1696603572598316,-1.4224276305554775,-1.3628172636657403,-0.4518166965916037,-2.3721624816219027,1,0.142857142857143
0.5260609892289817,-0.674849626705448,-0.7394087518688099,0.17677799971042626,-0.7603524352495592,0.20621873929803625,-1.3182026288245428,1.5282557583004925,-1.1485825989513254,-0.6255181177502723,-0.966860663157431,1,0.142857142857143
-0.7158111703028446,-0.674849626705448,1.0151204898537902,-0.8524416212451535,0.5926863953625906,-0.5734180347108727,0.06819190577942931,0.6018784152875719,0.19038405551376864,0.764093251519077,0.3213326704350014,0,0.142857142857143
-0.43195467669557,0.7335322029408157,-0.78953815877517,1.4918919598203342,-0.11943930495959357,-1.2664285004965694,-0.22889263734999352,-1.25087627073827,-0.5211810808591099,0.5903918303604083,-0.14710126905315632,1,0.142857142857143
1.0228098530417122,-0.674849626705448,1.5164145589173903,0.5198512066956199,1.5184498057814302,1.1591081297533705,0.6623609920382744,-0.4617400155791152,-1.6612155466608185,1.4588989361537517,2.195068428387631,0,0.142857142857143
0.20672243392079778,-1.3790405415285798,1.6166733727301104,0.7485666780190818,1.3760246657169932,1.5056133626462185,0.06819190577942931,0.46463732743380576,-0.41406374850190236,0.41669040920173966,2.3121769132596706,0,0.142857142857143
-0.4674367383964793,-1.3790405415285798,-0.23811468280520998,0.5770300745264856,-0.26186444502403056,1.3323607461997942,-0.5754912710009863,-1.25087627073827,1.0473227143714288,0.24298898804307098,0.20422418556296196,0,0.142857142857143
1.0228098530417122,-0.674849626705448,0.012532351726590292,0.9201032815116786,1.3760246657169932,-1.3530548087197818,-0.37743490891470494,0.9792914068854285,-0.04680432327719086,-1.320323802384947,0.5555496401790803,0,0.142857142857143
-0.5738829234992073,0.029341288117683866,1.2156381174792303,-0.8524416212451535,1.3760246657169932,0.8992292050837339,0.8109032636029858,-0.49605028754255676,0.4811311004833319,-1.4940252235436158,1.2582005494113169,0,0.142857142857143
1.448594593452624,1.4377231177639476,1.2657675243855906,-0.4521895464290949,-1.2588404254750887,-0.5734180347108727,-0.12986445630685256,0.12153460779939068,-0.48292489073153577,0.06928756688440231,0.08711570069092253,0,0.142857142857143
0.667989236032619,-1.3790405415285798,1.2156381174792303,-1.1383359603994816,-0.6179272951851222,1.4189870544230063,0.21673417734414016,0.293085967616598,-0.689508317420436,-0.4518166965916037,0.4384411553070408,0,0.142857142857143
-0.7512932320037539,0.029341288117683866,-1.04018519330697,0.17677799971042626,1.803300085910304,0.29284504752124846,-1.5657730814323947,1.0479119508123116,0.4505261483812726,0.41669040920173966,-0.38131823879723387,1,0.142857142857143
-1.1770779724146658,1.4377231177639476,1.46628515201103,-0.16629520727476682,0.8775366754914645,0.20621873929803625,-0.8230617236088386,0.6018784152875719,1.7435853746932777,-0.9729209600676098,1.0239835796672379,0,0.142857142857143
-0.00616993628465814,-1.3790405415285798,0.3634382000711101,1.663428563312931,-0.8315650052817777,-1.526307425166206,-1.6152871719539652,0.7391195031413377,1.6211655662850404,0.06928756688440231,0.08711570069092253,0,0.142857142857143
-0.9287035405083005,-1.3790405415285798,0.6642146415092705,-0.795262753414288,1.233599525652557,-1.439681116942994,0.9594455351676967,-1.3538070866285945,-1.3857709777422849,-1.6677266447022845,0.4384411553070408,0,0.142857142857143
-0.2545443681910234,0.7335322029408157,-0.03759705517976976,-0.4521895464290949,0.521473825330372,1.5922396708694306,-1.5657730814323947,1.4596352143736098,-0.9037429821348509,-1.6677266447022845,-0.14710126905315632,1,0.142857142857143
-1.4609344660219403,-1.3790405415285798,-0.08772646208612982,1.2631764884968724,-0.26186444502403056,0.119592431074825,-1.6648012624755357,-1.1479454548479453,0.733621955325321,-1.320323802384947,0.08711570069092253,0,0.142857142857143
1.3066663466489867,0.029341288117683866,0.3133087931647501,-1.1955148282303474,-0.19065187499181205,-0.4867917264876605,0.018677815257858842,1.288083854556402,0.16743034143722418,1.4588989361537517,-0.4984267236692733,1,0.142857142857143
-0.11261612138738611,0.029341288117683866,-0.08772646208612982,0.8629244136808131,-1.2588404254750887,0.6393502804140974,-0.8725758141304091,-0.18725783987158304,-1.6841692607373628,-0.799219538908941,-0.14710126905315632,1,0.142857142857143
-1.4964165277228496,1.4377231177639476,-0.8897969725878901,-1.3670514317229439,0.7351115354270276,-1.6129337333894183,0.41479053943042204,-1.2165659987748283,-0.1921778457619725,0.24298898804307098,-1.3181861177735492,1,0.142857142857143
1.0937739764435308,-0.674849626705448,0.1127911655393104,-1.5385880352155408,-0.5467147251529038,-1.439681116942994,-0.3279208183931344,0.6018784152875719,-0.72776450754801,-0.4518166965916037,-1.2010776329015098,1,0.142857142857143
1.3776304700508053,0.7335322029408157,-1.34096163474513,-0.8524416212451535,-1.4012655655395247,1.0724818215301584,-1.2686885383029722,0.3617065115434811,-1.5540982143036108,-1.320323802384947,-1.903728542133745,1,0.142857142857143
-1.531898589423759,-0.674849626705448,-0.3383734966179301,0.3483146032030231,0.022985835104843415,-0.660044342934085,0.21673417734414016,0.6018784152875719,0.26689643576891686,0.764093251519077,-0.14710126905315632,1,0.142857142857143
-0.14809818308829542,-1.3790405415285798,-1.1905734140260502,1.0916398850042754,-0.9739901453462146,0.119592431074825,-1.2686885383029722,-0.08432702398125859,-0.8272306018797028,-0.799219538908941,-0.8497521782853916,1,0.142857142857143
-1.3544882809192123,-0.674849626705448,-0.03759705517976976,-0.1091163394439012,-0.8315650052817777,1.5056133626462185,-0.27840672787156395,1.2537735825929606,1.1620912847541511,-0.278115275432935,-0.14710126905315632,1,0.142857142857143
1.2711842849480774,1.4377231177639476,-0.28824408971157,-1.3098725638920785,-0.19065187499181205,-0.4867917264876605,-0.9220899046519793,0.4989475993972473,1.077927666473488,-1.320323802384947,-1.2010776329015098,1,0.142857142857143
-0.5738829234992073,-1.3790405415285798,1.7169321865428304,1.4347130919894686,-1.6861158456683987,0.9858555133069462,-1.3182026288245428,-1.593978990372685,0.022056818952442544,0.06928756688440231,1.2582005494113169,0,0.142857142857143
-1.2480420958164844,0.029341288117683866,1.0151204898537902,-1.3098725638920785,-1.3300529955073064,1.5056133626462185,-1.4172308098676836,0.6704989592144546,-1.5617494523291258,-0.9729209600676098,-0.38131823879723387,1,0.142857142857143
-1.319006219218303,-0.674849626705448,-0.43863231043064965,-1.4242302995538094,0.3790486852659359,0.5527239721908851,-0.42694899943627485,0.8420503190316624,0.5805971948150246,0.764093251519077,-0.8497521782853916,1,0.142857142857143
-1.2480420958164844,-1.3790405415285798,-0.3383734966179301,-0.22347407510563244,1.6608749458458671,0.6393502804140974,-0.6250053615225567,0.8077400470682208,0.8789954778101027,-1.4940252235436158,0.20422418556296196,0,0.142857142857143
-0.14809818308829542,-0.674849626705448,-0.08772646208612982,0.8629244136808131,-0.4042895850884675,1.3323607461997942,-0.37743490891470494,-0.49605028754255676,-0.4370174625784468,-1.1466223812262784,0.4384411553070408,0,0.142857142857143
0.24220449562170712,-0.674849626705448,0.7644734553219905,-0.5665472820908262,-0.7603524352495592,0.119592431074825,-1.4172308098676836,-1.2851865427017115,1.5905606141829811,1.4588989361537517,-0.26420975392519447,1,0.142857142857143
-1.4964165277228496,0.7335322029408157,-0.78953815877517,-0.9667993569068848,-1.4724781355717433,-1.1798021922733573,0.9594455351676967,0.7734297751047793,1.2692086171113586,0.06928756688440231,-1.5524030875176282,1,0.142857142857143
-0.9641856022092098,1.4377231177639476,1.0151204898537902,1.320355356327738,0.2366235452014989,-0.4867917264876605,0.3652764489088516,-1.388117358592036,-0.29929517811918,-1.1466223812262784,1.4924175191553943,0,0.142857142857143
0.02931212541625118,0.029341288117683866,-1.09031460021333,-0.05193747161303622,-0.33307701505624904,1.0724818215301584,0.9099314446461262,-1.25087627073827,0.947856620039736,0.24298898804307098,-0.4984267236692733,1,0.142857142857143
1.555040778555352,0.029341288117683866,0.1127911655393104,1.2059976206660068,-1.5436907056039617,0.119592431074825,0.16722008682257025,1.2537735825929606,-1.4546321199719183,-1.1466223812262784,0.20422418556296196,0,0.142857142857143
-1.3899703426201218,-0.674849626705448,1.1655087105728703,0.46267233886475434,-0.33307701505624904,1.678865979092643,-0.0803503657852821,1.6311865741908171,0.909600429912162,0.5903918303604083,1.2582005494113169,0,0.142857142857143
1.3066663466489867,1.4377231177639476,0.16292057244567046,-0.28065294293649806,0.0941984051370619,0.20621873929803625,-0.37743490891470494,1.7341173900811417,-1.6306105945587592,-1.320323802384947,-0.0299927841811169,1,0.142857142857143
-0.2545443681910234,1.4377231177639476,0.26317938625839,-0.22347407510563244,-1.6861158456683987,1.7654922873158552,0.16722008682257025,-0.08432702398125859,-1.5770519283801554,0.5903918303604083,-0.0299927841811169,1,0.142857142857143
-0.36099055329375135,1.4377231177639476,1.1153793036665103,-0.795262753414288,1.09117438558812,-0.7466706511572971,-1.6152871719539652,0.08722433583594913,-0.04680432327719086,0.41669040920173966,0.20422418556296196,0,0.142857142857143
1.6969690253589893,1.4377231177639476,0.5138264207901903,1.4347130919894686,1.0199618155559016,-1.093175884050145,1.0584737162108375,0.4989475993972473,-1.332212311563681,-0.9729209600676098,1.4924175191553943,0,0.142857142857143
0.455096865827163,0.7335322029408157,0.26317938625839,-0.1091163394439012,0.521473825330372,-0.660044342934085,-1.0706321762166906,0.4303270554703642,-0.4982273667825654,1.4588989361537517,-0.0299927841811169,1,0.142857142857143
-0.2545443681910234,0.7335322029408157,0.41356760697747014,-0.4521895464290949,0.948749245523683,-0.4001654182644483,-0.03083627526371163,-0.29018865576190767,0.05266177105450184,-0.278115275432935,0.3213326704350014,0,0.142857142857143
-1.3899703426201218,1.4377231177639476,1.5665439658237503,1.2059976206660068,1.5184498057814302,-0.14028649359481166,0.16722008682257025,0.8420503190316624,-0.7048107934714656,-0.278115275432935,2.195068428387631,0,0.142857142857143
0.24220449562170712,-1.3790405415285798,0.5138264207901903,-0.3378318107673637,1.4472372357492116,1.2457344379765818,-0.8725758141304091,0.6704989592144546,-0.31459765417020963,0.5903918303604083,0.6726581250511197,0,0.142857142857143
0.7034712977335283,1.4377231177639476,-0.5388911242433697,1.148818752835141,-0.6179272951851222,0.4660976639676729,1.7021568929912532,1.3223941265198436,1.3992796635451106,-0.9729209600676098,0.5555496401790803,0,0.142857142857143
-0.4674367383964793,1.4377231177639476,-0.5388911242433697,-0.22347407510563244,-0.5467147251529038,-0.5734180347108727,0.16722008682257025,-1.045014638957621,0.7412731933508359,0.06928756688440231,-0.7326436934133522,1,0.142857142857143
1.12925603814444,0.7335322029408157,1.2156381174792303,-1.652945770877272,-0.9027775753139962,0.8992292050837339,0.3157623583872811,0.9792914068854285,-1.4163759298443441,-0.10441385427426636,-0.0299927841811169,1,0.142857142857143
-0.4674367383964793,0.029341288117683866,-0.9399263794942498,0.17677799971042626,0.521473825330372,-1.093175884050145,1.6526428024696826,-0.015706480054375496,-1.5005395481250072,1.1114960938364142,-0.26420975392519447,1,0.142857142857143
0.13575831051897916,-1.3790405415285798,1.46628515201103,-0.1091163394439012,-0.6179272951851222,0.9858555133069462,-1.6648012624755357,-0.22156811183502456,0.9784615721417954,0.24298898804307098,0.5555496401790803,0,0.142857142857143
0.20672243392079778,-0.674849626705448,-0.3383734966179301,-0.795262753414288,-1.7573284157006173,0.8126028968605218,1.1575018972539786,-0.324498927725349,-0.1615728936599132,-0.10441385427426636,-0.7326436934133522,1,0.142857142857143
0.0647941871171605,0.029341288117683866,0.4636970138838302,-1.652945770877272,-0.04822673492737508,0.5527239721908851,1.4545864403834008,-0.3931194716522321,0.8024830975549544,-0.799219538908941,-0.0299927841811169,1,0.142857142857143
1.6969690253589893,0.7335322029408157,1.5164145589173903,-0.3378318107673637,-0.6179272951851222,1.3323607461997942,-1.5657730814323947,-1.2165659987748283,0.25159395971788723,-1.6677266447022845,0.5555496401790803,0,0.142857142857143
0.8099174828362563,0.029341288117683866,-1.69186748308965,1.2631764884968724,-0.11943930495959357,-1.6995600416126306,-0.3279208183931344,-1.045014638957621,0.08326672315656113,0.9377946726777456,-0.966860663157431,1,0.142857142857143
1.5905228402562612,1.4377231177639476,-1.59160866927693,0.5198512066956199,1.233599525652557,0.8126028968605218,1.1575018972539786,-1.0107043669941793,0.09091796118207594,-1.6677266447022845,-0.0299927841811169,1,0.142857142857143
-0.7512932320037539,-1.3790405415285798,0.7644734553219905,0.2911357353721575,1.4472372357492116,1.1591081297533705,0.7613891730814153,-1.593978990372685,-0.34520260627226895,-0.9729209600676098,1.6095260040274337,0,0.142857142857143
-0.9996676639101192,-1.3790405415285798,0.1127911655393104,-0.6237261499216917,-1.2588404254750887,0.20621873929803625,-0.7240335425656976,-0.9077735511038548,-1.1256288848747809,-0.278115275432935,-0.7326436934133522,1,0.142857142857143
-0.14809818308829542,0.029341288117683866,0.6642146415092705,0.4054934710338887,-1.18762785544287,1.2457344379765818,-1.02111808569512,1.4939454863370514,-0.45997117665499127,-0.6255181177502723,0.3213326704350014,0,0.142857142857143
-1.2125600341155751,-0.674849626705448,-1.1404440071196902,0.11959913187956063,-0.4755021551206852,-1.2664285004965694,-1.5657730814323947,0.2244654236897153,-0.9726041243644844,-0.4518166965916037,-1.5524030875176282,1,0.142857142857143
1.3776304700508053,0.029341288117683866,-0.5388911242433697,-1.5385880352155408,-0.33307701505624904,-1.2664285004965694,-0.5259771804794158,1.01360167884887,0.649458337044658,0.41669040920173966,-1.6695115723896663,1,0.142857142857143
-0.36099055329375135,0.7335322029408157,0.41356760697747014,-1.1383359603994816,-1.4724781355717433,0.6393502804140974,1.4545864403834008,-0.11863729594469993,0.6418070990191431,-1.320323802384947,-0.26420975392519447,1,0.142857142857143
1.342148408349896,1.4377231177639476,0.8146028622283505,-0.16629520727476682,-1.5436907056039617,1.0724818215301584,-1.6152871719539652,0.7048092311778962,-1.2556999313085329,0.5903918303604083,-0.14710126905315632,1,0.142857142857143
0.10027624881806982,0.7335322029408157,0.7143440484156305,1.148818752835141,-1.6149032756361803,-0.5734180347108727,1.6031287119481121,1.562566030263934,0.909600429912162,-1.4940252235436158,0.7897666099231591,0,0.142857142857143
-0.7867752937046633,-0.674849626705448,-0.03759705517976976,0.23395686754129186,-1.18762785544287,1.4189870544230063,-0.9220899046519793,-1.045014638957621,0.014405580926927722,-0.10441385427426636,-0.26420975392519447,1,0.142857142857143
-1.6028627128255777,0.7335322029408157,-1.1404440071196902,1.0916398850042754,-0.4755021551206852,-0.660044342934085,1.1575018972539786,0.4989475993972473,-0.2916439400936652,1.285197514995083,-0.26420975392519447,1,0.142857142857143
0.561543050929891,-1.3790405415285798,1.46628515201103,0.9772821493425442,0.2366235452014989,-1.439681116942994,0.5633328109951334,0.12153460779939068,1.1314863326520919,-1.4940252235436158,1.4924175191553943,0,0.142857142857143
0.0647941871171605,0.7335322029408157,-0.5388911242433697,-0.3950106785982293,0.6638989653948091,0.03296612285161279,-1.4172308098676836,-0.35880919968879055,-0.7813231737266139,-1.4940252235436158,-0.7326436934133522,1,0.142857142857143
-1.4609344660219403,-0.674849626705448,-1.09031460021333,-0.5665472820908262,0.16541097516928038,1.5056133626462185,0.16722008682257025,0.7391195031413377,-1.293956121436107,0.24298898804307098,-0.6155352085413127,1,0.142857142857143
0.455096865827163,1.4377231177639476,1.1153793036665103,-0.3378318107673637,-1.6861158456683987,-1.526307425166206,1.2565300782971194,1.5968763022273755,-1.2556999313085329,1.4588989361537517,0.08711570069092253,0,0.142857142857143
0.6325071743317097,-0.674849626705448,-0.43863231043064965,0.5198512066956199,-0.9027775753139962,0.20621873929803625,1.0089596256892672,1.288083854556402,-1.0185115525175734,0.764093251519077,-0.0299927841811169,1,0.142857142857143
-1.425452404321031,0.7335322029408157,-0.08772646208612982,-1.4242302995538094,-1.5436907056039617,-0.4001654182644483,-0.12986445630685256,0.39601678350692265,-1.6229593565332443,-0.278115275432935,-1.4352946026455888,1,0.142857142857143
0.3841327424253444,0.029341288117683866,-1.54147926237057,1.377534224158603,1.09117438558812,-0.9199232676037216,-0.37743490891470494,-0.7705324632500887,-0.7430669835990397,-0.799219538908941,-0.26420975392519447,1,0.142857142857143
-0.07713405968647678,0.7335322029408157,1.0151204898537902,-0.16629520727476682,-1.0452027153784331,-1.006549575826933,-1.1696603572598316,0.19015515172627376,0.32045510194752064,-0.799219538908941,-0.14710126905315632,1,0.142857142857143
-0.9641856022092098,-0.674849626705448,-0.28824408971157,-0.6809050177525574,-1.6149032756361803,0.8992292050837339,0.8604173541245557,0.6018784152875719,0.33575757799855027,-1.4940252235436158,-0.7326436934133522,1,0.142857142857143
1.0937739764435308,-0.674849626705448,-0.03759705517976976,-0.6809050177525574,-1.4012655655395247,-1.439681116942994,-0.5259771804794158,1.0479119508123116,-0.0008968951241019245,1.1114960938364142,-1.2010776329015098,1,0.142857142857143
0.667989236032619,1.4377231177639476,1.46628515201103,1.377534224158603,0.0941984051370619,-0.9199232676037216,1.0584737162108375,-0.9763940950307379,-1.2786536453850772,0.5903918303604083,1.8437429737715127,0,0.142857142857143
-1.3899703426201218,0.7335322029408157,-1.09031460021333,1.5490708276511997,0.8775366754914645,0.8126028968605218,-1.466744900389254,1.3910146704467268,-1.6688667846863332,-1.320323802384947,0.08711570069092253,0,0.142857142857143
-1.2835241575173937,-0.674849626705448,1.6166733727301104,-1.3670514317229439,-0.04822673492737508,-1.526307425166206,0.018677815257858842,-0.8391530071769718,0.5805971948150246,-0.799219538908941,0.08711570069092253,0,0.142857142857143
-0.5738829234992073,1.4377231177639476,0.4636970138838302,1.2631764884968724,1.7320875158780855,0.03296612285161279,-0.12986445630685256,-1.4224276305554775,-1.6153081185077296,0.24298898804307098,1.4924175191553943,0,0.142857142857143
-1.6738268362273963,0.029341288117683866,-0.3885029035242901,-1.7101246387081372,0.45026125529815436,-0.22691280181802387,-1.2686885383029722,-0.6676016473597642,-0.6971595554459508,0.9377946726777456,-1.3181861177735492,1,0.142857142857143
-0.7867752937046633,-0.674849626705448,-0.13785586899248986,1.0344610171734099,-1.3300529955073064,-1.439681116942994,-1.5657730814323947,0.15584487976283223,1.6747242324636442,1.285197514995083,-0.6155352085413127,1,0.142857142857143
1.6260049019571707,1.4377231177639476,0.6642146415092705,0.17677799971042626,0.2366235452014989,0.8126028968605218,-0.7735476330872681,-0.49605028754255676,-1.1562338369768401,1.285197514995083,0.6726581250511197,0,0.142857142857143
-0.00616993628465814,0.7335322029408157,0.16292057244567046,0.6913878101882162,1.803300085910304,-0.22691280181802387,-0.22889263734999352,1.1851530386660774,1.6288168043105553,-1.320323802384947,0.9068750947951986,0,0.142857142857143
1.7679331487608079,1.4377231177639476,-0.08772646208612982,0.7485666780190818,-0.5467147251529038,0.4660976639676729,0.018677815257858842,-0.42742974361567365,-0.27634146404263554,-0.9729209600676098,0.20422418556296196,0,0.142857142857143
1.2002201615462589,1.4377231177639476,-1.04018519330697,1.2631764884968724,-0.8315650052817777,0.4660976639676729,-1.1201462667382611,-0.324498927725349,1.7359341366677628,0.9377946726777456,-0.4984267236692733,1,0.142857142857143
-1.6028627128255777,-1.3790405415285798,-1.04018519330697,-0.28065294293649806,0.16541097516928038,0.29284504752124846,0.3652764489088516,0.4989475993972473,-1.2863048834105921,0.24298898804307098,-0.7326436934133522,1,0.142857142857143
-0.8577394171064818,0.029341288117683866,-1.59160866927693,0.9201032815116786,1.233599525652557,-1.006549575826933,-1.02111808569512,-1.5596687184092437,0.19803529353928345,-1.1466223812262784,-0.7326436934133522,1,0.142857142857143
1.555040778555352,-1.3790405415285798,-0.43863231043064965,-0.6809050177525574,-1.4012655655395247,0.03296612285161279,-0.37743490891470494,0.6704989592144546,-1.0491165046196327,0.9377946726777456,-1.2010776329015098,1,0.142857142857143
0.5970251126308004,-1.3790405415285798,0.41356760697747014,-1.5385880352155408,0.45026125529815436,0.6393502804140974,-1.02111808569512,1.1165324947391944,-1.6229593565332443,-0.9729209600676098,-0.4984267236692733,1,0.142857142857143
-0.8932214788073912,0.029341288117683866,-0.6892793449624499,-0.738083885583423,1.3048120956847755,-1.6995600416126306,-1.02111808569512,0.32739623958003955,1.330418521315477,-0.799219538908941,-0.966860663157431,1,0.142857142857143
0.7389533594344376,1.4377231177639476,1.5164145589173903,-1.3098725638920785,-0.9027775753139962,1.4189870544230063,-1.1201462667382611,0.6361886872510134,-1.1103264088237512,-0.799219538908941,0.08711570069092253,0,0.142857142857143
-1.3544882809192123,0.029341288117683866,0.3634382000711101,-1.3098725638920785,0.16541097516928038,-1.6995600416126306,0.018677815257858842,0.7048092311778962,-0.773671935701099,-1.6677266447022845,-0.7326436934133522,1,0.142857142857143
0.3131686190235258,-0.674849626705448,-0.23811468280520998,-0.28065294293649806,-1.6149032756361803,0.37947135574446067,0.16722008682257025,-1.4224276305554775,-1.1332801229002956,0.764093251519077,-0.7326436934133522,1,0.142857142857143
1.2711842849480774,0.7335322029408157,1.2657675243855906,-1.7101246387081372,1.3760246657169932,-1.6129337333894183,0.9099314446461262,-0.4617400155791152,-0.45231993862947645,0.06928756688440231,0.3213326704350014,0,0.142857142857143
-1.3899703426201218,0.029341288117683866,0.9649910829474302,-1.481409167384675,1.5184498057814302,-1.526307425166206,-0.03083627526371163,0.7734297751047793,0.1368253893351649,0.5903918303604083,0.08711570069092253,0,0.142857142857143
-0.4674367383964793,-0.674849626705448,-1.09031460021333,-0.4521895464290949,-0.4042895850884675,-0.05366018537159943,0.3652764489088516,0.2587756956531565,0.6112021469170839,1.285197514995083,-1.0839691480294704,1,0.142857142857143
0.5260609892289817,-0.674849626705448,-0.23811468280520998,-0.3378318107673637,0.806324105459246,1.5056133626462185,0.612846901516704,-0.08432702398125859,-0.4905761287570506,-0.278115275432935,0.3213326704350014,0,0.142857142857143
-1.0351497256110285,0.029341288117683866,-1.3910910416514901,-1.5957669030464063,-0.11943930495959357,1.1591081297533705,-0.6250053615225567,-0.3931194716522321,-0.8884405060838213,-1.320323802384947,-1.7866200572617057,1,0.142857142857143
-0.4674367383964793,-1.3790405415285798,0.5639558276965503,-0.16629520727476682,1.3760246657169932,0.7259765886373095,-0.5259771804794158,1.3223941265198436,1.3763259494685662,0.9377946726777456,0.7897666099231591,0,0.142857142857143
1.2357022232471682,0.029341288117683866,0.5639558276965503,0.8629244136808131,-0.11943930495959357,-1.439681116942994,0.9594455351676967,-1.525358446445802,0.21333776959031311,-0.278115275432935,0.6726581250511197,0,0.142857142857143
-1.638344774526487,-0.674849626705448,-0.9399263794942498,0.23395686754129186,1.5896623758136486,0.03296612285161279,-1.3182026288245428,0.46463732743380576,0.4734798624578171,0.764093251519077,-0.26420975392519447,1,0.142857142857143
1.66148696365808,0.7335322029408157,-0.5890205311497297,0.9772821493425442,-0.5467147251529038,-0.8332969593805094,1.3555582593402604,0.19015515172627376,-0.27634146404263554,1.6326003573124204,0.08711570069092253,0,0.142857142857143
0.3131686190235258,0.029341288117683866,0.6642146415092705,-0.9667993569068848,0.45026125529815436,1.3323607461997942,0.7118750825598449,-0.8734632791404133,-0.5594372709866839,1.1114960938364142,0.5555496401790803,0,0.142857142857143
0.8808816062380749,-1.3790405415285798,0.26317938625839,-0.16629520727476682,-0.19065187499181205,-1.3530548087197818,-1.2191744477814017,1.1165324947391944,-1.5005395481250072,0.24298898804307098,-0.4984267236692733,1,0.142857142857143
-1.106113849012847,1.4377231177639476,0.41356760697747014,0.7485666780190818,-0.4042895850884675,0.6393502804140974,0.7613891730814153,1.5282557583004925,0.4734798624578171,-0.10441385427426636,0.9068750947951986,0,0.142857142857143
1.2002201615462589,-1.3790405415285798,1.3158969312919506,1.0344610171734099,0.3078361152337174,-1.439681116942994,-0.7735476330872681,-0.6676016473597642,1.5216994719533479,-0.9729209600676098,1.0239835796672379,0,0.142857142857143
-0.36099055329375135,1.4377231177639476,-1.1404440071196902,1.2631764884968724,0.022985835104843415,-0.8332969593805094,0.6623609920382744,1.3567043984832852,1.4834432818257737,1.1114960938364142,-0.14710126905315632,1,0.142857142857143
1.342148408349896,1.4377231177639476,0.9148616760410702,-1.481409167384675,-0.9739901453462146,-0.05366018537159943,0.3652764489088516,-0.530360559505998,0.09091796118207594,-1.320323802384947,-0.38131823879723387,1,0.142857142857143
-1.3899703426201218,-1.3790405415285798,-1.24070282093241,-0.16629520727476682,-1.1164152854106517,0.5527239721908851,-1.1696603572598316,1.3910146704467268,0.7871806215039248,-1.4940252235436158,-1.4352946026455888,1,0.142857142857143
